year,nest.box,female,f.age,LD,BD,mc.LD,mc.BD
2002,A01,R187566,<=1,12,NA,-6.718106094,NA
2002,A03,R187539,<=1,13,NA,-5.718106094,NA
2002,A05,R187343,<=1,6,NA,-12.71810609,NA
2002,A06,R187562,<=1,4,NA,-14.71810609,NA
2002,A10,R187563,<=1,10,NA,-8.718106094,NA
2002,A12,R186910,<=1,22,NA,3.281893906,NA
2002,A13,R187528,<=1,7,NA,-11.71810609,NA
2002,A16,R187598,<=1,13,NA,-5.718106094,NA
2002,A18,R187527,<=1,4,NA,-14.71810609,NA
2002,A22,P322402,<=1,7,NA,-11.71810609,NA
2002,A22B,R187569,<=1,9,NA,-9.718106094,NA
2002,A23,R187568,<=1,7,NA,-11.71810609,NA
2002,A25,R186909,<=1,25,NA,6.281893906,NA
2002,A26,R187518,<=1,3,NA,-15.71810609,NA
2002,A27,R187537,<=1,14,NA,-4.718106094,NA
2002,B02,R187239,<=1,10,NA,-8.718106094,NA
2002,B05,R187590,<=1,13,NA,-5.718106094,NA
2002,B07,R186918,<=1,24,NA,5.281893906,NA
2002,B09,R187958,<=1,19,NA,0.281893906,NA
2002,B11,R186912,<=1,18,NA,-0.718106094,NA
2002,B12,R187947,<=1,18,NA,-0.718106094,NA
2002,B13,R187953,<=1,13,NA,-5.718106094,NA
2002,B14,R187000,<=1,18,NA,-0.718106094,NA
2002,B16,R187824,<=1,23,NA,4.281893906,NA
2002,B17,R186908,<=1,22,NA,3.281893906,NA
2002,B18,R187942,<=1,14,NA,-4.718106094,NA
2002,B19,R187937,<=1,18,NA,-0.718106094,NA
2002,B21,R187940,<=1,15,NA,-3.718106094,NA
2002,B22,R187521,<=1,7,NA,-11.71810609,NA
2002,B25,R187399,<=1,7,NA,-11.71810609,NA
2002,C01,R186905,<=1,22,NA,3.281893906,NA
2002,C02,R187936,<=1,11,NA,-7.718106094,NA
2002,C04,R046108,<=1,3,NA,-15.71810609,NA
2002,C05,R187903,<=1,24,NA,5.281893906,NA
2002,C13,R187531,<=1,7,NA,-11.71810609,NA
2002,C19,R187400,<=1,9,NA,-9.718106094,NA
2002,C20,R046109,<=1,7,NA,-11.71810609,NA
2002,C22,R187517,<=1,5,NA,-13.71810609,NA
2002,C23,R187594,<=1,13,NA,-5.718106094,NA
2002,C24,R187595,<=1,11,NA,-7.718106094,NA
2002,C26,R187552,<=1,6,NA,-12.71810609,NA
2002,D01,R187516,<=1,8,NA,-10.71810609,NA
2002,D02,R187932,<=1,13,NA,-5.718106094,NA
2002,D04,R187927,<=1,15,NA,-3.718106094,NA
2002,D06,R187540,<=1,7,NA,-11.71810609,NA
2002,D08,R187547,<=1,13,NA,-5.718106094,NA
2002,D09,R187545,<=1,9,NA,-9.718106094,NA
2002,D10,R187546,<=1,8,NA,-10.71810609,NA
2002,D11,R187963,<=1,20,NA,1.281893906,NA
2002,D12,R187548,<=1,12,NA,-6.718106094,NA
2002,D13,R187944,<=1,16,NA,-2.718106094,NA
2002,E03,R187945,<=1,13,NA,-5.718106094,NA
2002,E04,R187541,<=1,11,NA,-7.718106094,NA
2002,E07,R187588,<=1,8,NA,-10.71810609,NA
2002,E08,R187999,<=1,20,NA,1.281893906,NA
2002,E09,R187582,<=1,11,NA,-7.718106094,NA
2002,E10,R186907,<=1,14,NA,-4.718106094,NA
2002,E11,R187166,<=1,10,NA,-8.718106094,NA
2002,E12,R187579,<=1,10,NA,-8.718106094,NA
2002,E13,R187961,<=1,19,NA,0.281893906,NA
2002,E14,R187524,<=1,8,NA,-10.71810609,NA
2002,E16,R187577,<=1,11,NA,-7.718106094,NA
2002,E17,R187948,<=1,19,NA,0.281893906,NA
2002,E18,R187292,<=1,13,NA,-5.718106094,NA
2002,E19,R187930,<=1,17,NA,-1.718106094,NA
2002,E20,R187523,<=1,5,NA,-13.71810609,NA
2002,F01,R187902,<=1,9,NA,-9.718106094,NA
2002,F02,R187941,<=1,15,NA,-3.718106094,NA
2002,F09,R187592,<=1,9,NA,-9.718106094,NA
2002,F11,R187575,<=1,11,NA,-7.718106094,NA
2002,F15,R187964,<=1,18,NA,-0.718106094,NA
2002,F17,R187030,<=1,6,NA,-12.71810609,NA
2002,F19,R187557,<=1,7,NA,-11.71810609,NA
2002,F21,R187559,<=1,9,NA,-9.718106094,NA
2002,F24,R187155,<=1,9,NA,-9.718106094,NA
2002,F25,R187951,<=1,13,NA,-5.718106094,NA
2002,F26,R187650,<=1,10,NA,-8.718106094,NA
2002,F27,R188000,<=1,20,NA,1.281893906,NA
2002,G01,R187086,<=1,7,NA,-11.71810609,NA
2002,G05,R187571,<=1,11,NA,-7.718106094,NA
2002,G06,R187914,<=1,12,NA,-6.718106094,NA
2002,G07,R187637,<=1,13,NA,-5.718106094,NA
2002,G12,R187955,<=1,13,NA,-5.718106094,NA
2002,G13,R187925,<=1,17,NA,-1.718106094,NA
2002,G16,R187916,<=1,11,NA,-7.718106094,NA
2002,G17,R186901,<=1,21,NA,2.281893906,NA
2002,G18,R186902,<=1,11,NA,-7.718106094,NA
2002,G19,R187573,<=1,14,NA,-4.718106094,NA
2002,G22,R187931,<=1,12,NA,-6.718106094,NA
2002,H01,R187001,<=1,9,NA,-9.718106094,NA
2002,H03,R186911,<=1,22,NA,3.281893906,NA
2002,H05,R187535,<=1,10,NA,-8.718106094,NA
2002,H07,R186903,<=1,20,NA,1.281893906,NA
2002,H11,K983388,<=1,11,NA,-7.718106094,NA
2002,H18,R187957,<=1,19,NA,0.281893906,NA
2002,H25,R186917,<=1,24,NA,5.281893906,NA
2002,H26,R187009,<=1,9,NA,-9.718106094,NA
2002,H28,R187512,<=1,8,NA,-10.71810609,NA
2002,H30,R187920,<=1,15,NA,-3.718106094,NA
2002,H31,R187918,<=1,18,NA,-0.718106094,NA
2002,H32,R187553,<=1,11,NA,-7.718106094,NA
2002,H33,R187513,<=1,13,NA,-5.718106094,NA
2002,H36,R187515,<=1,8,NA,-10.71810609,NA
2003,A01,R187566,<=1,25,NA,6.281893906,NA
2003,A03,R187518,<=1,17,NA,-1.718106094,NA
2003,A05,R627702,<=1,19,NA,0.281893906,NA
2003,A06,R187343,<=1,25,NA,6.281893906,NA
2003,A07,R627131,<=1,19,NA,0.281893906,NA
2003,A08,R046155,<=1,19,NA,0.281893906,NA
2003,A11,R187020,<=1,28,NA,9.281893906,NA
2003,A12,R446524,<=1,23,NA,4.281893906,NA
2003,A13,R446513,>1,18,NA,-0.718106094,NA
2003,A14,R187598,<=1,15,NA,-3.718106094,NA
2003,A16,R187231,<=1,18,NA,-0.718106094,NA
2003,A17,R187527,<=1,16,NA,-2.718106094,NA
2003,A19,R187537,<=1,18,NA,-0.718106094,NA
2003,A20,P322402,<=1,19,NA,0.281893906,NA
2003,A21,R446525,<=1,26,NA,7.281893906,NA
2003,A22B,R218969,<=1,24,NA,5.281893906,NA
2003,A23,R446296,<=1,22,NA,3.281893906,NA
2003,A25,R446502,<=1,19,NA,0.281893906,NA
2003,A26,R187539,<=1,18,NA,-0.718106094,NA
2003,A27,R446501,<=1,19,NA,0.281893906,NA
2003,B01,R446065,>1,18,NA,-0.718106094,NA
2003,B03,R187239,<=1,22,NA,3.281893906,NA
2003,B05,R446398,<=1,29,NA,10.28189391,NA
2003,B10,R187381,<=1,19,NA,0.281893906,NA
2003,B11,R187947,<=1,23,NA,4.281893906,NA
2003,B16,R187500,<=1,27,NA,8.281893906,NA
2003,B17,R446397,<=1,25,NA,6.281893906,NA
2003,B18,R187148,<=1,22,NA,3.281893906,NA
2003,C02,R446522,<=1,23,NA,4.281893906,NA
2003,C03,R187377,<=1,19,NA,0.281893906,NA
2003,C04,R446505,<=1,19,NA,0.281893906,NA
2003,C05,R187398,<=1,5,NA,-13.71810609,NA
2003,C06,R446503,<=1,20,NA,1.281893906,NA
2003,C07,R446123,<=1,22,NA,3.281893906,NA
2003,C09,R218909,>1,19,NA,0.281893906,NA
2003,C10,R446234,<=1,26,NA,7.281893906,NA
2003,C11,R187778,<=1,26,NA,7.281893906,NA
2003,C12,R446248,<=1,22,NA,3.281893906,NA
2003,C13,R187573,<=1,21,NA,2.281893906,NA
2003,C15,R186934,<=1,17,NA,-1.718106094,NA
2003,C16,R187531,<=1,17,NA,-1.718106094,NA
2003,C17,R446508,<=1,20,NA,1.281893906,NA
2003,C18,R187722,<=1,19,NA,0.281893906,NA
2003,C19,R446392,<=1,14,NA,-4.718106094,NA
2003,C22,R187517,<=1,16,NA,-2.718106094,NA
2003,C23,R186962,<=1,21,NA,2.281893906,NA
2003,C24,R187203,<=1,23,NA,4.281893906,NA
2003,C25,R187552,<=1,17,NA,-1.718106094,NA
2003,C26,R446179,<=1,22,NA,3.281893906,NA
2003,D01,R187516,<=1,16,NA,-2.718106094,NA
2003,D02,R187932,<=1,25,NA,6.281893906,NA
2003,D03,R187930,<=1,20,NA,1.281893906,NA
2003,D04,R446393,<=1,25,NA,6.281893906,NA
2003,D05,R446086,<=1,21,NA,2.281893906,NA
2003,D06,R187540,<=1,17,NA,-1.718106094,NA
2003,D07,R446504,>1,22,NA,3.281893906,NA
2003,D08,R187547,<=1,20,NA,1.281893906,NA
2003,D09,R446515,<=1,21,NA,2.281893906,NA
2003,D10,R446519,<=1,28,NA,9.281893906,NA
2003,D11,R187963,<=1,20,NA,1.281893906,NA
2003,D12,R187944,<=1,20,NA,1.281893906,NA
2003,D14,R446521,<=1,24,NA,5.281893906,NA
2003,E00,R187588,<=1,24,NA,5.281893906,NA
2003,E02,R187770,<=1,34,NA,15.28189391,NA
2003,E06,R187541,<=1,27,NA,8.281893906,NA
2003,E07,R446015,<=1,30,NA,11.28189391,NA
2003,E08,R187999,<=1,29,NA,10.28189391,NA
2003,E09,R446394,<=1,27,NA,8.281893906,NA
2003,E10,R187961,<=1,29,NA,10.28189391,NA
2003,E11,R446002,<=1,23,NA,4.281893906,NA
2003,E12,R446510,<=1,20,NA,1.281893906,NA
2003,E14,R187524,<=1,21,NA,2.281893906,NA
2003,E15,R446395,>1,21,NA,2.281893906,NA
2003,E18,R187333,<=1,33,NA,14.28189391,NA
2003,E19,R446527,<=1,27,NA,8.281893906,NA
2003,F01,R446272,<=1,25,NA,6.281893906,NA
2003,F04,R187168,<=1,28,NA,9.281893906,NA
2003,F05,R187162,<=1,19,NA,0.281893906,NA
2003,F06,R187575,<=1,18,NA,-0.718106094,NA
2003,F07,R446506,<=1,21,NA,2.281893906,NA
2003,F09,R218957,<=1,26,NA,7.281893906,NA
2003,F10,R446507,<=1,18,NA,-0.718106094,NA
2003,F12,R187274,<=1,25,NA,6.281893906,NA
2003,F13,R446528,<=1,30,NA,11.28189391,NA
2003,F16,R187964,<=1,26,NA,7.281893906,NA
2003,F19,R187557,<=1,23,NA,4.281893906,NA
2003,F20,R187155,<=1,19,NA,0.281893906,NA
2003,F23,R446517,<=1,23,NA,4.281893906,NA
2003,F25,R446520,<=1,22,NA,3.281893906,NA
2003,F26,R446516,<=1,23,NA,4.281893906,NA
2003,G01,R186971,<=1,18,NA,-0.718106094,NA
2003,G02,R187053,<=1,20,NA,1.281893906,NA
2003,G04,R187205,<=1,25,NA,6.281893906,NA
2003,G05,R187926,<=1,25,NA,6.281893906,NA
2003,G06,R187914,<=1,21,NA,2.281893906,NA
2003,G07,R186919,<=1,18,NA,-0.718106094,NA
2003,G08,R187478,<=1,22,NA,3.281893906,NA
2003,G09,R446509,<=1,21,NA,2.281893906,NA
2003,G10,R446512,<=1,23,NA,4.281893906,NA
2003,G13,R446268,<=1,30,NA,11.28189391,NA
2003,G14,R186923,>1,17,NA,-1.718106094,NA
2003,G15,R046192,<=1,27,NA,8.281893906,NA
2003,G16,R187062,<=1,25,NA,6.281893906,NA
2003,G17,R046160,<=1,26,NA,7.281893906,NA
2003,G18,R187371,<=1,27,NA,8.281893906,NA
2003,G20,R446185,<=1,17,NA,-1.718106094,NA
2003,G21,R187782,<=1,29,NA,10.28189391,NA
2003,G22,R187931,<=1,21,NA,2.281893906,NA
2003,H02,R187104,<=1,21,NA,2.281893906,NA
2003,H03,R187001,<=1,18,NA,-0.718106094,NA
2003,H05,R187535,<=1,19,NA,0.281893906,NA
2003,H06,R446056,<=1,24,NA,5.281893906,NA
2003,H08,K983388,<=1,28,NA,9.281893906,NA
2003,H11,R186903,<=1,23,NA,4.281893906,NA
2003,H12,R446275,<=1,25,NA,6.281893906,NA
2003,H13,R218962,<=1,26,NA,7.281893906,NA
2003,H14,R218953,<=1,20,NA,1.281893906,NA
2003,H16,R187957,<=1,23,NA,4.281893906,NA
2003,H17,R187493,<=1,27,NA,8.281893906,NA
2003,H21,R187594,<=1,30,NA,11.28189391,NA
2003,H23,R627132,<=1,30,NA,11.28189391,NA
2003,H24,R186917,<=1,30,NA,11.28189391,NA
2003,H26,R187404,<=1,24,NA,5.281893906,NA
2003,H27,R446144,>1,15,NA,-3.718106094,NA
2003,H29,R446162,<=1,26,NA,7.281893906,NA
2003,H31,R187920,<=1,20,NA,1.281893906,NA
2003,H32,R187515,<=1,19,NA,0.281893906,NA
2003,H33,R446109,<=1,23,NA,4.281893906,NA
2003,H34,R186927,<=1,25,NA,6.281893906,NA
2003,H35,R187513,<=1,20,NA,1.281893906,NA
2003,H36,P981994,<=1,20,NA,1.281893906,NA
2004,A01,R187566,<=1,26,NA,7.281893906,NA
2004,A03,R187518,<=1,18,NA,-0.718106094,NA
2004,A04,R928170,>1,29,NA,10.28189391,NA
2004,A06,R187343,<=1,24,NA,5.281893906,NA
2004,A08,R928111,<=1,27,NA,8.281893906,NA
2004,A10,R627131,<=1,27,NA,8.281893906,NA
2004,A11,R928456,>1,27,NA,8.281893906,NA
2004,A12,R446524,<=1,26,NA,7.281893906,NA
2004,A13,R187598,<=1,19,NA,0.281893906,NA
2004,A14,R627754,<=1,25,NA,6.281893906,NA
2004,A16,R928462,<=1,17,NA,-1.718106094,NA
2004,A17,R187527,<=1,20,NA,1.281893906,NA
2004,A18B,R187231,<=1,26,NA,7.281893906,NA
2004,A19,R187537,<=1,25,NA,6.281893906,NA
2004,A20,R446501,<=1,16,NA,-2.718106094,NA
2004,A22,R627877,<=1,25,NA,6.281893906,NA
2004,A22B,R928426,>1,25,NA,6.281893906,NA
2004,A23,R832600,>1,24,NA,5.281893906,NA
2004,A24,R928138,<=1,28,NA,9.281893906,NA
2004,A25,R218990,>1,26,NA,7.281893906,NA
2004,A26,R627702,<=1,17,NA,-1.718106094,NA
2004,B02,R832609,<=1,16,NA,-2.718106094,NA
2004,B03,R187500,<=1,25,NA,6.281893906,NA
2004,B05,R446398,<=1,28,NA,9.281893906,NA
2004,B09,R627612,<=1,41,NA,22.28189391,NA
2004,B12,R187947,<=1,29,NA,10.28189391,NA
2004,B13,R186908,<=1,33,NA,14.28189391,NA
2004,B14,R627180,<=1,29,NA,10.28189391,NA
2004,B15,R186908,<=1,26,NA,7.281893906,NA
2004,B16,R928476,<=1,23,NA,4.281893906,NA
2004,B17,R928489,>1,28,NA,9.281893906,NA
2004,B18,R187148,<=1,17,NA,-1.718106094,NA
2004,B19,R928477,<=1,17,NA,-1.718106094,NA
2004,B21,R627080,<=1,29,NA,10.28189391,NA
2004,B22,R446396,>1,26,NA,7.281893906,NA
2004,C01,R627930,>1,20,NA,1.281893906,NA
2004,C02,R627844,<=1,19,NA,0.281893906,NA
2004,C04,R928481,<=1,20,NA,1.281893906,NA
2004,C05,R928482,<=1,20,NA,1.281893906,NA
2004,C06,R627508,<=1,18,NA,-0.718106094,NA
2004,C07,P981974,>1,26,NA,7.281893906,NA
2004,C09,R187778,<=1,27,NA,8.281893906,NA
2004,C12,R218910,>1,23,NA,4.281893906,NA
2004,C13,R446248,<=1,24,NA,5.281893906,NA
2004,C14,R187573,<=1,18,NA,-0.718106094,NA
2004,C15,R446525,<=1,21,NA,2.281893906,NA
2004,C17,R446123,<=1,21,NA,2.281893906,NA
2004,C19,R187479,>1,24,NA,5.281893906,NA
2004,C20,R187377,<=1,21,NA,2.281893906,NA
2004,C21,R928480,<=1,26,NA,7.281893906,NA
2004,C22,R187046,>1,16,NA,-2.718106094,NA
2004,C23,R187722,<=1,19,NA,0.281893906,NA
2004,C25,R187402,>1,17,NA,-1.718106094,NA
2004,C26,R186971,<=1,18,NA,-0.718106094,NA
2004,D01,R187516,<=1,17,NA,-1.718106094,NA
2004,D02,R928468,<=1,29,NA,10.28189391,NA
2004,D03,R446393,<=1,22,NA,3.281893906,NA
2004,D04,R187686,>1,26,NA,7.281893906,NA
2004,D06,R187451,>1,14,NA,-4.718106094,NA
2004,D07,R446072,>1,15,NA,-3.718106094,NA
2004,D08,R187547,<=1,20,NA,1.281893906,NA
2004,D11,R187963,<=1,22,NA,3.281893906,NA
2004,D13,R187634,>1,22,NA,3.281893906,NA
2004,D14,R627964,<=1,26,NA,7.281893906,NA
2004,D15,R187236,>1,20,NA,1.281893906,NA
2004,E00,R928490,>1,29,NA,10.28189391,NA
2004,E01,R446520,<=1,19,NA,0.281893906,NA
2004,E03,R928472,>1,21,NA,2.281893906,NA
2004,E04,R187541,<=1,25,NA,6.281893906,NA
2004,E05,R187579,<=1,17,NA,-1.718106094,NA
2004,E06,R446015,<=1,27,NA,8.281893906,NA
2004,E07,R218695,>1,28,NA,9.281893906,NA
2004,E08,R446002,<=1,20,NA,1.281893906,NA
2004,E09,R187588,<=1,19,NA,0.281893906,NA
2004,E10,R187961,<=1,29,NA,10.28189391,NA
2004,E11,R928473,<=1,17,NA,-1.718106094,NA
2004,E12,R446510,<=1,17,NA,-1.718106094,NA
2004,E15,R187524,<=1,16,NA,-2.718106094,NA
2004,E17,R928484,>1,20,NA,1.281893906,NA
2004,E18,R446504,>1,27,NA,8.281893906,NA
2004,E19,R446527,<=1,26,NA,7.281893906,NA
2004,F01,R446272,<=1,28,NA,9.281893906,NA
2004,F02,R446506,<=1,25,NA,6.281893906,NA
2004,F05,R627498,<=1,21,NA,2.281893906,NA
2004,F08,R218957,<=1,30,NA,11.28189391,NA
2004,F09,R187162,<=1,18,NA,-0.718106094,NA
2004,F10,R446507,<=1,18,NA,-0.718106094,NA
2004,F12,R928483,<=1,26,NA,7.281893906,NA
2004,F14,R627460,<=1,35,NA,16.28189391,NA
2004,F15,R187274,<=1,17,NA,-1.718106094,NA
2004,F17,T144637,<=1,37,NA,18.28189391,NA
2004,F18,R187155,<=1,15,NA,-3.718106094,NA
2004,F19,R928492,<=1,37,NA,18.28189391,NA
2004,F20,R446517,<=1,25,NA,6.281893906,NA
2004,F21,R187559,<=1,16,NA,-2.718106094,NA
2004,F23,R187462,>1,26,NA,7.281893906,NA
2004,F26,R446516,<=1,27,NA,8.281893906,NA
2004,F27,R187455,>1,19,NA,0.281893906,NA
2004,G01,R187371,<=1,21,NA,2.281893906,NA
2004,G03,R046160,<=1,24,NA,5.281893906,NA
2004,G04,R832654,>1,20,NA,1.281893906,NA
2004,G05,R187926,<=1,19,NA,0.281893906,NA
2004,G06,R928463,<=1,18,NA,-0.718106094,NA
2004,G07,R187914,<=1,25,NA,6.281893906,NA
2004,G08,R928470,>1,20,NA,1.281893906,NA
2004,G09,R046170,>1,29,NA,10.28189391,NA
2004,G10,R928471,>1,22,NA,3.281893906,NA
2004,G12,R446509,<=1,26,NA,7.281893906,NA
2004,G14,P981975,>1,24,NA,5.281893906,NA
2004,G15,R627865,<=1,20,NA,1.281893906,NA
2004,G16,R187221,>1,21,NA,2.281893906,NA
2004,G20,R446185,<=1,18,NA,-0.718106094,NA
2004,G22,R187782,<=1,26,NA,7.281893906,NA
2004,H00,R928163,>1,26,NA,7.281893906,NA
2004,H01,R446175,>1,21,NA,2.281893906,NA
2004,H03,R928107,<=1,27,NA,8.281893906,NA
2004,H04,R627132,<=1,19,NA,0.281893906,NA
2004,H06,R218962,<=1,20,NA,1.281893906,NA
2004,H07,R832576,>1,30,NA,11.28189391,NA
2004,H08,R928488,>1,28,NA,9.281893906,NA
2004,H12,R186911,<=1,20,NA,1.281893906,NA
2004,H13,R832573,<=1,29,NA,10.28189391,NA
2004,H15,R218953,<=1,19,NA,0.281893906,NA
2004,H16,R187957,<=1,26,NA,7.281893906,NA
2004,H17,R446119,>1,16,NA,-2.718106094,NA
2004,H19,T144986,<=1,41,NA,22.28189391,NA
2004,H21,R446235,>1,28,NA,9.281893906,NA
2004,H22,R218979,>1,30,NA,11.28189391,NA
2004,H23,R218960,>1,20,NA,1.281893906,NA
2004,H25,R446174,>1,20,NA,1.281893906,NA
2004,H26,R187404,<=1,20,NA,1.281893906,NA
2004,H28,R446557,<=1,23,NA,4.281893906,NA
2004,H29,R187168,<=1,25,NA,6.281893906,NA
2004,H31,R928478,<=1,28,NA,9.281893906,NA
2004,H32,R446109,<=1,19,NA,0.281893906,NA
2004,H33,R446512,<=1,22,NA,3.281893906,NA
2004,H35,R187041,>1,18,NA,-0.718106094,NA
2004,H36,R187067,>1,27,NA,8.281893906,NA
2004,J02,R187333,<=1,16,NA,-2.718106094,NA
2004,J04,R928487,>1,24,NA,5.281893906,NA
2004,J09,P981928,>1,26,NA,7.281893906,NA
2004,J11,R928491,>1,29,NA,10.28189391,NA
2004,J13,R928118,>1,26,NA,7.281893906,NA
2004,K01,R627843,<=1,23,NA,4.281893906,NA
2004,K03,R446078,>1,21,NA,2.281893906,NA
2004,K04,R186918,<=1,29,NA,10.28189391,NA
2004,K05,R046163,>1,12,NA,-6.718106094,NA
2004,K06,R928474,>1,17,NA,-1.718106094,NA
2004,K08,R928475,<=1,19,NA,0.281893906,NA
2004,K09,R928486,>1,25,NA,6.281893906,NA
2004,K10,R046114,>1,24,NA,5.281893906,NA
2004,K11,R928485,<=1,26,NA,7.281893906,NA
2004,K12,R218924,>1,17,NA,-1.718106094,NA
2005,A00,T521010,<=1,24,NA,5.281893906,NA
2005,A01,T521004,<=1,15,NA,-3.718106094,NA
2005,A03,R187518,<=1,12,NA,-6.718106094,NA
2005,A04,T337978,<=1,17,NA,-1.718106094,NA
2005,A05,R627702,<=1,19,NA,0.281893906,NA
2005,A06,R187231,<=1,21,NA,2.281893906,NA
2005,A07,T521233,<=1,29,NA,10.28189391,NA
2005,A09,T337778,<=1,23,NA,4.281893906,NA
2005,A10,R627131,<=1,21,NA,2.281893906,NA
2005,A11,R627754,<=1,24,NA,5.281893906,NA
2005,A12,T521071,<=1,14,NA,-4.718106094,NA
2005,A13,R446524,<=1,15,NA,-3.718106094,NA
2005,A16,T521220,<=1,16,NA,-2.718106094,NA
2005,A17,R832609,<=1,15,NA,-3.718106094,NA
2005,A18,R187527,<=1,13,NA,-5.718106094,NA
2005,A18B,T521219,<=1,15,NA,-3.718106094,NA
2005,A19,R187537,<=1,19,NA,0.281893906,NA
2005,A20,T337956,<=1,15,NA,-3.718106094,NA
2005,A21,P332402,<=1,23,NA,4.281893906,NA
2005,A22,T337938,<=1,22,NA,3.281893906,NA
2005,A22B,T337981,<=1,16,NA,-2.718106094,NA
2005,A23,R928138,<=1,16,NA,-2.718106094,NA
2005,A24,T521063,<=1,23,NA,4.281893906,NA
2005,A25,R627922,>1,25,NA,6.281893906,NA
2005,A26,T521049,<=1,17,NA,-1.718106094,NA
2005,A27,T233938,<=1,17,NA,-1.718106094,NA
2005,A28,R446501,<=1,16,NA,-2.718106094,NA
2005,B01,R928477,<=1,13,NA,-5.718106094,NA
2005,B02,T144307,<=1,23,NA,4.281893906,NA
2005,B04,T337779,<=1,25,NA,6.281893906,NA
2005,B06,R446396,>1,23,NA,4.281893906,NA
2005,B07,R446398,<=1,28,NA,9.281893906,NA
2005,B09,R627612,<=1,29,NA,10.28189391,NA
2005,B10,T144557,<=1,19,NA,0.281893906,NA
2005,B11,R187947,<=1,25,NA,6.281893906,NA
2005,B13,T521229,<=1,27,NA,8.281893906,NA
2005,B15,T521230,<=1,28,NA,9.281893906,NA
2005,B16,R928476,<=1,14,NA,-4.718106094,NA
2005,B17,T144629,<=1,32,NA,13.28189391,NA
2005,B19,R928489,>1,27,NA,8.281893906,NA
2005,B20,T521231,<=1,27,NA,8.281893906,NA
2005,B21,T337786,<=1,25,NA,6.281893906,NA
2005,B22,T521218,<=1,16,NA,-2.718106094,NA
2005,B23,T520590,NA,22,NA,3.281893906,NA
2005,B25,R446506,<=1,18,NA,-0.718106094,NA
2005,C02,R627929,>1,23,NA,4.281893906,NA
2005,C03,P981974,>1,17,NA,-1.718106094,NA
2005,C05,T521086,<=1,13,NA,-5.718106094,NA
2005,C06,T521068,<=1,12,NA,-6.718106094,NA
2005,C07,T144240,<=1,21,NA,2.281893906,NA
2005,C09,T337747,<=1,24,NA,5.281893906,NA
2005,C11,R446185,<=1,13,NA,-5.718106094,NA
2005,C12,R446248,<=1,21,NA,2.281893906,NA
2005,C14,R218910,>1,15,NA,-3.718106094,NA
2005,C15,T337918,<=1,19,NA,0.281893906,NA
2005,C16,T337905,<=1,15,NA,-3.718106094,NA
2005,C17,R446123,<=1,15,NA,-3.718106094,NA
2005,C18,R187479,>1,16,NA,-2.718106094,NA
2005,C19,T233830,<=1,15,NA,-3.718106094,NA
2005,C20,T521093,<=1,16,NA,-2.718106094,NA
2005,C21,R187046,>1,7,NA,-11.71810609,NA
2005,C22,T144090,<=1,15,NA,-3.718106094,NA
2005,C23,T233820,<=1,23,NA,4.281893906,NA
2005,C24,T337910,<=1,16,NA,-2.718106094,NA
2005,C25,T521045,<=1,15,NA,-3.718106094,NA
2005,C26,T233821,<=1,12,NA,-6.718106094,NA
2005,D01,R446393,<=1,13,NA,-5.718106094,NA
2005,D02,T521215,<=1,15,NA,-3.718106094,NA
2005,D04,T521217,>1,16,NA,-2.718106094,NA
2005,D05,R446504,>1,16,NA,-2.718106094,NA
2005,D06,T144696,<=1,17,NA,-1.718106094,NA
2005,D07,T144849,<=1,27,NA,8.281893906,NA
2005,D08,R187547,<=1,15,NA,-3.718106094,NA
2005,D09,R187686,>1,23,NA,4.281893906,NA
2005,D10,T337777,<=1,21,NA,2.281893906,NA
2005,D11,R446078,>1,17,NA,-1.718106094,NA
2005,D12,T337790,<=1,34,NA,15.28189391,NA
2005,D14,T521224,<=1,18,NA,-0.718106094,NA
2005,E00,T521212,<=1,15,NA,-3.718106094,NA
2005,E01,T337781,<=1,25,NA,6.281893906,NA
2005,E02,R928490,>1,26,NA,7.281893906,NA
2005,E03,T144892,<=1,16,NA,-2.718106094,NA
2005,E04,R446015,<=1,20,NA,1.281893906,NA
2005,E05,T337774,<=1,15,NA,-3.718106094,NA
2005,E06,T144974,<=1,29,NA,10.28189391,NA
2005,E07,T144410,<=1,18,NA,-0.718106094,NA
2005,E08,T144228,<=1,23,NA,4.281893906,NA
2005,E09,R187588,<=1,15,NA,-3.718106094,NA
2005,E10,R187961,<=1,28,NA,9.281893906,NA
2005,E11,T337784,<=1,26,NA,7.281893906,NA
2005,E12,T521208,<=1,13,NA,-5.718106094,NA
2005,E13,T521209,<=1,8,NA,-10.71810609,NA
2005,E14,T521213,<=1,16,NA,-2.718106094,NA
2005,E15,T337769,<=1,7,NA,-11.71810609,NA
2005,E16,R186541,<=1,25,NA,6.281893906,NA
2005,E17,R627460,<=1,23,NA,4.281893906,NA
2005,E18,T521214,<=1,7,NA,-11.71810609,NA
2005,E19,R446527,<=1,24,NA,5.281893906,NA
2005,E20,R446072,>1,6,NA,-12.71810609,NA
2005,F01,R446272,<=1,25,NA,6.281893906,NA
2005,F02,T144459,<=1,14,NA,-4.718106094,NA
2005,F03,T144019,<=1,19,NA,0.281893906,NA
2005,F04,R187162,<=1,14,NA,-4.718106094,NA
2005,F05,T521201,<=1,33,NA,14.28189391,NA
2005,F06,T521202,<=1,9,NA,-9.718106094,NA
2005,F07,R187377,<=1,31,NA,12.28189391,NA
2005,F08,R187377,<=1,8,NA,-10.71810609,NA
2005,F09,T521238,>1,31,NA,12.28189391,NA
2005,F10,R218957,<=1,16,NA,-2.718106094,NA
2005,F12,T337773,<=1,19,NA,0.281893906,NA
2005,F13,R187274,<=1,11,NA,-7.718106094,NA
2005,F14,R928483,<=1,22,NA,3.281893906,NA
2005,F15,T521225,<=1,27,NA,8.281893906,NA
2005,F16,R928410,>1,12,NA,-6.718106094,NA
2005,F17,R446517,<=1,21,NA,2.281893906,NA
2005,F18,R187333,<=1,13,NA,-5.718106094,NA
2005,F19,T337783,<=1,26,NA,7.281893906,NA
2005,F20,T144282,>1,18,NA,-0.718106094,NA
2005,F21,T337780,<=1,25,NA,6.281893906,NA
2005,F22,R187559,<=1,9,NA,-9.718106094,NA
2005,F23,T521207,<=1,13,NA,-5.718106094,NA
2005,F24,T521211,<=1,15,NA,-3.718106094,NA
2005,F25,T144578,<=1,19,NA,0.281893906,NA
2005,F27,T521239,<=1,31,NA,12.28189391,NA
2005,G01,T521210,<=1,15,NA,-3.718106094,NA
2005,G02,T233831,<=1,9,NA,-9.718106094,NA
2005,G03,T144156,<=1,26,NA,7.281893906,NA
2005,G05,T233928,<=1,23,NA,4.281893906,NA
2005,G06,T337707,<=1,22,NA,3.281893906,NA
2005,G07,T337730,>1,21,NA,2.281893906,NA
2005,G08,T521283,<=1,31,NA,12.28189391,NA
2005,G10,T337772,<=1,20,NA,1.281893906,NA
2005,G12,T144313,<=1,32,NA,13.28189391,NA
2005,G13,R186923,>1,23,NA,4.281893906,NA
2005,G15,T337703,<=1,27,NA,8.281893906,NA
2005,G16,T144860,<=1,28,NA,9.281893906,NA
2005,G17,T337787,<=1,27,NA,8.281893906,NA
2005,G18,T144168,<=1,24,NA,5.281893906,NA
2005,G19,T521067,<=1,17,NA,-1.718106094,NA
2005,G20,T337933,<=1,19,NA,0.281893906,NA
2005,G21,T233812,<=1,26,NA,7.281893906,NA
2005,G22,T337775,<=1,21,NA,2.281893906,NA
2005,H00,T521011,>1,23,NA,4.281893906,NA
2005,H03,T337782,<=1,25,NA,6.281893906,NA
2005,H04,T521223,<=1,17,NA,-1.718106094,NA
2005,H05,T337949,<=1,14,NA,-4.718106094,NA
2005,H06,T233942,<=1,27,NA,8.281893906,NA
2005,H08,R218962,<=1,14,NA,-4.718106094,NA
2005,H09,T337722,<=1,29,NA,10.28189391,NA
2005,H11,T233947,<=1,19,NA,0.281893906,NA
2005,H13,R832573,<=1,29,NA,10.28189391,NA
2005,H15,R218953,<=1,20,NA,1.281893906,NA
2005,H16,R627916,<=1,16,NA,-2.718106094,NA
2005,H17,T337920,<=1,25,NA,6.281893906,NA
2005,H18,R446119,>1,25,NA,6.281893906,NA
2005,H19,R927217,<=1,24,NA,5.281893906,NA
2005,H20,T337957,<=1,31,NA,12.28189391,NA
2005,H23,R218960,>1,26,NA,7.281893906,NA
2005,H24,T233941,<=1,31,NA,12.28189391,NA
2005,H25,T233932,<=1,17,NA,-1.718106094,NA
2005,H26,R187404,<=1,27,NA,8.281893906,NA
2005,H27,T144297,<=1,16,NA,-2.718106094,NA
2005,H28,T234000,<=1,23,NA,4.281893906,NA
2005,H29,R187067,>1,28,NA,9.281893906,NA
2005,H30,R187168,<=1,19,NA,0.281893906,NA
2005,H32,T337901,<=1,17,NA,-1.718106094,NA
2005,H33,T337929,<=1,19,NA,0.281893906,NA
2005,H34,T337946,<=1,27,NA,8.281893906,NA
2005,H36,R186971,<=1,22,NA,3.281893906,NA
2005,J01,R446510,<=1,14,NA,-4.718106094,NA
2005,J02,T144001,<=1,17,NA,-1.718106094,NA
2005,J03,T337785,<=1,16,NA,-2.718106094,NA
2005,J04,R187862,>1,21,NA,2.281893906,NA
2005,J06,T337776,<=1,21,NA,2.281893906,NA
2005,J07,T337788,<=1,9,NA,-9.718106094,NA
2005,J08,T144601,<=1,16,NA,-2.718106094,NA
2005,J09,P981928,>1,15,NA,-3.718106094,NA
2005,J10,T144106,<=1,14,NA,-4.718106094,NA
2005,J11,T144694,<=1,21,NA,2.281893906,NA
2005,J12,T521216,<=1,15,NA,-3.718106094,NA
2005,J13,R928118,>1,18,NA,-0.718106094,NA
2005,K01,R627843,<=1,14,NA,-4.718106094,NA
2005,K02,T521204,<=1,10,NA,-8.718106094,NA
2005,K03,T521205,<=1,10,NA,-8.718106094,NA
2005,K04,T521226,<=1,26,NA,7.281893906,NA
2005,K05,R046163,>1,8,NA,-10.71810609,NA
2005,K06,T521221,<=1,16,NA,-2.718106094,NA
2005,K07,T521206,>1,10,NA,-8.718106094,NA
2005,K08,T521228,<=1,25,NA,6.281893906,NA
2005,K09,T521222,<=1,16,NA,-2.718106094,NA
2005,K10,T144062,<=1,26,NA,7.281893906,NA
2005,K11,T521227,<=1,19,NA,0.281893906,NA
2005,K12,T521237,<=1,27,NA,8.281893906,NA
2006,A04,T885125,<=1,24,NA,5.281893906,NA
2006,A06,T521033,>1,22,NA,3.281893906,NA
2006,A10,R627131,<=1,26,NA,7.281893906,NA
2006,A11,T337778,<=1,34,NA,15.28189391,NA
2006,A15,T521220,<=1,22,NA,3.281893906,NA
2006,A16,T885165,<=1,35,NA,16.28189391,NA
2006,A18B,R187518,<=1,23,NA,4.281893906,NA
2006,A21,T337956,<=1,23,NA,4.281893906,NA
2006,A22,T884162,<=1,27,NA,8.281893906,NA
2006,A24,T337957,<=1,25,NA,6.281893906,NA
2006,A25,T337977,>1,21,NA,2.281893906,NA
2006,A27,T885164,<=1,32,NA,13.28189391,NA
2006,B04,T144006,>1,20,NA,1.281893906,NA
2006,B07,R446398,<=1,27,NA,8.281893906,NA
2006,B11,T337786,<=1,25,NA,6.281893906,NA
2006,B15,T144629,<=1,25,NA,6.281893906,NA
2006,C05,T521068,<=1,19,NA,0.281893906,NA
2006,C06,T885154,<=1,27,NA,8.281893906,NA
2006,C11,T521067,<=1,24,NA,5.281893906,NA
2006,C15,T337918,<=1,22,NA,3.281893906,NA
2006,C16,T520020,<=1,20,NA,1.281893906,NA
2006,C19,T884087,<=1,23,NA,4.281893906,NA
2006,C21,T520942,>1,29,NA,10.28189391,NA
2006,C22,T884165,<=1,25,NA,6.281893906,NA
2006,C23,T233820,<=1,27,NA,8.281893906,NA
2006,C25,T520008,<=1,22,NA,3.281893906,NA
2006,D01,R446393,<=1,20,NA,1.281893906,NA
2006,D02,T144696,<=1,25,NA,6.281893906,NA
2006,D03,R446504,>1,27,NA,8.281893906,NA
2006,D04,T885109,<=1,25,NA,6.281893906,NA
2006,D05,T885126,<=1,21,NA,2.281893906,NA
2006,D06,T521224,<=1,23,NA,4.281893906,NA
2006,D08,R187547,<=1,20,NA,1.281893906,NA
2006,D09,T885151,<=1,24,NA,5.281893906,NA
2006,D11,R446078,>1,24,NA,5.281893906,NA
2006,D12,T144413,<=1,21,NA,2.281893906,NA
2006,D14,T884067,<=1,20,NA,1.281893906,NA
2006,E00,T520740,<=1,24,NA,5.281893906,NA
2006,E02,T337781,<=1,26,NA,7.281893906,NA
2006,E04,T144410,<=1,23,NA,4.281893906,NA
2006,E05,T884178,<=1,25,NA,6.281893906,NA
2006,E10,T885163,<=1,31,NA,12.28189391,NA
2006,E12,T521208,<=1,22,NA,3.281893906,NA
2006,E15,T885158,<=1,30,NA,11.28189391,NA
2006,E16,T337774,<=1,20,NA,1.281893906,NA
2006,E17,T521214,<=1,24,NA,5.281893906,NA
2006,E19,R446527,<=1,25,NA,6.281893906,NA
2006,F03,T144019,<=1,22,NA,3.281893906,NA
2006,F05,R187162,<=1,21,NA,2.281893906,NA
2006,F06,T521202,<=1,22,NA,3.281893906,NA
2006,F12,R187274,<=1,20,NA,1.281893906,NA
2006,F14,T521225,<=1,24,NA,5.281893906,NA
2006,F16,T885113,<=1,24,NA,5.281893906,NA
2006,F18,R928483,<=1,24,NA,5.281893906,NA
2006,F23,T521207,<=1,23,NA,4.281893906,NA
2006,F24,T885111,<=1,28,NA,9.281893906,NA
2006,G03,T144156,<=1,22,NA,3.281893906,NA
2006,G12,T144313,<=1,26,NA,7.281893906,NA
2006,G15,T520751,<=1,24,NA,5.281893906,NA
2006,G16,T233831,<=1,25,NA,6.281893906,NA
2006,G17,T337787,<=1,28,NA,9.281893906,NA
2006,G18,T884172,<=1,26,NA,7.281893906,NA
2006,G19,T144784,>1,35,NA,16.28189391,NA
2006,G21,T337921,>1,31,NA,12.28189391,NA
2006,G22,T233812,<=1,23,NA,4.281893906,NA
2006,H02,T337782,<=1,25,NA,6.281893906,NA
2006,H03,T885152,<=1,26,NA,7.281893906,NA
2006,H07,T233942,<=1,23,NA,4.281893906,NA
2006,H22,R218953,<=1,23,NA,4.281893906,NA
2006,H24,R832573,<=1,32,NA,13.28189391,NA
2006,H26,T520997,<=1,24,NA,5.281893906,NA
2006,H27,T337904,>1,25,NA,6.281893906,NA
2006,H32,R186971,<=1,25,NA,6.281893906,NA
2006,H36,T520966,<=1,25,NA,6.281893906,NA
2006,J01,T885150,>1,24,NA,5.281893906,NA
2006,J02,T144892,<=1,23,NA,4.281893906,NA
2006,J07,T337788,<=1,20,NA,1.281893906,NA
2006,J09,P981928,>1,22,NA,3.281893906,NA
2006,J12,T521216,<=1,20,NA,1.281893906,NA
2006,K01,T885156,<=1,29,NA,10.28189391,NA
2006,K08,T521228,<=1,25,NA,6.281893906,NA
2006,K10,T521229,<=1,26,NA,7.281893906,NA
2007,A00,T980057,<=1,19,NA,0.281893906,NA
2007,A01,T520855,>1,21,NA,2.281893906,NA
2007,A03,T337977,>1,11,NA,-7.718106094,NA
2007,A04,T885125,<=1,10,NA,-8.718106094,NA
2007,A05,V461735,<=1,16,NA,-2.718106094,NA
2007,A06,R627131,<=1,20,NA,1.281893906,NA
2007,A07,R187518,<=1,22,9,3.281893906,-7.513287129
2007,A08,T980378,<=1,13,4.47826087,-5.718106094,-12.03502626
2007,A10,T980853,<=1,25,NA,6.281893906,NA
2007,A12,T521220,<=1,15,NA,-3.718106094,NA
2007,A16,V461733,<=1,13,NA,-5.718106094,NA
2007,A17,T980855,<=1,9,NA,-9.718106094,NA
2007,A18B,V461729,>1,13,NA,-5.718106094,NA
2007,A19,V461719,<=1,11,NA,-7.718106094,NA
2007,A20,T980087,<=1,10,5.230769231,-8.718106094,-11.2825179
2007,A21,T337956,<=1,15,NA,-3.718106094,NA
2007,A22,T980061,<=1,19,NA,0.281893906,NA
2007,A22B,T884162,<=1,10,NA,-8.718106094,NA
2007,A23,V461073,<=1,24,NA,5.281893906,NA
2007,A24,T337957,<=1,17,NA,-1.718106094,NA
2007,A26,V461711,<=1,8,NA,-10.71810609,NA
2007,A27,T520931,>1,9,9,-9.718106094,-7.513287129
2007,B02,T520875,>1,11,NA,-7.718106094,NA
2007,B03,R928476,<=1,11,NA,-7.718106094,NA
2007,B04,T144006,>1,8,6.666666667,-10.71810609,-9.846620462
2007,B05,T980014,<=1,14,NA,-4.718106094,NA
2007,B10,V461710,<=1,8,NA,-10.71810609,NA
2007,B12,T337786,<=1,17,NA,-1.718106094,NA
2007,B13,T980857,<=1,13,NA,-5.718106094,NA
2007,B14,V461736,>1,15,NA,-3.718106094,NA
2007,B15,T980315,<=1,16,NA,-2.718106094,NA
2007,B16,R928477,<=1,18,NA,-0.718106094,NA
2007,B17,T144629,<=1,17,NA,-1.718106094,NA
2007,B19,V461753,<=1,20,NA,1.281893906,NA
2007,B21,V461737,<=1,17,NA,-1.718106094,NA
2007,B22,T521237,<=1,13,NA,-5.718106094,NA
2007,B23,V461744,<=1,18,NA,-0.718106094,NA
2007,B25,V461740,<=1,16,NA,-2.718106094,NA
2007,C01,V461728,<=1,13,NA,-5.718106094,NA
2007,C02,R627929,>1,16,NA,-2.718106094,NA
2007,C03,P981974,>1,13,NA,-5.718106094,NA
2007,C04,T144061,>1,10,NA,-8.718106094,NA
2007,C05,T521068,<=1,8,NA,-10.71810609,NA
2007,C06,T980851,<=1,12,6.833333333,-6.718106094,-9.679953796
2007,C07,V461756,<=1,23,NA,4.281893906,NA
2007,C08,V461727,<=1,14,NA,-4.718106094,NA
2007,C09,V461731,<=1,15,NA,-3.718106094,NA
2007,C10,V461754,<=1,21,NA,2.281893906,NA
2007,C11,T521067,<=1,14,NA,-4.718106094,NA
2007,C13,V461714,<=1,11,5,-7.718106094,-11.51328713
2007,C14,T337918,<=1,23,NA,4.281893906,NA
2007,C15,T980882,<=1,11,NA,-7.718106094,NA
2007,C17,R446123,<=1,13,NA,-5.718106094,NA
2007,C18,V461025,<=1,17,NA,-1.718106094,NA
2007,C19,T884087,<=1,12,NA,-6.718106094,NA
2007,C20,V461726,<=1,14,NA,-4.718106094,NA
2007,C21,T233938,<=1,17,NA,-1.718106094,NA
2007,C22,R187046,>1,10,NA,-8.718106094,NA
2007,C23,T520942,>1,13,NA,-5.718106094,NA
2007,C24,V461001,<=1,11,NA,-7.718106094,NA
2007,C25,T885124,<=1,12,7,-6.718106094,-9.513287129
2007,C26,T980096,<=1,21,NA,2.281893906,NA
2007,D01,T980254,<=1,16,5,-2.718106094,-11.51328713
2007,D02,T144696,<=1,15,NA,-3.718106094,NA
2007,D03,V461724,<=1,12,NA,-6.718106094,NA
2007,D05,T885109,<=1,12,NA,-6.718106094,NA
2007,D06,V461709,<=1,8,4.428571429,-10.71810609,-12.0847157
2007,D07,T980425,<=1,16,NA,-2.718106094,NA
2007,D08,V461717,<=1,12,NA,-6.718106094,NA
2007,D10,T337777,<=1,15,NA,-3.718106094,NA
2007,D11,V461743,<=1,17,4,-1.718106094,-12.51328713
2007,D12,T980392,<=1,15,NA,-3.718106094,NA
2007,D13,T144413,<=1,13,NA,-5.718106094,NA
2007,D15,T884181,>1,14,NA,-4.718106094,NA
2007,E00,T337781,<=1,15,NA,-3.718106094,NA
2007,E01,V461749,<=1,20,NA,1.281893906,NA
2007,E02,T980349,<=1,23,NA,4.281893906,NA
2007,E03,T884061,>1,10,NA,-8.718106094,NA
2007,E04,V461751,<=1,19,NA,0.281893906,NA
2007,E05,T980143,<=1,21,NA,2.281893906,NA
2007,E06,T144410,<=1,16,NA,-2.718106094,NA
2007,E07,V461732,<=1,15,NA,-3.718106094,NA
2007,E08,T980116,<=1,22,NA,3.281893906,NA
2007,E09,T980248,<=1,13,NA,-5.718106094,NA
2007,E10,V461750,<=1,20,NA,1.281893906,NA
2007,E11,T337784,<=1,19,NA,0.281893906,NA
2007,E12,V461058,<=1,19,3,0.281893906,-13.51328713
2007,E13,V461715,<=1,11,NA,-7.718106094,NA
2007,E14,T144892,<=1,15,NA,-3.718106094,NA
2007,E15,T884177,>1,7,NA,-11.71810609,NA
2007,E16,T337774,<=1,10,NA,-8.718106094,NA
2007,E17,V461723,<=1,13,NA,-5.718106094,NA
2007,E18,V461716,>1,12,NA,-6.718106094,NA
2007,E19,T521204,<=1,14,NA,-4.718106094,NA
2007,E20,T884067,<=1,8,5,-10.71810609,-11.51328713
2007,F01,T144243,>1,17,NA,-1.718106094,NA
2007,F02,V461721,<=1,10,NA,-8.718106094,NA
2007,F03,V461722,<=1,13,8,-5.718106094,-8.513287129
2007,F04,T980182,<=1,21,10.6,2.281893906,-5.913287129
2007,F05,R187162,<=1,12,NA,-6.718106094,NA
2007,F06,T980260,<=1,13,NA,-5.718106094,NA
2007,F07,T521202,<=1,13,NA,-5.718106094,NA
2007,F08,T521214,<=1,15,NA,-3.718106094,NA
2007,F09,V461011,<=1,14,NA,-4.718106094,NA
2007,F10,T144240,<=1,12,NA,-6.718106094,NA
2007,F11,T980527,<=1,17,NA,-1.718106094,NA
2007,F12,R187274,<=1,15,NA,-3.718106094,NA
2007,F14,T521225,<=1,20,NA,1.281893906,NA
2007,F17,V461745,<=1,19,7.5,0.281893906,-9.013287129
2007,F18,R928483,<=1,14,9.666666667,-4.718106094,-6.846620462
2007,F19,T337783,<=1,17,8.2,-1.718106094,-8.313287129
2007,F20,V461755,<=1,22,10.2,3.281893906,-6.313287129
2007,F21,T980993,<=1,28,NA,9.281893906,NA
2007,F22,V461713,<=1,10,7.666666667,-8.718106094,-8.846620462
2007,F23,T885111,<=1,12,7.375,-6.718106094,-9.138287129
2007,F26,T521207,<=1,11,7,-7.718106094,-9.513287129
2007,F27,T980626,<=1,19,NA,0.281893906,NA
2007,G01,V461002,<=1,13,NA,-5.718106094,NA
2007,G02,T885106,>1,14,NA,-4.718106094,NA
2007,G03,V461758,<=1,26,NA,7.281893906,NA
2007,G04,T980438,<=1,16,NA,-2.718106094,NA
2007,G05,T233909,>1,15,NA,-3.718106094,NA
2007,G07,V461712,<=1,9,NA,-9.718106094,NA
2007,G08,T884038,>1,15,NA,-3.718106094,NA
2007,G10,V461747,<=1,19,NA,0.281893906,NA
2007,G12,T144313,<=1,16,NA,-2.718106094,NA
2007,G13,T233956,>1,14,NA,-4.718106094,NA
2007,G16,T884165,<=1,12,NA,-6.718106094,NA
2007,G17,T337787,<=1,19,NA,0.281893906,NA
2007,G18,V461760,<=1,15,8.6,-3.718106094,-7.913287129
2007,G19,R446185,<=1,10,NA,-8.718106094,NA
2007,G20,R446185,<=1,15,NA,-3.718106094,NA
2007,G21,T233812,<=1,10,NA,-8.718106094,NA
2007,G22,T337921,>1,18,NA,-0.718106094,NA
2007,H00,T980807,<=1,17,NA,-1.718106094,NA
2007,H02,V461741,<=1,16,NA,-2.718106094,NA
2007,H03,V461748,>1,20,NA,1.281893906,NA
2007,H04,T884154,>1,12,NA,-6.718106094,NA
2007,H05,T337949,<=1,19,NA,0.281893906,NA
2007,H07,V461746,<=1,19,NA,0.281893906,NA
2007,H12,T233942,<=1,15,NA,-3.718106094,NA
2007,H13,T233947,<=1,14,NA,-4.718106094,NA
2007,H14,T521004,<=1,19,NA,0.281893906,NA
2007,H16,T337920,<=1,15,NA,-3.718106094,NA
2007,H17,R446119,>1,18,NA,-0.718106094,NA
2007,H19,T520971,>1,20,NA,1.281893906,NA
2007,H22,R218953,<=1,12,NA,-6.718106094,NA
2007,H23,T980560,<=1,13,NA,-5.718106094,NA
2007,H25,T520845,>1,21,NA,2.281893906,NA
2007,H26,T520997,<=1,13,NA,-5.718106094,NA
2007,H27,T980600,<=1,20,NA,1.281893906,NA
2007,H28,T980060,<=1,20,NA,1.281893906,NA
2007,H29,T521047,>1,13,5,-5.718106094,-11.51328713
2007,H31,T884109,>1,12,NA,-6.718106094,NA
2007,H32,T521072,>1,10,3,-8.718106094,-13.51328713
2007,H33,T980883,<=1,11,NA,-7.718106094,NA
2007,H35,V461026,<=1,13,NA,-5.718106094,NA
2007,J01,T521208,<=1,9,5.333333333,-9.718106094,-11.1799538
2007,J02,V461718,<=1,12,NA,-6.718106094,NA
2007,J03,T885149,<=1,13,NA,-5.718106094,NA
2007,J05,R187862,>1,17,NA,-1.718106094,NA
2007,J08,V461742,>1,16,5,-2.718106094,-11.51328713
2007,J09,P981928,>1,14,NA,-4.718106094,NA
2007,J10,T521216,<=1,7,10,-11.71810609,-6.513287129
2007,J11,V461739,<=1,17,7,-1.718106094,-9.513287129
2007,J12,V461734,<=1,11,NA,-7.718106094,NA
2007,J13,T521201,<=1,16,NA,-2.718106094,NA
2007,K01,V461752,<=1,20,6.777777778,1.281893906,-9.735509351
2007,K02,R627843,<=1,12,9,-6.718106094,-7.513287129
2007,K03,T980518,<=1,12,NA,-6.718106094,NA
2007,K04,T521205,<=1,10,NA,-8.718106094,NA
2007,K05,T885119,>1,11,NA,-7.718106094,NA
2007,K06,V461738,<=1,17,NA,-1.718106094,NA
2007,K07,V461057,<=1,17,NA,-1.718106094,NA
2007,K08,T521228,<=1,12,NA,-6.718106094,NA
2007,K10,T521229,<=1,18,NA,-0.718106094,NA
2007,K11,T520164,>1,15,NA,-3.718106094,NA
2007,K12,R832698,>1,24,NA,5.281893906,NA
2008,A01,V520855,<=1,23,NA,4.281893906,NA
2008,A03,T337977,>1,10,10,-8.718106094,-6.513287129
2008,A04,T885125,<=1,13,NA,-5.718106094,NA
2008,A05,V461759,>1,18,15.77777778,-0.718106094,-0.735509351
2008,A06,T980378,<=1,14,14.21052632,-4.718106094,-2.302760813
2008,A07,V524055,<=1,19,14.72727273,0.281893906,-1.786014402
2008,A09,R627131,<=1,22,18.47058824,3.281893906,1.957301106
2008,A12,T337778,<=1,19,23.38461538,0.281893906,6.871328256
2008,A13,T521220,<=1,15,22.26666667,-3.718106094,5.753379538
2008,A16,V461733,<=1,14,23,-4.718106094,6.486712871
2008,A18B,T980087,<=1,22,17,3.281893906,0.486712871
2008,A26,T980823,>1,5,NA,-13.71810609,NA
2008,A28,V791832,>1,15,NA,-3.718106094,NA
2008,B07,V791834,<=1,8,NA,-10.71810609,NA
2008,B09,R187686,>1,26,NA,7.281893906,NA
2008,B10,V461710,<=1,13,NA,-5.718106094,NA
2008,B11,T337786,<=1,22,NA,3.281893906,NA
2008,B13,V791830,<=1,20,NA,1.281893906,NA
2008,B15,T144629,<=1,25,NA,6.281893906,NA
2008,B16,T980315,<=1,18,NA,-0.718106094,NA
2008,B17,V791833,<=1,30,NA,11.28189391,NA
2008,B18,V791869,<=1,24,NA,5.281893906,NA
2008,B19,V791879,>1,27,NA,8.281893906,NA
2008,B25,V461727,<=1,14,NA,-4.718106094,NA
2008,C01,V461728,<=1,17,NA,-1.718106094,NA
2008,C02,V791831,<=1,7,NA,-11.71810609,NA
2008,C03,V461740,<=1,13,NA,-5.718106094,NA
2008,C09,V461731,<=1,11,NA,-7.718106094,NA
2008,C12,V524056,<=1,25,NA,6.281893906,NA
2008,C13,V524975,<=1,14,5,-4.718106094,-11.51328713
2008,C15,T980882,<=1,18,NA,-0.718106094,NA
2008,C20,V791843,<=1,11,NA,-7.718106094,NA
2008,C22,T980301,>1,8,NA,-10.71810609,NA
2008,C23,T233820,<=1,25,NA,6.281893906,NA
2008,C24,T980907,>1,18,NA,-0.718106094,NA
2008,C26,V461817,<=1,7,NA,-11.71810609,NA
2008,D01,T980254,<=1,11,10,-7.718106094,-6.513287129
2008,D03,T144696,<=1,21,NA,2.281893906,NA
2008,D05,V791844,>1,13,NA,-5.718106094,NA
2008,D06,V461709,<=1,5,14.66666667,-13.71810609,-1.846620462
2008,D07,T980425,<=1,21,NA,2.281893906,NA
2008,D09,V791883,>1,20,NA,1.281893906,NA
2008,D10,V791855,>1,15,NA,-3.718106094,NA
2008,D13,T144413,<=1,19,NA,0.281893906,NA
2008,D15,V791810,<=1,26,NA,7.281893906,NA
2008,E01,V791868,<=1,20,NA,1.281893906,NA
2008,E04,T144410,<=1,11,NA,-7.718106094,NA
2008,E05,V461058,<=1,17,NA,-1.718106094,NA
2008,E08,T980116,<=1,26,NA,7.281893906,NA
2008,E09,V791877,>1,23,NA,4.281893906,NA
2008,E10,T337784,<=1,25,NA,6.281893906,NA
2008,E12,V461732,<=1,16,NA,-2.718106094,NA
2008,E13,V791873,<=1,22,NA,3.281893906,NA
2008,E16,T337774,<=1,11,NA,-7.718106094,NA
2008,E17,V461723,<=1,9,NA,-9.718106094,NA
2008,F02,V791846,<=1,24,NA,5.281893906,NA
2008,F04,R187162,<=1,13,NA,-5.718106094,NA
2008,F07,T521214,<=1,13,NA,-5.718106094,NA
2008,F12,T980182,<=1,21,NA,2.281893906,NA
2008,F13,V524291,<=1,19,NA,0.281893906,NA
2008,F14,R187274,<=1,23,NA,4.281893906,NA
2008,F17,V461713,<=1,7,29.5,-11.71810609,12.98671287
2008,F19,T885111,<=1,15,14,-3.718106094,-2.513287129
2008,F23,V524053,<=1,13,26,-5.718106094,9.486712871
2008,F24,V461749,<=1,18,22,-0.718106094,5.486712871
2008,F25,V791859,<=1,18,NA,-0.718106094,NA
2008,F26,T521207,<=1,10,NA,-8.718106094,NA
2008,G04,V461008,>1,23,NA,4.281893906,NA
2008,G05,V524983,<=1,28,NA,9.281893906,NA
2008,G06,T337707,<=1,26,16.63636364,7.281893906,0.123076507
2008,G07,V791861,<=1,15,NA,-3.718106094,NA
2008,G10,V461747,<=1,27,NA,8.281893906,NA
2008,G12,T144313,<=1,24,NA,5.281893906,NA
2008,G15,T233956,>1,19,16,0.281893906,-0.513287129
2008,G20,R446185,<=1,18,22.81818182,-0.718106094,6.304894689
2008,H03,V524950,>1,12,21,-6.718106094,4.486712871
2008,H05,T337949,<=1,18,10,-0.718106094,-6.513287129
2008,H16,V461730,<=1,26,23,7.281893906,6.486712871
2008,H18,T980600,<=1,29,NA,10.28189391,NA
2008,H23,T980560,<=1,24,13.66666667,5.281893906,-2.846620462
2008,H26,V461826,<=1,16,25,-2.718106094,8.486712871
2008,H27,T337904,>1,24,18,5.281893906,1.486712871
2008,J01,T144892,<=1,6,17,-12.71810609,0.486712871
2008,J02,V461715,<=1,9,NA,-9.718106094,NA
2008,J07,V791863,>1,14,NA,-4.718106094,NA
2008,J13,V461734,<=1,9,NA,-9.718106094,NA
2008,K01,R046163,>1,27,19.66666667,8.281893906,3.153379538
2008,K02,V461752,<=1,25,NA,6.281893906,NA
2008,K04,T980518,<=1,17,NA,-1.718106094,NA
2008,K07,V791838,>1,9,NA,-9.718106094,NA
2008,K08,T521228,<=1,16,NA,-2.718106094,NA
2008,K10,T521229,<=1,25,NA,6.281893906,NA
2008,K12,T520164,>1,12,NA,-6.718106094,NA
2009,A01,X380318,<=1,13,12.42857143,-5.718106094,-4.0847157
2009,A04,T885125,<=1,7,10.33333333,-11.71810609,-6.179953796
2009,A05,X380393,>1,11,NA,-7.718106094,NA
2009,A08,T980378,<=1,27,NA,8.281893906,NA
2009,A10,X381824,<=1,13,31,-5.718106094,14.48671287
2009,A14,T337778,<=1,36,NA,17.28189391,NA
2009,A16,V461756,<=1,10,14.5,-8.718106094,-2.013287129
2009,A19,T980087,<=1,10,16.18518519,-8.718106094,-0.328101944
2009,A22B,X380480,<=1,10,13.28571429,-8.718106094,-3.227572843
2009,A23,X380419,<=1,17,10.25,-1.718106094,-6.263287129
2009,A25,T337977,>1,10,17.8,-8.718106094,1.286712871
2009,A26,X380426,<=1,11,5.4,-7.718106094,-11.11328713
2009,A27,V461759,>1,10,7.941176471,-8.718106094,-8.572110658
2009,A28,X068431,<=1,19,3,0.281893906,-13.51328713
2009,B01,X380416,<=1,8,10.5,-10.71810609,-6.013287129
2009,B03,T980315,<=1,13,NA,-5.718106094,NA
2009,B04,T980013,>1,11,7.428571429,-7.718106094,-9.0847157
2009,B05,V791833,<=1,11,19,-7.718106094,2.486712871
2009,B06,X380390,<=1,28,NA,9.281893906,NA
2009,B08,V791839,>1,41,NA,22.28189391,NA
2009,B13,T521229,<=1,17,NA,-1.718106094,NA
2009,B16,T144629,<=1,17,NA,-1.718106094,NA
2009,B17,X380430,<=1,17,NA,-1.718106094,NA
2009,B18,X380391,<=1,11,NA,-7.718106094,NA
2009,B21,X380422,<=1,15,NA,-3.718106094,NA
2009,B23,X380413,<=1,12,NA,-6.718106094,NA
2009,B24,V461740,<=1,13,15.5,-5.718106094,-1.013287129
2009,C02,X068155,<=1,15,NA,-3.718106094,NA
2009,C04,X380427,<=1,19,11.72093023,0.281893906,-4.792356896
2009,C05,X380407,<=1,9,12.33333333,-9.718106094,-4.179953796
2009,C06,X380402,<=1,25,12,6.281893906,-4.513287129
2009,C08,V461727,<=1,14,12.66666667,-4.718106094,-3.846620462
2009,C12,X068955,<=1,9,28,-9.718106094,11.48671287
2009,C17,X380500,<=1,10,7.473684211,-8.718106094,-9.039602918
2009,C18,V461025,<=1,11,10,-7.718106094,-6.513287129
2009,C20,X380482,<=1,12,10.6,-6.718106094,-5.913287129
2009,C22,T980301,>1,9,15.2,-9.718106094,-1.313287129
2009,C23,V791994,<=1,13,NA,-5.718106094,NA
2009,C24,X380423,<=1,13,10.8,-5.718106094,-5.713287129
2009,C25,X380406,<=1,9,6.5,-9.718106094,-10.01328713
2009,C26,V461817,<=1,14,14,-4.718106094,-2.513287129
2009,D01,T980254,<=1,10,7.4,-8.718106094,-9.113287129
2009,D02,T144892,<=1,11,NA,-7.718106094,NA
2009,D03,V791844,>1,12,NA,-6.718106094,NA
2009,D05,X380404,<=1,8,NA,-10.71810609,NA
2009,D06,V461709,<=1,5,6.666666667,-13.71810609,-9.846620462
2009,D07,T980425,<=1,12,NA,-6.718106094,NA
2009,D08,X068870,<=1,13,NA,-5.718106094,NA
2009,D09,X381604,<=1,25,NA,6.281893906,NA
2009,D10,V791938,<=1,17,NA,-1.718106094,NA
2009,D13,T144413,<=1,12,NA,-6.718106094,NA
2009,D14,V791882,>1,18,NA,-0.718106094,NA
2009,E02,X380484,<=1,13,NA,-5.718106094,NA
2009,E04,X380485,<=1,14,NA,-4.718106094,NA
2009,E08,X380417,>1,15,NA,-3.718106094,NA
2009,E10,X380420,>1,11,NA,-7.718106094,NA
2009,E11,X068240,<=1,22,NA,3.281893906,NA
2009,E12,T980143,<=1,11,NA,-7.718106094,NA
2009,E13,V791873,<=1,15,NA,-3.718106094,NA
2009,E17,V461723,<=1,12,NA,-6.718106094,NA
2009,E18,X068871,<=1,13,NA,-5.718106094,NA
2009,E19,T521204,<=1,14,NA,-4.718106094,NA
2009,F01,X068966,<=1,17,NA,-1.718106094,NA
2009,F05,R187162,<=1,10,NA,-8.718106094,NA
2009,F06,T521202,<=1,11,NA,-7.718106094,NA
2009,F08,X068902,<=1,12,NA,-6.718106094,NA
2009,F10,X380388,<=1,9,NA,-9.718106094,NA
2009,F12,T980182,<=1,13,NA,-5.718106094,NA
2009,F13,X068061,<=1,12,NA,-6.718106094,NA
2009,F16,V791860,>1,12,NA,-6.718106094,NA
2009,F17,X380394,>1,12,13,-6.718106094,-3.513287129
2009,F18,X380395,<=1,13,NA,-5.718106094,NA
2009,F21,X380389,<=1,12,NA,-6.718106094,NA
2009,F22,T521207,<=1,8,NA,-10.71810609,NA
2009,F26,X380481,<=1,10,NA,-8.718106094,NA
2009,F27,X380412,<=1,14,NA,-4.718106094,NA
2009,G01,V791866,>1,10,NA,-8.718106094,NA
2009,G02,X068942,<=1,13,NA,-5.718106094,NA
2009,G03,V791968,<=1,12,NA,-6.718106094,NA
2009,G04,V524983,<=1,16,NA,-2.718106094,NA
2009,G06,V791982,<=1,14,NA,-4.718106094,NA
2009,G07,V791960,<=1,10,NA,-8.718106094,NA
2009,G10,V461747,<=1,25,NA,6.281893906,NA
2009,G12,T144313,<=1,16,NA,-2.718106094,NA
2009,G13,V524971,>1,11,NA,-7.718106094,NA
2009,G14,T980550,>1,10,NA,-8.718106094,NA
2009,G15,X068828,<=1,12,7.666666667,-6.718106094,-8.846620462
2009,G16,X068841,<=1,14,NA,-4.718106094,NA
2009,G17,V791913,<=1,11,NA,-7.718106094,NA
2009,G21,V791842,>1,11,1,-7.718106094,-15.51328713
2009,G22,V461754,<=1,34,13.4,15.28189391,-3.113287129
2009,GA02,T980921,>1,11,10.625,-7.718106094,-5.888287129
2009,GA03,X380483,<=1,13,16.33333333,-5.718106094,-0.179953796
2009,H00,X380307,<=1,10,NA,-8.718106094,NA
2009,H03,V461741,<=1,16,NA,-2.718106094,NA
2009,H05,X380342,<=1,30,NA,11.28189391,NA
2009,H14,V791939,<=1,24,NA,5.281893906,NA
2009,H23,T980560,<=1,17,NA,-1.718106094,NA
2009,H24,V791924,<=1,21,NA,2.281893906,NA
2009,H30,X380428,<=1,15,NA,-3.718106094,NA
2009,H32,T521072,>1,6,4.833333333,-12.71810609,-11.6799538
2009,H33,X380421,<=1,17,NA,-1.718106094,NA
2009,H34,X380431,<=1,19,NA,0.281893906,NA
2009,J01,X380486,>1,12,5.714285714,-6.718106094,-10.79900141
2009,J02,X380408,<=1,7,NA,-11.71810609,NA
2009,J09,V461734,<=1,8,NA,-10.71810609,NA
2009,J10,X068918,<=1,11,4.5,-7.718106094,-12.01328713
2009,J11,X380498,<=1,16,11,-2.718106094,-5.513287129
2009,J13,X068923,>1,6,NA,-12.71810609,NA
2009,K02,V461752,<=1,16,NA,-2.718106094,NA
2009,K03,X380397,<=1,10,NA,-8.718106094,NA
2009,K06,X380405,<=1,8,NA,-10.71810609,NA
2009,K07,X380399,<=1,11,NA,-7.718106094,NA
2009,K08,T980664,>1,14,NA,-4.718106094,NA
2009,K09,V791841,>1,13,NA,-5.718106094,NA
2009,K10,X380498,<=1,13,NA,-5.718106094,NA
2009,K11,X380410,<=1,9,NA,-9.718106094,NA
2009,K12,T520164,>1,12,NA,-6.718106094,NA
2009,X10,X380341,<=1,12,8.4,-6.718106094,-8.113287129
2009,X17,X380396,<=1,7,7.6,-11.71810609,-8.913287129
2009,X21,X380414,<=1,13,16,-5.718106094,-0.513287129
2009,X24,X380415,<=1,13,13.36363636,-5.718106094,-3.149650765
2010,A01,X380318,<=1,13,22,-5.718106094,5.486712871
2010,A10,X381466,<=1,28,NA,9.281893906,NA
2010,A13,X762846,<=1,28,NA,9.281893906,NA
2010,A18,X762919,<=1,16,23,-2.718106094,6.486712871
2010,A20,X762936,<=1,13,16.5,-5.718106094,-0.013287129
2010,A21,X762845,<=1,24,NA,5.281893906,NA
2010,A25,X762637,<=1,37,20.5,18.28189391,3.986712871
2010,A26,X371534,NA,13,NA,-5.718106094,NA
2010,B01,X905306,<=1,20,26.5,1.281893906,9.986712871
2010,B02,X381409,<=1,11,NA,-7.718106094,NA
2010,B07,X371549,<=1,18,NA,-0.718106094,NA
2010,B09,X380429,<=1,13,23,-5.718106094,6.486712871
2010,B12,X905322,<=1,21,NA,2.281893906,NA
2010,B14,X762905,<=1,7,NA,-11.71810609,NA
2010,B18,X380430,<=1,19,NA,0.281893906,NA
2010,B19,X905305,<=1,21,NA,2.281893906,NA
2010,B22,X762829,<=1,15,20.33333333,-3.718106094,3.820046204
2010,C01,X381284,<=1,15,20,-3.718106094,3.486712871
2010,C04,X380500,<=1,18,23.2,-0.718106094,6.686712871
2010,C05,X380407,<=1,18,18,-0.718106094,1.486712871
2010,C07,X380418,<=1,21,NA,2.281893906,NA
2010,C13,X068936,<=1,19,16,0.281893906,-0.513287129
2010,C15,X762869,<=1,20,NA,1.281893906,NA
2010,C16,X763414,<=1,23,NA,4.281893906,NA
2010,C18,X762994,<=1,25,21,6.281893906,4.486712871
2010,C19,V461025,<=1,22,26,3.281893906,9.486712871
2010,C21,X380406,<=1,13,NA,-5.718106094,NA
2010,C24,X371554,<=1,18,22,-0.718106094,5.486712871
2010,C26,X380484,<=1,15,NA,-3.718106094,NA
2010,D03,X371538,<=1,15,18.77777778,-3.718106094,2.264490649
2010,E00,X762826,<=1,11,20.71428571,-7.718106094,4.200998585
2010,E02,X381118,<=1,19,29,0.281893906,12.48671287
2010,E06,X380485,<=1,38,19,19.28189391,2.486712871
2010,E07,X905301,<=1,20,19,1.281893906,2.486712871
2010,E10,X905302,<=1,20,NA,1.281893906,NA
2010,E11,X380420,>1,14,NA,-4.718106094,NA
2010,E14,X381289,<=1,17,19.66666667,-1.718106094,3.153379538
2010,E15,T884177,>1,39,20.78947368,20.28189391,4.276186555
2010,E18,X068071,>1,20,22.6,1.281893906,6.086712871
2010,E19,X371504,>1,19,17.66666667,0.281893906,1.153379538
2010,F02,X762634,<=1,14,23.30769231,-4.718106094,6.794405179
2010,F04,X762601,<=1,21,23.77777778,2.281893906,7.264490649
2010,F05,X371537,>1,15,25,-3.718106094,8.486712871
2010,F10,X762842,<=1,19,25.4,0.281893906,8.886712871
2010,F14,X905310,<=1,23,NA,4.281893906,NA
2010,F15,X381240,<=1,23,NA,4.281893906,NA
2010,F17,X065954,<=1,16,22.66666667,-2.718106094,6.153379538
2010,F19,X905312,<=1,24,23.31578947,5.281893906,6.802502345
2010,F21,X762828,<=1,17,22.5,-1.718106094,5.986712871
2010,F23,X380389,<=1,20,23.875,1.281893906,7.361712871
2010,F24,X762742,<=1,22,23,3.281893906,6.486712871
2010,F25,X762850,<=1,39,17.5,20.28189391,0.986712871
2010,F26,X068966,<=1,19,22.33333333,0.281893906,5.820046204
2010,G01,X762594,<=1,19,NA,0.281893906,NA
2010,G03,V791913,<=1,23,NA,4.281893906,NA
2010,G04,V791968,<=1,14,NA,-4.718106094,NA
2010,G13,T980550,>1,16,NA,-2.718106094,NA
2010,G16,X068841,<=1,18,NA,-0.718106094,NA
2010,G20,V524056,<=1,20,NA,1.281893906,NA
2010,GA24,X905315,<=1,22,15.33333333,3.281893906,-1.179953796
2010,H01,X762822,<=1,15,NA,-3.718106094,NA
2010,H02,X381308,<=1,29,18.5,10.28189391,1.986712871
2010,H05,X371512,<=1,28,NA,9.281893906,NA
2010,H08,X762840,<=1,27,NA,8.281893906,NA
2010,H11,X371514,<=1,34,NA,15.28189391,NA
2010,H12,X380342,<=1,23,NA,4.281893906,NA
2010,H13,X762881,<=1,23,NA,4.281893906,NA
2010,H15,X762624,<=1,21,NA,2.281893906,NA
2010,H21,T520845,>1,33,NA,14.28189391,NA
2010,H24,X762823,<=1,30,NA,11.28189391,NA
2010,H31,X380428,<=1,21,NA,2.281893906,NA
2010,H33,X068692,>1,19,NA,0.281893906,NA
2010,J02,X762752,<=1,13,16.33333333,-5.718106094,-0.179953796
2010,J03,V791870,>1,18,18.05263158,-0.718106094,1.53934445
2010,J04,X905308,<=1,22,13,3.281893906,-3.513287129
2010,J08,X762836,<=1,18,16.2,-0.718106094,-0.313287129
2010,K01,X380397,<=1,17,18.25,-1.718106094,1.736712871
2010,K06,X380422,<=1,19,22.25,0.281893906,5.736712871
2010,K09,X762848,>1,42,24.08333333,23.28189391,7.570046204
2010,K11,X762902,<=1,18,21.33333333,-0.718106094,4.820046204
2010,K12,X762830,<=1,14,17.75,-4.718106094,1.236712871
2010,X18,X762628,<=1,18,21,-0.718106094,4.486712871
2011,A00,L972020,<=1,13,NA,-5.718106094,NA
2011,A03,X380483,<=1,9,10,-9.718106094,-6.513287129
2011,A04,L270388,<=1,9,7,-9.718106094,-9.513287129
2011,A07,X762832,<=1,10,5.857142857,-8.718106094,-10.65614427
2011,A10,X371552,>1,13,10.33333333,-5.718106094,-6.179953796
2011,A13,L972054,<=1,9,9,-9.718106094,-7.513287129
2011,A14,X381062,>1,12,8.714285714,-6.718106094,-7.799001415
2011,A19,L972017,<=1,12,8.142857143,-6.718106094,-8.370429986
2011,A20,X762936,<=1,8,7.769230769,-10.71810609,-8.74405636
2011,A21,L270737,<=1,21,NA,2.281893906,NA
2011,A22,L972009,<=1,10,8.8,-8.718106094,-7.713287129
2011,A23,X762845,<=1,17,5.5,-1.718106094,-11.01328713
2011,A24,L379068,<=1,14,4.333333333,-4.718106094,-12.1799538
2011,A25,L972031,>1,13,10.66666667,-5.718106094,-5.846620462
2011,A26,X905315,<=1,12,6.428571429,-6.718106094,-10.0847157
2011,A27,L972053,<=1,20,6.111111111,1.281893906,-10.40217602
2011,A28,L842011,<=1,26,5,7.281893906,-11.51328713
2011,B01,L379113,<=1,10,8.512195122,-8.718106094,-8.001092007
2011,B02,X381409,<=1,9,8.944444444,-9.718106094,-7.568842685
2011,B04,X380430,<=1,10,9.04040404,-8.718106094,-7.472883089
2011,B05,L379047,<=1,19,8.633333333,0.281893906,-7.879953796
2011,B06,X762849,<=1,17,5,-1.718106094,-11.51328713
2011,B07,X381916,>1,10,NA,-8.718106094,NA
2011,B08,L972058,<=1,22,NA,3.281893906,NA
2011,B10,X762830,<=1,8,NA,-10.71810609,NA
2011,B11,L842054,<=1,10,NA,-8.718106094,NA
2011,B12,X762904,>1,14,NA,-4.718106094,NA
2011,B13,X905322,<=1,12,NA,-6.718106094,NA
2011,B14,L972039,>1,14,NA,-4.718106094,NA
2011,B15,X371530,<=1,13,NA,-5.718106094,NA
2011,B16,L379092,<=1,18,NA,-0.718106094,NA
2011,B17,L972018,<=1,12,NA,-6.718106094,NA
2011,B18,X762919,<=1,10,NA,-8.718106094,NA
2011,B19,L379106,<=1,11,NA,-7.718106094,NA
2011,B21,L972024,<=1,13,NA,-5.718106094,NA
2011,B22,X762829,<=1,7,6.615384615,-11.71810609,-9.897902514
2011,B24,X905309,>1,14,9.222222222,-4.718106094,-7.291064907
2011,C01,L379103,<=1,12,8,-6.718106094,-8.513287129
2011,C03,L972040,<=1,22,11.75,3.281893906,-4.763287129
2011,C04,X380500,<=1,12,8.958333333,-6.718106094,-7.554953796
2011,C06,X762634,<=1,8,8.375,-10.71810609,-8.138287129
2011,C07,L270725,<=1,21,8.909090909,2.281893906,-7.60419622
2011,C09,L270667,<=1,14,2,-4.718106094,-14.51328713
2011,C10,L842035,<=1,11,NA,-7.718106094,NA
2011,C11,L379141,<=1,10,NA,-8.718106094,NA
2011,C12,L842003,>1,12,NA,-6.718106094,NA
2011,C13,L972022,<=1,13,4.666666667,-5.718106094,-11.84662046
2011,C14,L972061,<=1,19,8,0.281893906,-8.513287129
2011,C15,L972051,<=1,18,7,-0.718106094,-9.513287129
2011,C17,L842068,<=1,11,5.6,-7.718106094,-10.91328713
2011,C20,X762843,>1,11,7.6,-7.718106094,-8.913287129
2011,C21,X762870,>1,8,7,-10.71810609,-9.513287129
2011,C23,X380484,<=1,12,NA,-6.718106094,NA
2011,C24,L842085,<=1,13,6,-5.718106094,-10.51328713
2011,C25,X762790,>1,16,6.5,-2.718106094,-10.01328713
2011,C26,L379135,<=1,13,10,-5.718106094,-6.513287129
2011,D01,L270191,<=1,12,NA,-6.718106094,NA
2011,D10,V791810,<=1,11,NA,-7.718106094,NA
2011,D11,L842065,>1,8,NA,-10.71810609,NA
2011,D13,X381287,>1,8,NA,-10.71810609,NA
2011,D14,L972016,<=1,12,NA,-6.718106094,NA
2011,E00,L972013,<=1,11,NA,-7.718106094,NA
2011,E02,X381118,<=1,12,NA,-6.718106094,NA
2011,E03,X762755,>1,9,NA,-9.718106094,NA
2011,E07,L972098,<=1,36,NA,17.28189391,NA
2011,E08,L972001,>1,9,NA,-9.718106094,NA
2011,E09,X762826,<=1,10,NA,-8.718106094,NA
2011,E11,X380420,>1,9,NA,-9.718106094,NA
2011,E12,L270345,<=1,12,NA,-6.718106094,NA
2011,E13,L972045,<=1,7,NA,-11.71810609,NA
2011,E16,L972038,<=1,14,NA,-4.718106094,NA
2011,E17,X381466,<=1,14,NA,-4.718106094,NA
2011,E18,X762842,<=1,14,NA,-4.718106094,NA
2011,F02,X068954,>1,31,NA,12.28189391,NA
2011,F03,X762964,>1,10,NA,-8.718106094,NA
2011,F04,L606743,<=1,17,NA,-1.718106094,NA
2011,F06,L979154,<=1,13,NA,-5.718106094,NA
2011,F07,X068902,<=1,9,NA,-9.718106094,NA
2011,F08,L972042,<=1,16,NA,-2.718106094,NA
2011,F12,X381240,<=1,11,NA,-7.718106094,NA
2011,F14,X068147,>1,9,NA,-9.718106094,NA
2011,F15,L972046,<=1,17,NA,-1.718106094,NA
2011,F16,X905310,<=1,9,NA,-9.718106094,NA
2011,F17,L972012,<=1,11,NA,-7.718106094,NA
2011,F18,X762828,<=1,15,NA,-3.718106094,NA
2011,F19,X381015,>1,13,NA,-5.718106094,NA
2011,F22,X380389,<=1,14,NA,-4.718106094,NA
2011,F23,X762742,<=1,14,NA,-4.718106094,NA
2011,F25,X762850,<=1,13,NA,-5.718106094,NA
2011,F26,X068966,<=1,15,NA,-3.718106094,NA
2011,F27,X381042,>1,12,NA,-6.718106094,NA
2011,G01,L972055,<=1,20,6.5,1.281893906,-10.01328713
2011,G02,L379167,<=1,19,6,0.281893906,-10.51328713
2011,G03,L379004,<=1,18,11.33333333,-0.718106094,-5.179953796
2011,G04,V791968,<=1,11,4,-7.718106094,-12.51328713
2011,G05,X763404,>1,13,NA,-5.718106094,NA
2011,G06,L270734,<=1,15,6.153846154,-3.718106094,-10.35944098
2011,G07,X371598,<=1,11,NA,-7.718106094,NA
2011,G08,L972034,<=1,9,7,-9.718106094,-9.513287129
2011,G09,L972025,<=1,11,6.545454545,-7.718106094,-9.967832584
2011,G14,X762630,<=1,12,5,-6.718106094,-11.51328713
2011,G15,L270911,<=1,13,8,-5.718106094,-8.513287129
2011,G16,X068841,<=1,11,NA,-7.718106094,NA
2011,G17,L270373,<=1,20,6,1.281893906,-10.51328713
2011,G18,V791866,>1,14,11.5,-4.718106094,-5.013287129
2011,G20,V524056,<=1,13,8.428571429,-5.718106094,-8.0847157
2011,G21,L270936,<=1,15,4,-3.718106094,-12.51328713
2011,GA11,L972060,<=1,23,NA,4.281893906,NA
2011,GA25,X905306,<=1,12,4.5,-6.718106094,-12.01328713
2011,H02,L270746,<=1,24,6,5.281893906,-10.51328713
2011,H03,L972094,<=1,14,6,-4.718106094,-10.51328713
2011,H09,L972047,<=1,17,NA,-1.718106094,NA
2011,H11,X762881,<=1,16,NA,-2.718106094,NA
2011,H12,X905378,<=1,18,2.666666667,-0.718106094,-13.84662046
2011,H13,L842108,>1,12,NA,-6.718106094,NA
2011,H14,X371591,<=1,18,NA,-0.718106094,NA
2011,H15,X762624,<=1,15,9,-3.718106094,-7.513287129
2011,H23,X762840,<=1,14,NA,-4.718106094,NA
2011,H25,V791938,<=1,14,8.666666667,-4.718106094,-7.846620462
2011,H28,L972041,<=1,16,NA,-2.718106094,NA
2011,H29,X762900,>1,18,6,-0.718106094,-10.51328713
2011,H30,L972011,<=1,11,6,-7.718106094,-10.51328713
2011,H32,L270916,<=1,12,5,-6.718106094,-11.51328713
2011,H35,L972052,<=1,20,10.66666667,1.281893906,-5.846620462
2011,H36,X068692,>1,11,15,-7.718106094,-1.513287129
2011,J01,L270980,<=1,1,NA,-17.71810609,NA
2011,J05,X905308,<=1,10,NA,-8.718106094,NA
2011,J08,L972035,>1,14,NA,-4.718106094,NA
2011,J12,X381029,>1,6,NA,-12.71810609,NA
2011,K01,L270721,<=1,15,NA,-3.718106094,NA
2011,K03,L972010,<=1,11,NA,-7.718106094,NA
2011,K05,L972003,>1,7,NA,-11.71810609,NA
2011,X16,L972062,<=1,26,7.428571429,7.281893906,-9.0847157
2011,X23,L606725,<=1,11,8.2,-7.718106094,-8.313287129
2012,A01,L972544,<=1,13,2.5,-5.718106094,-14.01328713
2012,A03,L972031,>1,11,NA,-7.718106094,NA
2012,A05,L832041,<=1,12,NA,-6.718106094,NA
2012,A06,L842285,<=1,4,1.5,-14.71810609,-15.01328713
2012,A07,L972017,<=1,12,-3,-6.718106094,-19.51328713
2012,A08,L270294,>1,7,NA,-11.71810609,NA
2012,A09,Y811042,<=1,28,3.666666667,9.281893906,-12.84662046
2012,A10,Y811006,<=1,4,31,-14.71810609,14.48671287
2012,A12,Y811047,>1,30,4.6,11.28189391,-11.91328713
2012,A13,X762832,<=1,11,NA,-7.718106094,NA
2012,A14,L270356,>1,11,NA,-7.718106094,NA
2012,A15,L972054,<=1,4,NA,-14.71810609,NA
2012,A16,Y811009,<=1,1,2.666666667,-17.71810609,-13.84662046
2012,A17,X762927,>1,3,5.833333333,-15.71810609,-10.6799538
2012,A18B,Y811011,>1,3,13.33333333,-15.71810609,-3.179953796
2012,A19,L379098,>1,11,3,-7.718106094,-13.51328713
2012,A20,L972597,<=1,4,1.2,-14.71810609,-15.31328713
2012,A22,L843298,<=1,12,11.83333333,-6.718106094,-4.679953796
2012,A22B,L843004,<=1,11,17,-7.718106094,0.486712871
2012,A24,Y811041,>1,26,NA,7.281893906,NA
2012,A25,X380483,<=1,12,2.714285714,-6.718106094,-13.79900141
2012,A26,X905315,<=1,15,-3,-3.718106094,-19.51328713
2012,A27,L972009,<=1,1,-0.5,-17.71810609,-17.01328713
2012,A28,Y811018,<=1,15,-1.5,-3.718106094,-18.01328713
2012,B01,L379113,<=1,8,0,-10.71810609,-16.51328713
2012,B02,X381409,<=1,4,NA,-14.71810609,NA
2012,B03,Y811002,<=1,3,NA,-15.71810609,NA
2012,B04,X380430,<=1,11,2.5,-7.718106094,-14.01328713
2012,B05,L842748,<=1,12,19.57142857,-6.718106094,3.058141442
2012,B06,Y811017,<=1,15,NA,-3.718106094,NA
2012,B07,L379047,<=1,18,NA,-0.718106094,NA
2012,B08,L842740,>1,18,NA,-0.718106094,NA
2012,B09,Y811040,<=1,24,21.2,5.281893906,4.686712871
2012,B10,L842719,<=1,12,NA,-6.718106094,NA
2012,B11,X762904,>1,23,NA,4.281893906,NA
2012,B12,Y811034,>1,20,NA,1.281893906,NA
2012,B14,Y811016,>1,15,NA,-3.718106094,NA
2012,B15,Y811008,<=1,10,NA,-8.718106094,NA
2012,B16,L379092,<=1,18,NA,-0.718106094,NA
2012,B17,L842751,<=1,10,NA,-8.718106094,NA
2012,B18,X762839,>1,20,NA,1.281893906,NA
2012,B19,L842634,<=1,18,NA,-0.718106094,NA
2012,B20,L379106,<=1,16,NA,-2.718106094,NA
2012,B21,L972024,<=1,12,NA,-6.718106094,NA
2012,B22,X762849,<=1,32,7.2,13.28189391,-9.313287129
2012,B25,L270404,>1,13,NA,-5.718106094,NA
2012,C01,Y811019,<=1,13,1.5,-5.718106094,-15.01328713
2012,C02,L972040,<=1,30,NA,11.28189391,NA
2012,C03,L270112,>1,16,14,-2.718106094,-2.513287129
2012,C04,L843101,<=1,11,9.5,-7.718106094,-7.013287129
2012,C05,L842068,<=1,4,2.666666667,-14.71810609,-13.84662046
2012,C07,X762263,<=1,4,NA,-14.71810609,NA
2012,C08,X380418,<=1,24,3,5.281893906,-13.51328713
2012,C09,L972062,<=1,12,NA,-6.718106094,NA
2012,C11,L842691,>1,18,NA,-0.718106094,NA
2012,C12,L972174,<=1,19,NA,0.281893906,NA
2012,C13,Y811025,<=1,18,1,-0.718106094,-15.51328713
2012,C16,Y811027,<=1,10,10,-8.718106094,-6.513287129
2012,C17,X381623,>1,7,1.6,-11.71810609,-14.91328713
2012,C18,L972415,<=1,13,8,-5.718106094,-8.513287129
2012,C19,L842701,<=1,16,16,-2.718106094,-0.513287129
2012,C20,X381608,>1,11,8,-7.718106094,-8.513287129
2012,C22,L972439,<=1,11,-0.5,-7.718106094,-17.01328713
2012,C23,Y811032,>1,17,NA,-1.718106094,NA
2012,C26,L379135,<=1,15,NA,-3.718106094,NA
2012,D02,L270991,>1,9,30,-9.718106094,13.48671287
2012,D06,L972016,<=1,12,2.85,-6.718106094,-13.66328713
2012,D08,X381836,>1,15,6.166666667,-3.718106094,-10.34662046
2012,D11,V791810,<=1,13,0,-5.718106094,-16.51328713
2012,D12,X762655,>1,11,11.33333333,-7.718106094,-5.179953796
2012,D13,X381287,>1,7,20,-11.71810609,3.486712871
2012,D14,L379060,>1,14,6.666666667,-4.718106094,-9.846620462
2012,D15,Y811021,<=1,14,NA,-4.718106094,NA
2012,E02,L843145,>1,27,27,8.281893906,10.48671287
2012,E03,L606762,>1,14,14.75757576,-4.718106094,-1.755711371
2012,E05,L972316,<=1,22,NA,3.281893906,NA
2012,E08,Y811039,>1,22,NA,3.281893906,NA
2012,E09,Y811063,>1,32,9,13.28189391,-7.513287129
2012,E10,L972014,>1,9,NA,-9.718106094,NA
2012,E12,L972045,<=1,16,12,-2.718106094,-4.513287129
2012,E14,L842052,>1,16,17.66666667,-2.718106094,1.153379538
2012,E15,X371538,<=1,12,8.351351351,-6.718106094,-8.161935778
2012,E16,L842615,<=1,28,11.83333333,9.281893906,-4.679953796
2012,E17,Y811038,>1,15,3.875,-3.718106094,-12.63828713
2012,E18,L842623,<=1,12,8.294117647,-6.718106094,-8.219169482
2012,E19,L843276,<=1,10,7.5,-8.718106094,-9.013287129
2012,F01,Y811028,>1,15,12.46666667,-3.718106094,-4.046620462
2012,F02,L379058,>1,17,9.25,-1.718106094,-7.263287129
2012,F03,L972012,<=1,11,12.28571429,-7.718106094,-4.227572843
2012,F04,X762843,>1,28,13.52173913,9.281893906,-2.991547999
2012,F06,L606743,<=1,11,9.461538462,-7.718106094,-7.051748667
2012,F08,L972042,<=1,30,12.09090909,11.28189391,-4.422378038
2012,F09,X068902,<=1,32,9.235294118,13.28189391,-7.277993011
2012,F10,L842672,<=1,12,12.25,-6.718106094,-4.263287129
2012,F11,X381240,<=1,35,15,16.28189391,-1.513287129
2012,F13,Y811033,<=1,17,14.75,-1.718106094,-1.763287129
2012,F14,X068147,>1,10,NA,-8.718106094,NA
2012,F16,X905310,<=1,20,13.8,1.281893906,-2.713287129
2012,F17,X380389,<=1,14,16.88888889,-4.718106094,0.37560176
2012,F18,L842629,<=1,14,14.74193548,-4.718106094,-1.771351645
2012,F19,X905414,>1,17,17,-1.718106094,0.486712871
2012,F20,X381015,>1,10,15.71794872,-8.718106094,-0.795338411
2012,F21,Y811029,<=1,14,14.6,-4.718106094,-1.913287129
2012,F22,L842618,<=1,10,16.53333333,-8.718106094,0.020046204
2012,F24,X762742,<=1,18,17.13333333,-0.718106094,0.620046204
2012,F25,L842726,<=1,14,5.25,-4.718106094,-11.26328713
2012,F26,X068966,<=1,18,14.78378378,-0.718106094,-1.729503345
2012,G01,Y811013,<=1,10,NA,-8.718106094,NA
2012,G05,X763404,>1,15,NA,-3.718106094,NA
2012,G06,L972760,<=1,14,NA,-4.718106094,NA
2012,G07,X371598,<=1,13,NA,-5.718106094,NA
2012,G08,L972034,<=1,8,NA,-10.71810609,NA
2012,G09,L972762,<=1,8,NA,-10.71810609,NA
2012,G10,L972025,<=1,15,NA,-3.718106094,NA
2012,G12,Y811026,<=1,12,NA,-6.718106094,NA
2012,G13,L842737,<=1,5,NA,-13.71810609,NA
2012,G15,L270911,<=1,21,19.14285714,2.281893906,2.629570014
2012,G16,L270348,>1,18,NA,-0.718106094,NA
2012,G17,L842768,>1,29,NA,10.28189391,NA
2012,G20,V524056,<=1,16,NA,-2.718106094,NA
2012,G21,L270936,<=1,13,11.25,-5.718106094,-5.263287129
2012,G22,L842765,<=1,12,13.5,-6.718106094,-3.013287129
2012,GA05,Y811007,<=1,9,NA,-9.718106094,NA
2012,GA06,Y811050,<=1,39,NA,20.28189391,NA
2012,GA11,L842456,<=1,4,NA,-14.71810609,NA
2012,GA13,X905387,>1,7,NA,-11.71810609,NA
2012,GA18,L842748,<=1,42,11,23.28189391,-5.513287129
2012,GA20,L972051,<=1,18,2.5,-0.718106094,-14.01328713
2012,GA25,L842118,>1,15,-0.5,-3.718106094,-17.01328713
2012,H00,L270397,>1,16,NA,-2.718106094,NA
2012,H01,L843300,<=1,19,NA,0.281893906,NA
2012,H03,L270746,<=1,35,NA,16.28189391,NA
2012,H06,L379074,>1,38,NA,19.28189391,NA
2012,H07,L972002,>1,16,22,-2.718106094,5.486712871
2012,H08,L972650,<=1,24,NA,5.281893906,NA
2012,H10,X762881,<=1,30,NA,11.28189391,NA
2012,H11,L843264,<=1,23,NA,4.281893906,NA
2012,H12,L842731,<=1,11,NA,-7.718106094,NA
2012,H15,X762624,<=1,34,NA,15.28189391,NA
2012,H19,Y811024,<=1,18,NA,-0.718106094,NA
2012,H22,Y811043,<=1,28,NA,9.281893906,NA
2012,H23,L379013,>1,17,NA,-1.718106094,NA
2012,H24,X762840,<=1,31,NA,12.28189391,NA
2012,H25,V791938,<=1,18,NA,-0.718106094,NA
2012,H28,L972041,<=1,23,NA,4.281893906,NA
2012,H29,L379171,>1,25,15,6.281893906,-1.513287129
2012,H31,L972064,<=1,17,NA,-1.718106094,NA
2012,H33,L843261,>1,11,NA,-7.718106094,NA
2012,H34,V791913,<=1,21,NA,2.281893906,NA
2012,H36,Y811054,<=1,13,NA,-5.718106094,NA
2012,J01,X762654,>1,10,11.68181818,-8.718106094,-4.831468947
2012,J02,Y811010,<=1,9,6.666666667,-9.718106094,-9.846620462
2012,J03,L972004,>1,15,8.571428571,-3.718106094,-7.941858558
2012,J04,X762753,>1,25,-1.5,6.281893906,-18.01328713
2012,J06,X905308,<=1,17,11.5,-1.718106094,-5.013287129
2012,J08,L842084,>1,26,4.2,7.281893906,-12.31328713
2012,J09,V461734,<=1,13,15.27272727,-5.718106094,-1.240559856
2012,J10,L270992,>1,3,9.263157895,-15.71810609,-7.250129234
2012,J11,Y811035,>1,15,11,-3.718106094,-5.513287129
2012,J12,X381029,>1,4,6.791666667,-14.71810609,-9.721620462
2012,K03,Y811036,<=1,14,11.3253012,-4.718106094,-5.187985924
2012,K05,L843104,<=1,13,5.538461538,-5.718106094,-10.97482559
2012,K06,L842353,<=1,25,7.830508475,6.281893906,-8.682778654
2012,K09,Y811031,<=1,19,11.08108108,0.281893906,-5.432206048
2012,K10,Y811061,>1,23,11.05263158,4.281893906,-5.46065555
2012,K11,X762902,<=1,14,6.482758621,-4.718106094,-10.03052851
2012,K12,L270661,>1,12,4.125,-6.718106094,-12.38828713
2012,X05,Y811023,<=1,7,NA,-11.71810609,NA
2012,X07,L972043,>1,17,10.5,-1.718106094,-6.013287129
2012,X14,Y811012,>1,13,9,-5.718106094,-7.513287129
2013,A01,L972544,NA,27,27.45454545,8.281893906,10.94125833
2013,A03,Y811625,NA,39,27,20.28189391,10.48671287
2013,A04,Y811099,NA,37,26,18.28189391,9.486712871
2013,A05,Y811007,NA,33,24.5,14.28189391,7.986712871
2013,A07,Y811091,NA,31,24.875,12.28189391,8.361712871
2013,A09,L270294,NA,36,28,17.28189391,11.48671287
2013,A10,L842456,NA,34,29.33333333,15.28189391,12.8200462
2013,A15,X762832,NA,37,27.8,18.28189391,11.28671287
2013,A16,Y811006,NA,29,28.66666667,10.28189391,12.15337954
2013,A21,L972597,NA,34,NA,15.28189391,NA
2013,A22,L972009,NA,28,29.29411765,9.281893906,12.78083052
2013,A23,Y811092,NA,33,27.07692308,14.28189391,10.56363595
2013,A24,L842011,NA,37,25.71428571,18.28189391,9.200998585
2013,A26,X380483,NA,34,25.09090909,15.28189391,8.577621962
2013,B01,Y811632,NA,40,29.67741935,21.28189391,13.16413223
2013,B03,X381409,NA,26,28.66666667,7.281893906,12.15337954
2013,B04,X762839,NA,29,30.58823529,10.28189391,14.07494817
2013,B06,L972043,NA,51,28,32.28189391,11.48671287
2013,B07,L379047,NA,31,NA,12.28189391,NA
2013,B08,Y811040,NA,38,NA,19.28189391,NA
2013,B10,L842719,NA,29,NA,10.28189391,NA
2013,B13,Y811633,NA,46,NA,27.28189391,NA
2013,B14,Y811086,NA,31,NA,12.28189391,NA
2013,B15,Y811066,NA,25,NA,6.281893906,NA
2013,B16,L379092,NA,36,NA,17.28189391,NA
2013,B19,Y811100,NA,35,NA,16.28189391,NA
2013,B21,L972024,NA,28,NA,9.281893906,NA
2013,B22,Y811017,NA,33,28,14.28189391,11.48671287
2013,B23,Y811628,NA,37,34,18.28189391,17.48671287
2013,C01,Y811630,NA,37,23.33333333,18.28189391,6.820046204
2013,C03,Y811023,NA,29,32.66666667,10.28189391,16.15337954
2013,C04,L972044,NA,28,30.44262295,9.281893906,13.92933582
2013,C05,X762634,NA,28,25.8,9.281893906,9.286712871
2013,C07,Y811095,NA,32,31.15384615,13.28189391,14.64055902
2013,C08,L270404,NA,28,31,9.281893906,14.48671287
2013,C10,L843266,NA,28,28,9.281893906,11.48671287
2013,C11,L842026,NA,33,NA,14.28189391,NA
2013,C13,Y811093,NA,34,27.66666667,15.28189391,11.15337954
2013,C14,Y811094,NA,34,28.5,15.28189391,11.98671287
2013,C15,Y811015,NA,29,29,10.28189391,12.48671287
2013,C16,L843339,NA,34,27.11111111,15.28189391,10.59782398
2013,C19,Y812390,NA,50,30.8,31.28189391,14.28671287
2013,C21,L842734,NA,30,25.8,11.28189391,9.286712871
2013,C22,Y811072,NA,25,29.14285714,6.281893906,12.62957001
2013,C24,Y811412,NA,37,29.33333333,18.28189391,12.8200462
2013,C26,Y811074,NA,28,29.85714286,9.281893906,13.34385573
2013,D01,L972016,NA,32,25.33333333,13.28189391,8.820046204
2013,D02,Y811029,NA,36,NA,17.28189391,NA
2013,D03,L843284,NA,29,27.4,10.28189391,10.88671287
2013,D06,L972171,NA,25,27,6.281893906,10.48671287
2013,D08,L379060,NA,38,33,19.28189391,16.48671287
2013,D10,V791810,NA,32,NA,13.28189391,NA
2013,D11,L842740,NA,24,NA,5.281893906,NA
2013,D12,Y811085,NA,31,NA,12.28189391,NA
2013,D13,X762836,NA,30,NA,11.28189391,NA
2013,D14,Y811079,NA,30,NA,11.28189391,NA
2013,E01,X762768,NA,43,NA,24.28189391,NA
2013,E02,L606762,NA,37,NA,18.28189391,NA
2013,E03,Y811281,NA,35,29,16.28189391,12.48671287
2013,E04,L842620,NA,36,29,17.28189391,12.48671287
2013,E05,L843271,NA,34,NA,15.28189391,NA
2013,E10,L972045,NA,35,NA,16.28189391,NA
2013,E11,Y811067,NA,26,NA,7.281893906,NA
2013,E12,X371538,NA,33,25,14.28189391,8.486712871
2013,E13,Y811070,NA,28,25.66666667,9.281893906,9.153379538
2013,E14,L972316,NA,27,NA,8.281893906,NA
2013,E15,L972316,NA,46,29.4,27.28189391,12.88671287
2013,E16,L842800,NA,36,27.4,17.28189391,10.88671287
2013,E17,L843276,NA,25,NA,6.281893906,NA
2013,E18,L842623,NA,30,27.66666667,11.28189391,11.15337954
2013,E19,L972036,NA,36,NA,17.28189391,NA
2013,E20,L842798,NA,29,NA,10.28189391,NA
2013,F01,L379058,NA,34,32,15.28189391,15.48671287
2013,F03,L606743,NA,30,NA,11.28189391,NA
2013,F04,L842672,NA,30,28,11.28189391,11.48671287
2013,F07,X068902,NA,36,31.2,17.28189391,14.68671287
2013,F08,Y811627,NA,33,29,14.28189391,12.48671287
2013,F10,Y812391,NA,47,29.33333333,28.28189391,12.8200462
2013,F11,Y811019,NA,33,35,14.28189391,18.48671287
2013,F13,Y811049,NA,29,NA,10.28189391,NA
2013,F15,X068174,NA,33,NA,14.28189391,NA
2013,F16,X905310,NA,35,28,16.28189391,11.48671287
2013,F19,L843383,NA,46,29.6,27.28189391,13.08671287
2013,F20,X381015,NA,33,30,14.28189391,13.48671287
2013,F22,Y811083,NA,28,NA,9.281893906,NA
2013,F23,X762742,NA,38,31,19.28189391,14.48671287
2013,F25,Y811624,NA,35,28,16.28189391,11.48671287
2013,G01,L379163,NA,32,26.5,13.28189391,9.986712871
2013,G02,Y811623,NA,37,NA,18.28189391,NA
2013,G03,V791913,NA,37,31,18.28189391,14.48671287
2013,G04,V791968,NA,44,NA,25.28189391,NA
2013,G05,Y811097,NA,27,28.5,8.281893906,11.98671287
2013,G06,L972760,NA,30,27.26086957,11.28189391,10.74758244
2013,G07,X371598,NA,29,NA,10.28189391,NA
2013,G08,L972034,NA,28,25.83333333,9.281893906,9.320046204
2013,G09,Y811069,NA,27,26.30769231,8.281893906,9.794405179
2013,G10,L972025,NA,27,28,8.281893906,11.48671287
2013,G12,L843378,NA,27,27.33333333,8.281893906,10.8200462
2013,G13,L842737,NA,28,29,9.281893906,12.48671287
2013,G15,L972179,NA,29,31.66666667,10.28189391,15.15337954
2013,G16,L972733,NA,32,NA,13.28189391,NA
2013,G19,Y811077,NA,28,28.33333333,9.281893906,11.8200462
2013,G20,L270936,NA,31,30.66666667,12.28189391,14.15337954
2013,G22,L842765,NA,35,29.5,16.28189391,12.98671287
2013,GA02,L972251,NA,25,28,6.281893906,11.48671287
2013,GA15,Y811629,NA,40,28,21.28189391,11.48671287
2013,H00,L606765,NA,34,27.33333333,15.28189391,10.8200462
2013,H01,L972002,NA,36,29,17.28189391,12.48671287
2013,H05,Y811082,NA,28,27,9.281893906,10.48671287
2013,H06,L842731,NA,25,29,6.281893906,12.48671287
2013,H11,L972650,NA,33,25,14.28189391,8.486712871
2013,H13,L843260,NA,38,NA,19.28189391,NA
2013,H16,Y811045,NA,35,NA,16.28189391,NA
2013,H17,L972499,NA,34,NA,15.28189391,NA
2013,H18,L842695,NA,33,NA,14.28189391,NA
2013,H19,Y811631,NA,39,27,20.28189391,10.48671287
2013,H22,X762840,NA,42,NA,23.28189391,NA
2013,H24,V791938,NA,34,NA,15.28189391,NA
2013,H27,Y811087,NA,30,NA,11.28189391,NA
2013,H28,L972041,NA,39,NA,20.28189391,NA
2013,H29,L842702,NA,38,27,19.28189391,10.48671287
2013,H30,L842768,NA,36,25.8,17.28189391,9.286712871
2013,H31,Y811054,NA,27,27.48275862,8.281893906,10.96947149
2013,H32,Y811078,NA,29,25.875,10.28189391,9.361712871
2013,H35,Y811088,NA,30,29.34782609,11.28189391,12.83453896
2013,H36,Y811090,NA,33,27.5,14.28189391,10.98671287
2013,J02,X762654,NA,28,NA,9.281893906,NA
2013,J03,Y811098,NA,35,NA,16.28189391,NA
2013,J04,Y811080,NA,30,NA,11.28189391,NA
2013,J06,Y811626,NA,33,23,14.28189391,6.486712871
2013,J08,L631021,NA,35,23,16.28189391,6.486712871
2013,J09,Y811089,NA,31,29,12.28189391,12.48671287
2013,J10,Y811081,NA,30,28,11.28189391,11.48671287
2013,J12,X381029,NA,30,NA,11.28189391,NA
2013,K01,L843359,NA,30,25.66666667,11.28189391,9.153379538
2013,K02,Y811020,NA,31,28.6,12.28189391,12.08671287
2013,K03,L843104,NA,31,NA,12.28189391,NA
2013,K04,Y811030,NA,34,33,15.28189391,16.48671287
2013,K05,Y811075,NA,29,NA,10.28189391,NA
2013,K06,Y811022,NA,31,27.25,12.28189391,10.73671287
2013,K07,Y811076,NA,29,NA,10.28189391,NA
2013,K08,Y811084,NA,31,28.11111111,12.28189391,11.59782398
2013,K09,Y811637,NA,29,31.4,10.28189391,14.88671287
2013,K10,Y811071,NA,28,31,9.281893906,14.48671287
2013,X14,L842742,NA,37,30.8,18.28189391,14.28671287
2013,X15,L972443,NA,32,27.75,13.28189391,11.23671287
2013,X20,Y811096,NA,32,30.11111111,13.28189391,13.59782398
2013,X22,L379135,NA,32,28.09677419,13.28189391,11.58348706
2013,B11,Y811071,NA,47,NA,28.28189391,NA
2013,F21,Y811083,NA,47,28,28.28189391,11.48671287
2015,A00,Z048437,<=1,20,NA,1.281893906,NA
2015,A01,Z048468,>1,25,NA,6.281893906,NA
2015,A10,Z048422,<=1,17,NA,-1.718106094,NA
2015,A11,Z309508,<=1,20,NA,1.281893906,NA
2015,A14,Z309508,<=1,40,NA,21.28189391,NA
2015,A16,Z048410,<=1,15,20,-3.718106094,3.486712871
2015,A17,Y811619,>1,18,19.33333333,-0.718106094,2.820046204
2015,A18B,Y812086,>1,12,28,-6.718106094,11.48671287
2015,A22,Z048411,>1,15,24.66666667,-3.718106094,8.153379538
2015,A22B,Y811625,>1,16,20,-2.718106094,3.486712871
2015,A23,Y811092,>1,17,13.2,-1.718106094,-3.313287129
2015,A25,Z048408,<=1,14,19.5,-4.718106094,2.986712871
2015,A26,Z048409,<=1,14,13,-4.718106094,-3.513287129
2015,A27,Z048475,<=1,31,16,12.28189391,-0.513287129
2015,A03,Z048476,<=1,33,NA,14.28189391,NA
2015,A04,Z048401,<=1,15,NA,-3.718106094,NA
2015,A05,Z048402,<=1,13,NA,-5.718106094,NA
2015,A06,Z048432,>1,18,NA,-0.718106094,NA
2015,A07,Z048432,>1,39,16,20.28189391,-0.513287129
2015,A09,Z048403,<=1,15,21,-3.718106094,4.486712871
2015,B01,Y811658,>1,13,22,-5.718106094,5.486712871
2015,B11,Z048444,<=1,20,NA,1.281893906,NA
2015,B13,Z048443,<=1,19,NA,0.281893906,NA
2015,B15,Z048406,<=1,15,NA,-3.718106094,NA
2015,B16,L379092,>1,21,NA,2.281893906,NA
2015,B17,Z047446,<=1,15,NA,-3.718106094,NA
2015,B19,Z048473,<=1,31,NA,12.28189391,NA
2015,B20,Z047542,<=1,23,NA,4.281893906,NA
2015,B22,Y811040,>1,16,14,-2.718106094,-2.513287129
2015,B24,Y812070,>1,22,23.5,3.281893906,6.986712871
2015,B25,Z048450,<=1,41,NA,22.28189391,NA
2015,B04,Z048306,>1,19,13,0.281893906,-3.513287129
2015,B05,L379047,>1,20,22,1.281893906,5.486712871
2015,B06,Y811040,>1,38,NA,19.28189391,NA
2015,B07,L379047,>1,41,NA,22.28189391,NA
2015,B08,Z048449,<=1,21,NA,2.281893906,NA
2015,C12,Z048433,<=1,19,NA,0.281893906,NA
2015,C13,Y811093,>1,38,17,19.28189391,0.486712871
2015,C16,Z048415,<=1,14,20,-4.718106094,3.486712871
2015,C18,Z048429,<=1,17,22.66666667,-1.718106094,6.153379538
2015,C19,Z048416,<=1,16,21.5,-2.718106094,4.986712871
2015,C02,Z048450,<=1,21,NA,2.281893906,NA
2015,C22,Z048460,<=1,23,NA,4.281893906,NA
2015,C24,Z048414,<=1,14,NA,-4.718106094,NA
2015,C26,Y812799,>1,18,NA,-0.718106094,NA
2015,C04,Y811661,>1,16,17.83333333,-2.718106094,1.320046204
2015,C05,Y812068,>1,19,19,0.281893906,2.486712871
2015,C09,R683443,<=1,48,NA,29.28189391,NA
2015,D01,Z048420,<=1,15,10.83333333,-3.718106094,-5.679953796
2015,D10,Z048469,>1,27,NA,8.281893906,NA
2015,D11,Z048423,<=1,17,NA,-1.718106094,NA
2015,D12,Z048445,<=1,18,NA,-0.718106094,NA
2015,D13,Z048466,>1,25,NA,6.281893906,NA
2015,D14,L842626,>1,18,NA,-0.718106094,NA
2015,D02,Z048418,<=1,13,NA,-5.718106094,NA
2015,D03,Y811652,>1,16,17.71428571,-2.718106094,1.200998585
2015,D06,Z048303,>1,16,16,-2.718106094,-0.513287129
2015,D08,Z048458,<=1,23,NA,4.281893906,NA
2015,E00,Z047088,<=1,24,20.66666667,5.281893906,4.153379538
2015,E10,Y812573,<=1,20,NA,1.281893906,NA
2015,E11,Z047429,<=1,21,NA,2.281893906,NA
2015,E12,Z048421,>1,41,13,22.28189391,-3.513287129
2015,E13,Z048421,>1,16,NA,-2.718106094,NA
2015,E15,Z048417,>1,16,16,-2.718106094,-0.513287129
2015,E16,Z048418,<=1,43,15.66666667,24.28189391,-0.846620462
2015,E17,Z048446,<=1,17,NA,-1.718106094,NA
2015,E18,Y811627,>1,16,26,-2.718106094,9.486712871
2015,E02,Y811654,>1,18,NA,-0.718106094,NA
2015,E20,Y811653,>1,15,NA,-3.718106094,NA
2015,E03,Z304847,>1,42,28,23.28189391,11.48671287
2015,E04,L842620,>1,20,21.75,1.281893906,5.236712871
2015,E05,L843378,>1,20,NA,1.281893906,NA
2015,E07,Z048465,>1,25,19.8,6.281893906,3.286712871
2015,E09,Z048452,<=1,22,NA,3.281893906,NA
2015,F01,L379058,>1,19,20.66666667,0.281893906,4.153379538
2015,F10,Z048428,<=1,18,17,-0.718106094,0.486712871
2015,F11,X905310,>1,25,NA,6.281893906,NA
2015,F12,Z048453,<=1,22,NA,3.281893906,NA
2015,F16,Z048439,>1,19,19.5,0.281893906,2.986712871
2015,F17,Y811651,>1,19,18.25,0.281893906,1.736712871
2015,F22,Z048459,<=1,23,NA,4.281893906,NA
2015,F23,Z048310,>1,18,24,-0.718106094,7.486712871
2015,F25,Z048474,<=1,32,27,13.28189391,10.48671287
2015,F26,Z047003,<=1,18,NA,-0.718106094,NA
2015,F27,Z048440,>1,20,NA,1.281893906,NA
2015,F05,Y811698,>1,13,20,-5.718106094,3.486712871
2015,F07,L842672,>1,19,18,0.281893906,1.486712871
2015,G01,Z048457,<=1,22,NA,3.281893906,NA
2015,G10,Z048441,>1,20,NA,1.281893906,NA
2015,G12,Z048426,<=1,18,NA,-0.718106094,NA
2015,G13,Z309510,<=1,18,NA,-0.718106094,NA
2015,G16,L843337,>1,19,NA,0.281893906,NA
2015,G17,Z048462,>1,24,NA,5.281893906,NA
2015,G18,Z048455,<=1,37,17,18.28189391,0.486712871
2015,G19,Y811093,>1,18,NA,-0.718106094,NA
2015,G20,Z048424,>1,17,NA,-1.718106094,NA
2015,G21,Z048454,<=1,22,14.5,3.281893906,-2.013287129
2015,G05,Y812100,>1,17,NA,-1.718106094,NA
2015,G06,Z048448,>1,21,NA,2.281893906,NA
2015,G07,z048404,<=1,15,NA,-3.718106094,NA
2015,G08,Z048427,>1,15,NA,-3.718106094,NA
2015,G09,Z048471,>1,29,NA,10.28189391,NA
2015,GA01,Y811659,>1,18,NA,-0.718106094,NA
2015,H00,Y812085,>1,29,NA,10.28189391,NA
2015,H01,Z048456,<=1,22,NA,3.281893906,NA
2015,H12,Z048461,<=1,24,NA,5.281893906,NA
2015,H16,Z309511,>1,28,NA,9.281893906,NA
2015,H18,L972041,>1,24,NA,5.281893906,NA
2015,H02,L842612,>1,23,14.5,4.281893906,-2.013287129
2015,H23,Z048451,>1,22,NA,3.281893906,NA
2015,H24,Z048314,>1,26,NA,7.281893906,NA
2015,H26,L972056,>1,27,NA,8.281893906,NA
2015,H27,Z048425,<=1,17,NA,-1.718106094,NA
2015,H29,Y811678,<=1,25,12,6.281893906,-4.513287129
2015,H03,Y812099,>1,22,NA,3.281893906,NA
2015,H30,L842767,>1,16,NA,-2.718106094,NA
2015,H31,Z048413,<=1,16,NA,-2.718106094,NA
2015,H32,Y811054,>1,12,15,-6.718106094,-1.513287129
2015,H33,Z048455,<=1,21,NA,2.281893906,NA
2015,H34,Z048447,>1,20,NA,1.281893906,NA
2015,H36,Y811090,>1,21,22,2.281893906,5.486712871
2015,H05,Y812582,<=1,20,NA,1.281893906,NA
2015,H06,Y812212,>1,14,NA,-4.718106094,NA
2015,H09,Z048412,<=1,16,NA,-2.718106094,NA
2015,J11,Z048430,>1,18,9.75,-0.718106094,-6.763287129
2015,J12,Y812096,>1,18,NA,-0.718106094,NA
2015,J02,Y812095,>1,20,NA,1.281893906,NA
2015,J03,L843278,>1,29,NA,10.28189391,NA
2015,J04,Y811626,>1,22,NA,3.281893906,NA
2015,J08,Z048431,>1,19,10,0.281893906,-6.513287129
2015,X05,Y811289,>1,18,NA,-0.718106094,NA
2015,X13,Z048467,<=1,24,19,5.281893906,2.486712871
2015,X14,Z048433,<=1,40,17,21.28189391,0.486712871
2015,X21,Z048435,<=1,39,NA,20.28189391,NA
2016,A01,D902263,>1,22,18,3.281893906,1.486712871
2016,A10,D902234,<=1,17,20,-1.718106094,3.486712871
2016,A12,D902241,<=1,18,20.66666667,-0.718106094,4.153379538
2016,A13,Z047886,<=1,28,24.33333333,9.281893906,7.820046204
2016,A15,Z309508,>1,19,NA,0.281893906,NA
2016,A16,D902242,>1,18,22,-0.718106094,5.486712871
2016,A17,D902258,<=1,22,17,3.281893906,0.486712871
2016,A18,D902249,<=1,41,27.44444444,22.28189391,10.93115732
2016,A18B,D902249,<=1,16,24.33333333,-2.718106094,7.820046204
2016,A19,Z048432,>1,24,22.23809524,5.281893906,5.724808109
2016,A22,D902277,<=1,26,23.4,7.281893906,6.886712871
2016,A22B,Z048411,>1,18,22.2,-0.718106094,5.686712871
2016,A24,Y812297,>1,32,NA,13.28189391,NA
2016,A25,D902257,<=1,21,19,2.281893906,2.486712871
2016,A26,D902260,<=1,23,13,4.281893906,-3.513287129
2016,A27,D902226,<=1,13,18.5,-5.718106094,1.986712871
2016,A03,D902251,<=1,19,27,0.281893906,10.48671287
2016,A04,Z048401,>1,17,NA,-1.718106094,NA
2016,A05,D902233,>1,17,NA,-1.718106094,NA
2016,A08,D902252,<=1,20,18,1.281893906,1.486712871
2016,A09,D902234,<=1,42,20.35714286,23.28189391,3.843855728
2016,B11,Z047542,>1,34,NA,15.28189391,NA
2016,B13,D902231,<=1,16,NA,-2.718106094,NA
2016,B14,Z048473,>1,35,NA,16.28189391,NA
2016,B15,D902237,<=1,17,NA,-1.718106094,NA
2016,B16,Z048495,<=1,25,NA,6.281893906,NA
2016,B17,D902297,<=1,28,NA,9.281893906,NA
2016,B19,D902248,<=1,19,NA,0.281893906,NA
2016,B02,L379092,>1,24,NA,5.281893906,NA
2016,B21,D902272,<=1,25,NA,6.281893906,NA
2016,B24,D902279,<=1,27,22.63636364,8.281893906,6.123076507
2016,B03,Z047879,<=1,19,27,0.281893906,10.48671287
2016,B04,D902237,<=1,43,15.8,24.28189391,-0.713287129
2016,B05,R683450,>1,49,22.53846154,30.28189391,6.025174409
2016,B06,Y811040,>1,20,NA,1.281893906,NA
2016,B07,R683450,>1,28,NA,9.281893906,NA
2016,B08,D902307,>1,35,NA,16.28189391,NA
2016,C01,Y812070,>1,27,15,8.281893906,-1.513287129
2016,C11,D902275,<=1,25,NA,6.281893906,NA
2016,C13,D902290,<=1,26,21,7.281893906,4.486712871
2016,C15,D902282,<=1,27,NA,8.281893906,NA
2016,C16,D902236,<=1,14,20,-4.718106094,3.486712871
2016,C17,Z304882,<=1,22,13,3.281893906,-3.513287129
2016,C18,D902236,<=1,37,22.14285714,18.28189391,5.629570014
2016,C19,Z048460,>1,21,19,2.281893906,2.486712871
2016,C02,Z048450,>1,24,NA,5.281893906,NA
2016,C20,D902230,<=1,15,23.33333333,-3.718106094,6.820046204
2016,C21,D902255,<=1,20,17,1.281893906,0.486712871
2016,C22,D902225,<=1,11,13,-7.718106094,-3.513287129
2016,C23,Z048414,>1,16,NA,-2.718106094,NA
2016,C25,D902250,>1,18,15,-0.718106094,-1.513287129
2016,C26,Y812799,>1,23,NA,4.281893906,NA
2016,C07,D902288,<=1,28,27,9.281893906,10.48671287
2016,C08,D902266,<=1,24,20.66666667,5.281893906,4.153379538
2016,D01,Z048420,>1,18,18,-0.718106094,1.486712871
2016,D11,D902291,<=1,28,23.5,9.281893906,6.986712871
2016,D12,D902285,>1,23,NA,4.281893906,NA
2016,D13,Z048458,>1,29,27.33333333,10.28189391,10.8200462
2016,D14,D902295,<=1,30,NA,11.28189391,NA
2016,D02,D902243,<=1,18,28,-0.718106094,11.48671287
2016,D05,L972171,>1,10,34,-8.718106094,17.48671287
2016,D06,Z048303,>1,18,21.14285714,-0.718106094,4.629570014
2016,D07,D902254,>1,18,NA,-0.718106094,NA
2016,D08,D902278,<=1,26,28,7.281893906,11.48671287
2016,E00,D902365,<=1,42,22,23.28189391,5.486712871
2016,E01,D902363,<=1,41,NA,22.28189391,NA
2016,E10,Y812573,>1,36,NA,17.28189391,NA
2016,E12,Y812095,>1,28,NA,9.281893906,NA
2016,E15,Z048421,>1,17,18.33333333,-1.718106094,1.820046204
2016,E16,Z048446,>1,17,19,-1.718106094,2.486712871
2016,E17,D902264,<=1,24,NA,5.281893906,NA
2016,E18,Y811653,>1,17,26,-1.718106094,9.486712871
2016,E20,Y811653,>1,38,NA,19.28189391,NA
2016,E03,D902302,<=1,34,25,15.28189391,8.486712871
2016,E05,D902227,<=1,13,NA,-5.718106094,NA
2016,E06,L842620,>1,49,22,30.28189391,5.486712871
2016,E07,D902286,>1,25,22.55555556,6.281893906,6.042268427
2016,E08,D902306,<=1,35,NA,16.28189391,NA
2016,E09,D902274,<=1,24,30,5.281893906,13.48671287
2016,F01,Y811698,>1,15,21,-3.718106094,4.486712871
2016,F10,D902261,<=1,23,21.33333333,4.281893906,4.820046204
2016,F11,D902265,<=1,24,26.5,5.281893906,9.986712871
2016,F13,D902247,<=1,19,29,0.281893906,12.48671287
2016,F14,Y811650,>1,27,NA,8.281893906,NA
2016,F16,D902259,<=1,20,22.5,1.281893906,5.986712871
2016,F17,D902287,<=1,27,28,8.281893906,11.48671287
2016,F19,D902280,<=1,27,23.33333333,8.281893906,6.820046204
2016,F02,D902246,<=1,20,20.25,1.281893906,3.736712871
2016,F21,D902354,<=1,40,26.5,21.28189391,9.986712871
2016,F23,Z047003,>1,23,21.9,4.281893906,5.386712871
2016,F26,D902300,<=1,32,29,13.28189391,12.48671287
2016,F27,D902292,<=1,28,24,9.281893906,7.486712871
2016,F06,Z048428,>1,19,18.25,0.281893906,1.736712871
2016,G10,Z048441,>1,35,NA,16.28189391,NA
2016,G12,D902301,<=1,33,NA,14.28189391,NA
2016,G15,Z047978,<=1,25,19.5,6.281893906,2.986712871
2016,G16,Z048457,>1,28,NA,9.281893906,NA
2016,G17,D902268,<=1,24,NA,5.281893906,NA
2016,G02,Z048467,>1,36,NA,17.28189391,NA
2016,G21,D902267,<=1,23,23.33333333,4.281893906,6.820046204
2016,G22,Z048455,>1,38,26.25,19.28189391,9.736712871
2016,G03,D902269,<=1,22,NA,3.281893906,NA
2016,G04,D902293,<=1,24,NA,5.281893906,NA
2016,G05,Y811097,>1,16,NA,-2.718106094,NA
2016,G06,D902256,>1,18,NA,-0.718106094,NA
2016,G07,D902245,<=1,18,NA,-0.718106094,NA
2016,G09,D902310,>1,36,NA,17.28189391,NA
2016,GA01,Y811659,>1,26,18,7.281893906,1.486712871
2016,H00,D902294,<=1,29,NA,10.28189391,NA
2016,H01,Z048456,>1,35,NA,16.28189391,NA
2016,H10,Z048037,>1,26,NA,7.281893906,NA
2016,H12,D902299,<=1,31,NA,12.28189391,NA
2016,H14,D902377,<=1,42,NA,23.28189391,NA
2016,H15,D902309,<=1,35,NA,16.28189391,NA
2016,H16,Z309511,>1,37,NA,18.28189391,NA
2016,H19,D902304,>1,35,NA,16.28189391,NA
2016,H02,L842612,>1,36,18,17.28189391,1.486712871
2016,H22,D902284,<=1,26,NA,7.281893906,NA
2016,H23,D902283,<=1,27,NA,8.281893906,NA
2016,H27,Z048425,>1,33,NA,14.28189391,NA
2016,H28,L972041,>1,28,NA,9.281893906,NA
2016,H03,Y812099,>1,24,NA,5.281893906,NA
2016,H30,Z047888,<=1,33,NA,14.28189391,NA
2016,H32,D902276,<=1,24,24,5.281893906,7.486712871
2016,H33,Y811054,>1,13,NA,-5.718106094,NA
2016,H36,Y811090,>1,26,25.5,7.281893906,8.986712871
2016,H04,D902271,<=1,24,19.4,5.281893906,2.886712871
2016,H06,D902270,<=1,23,29,4.281893906,12.48671287
2016,J10,D902232,<=1,14,21,-4.718106094,4.486712871
2016,J11,D902298,<=1,31,18,12.28189391,1.486712871
2016,J12,D902273,<=1,25,NA,6.281893906,NA
2016,J02,D902238,<=1,14,16.5,-4.718106094,-0.013287129
2016,J04,D902303,>1,34,NA,15.28189391,NA
2016,J06,Z048418,>1,25,NA,6.281893906,NA
2016,J08,Z048419,>1,33,15,14.28189391,-1.513287129
2016,J09,Z048430,>1,24,24.57142857,5.281893906,8.058141442
2016,X10,D902289,>1,26,NA,7.281893906,NA
2016,X14,Z048433,>1,19,19,0.281893906,2.486712871
2016,X15,D902262,<=1,23,24.6,4.281893906,8.086712871
2017,J01,D902227,>1,-3,10.22222222,-21.71810609,-6.291064907
2017,J12,S271330,>1,3,NA,-15.71810609,NA
2017,A06,Z048401,>1,2,10.33333333,-16.71810609,-6.179953796
2017,J10,D902298,>1,3,9,-15.71810609,-7.513287129
2017,D06,Z048303,>1,4,11.25,-14.71810609,-5.263287129
2017,E15,Z047857,>1,4,6,-14.71810609,-10.51328713
2017,A17,D902258,>1,3,11.8,-15.71810609,-4.713287129
2017,A14,D902252,>1,4,NA,-14.71810609,NA
2017,B01,Z047879,>1,3,10.4,-15.71810609,-6.113287129
2017,J02,Z048421,>1,7,NA,-11.71810609,NA
2017,C04,Z304882,>1,4,11.125,-14.71810609,-5.388287129
2017,C25,S271334,<=1,5,7,-13.71810609,-9.513287129
2017,A22,S271333,<=1,4,15.65,-14.71810609,-0.863287129
2017,C22,S271328,>1,4,5,-14.71810609,-11.51328713
2017,C26,D902250,>1,6,NA,-12.71810609,NA
2017,F01,D902289,>1,5,11,-13.71810609,-5.513287129
2017,F21,D902280,>1,5,NA,-13.71810609,NA
2017,G06,D902256,>1,4,NA,-14.71810609,NA
2017,G22,Y811698,>1,4,10.45454545,-14.71810609,-6.058741674
2017,A25,S271349,<=1,9,12.14285714,-9.718106094,-4.370429986
2017,A21,D902260,>1,6,NA,-12.71810609,NA
2017,GA01,S271336,>1,6,24,-12.71810609,7.486712871
2017,X05,S271329,<=1,4,NA,-14.71810609,NA
2017,F09,S271331,>1,4,6,-14.71810609,-10.51328713
2017,B15,D902237,>1,6,NA,-12.71810609,NA
2017,B17,Z048495,>1,6,NA,-12.71810609,NA
2017,E00,S271154,<=1,9,9,-9.718106094,-7.513287129
2017,J08,S271335,>1,6,NA,-12.71810609,NA
2017,F05,S271341,<=1,8,14.66666667,-10.71810609,-1.846620462
2017,F18,D902259,>1,5,13,-13.71810609,-3.513287129
2017,G18,D902290,>1,9,11,-9.718106094,-5.513287129
2017,G20,S271343,>1,7,NA,-11.71810609,NA
2017,A26,D902257,>1,5,NA,-13.71810609,NA
2017,A10,Z988401,<=1,8,31.5,-10.71810609,14.98671287
2017,A07,S271338,<=1,8,NA,-10.71810609,NA
2017,B07,S271339,<=1,8,NA,-10.71810609,NA
2017,B10,S271337,<=1,7,NA,-11.71810609,NA
2017,D07,D902254,>1,6,NA,-12.71810609,NA
2017,E20,S271340,>1,7,NA,-11.71810609,NA
2017,G07,S271347,<=1,9,NA,-9.718106094,NA
2017,G09,D902310,>1,9,NA,-9.718106094,NA
2017,GA02,S271354,<=1,10,20.4,-8.718106094,3.886712871
2017,X12,S271348,<=1,9,11.57142857,-9.718106094,-4.941858558
2017,G01,D902275,>1,10,NA,-8.718106094,NA
2017,H33,S271351,<=1,10,NA,-8.718106094,NA
2017,E17,S271345,<=1,9,NA,-9.718106094,NA
2017,C13,Z048467,>1,11,NA,-7.718106094,NA
2017,G05,S271352,<=1,7,NA,-11.71810609,NA
2017,A23,S271362,<=1,13,15,-5.718106094,-1.513287129
2017,D05,Z048420,>1,9,NA,-9.718106094,NA
2017,E11,S271357,>1,11,NA,-7.718106094,NA
2017,G10,D902276,>1,14,NA,-4.718106094,NA
2017,B20,Z047542,>1,11,NA,-7.718106094,NA
2017,G03,S271364,<=1,13,17,-5.718106094,0.486712871
2017,H23,D902271,>1,13,NA,-5.718106094,NA
2017,H29,S271304,<=1,12,9.25,-6.718106094,-7.263287129
2017,B19,S271358,<=1,12,NA,-6.718106094,NA
2017,D14,Z048458,>1,14,NA,-4.718106094,NA
2017,E06,L842620,>1,15,NA,-3.718106094,NA
2017,X07,S271366,<=1,13,5,-5.718106094,-11.51328713
2017,H00,D902294,>1,15,NA,-3.718106094,NA
2017,H03,D902270,>1,16,NA,-2.718106094,NA
2017,H26,S271367,>1,14,NA,-4.718106094,NA
2017,H31,S271363,<=1,12,NA,-6.718106094,NA
2017,D08,D902278,>1,15,NA,-3.718106094,NA
2017,G02,S271365,<=1,12,NA,-6.718106094,NA
2017,G08,Z304886,>1,9,NA,-9.718106094,NA
2017,G15,S271370,<=1,13,11.57142857,-5.718106094,-4.941858558
2017,H18,S271369,<=1,14,NA,-4.718106094,NA
2017,E10,D902365,>1,17,NA,-1.718106094,NA
2017,A15,Z309508,>1,25,NA,6.281893906,NA
2017,H01,S271390,>1,22,NA,3.281893906,NA
2017,H08,S271396,>1,24,NA,5.281893906,NA
2017,H22,S271361,>1,24,NA,5.281893906,NA
2017,C23,D902236,>1,23,NA,4.281893906,NA
2017,G21,S271453,>1,27,6,8.281893906,-10.51328713
2017,H16,Z309511,>1,25,NA,6.281893906,NA
2017,GA06,S271332,>1,24,24,5.281893906,7.486712871
2017,F03,Z048428,>1,29,15.25,10.28189391,-1.263287129
2017,G14,D902293,>1,32,NA,13.28189391,NA
2017,B08,S271153,<=1,36,NA,17.28189391,NA
2017,H36,S271029,<=1,37,17.33333333,18.28189391,0.820046204
2017,A08,Z988401,<=1,37,11.8,18.28189391,-4.713287129
2017,B03,Z047886,>1,38,13,19.28189391,-3.513287129
2017,J03,Z04792,>1,38,NA,19.28189391,NA
2017,G04,Z048455,>1,42,NA,23.28189391,NA
2017,E04,Z304811,>1,42,16.9,23.28189391,0.386712871
2017,X17,S271373,<=1,41,NA,22.28189391,NA
2017,A19,D902249,>1,29,11.5,10.28189391,-5.013287129
2017,A18,D902249,>1,5,13.33333333,-13.71810609,-3.179953796
2017,A13,Z309508,>1,4,13,-14.71810609,-3.513287129
2017,A12,D902241,>1,7,9.5,-11.71810609,-7.013287129
2017,A11,D902241,>1,33,13,14.28189391,-3.513287129
2017,A04,S271332,>1,4,NA,-14.71810609,NA
2017,A01,D902263,>1,4,16.375,-14.71810609,-0.138287129
2017,A24,S271355,>1,10,NA,-8.718106094,NA
2017,GA24,D902233,>1,10,9.25,-8.718106094,-7.263287129
2017,B06,Y811040,>1,5,NA,-13.71810609,NA
2017,B09,S271153,<=1,15,19,-3.718106094,2.486712871
2017,B16,Z047886,>1,7,NA,-11.71810609,NA
2017,B22,Y811040,>1,16,9.333333333,-2.718106094,-7.179953796
2017,B24,S271360,<=1,11,15.57142857,-7.718106094,-0.941858558
2017,D02,D902243,>1,4,14.5,-14.71810609,-2.013287129
2017,D03,S271359,>1,12,14,-6.718106094,-2.513287129
2017,D09,S271356,<=1,11,NA,-7.718106094,NA
2017,D10,S271344,<=1,9,NA,-9.718106094,NA
2017,E08,S271372,>1,17,NA,-1.718106094,NA
2017,E16,Z304811,>1,13,13,-5.718106094,-3.513287129
2017,E18,D902295,>1,5,16,-13.71810609,-0.513287129
2017,J04,D902303,>1,33,NA,14.28189391,NA
2017,J05,Z048418,>1,10,NA,-8.718106094,NA
2017,J09,Z048430,>1,7,17.5,-11.71810609,0.986712871
2017,J11,S271378,<=1,21,12,2.281893906,-4.513287129
2017,C02,S271373,<=1,17,17,-1.718106094,0.486712871
2017,C03,Z048450,>1,9,13,-9.718106094,-3.513287129
2017,C09,S271346,<=1,8,NA,-10.71810609,NA
2017,C10,S271371,<=1,16,NA,-2.718106094,NA
2017,C11,Z048455,>1,12,NA,-6.718106094,NA
2017,C16,Z048460,>1,26,10.8,7.281893906,-5.713287129
2017,C20,Z048460,>1,5,9.5,-13.71810609,-7.013287129
2017,C20,S271374,>1,27,9.5,8.281893906,-7.013287129
2017,C21,D902236,>1,1,9.5,-17.71810609,-7.013287129
2017,F04,Z048428,>1,6,13.5,-12.71810609,-3.013287129
2017,F24,D902363,>1,11,NA,-7.718106094,NA
2017,F26,S271342,<=1,6,NA,-12.71810609,NA
2017,G13,D902293,>1,5,NA,-13.71810609,NA
2017,G16,D902268,>1,9,NA,-9.718106094,NA
2017,H05,S271375,>1,19,NA,0.281893906,NA
2017,H12,D902309,>1,19,NA,0.281893906,NA
2017,H14,D902284,>1,11,NA,-7.718106094,NA
2017,H19,S271368,>1,14,NA,-4.718106094,NA
2017,H20,S271377,>1,21,NA,2.281893906,NA
2017,H25,S271361,>1,12,NA,-6.718106094,NA
2017,H30,D902225,>1,9,NA,-9.718106094,NA
2017,H35,S271029,<=1,5,9.5,-13.71810609,-7.013287129
2018,A27,AFD9516,<=1,19,15.5,0.281893906,-1.013287129
2018,A23,APB5011,<=1,26,NA,7.281893906,NA
2018,A22,AFD9504,<=1,14,18.66666667,-4.718106094,2.153379538
2018,A18,D902258,>1,19,20,0.281893906,3.486712871
2018,A17,S271565,<=1,15,15.5,-3.718106094,-1.013287129
2018,A16,D902252,>1,19,NA,0.281893906,NA
2018,A15,S271433,<=1,20,NA,1.281893906,NA
2018,A13,AFD9552,<=1,35,NA,16.28189391,NA
2018,A10,AFD9506,<=1,22,13.5,3.281893906,-3.013287129
2018,A04,AFD9538,<=1,27,NA,8.281893906,NA
2018,A01,Z048402,>1,24,NA,5.281893906,NA
2018,A00,D902294,>1,23,NA,4.281893906,NA
2018,B01,Z047879,>1,19,15.5,0.281893906,-1.013287129
2018,B04,AFD9501,<=1,1,17.66666667,-17.71810609,1.153379538
2018,B05,S271339,>1,18,18.85714286,-0.718106094,2.343855728
2018,B07,Z048444,>1,32,NA,13.28189391,NA
2018,B08,AFD9540,<=1,23,NA,4.281893906,NA
2018,B09,S271337,>1,20,NA,1.281893906,NA
2018,B11,Z048444,>1,15,NA,-3.718106094,NA
2018,B12,Z047542,>1,22,NA,3.281893906,NA
2018,B13,AFD9531,<=1,30,NA,11.28189391,NA
2018,B14,AFD9532,<=1,22,NA,3.281893906,NA
2018,B15,AFD9526,<=1,24,NA,5.281893906,NA
2018,B16,S271629,<=1,20,NA,1.281893906,NA
2018,B17,S271763,<=1,24,NA,5.281893906,NA
2018,B18,Z048495,>1,19,NA,0.281893906,NA
2018,B21,AFD9533,<=1,22,NA,3.281893906,NA
2018,B22,AFD9525,<=1,22,16,3.281893906,-0.513287129
2018,D01,S271543,<=1,17,16,-1.718106094,-0.513287129
2018,D02,S271378,>1,24,20,5.281893906,3.486712871
2018,D03,S271378,>1,17,20,-1.718106094,3.486712871
2018,D05,Z048420,>1,21,20,2.281893906,3.486712871
2018,D09,AFD9534,<=1,20,16,1.281893906,-0.513287129
2018,D10,S271663,<=1,22,NA,3.281893906,NA
2018,D11,AFD9513,<=1,21,16,2.281893906,-0.513287129
2018,D12,AFD9512,<=1,15,NA,-3.718106094,NA
2018,D13,Z304828,>1,20,18.66666667,1.281893906,2.153379538
2018,E00,S271154,>1,20,17,1.281893906,0.486712871
2018,E01,AFD9524,<=1,23,NA,4.281893906,NA
2018,E03,AFD9523,<=1,23,22,4.281893906,5.486712871
2018,E07,D902302,>1,25,17,6.281893906,0.486712871
2018,E12,AFD9522,<=1,21,17,2.281893906,0.486712871
2018,E13,AFD9508,<=1,21,17,2.281893906,0.486712871
2018,E15,AFD9505,<=1,15,10,-3.718106094,-6.513287129
2018,E16,AFD9509,<=1,19,15.6,0.281893906,-0.913287129
2018,E18,AFD9510,<=1,20,17,1.281893906,0.486712871
2018,J01,AFD9519,<=1,21,17,2.281893906,0.486712871
2018,J02,Z048421,>1,19,15,0.281893906,-1.513287129
2018,J03,AFD9520,>1,21,16.71428571,2.281893906,0.200998585
2018,J04,Z048418,>1,22,13,3.281893906,-3.513287129
2018,J06,AFD9521,<=1,28,19.6,9.281893906,3.086712871
2018,J08,S271335,>1,20,16,1.281893906,-0.513287129
2018,J09,S271359,>1,21,20,2.281893906,3.486712871
2018,J11,D902298,>1,18,16,-0.718106094,-0.513287129
2018,J12,AFD9507,<=1,18,18.66666667,-0.718106094,2.153379538
2018,C01,S271662,<=1,21,15,2.281893906,-1.513287129
2018,C02,S271366,>1,24,NA,5.281893906,NA
2018,C04,Z304882,>1,17,18.5,-1.718106094,1.986712871
2018,C11,APB5077,<=1,22,NA,3.281893906,NA
2018,C16,AFD9539,<=1,33,19,14.28189391,2.486712871
2018,C17,AFD9528,<=1,15,15,-3.718106094,-1.513287129
2018,C19,AFD9503,<=1,13,19,-5.718106094,2.486712871
2018,C20,AFD9551,<=1,24,NA,5.281893906,NA
2018,C21,AFD9518,<=1,15,NA,-3.718106094,NA
2018,C25,S271334,>1,18,NA,-0.718106094,NA
2018,C26,S271420,<=1,21,NA,2.281893906,NA
2018,X05,S271329,>1,18,19,-0.718106094,2.486712871
2018,F03,AFD9536,<=1,24,17,5.281893906,0.486712871
2018,F04,S271341,>1,19,17,0.281893906,0.486712871
2018,F09,S271331,>1,16,17,-2.718106094,0.486712871
2018,F11,AFD9550,<=1,22,17,3.281893906,0.486712871
2018,F19,S271909,<=1,22,21,3.281893906,4.486712871
2018,F20,D902280,>1,19,17,0.281893906,0.486712871
2018,F23,AFD9537,<=1,22,NA,3.281893906,NA
2018,F26,AFD9529,<=1,18,17,-0.718106094,0.486712871
2018,F27,D902363,>1,26,NA,7.281893906,NA
2018,G01,Z048455,>1,24,NA,5.281893906,NA
2018,G04,S271370,>1,24,NA,5.281893906,NA
2018,G05,AFD9514,<=1,17,NA,-1.718106094,NA
2018,G06,D902256,>1,18,15,-0.718106094,-1.513287129
2018,G07,AFD9511,<=1,19,NA,0.281893906,NA
2018,G08,AFD9515,<=1,19,17.5,0.281893906,0.986712871
2018,G09,AFD9527,<=1,23,NA,4.281893906,NA
2018,G10,S271690,<=1,21,NA,2.281893906,NA
2018,G12,L843277,>1,28,15,9.281893906,-1.513287129
2018,G13,S271533,<=1,15,20,-3.718106094,3.486712871
2018,G16,D902268,>1,21,NA,2.281893906,NA
2018,G18,D902290,>1,20,20,1.281893906,3.486712871
2018,G20,S271343,>1,19,20,0.281893906,3.486712871
2018,G22,Z048446,>1,13,20,-5.718106094,3.486712871
2018,H00,S271550,<=1,25,16.5,6.281893906,-0.013287129
2018,H02,AFD9530,>1,25,16.5,6.281893906,-0.013287129
2018,H05,D902271,>1,23,18,4.281893906,1.486712871
2018,H12,AFD9535,<=1,24,15,5.281893906,-1.513287129
2018,H14,APB5013,>1,29,NA,10.28189391,NA
2018,H15,D902284,>1,21,16.5,2.281893906,-0.013287129
2018,H16,S271553,<=1,21,NA,2.281893906,NA
2018,H17,Z309511,>1,26,NA,7.281893906,NA
2018,H21,D902250,>1,23,NA,4.281893906,NA
2018,H23,AFD9517,<=1,22,16.5,3.281893906,-0.013287129
2018,H24,Z048451,>1,38,NA,19.28189391,NA
2018,H26,AFD9502,<=1,18,18,-0.718106094,1.486712871
2018,H28,S271473,<=1,21,NA,2.281893906,NA
2018,H30,S271304,>1,24,18,5.281893906,1.486712871
2018,H32,S271351,>1,21,15,2.281893906,-1.513287129
2018,H33,ANA4465,<=1,22,NA,3.281893906,NA
2018,H34,S271365,>1,26,18,7.281893906,1.486712871
2018,H36,APB5023,<=1,19,NA,0.281893906,NA
2019,A00,D902294,>1,19,NA,0.281893906,NA
2019,A01,AND1927,<=1,11,NA,-7.718106094,NA
2019,A04,S271332,<=1,0,NA,-18.71810609,NA
2019,A05,AND1903,<=1,3,NA,-15.71810609,NA
2019,A07,AND1894,<=1,0,NA,-18.71810609,NA
2019,A08,AND1897,<=1,1,NA,-17.71810609,NA
2019,A09,AND1942,<=1,6,NA,-12.71810609,NA
2019,A10,AFD9506,>1,12,NA,-6.718106094,NA
2019,A11,AND1898,<=1,2,NA,-16.71810609,NA
2019,A13,S271433,>1,2,NA,-16.71810609,NA
2019,A14,Z988401,>1,2,NA,-16.71810609,NA
2019,A15,S271433,>1,21,NA,2.281893906,NA
2019,A17,S271565,>1,0,NA,-18.71810609,NA
2019,A18,AND1938,<=1,6,NA,-12.71810609,NA
2019,A18B,AND1920,<=1,12,NA,-6.718106094,NA
2019,A19,AND1967,>1,8,NA,-10.71810609,NA
2019,A20,AND1937,>1,2,NA,-16.71810609,NA
2019,A21,AND1791,<=1,9,NA,-9.718106094,NA
2019,A22,AFD9504,>1,1,NA,-17.71810609,NA
2019,A22B,D902260,>1,9,NA,-9.718106094,NA
2019,A23,AND1871,<=1,10,NA,-8.718106094,NA
2019,A24,S271355,>1,8,NA,-10.71810609,NA
2019,A25,AND1939,<=1,4,NA,-14.71810609,NA
2019,A26,AND1965,<=1,8,NA,-10.71810609,NA
2019,A27,AND1944,<=1,5,NA,-13.71810609,NA
2019,A28,AFD9768,<=1,1,NA,-17.71810609,NA
2019,B01,S271629,>1,18,NA,-0.718106094,NA
2019,B02,S271629,>1,-3,NA,-21.71810609,NA
2019,B03,Z047886,>1,1,NA,-17.71810609,NA
2019,B04,Z048495,>1,0,NA,-18.71810609,NA
2019,B05,S271339,>1,2,NA,-16.71810609,NA
2019,B06,AFD9540,>1,35,NA,16.28189391,NA
2019,B07,AFD9501,>1,0,NA,-18.71810609,NA
2019,B09,S271337,>1,9,NA,-9.718106094,NA
2019,B10,AND1970,<=1,9,NA,-9.718106094,NA
2019,B12,AND1918,>1,22,NA,3.281893906,NA
2019,B13,AND1907,<=1,3,NA,-15.71810609,NA
2019,B15,AFD9526,>1,9,NA,-9.718106094,NA
2019,B17,AND1591,<=1,19,NA,0.281893906,NA
2019,B18,AND1960,>1,1,NA,-17.71810609,NA
2019,B19,S271358,>1,18,NA,-0.718106094,NA
2019,B20,Z047542,>1,9,NA,-9.718106094,NA
2019,B21,AND1974,<=1,16,NA,-2.718106094,NA
2019,B22,AFD9525,>1,17,NA,-1.718106094,NA
2019,B23,AND1975,<=1,14,NA,-4.718106094,NA
2019,B24,AFD9905,<=1,10,NA,-8.718106094,NA
2019,C01,S271662,>1,8,NA,-10.71810609,NA
2019,C02,S271366,>1,21,NA,2.281893906,NA
2019,C03,AND1889,>1,-1,NA,-19.71810609,NA
2019,C04,AFD9579,<=1,1,NA,-17.71810609,NA
2019,C05,AND1547,<=1,-1,NA,-19.71810609,NA
2019,C06,AND1902,>1,-4,NA,-22.71810609,NA
2019,C07,AFD9551,>1,4,NA,-14.71810609,NA
2019,C08,S271329,>1,7,NA,-11.71810609,NA
2019,C09,AND1932,>1,8,NA,-10.71810609,NA
2019,C10,AND1933,>1,8,NA,-10.71810609,NA
2019,C11,AND1919,<=1,9,NA,-9.718106094,NA
2019,C12,AND1972,<=1,11,NA,-7.718106094,NA
2019,C13,AND1643,>1,9,NA,-9.718106094,NA
2019,C15,AND1951,>1,5,NA,-13.71810609,NA
2019,C16,S271783,>1,2,NA,-16.71810609,NA
2019,C17,AFD9528,NA,2,NA,-16.71810609,NA
2019,C18,AND1950,>1,7,NA,-11.71810609,NA
2019,C19,AND1952,>1,4,NA,-14.71810609,NA
2019,C20,AND1953,<=1,0,NA,-18.71810609,NA
2019,C21,AND1822,<=1,7,NA,-11.71810609,NA
2019,C22,D902262,>1,0,NA,-18.71810609,NA
2019,C24,AFD9740,<=1,5,NA,-13.71810609,NA
2019,C25,S271334,>1,12,NA,-6.718106094,NA
2019,C26,S271420,>1,4,NA,-14.71810609,NA
2019,D02,AND1785,<=1,11,NA,-7.718106094,NA
2019,D03,AND1973,<=1,12,NA,-6.718106094,NA
2019,D05,AND1892,<=1,-2,NA,-20.71810609,NA
2019,D06,AND1891,>1,-7,NA,-25.71810609,NA
2019,D07,ADH0791,<=1,37,NA,18.28189391,NA
2019,D09,AND1593,<=1,20,NA,1.281893906,NA
2019,D10,AFD9513,<=1,3,NA,-15.71810609,NA
2019,D12,AFD9756,<=1,8,NA,-10.71810609,NA
2019,D13,AFD9898,<=1,13,NA,-5.718106094,NA
2019,D14,D902278,>1,11,NA,-7.718106094,NA
2019,D15,AND1789,<=1,19,NA,0.281893906,NA
2019,E00,S271154,>1,11,NA,-7.718106094,NA
2019,E01,AFD9524,>1,16,NA,-2.718106094,NA
2019,E02,AND1930,<=1,33,NA,14.28189391,NA
2019,E03,AND1930,<=1,10,NA,-8.718106094,NA
2019,E04,AND1931,<=1,8,NA,-10.71810609,NA
2019,E05,AND1911,<=1,21,NA,2.281893906,NA
2019,E06,AFD9796,<=1,1,NA,-17.71810609,NA
2019,E07,D902302,>1,20,NA,1.281893906,NA
2019,E08,AFD9690,<=1,21,NA,2.281893906,NA
2019,E10,D902365,>1,21,NA,2.281893906,NA
2019,E11,AND1959,>1,2,NA,-16.71810609,NA
2019,E12,AFD9508,>1,18,NA,-0.718106094,NA
2019,E13,AND1958,<=1,3,NA,-15.71810609,NA
2019,E15,AND1929,<=1,9,NA,-9.718106094,NA
2019,E16,AND1976,<=1,17,NA,-1.718106094,NA
2019,E17,AND1957,<=1,6,NA,-12.71810609,NA
2019,E20,AFD9510,>1,0,NA,-18.71810609,NA
2019,F01,AND1954,>1,5,NA,-13.71810609,NA
2019,F02,AND1905,<=1,-1,NA,-19.71810609,NA
2019,F03,S271341,>1,10,NA,-8.718106094,NA
2019,F04,AFD9596,<=1,5,NA,-13.71810609,NA
2019,F06,AFD9978,<=1,1,NA,-17.71810609,NA
2019,F07,AND1904,>1,0,NA,-18.71810609,NA
2019,F09,S271331,>1,1,NA,-17.71810609,NA
2019,F10,AFD9536,>1,2,NA,-16.71810609,NA
2019,F11,AND1968,<=1,10,NA,-8.718106094,NA
2019,F12,AFD9550,>1,6,NA,-12.71810609,NA
2019,F13,AND1968,<=1,30,NA,11.28189391,NA
2019,F17,D902259,>1,0,NA,-18.71810609,NA
2019,F18,AND1955,<=1,-2,NA,-20.71810609,NA
2019,F19,AND1956,<=1,5,NA,-13.71810609,NA
2019,F20,AFD9730,>1,7,NA,-11.71810609,NA
2019,F21,D902280,>1,-1,NA,-19.71810609,NA
2019,F22,AND1906,>1,-1,NA,-19.71810609,NA
2019,F23,AFD9537,>1,7,NA,-11.71810609,NA
2019,F24,AFD9704,<=1,28,NA,9.281893906,NA
2019,F25,AND1912,<=1,19,NA,0.281893906,NA
2019,F26,AFD9529,>1,1,NA,-17.71810609,NA
2019,G01,AFD9743,<=1,17,NA,-1.718106094,NA
2019,G02,AFD9959,<=1,12,NA,-6.718106094,NA
2019,G03,S271365,>1,23,NA,4.281893906,NA
2019,G04,AND1913,<=1,19,NA,0.281893906,NA
2019,G05,AFD9514,>1,8,NA,-10.71810609,NA
2019,G06,D902256,>1,10,NA,-8.718106094,NA
2019,G07,AFD9511,>1,-1,NA,-19.71810609,NA
2019,G08,AND1934,>1,9,NA,-9.718106094,NA
2019,G09,AND1963,<=1,3,NA,-15.71810609,NA
2019,G10,AND1914,<=1,22,NA,3.281893906,NA
2019,G12,AND1962,<=1,6,NA,-12.71810609,NA
2019,G13,AND1916,<=1,9,NA,-9.718106094,NA
2019,G14,AND1917,<=1,20,NA,1.281893906,NA
2019,G15,AND1915,<=1,19,NA,0.281893906,NA
2019,G17,AND1923,<=1,11,NA,-7.718106094,NA
2019,G18,AND1530,<=1,19,NA,0.281893906,NA
2019,G20,AND1922,>1,13,NA,-5.718106094,NA
2019,G21,AND1935,<=1,0,NA,-18.71810609,NA
2019,G22,AND1935,<=1,17,NA,-1.718106094,NA
2019,GA20,AND1894,<=1,18,NA,-0.718106094,NA
2019,H00,APB5015,<=1,2,NA,-16.71810609,NA
2019,H02,ADE5545,<=1,16,NA,-2.718106094,NA
2019,H04,AND1908,<=1,23,NA,4.281893906,NA
2019,H06,AND1936,<=1,-2,NA,-20.71810609,NA
2019,H12,AFD9535,NA,31,NA,12.28189391,NA
2019,H13,ADE5528,<=1,4,NA,-14.71810609,NA
2019,H15,ADE5540,<=1,13,NA,-5.718106094,NA
2019,H16,S271304,<=1,20,NA,1.281893906,NA
2019,H18,ADE5549,<=1,13,NA,-5.718106094,NA
2019,H21,APB5023,>1,20,NA,1.281893906,NA
2019,H22,ADE5954,<=1,17,NA,-1.718106094,NA
2019,H23,AND1969,<=1,10,NA,-8.718106094,NA
2019,H24,ADH0034,<=1,17,NA,-1.718106094,NA
2019,H27,AND1831,<=1,19,NA,0.281893906,NA
2019,H28,S271473,>1,10,NA,-8.718106094,NA
2019,H29,S271865,>1,19,NA,0.281893906,NA
2019,H30,AND1921,<=1,11,NA,-7.718106094,NA
2019,H31,AND1946,<=1,0,NA,-18.71810609,NA
2019,H32,ANA4465,>1,11,NA,-7.718106094,NA
2019,H33,ADE5535,<=1,2,NA,-16.71810609,NA
2019,H34,AND1924,<=1,12,NA,-6.718106094,NA
2019,H35,APB5013,>1,21,NA,2.281893906,NA
2019,H36,D902250,<=1,1,NA,-17.71810609,NA
2019,J01,AFD9519,>1,6,NA,-12.71810609,NA
2019,J02,AND1910,<=1,19,NA,0.281893906,NA
2019,J03,AFD9520,>1,13,NA,-5.718106094,NA
2019,J05,Z048418,>1,17,NA,-1.718106094,NA
2019,J08,AFD9574,<=1,1,NA,-17.71810609,NA
2019,J09,AFD9521,>1,0,NA,-18.71810609,NA
2019,J10,AND1630,<=1,10,NA,-8.718106094,NA
2019,J12,AND1928,<=1,10,NA,-8.718106094,NA
2019,X05,AFD9983,<=1,5,NA,-13.71810609,NA
