year,date,song_title,movie,composer,singer,lyricist,youtube_id,youtube_title,duration,official,verified,downloaded,download_path,view_count,error
2026,2026-01-01,@SaiAbhyankkar Pavazha Malli (Music Video) Kayadu Shruti Haasan Vivek Thejo Thin,I,A.R. Rahman,A.R. Rahman; Others,Vairamakrishnan,b68HETiNO98,@SaiAbhyankkar - Pavazha Malli (Music Video) | Kayadu | Shruti Haasan | Vivek | Thejo | Think Indie,309.0,Y,N,Y,/home/vscode/code/research/tamil-music-history/songs/b68HETiNO98_SaiAbhyankkar - Pavazha Malli Music Video  Kayadu .%(ext)s,58890104,
2026,2026-01-01,Mutta Kalakki Music Video Youth Ken Karunaas Suraj Venjaramoodu GV Prakash Kumar,I,A.R. Rahman,A.R. Rahman; Others,Vairamakrishnan,jZEA2mMwL1k,Mutta Kalakki Music Video | Youth | Ken Karunaas | Suraj Venjaramoodu | GV Prakash Kumar,170.0,N,N,Y,/home/vscode/code/research/tamil-music-history/songs/jZEA2mMwL1k_Mutta Kalakki Music Video  Youth  Ken Karunaas  Su.%(ext)s,56726134,
2026,2026-01-01,Sirai Neelothi Video Song Vikram Prabhu L K Akshay Kumar Justin Prabhakaran Sure,I,A.R. Rahman,A.R. Rahman; Others,Vairamakrishnan,nMUmySghIL0,Sirai - Neelothi Video Song |Vikram Prabhu|L K Akshay Kumar| Justin Prabhakaran|Suresh R | 7 Screen,297.0,N,N,Y,/home/vscode/code/research/tamil-music-history/songs/nMUmySghIL0_Sirai - Neelothi Video Song Vikram PrabhuL K Aksha.%(ext)s,22379864,
2026,2026-01-01,Aura 10 10 Music Video Meesaya Murukku 2 Hiphop Tamizha Ketika Sharma,I,A.R. Rahman,A.R. Rahman; Others,Vairamakrishnan,Aze7zTyIRtk,Aura 10/10 - Music Video | Meesaya Murukku 2 | Hiphop Tamizha | Ketika Sharma,141.0,Y,N,Y,/home/vscode/code/research/tamil-music-history/songs/Aze7zTyIRtk_Aura 1010 - Music Video  Meesaya Murukku 2  Hiphop.%(ext)s,21871462,
2026,2026-01-01,Full Video: Kannumuzhi Mask Vetri Maaran GV Prakash Kumar Kavin Andrea J Ruhani ,Vetri,Viswanathan Ramamoorthy,T.M. Soundararajan,Kannadasan,edVZZ2w9Bkk,Full Video: Kannumuzhi | Mask | Vetri Maaran | GV Prakash Kumar | Kavin | Andrea J |Ruhani |Vikarnan,226.0,Y,N,Y,/home/vscode/code/research/tamil-music-history/songs/edVZZ2w9Bkk_Full Video Kannumuzhi  Mask  Vetri Maaran  GV Prak.%(ext)s,21603706,
2026,2026-01-01,"Nache Nache Video Song The RajaSaab (Tamil) Prabhas, Malavika M, Nidhhi A, Riddh",I,A.R. Rahman,A.R. Rahman; Others,Vairamakrishnan,_dgF3V0KK8E,"Nache Nache - Video Song | The RajaSaab (Tamil) | Prabhas, Malavika M, Nidhhi A, Riddhi K | Thaman S",213.0,Y,N,Y,/home/vscode/code/research/tamil-music-history/songs/_dgF3V0KK8E_Nache Nache - Video Song  The RajaSaab Tamil  Prab.%(ext)s,11660819,
2026,2026-01-01,Jana Nayagan Thalapathy Kacheri Lyric Video Thalapathy Vijay H Vinoth Anirudh Po,Nayagan,Ilaiyaraaja,S.P. Balasubrahmanyam,Vaali,m8pk_gODCwM,Jana Nayagan – Thalapathy Kacheri Lyric Video| Thalapathy Vijay| H Vinoth| Anirudh| Pooja Hegde| KVN,202.0,Y,N,Y,/home/vscode/code/research/tamil-music-history/songs/m8pk_gODCwM_Jana Nayagan  Thalapathy Kacheri Lyric Video Thala.%(ext)s,10989258,
2026,2026-01-01,Marandhu Poche Video Song With Love Abishan Jeevinth Anaswara Rajan Madhan Sean ,I,A.R. Rahman,A.R. Rahman; Others,Vairamakrishnan,H0UDxfrKZY4,Marandhu Poche – Video Song | With Love | Abishan Jeevinth | Anaswara Rajan | Madhan | Sean Roldan,198.0,Y,N,Y,/home/vscode/code/research/tamil-music-history/songs/H0UDxfrKZY4_Marandhu Poche  Video Song  With Love  Abishan Jee.%(ext)s,7261223,
2026,2026-01-01,Adi Alaye Video Song Parasakthi Sivakarthikeyan Sreeleela Sudha Kongara G.V. Pra,Parasakthi,Viswanathan Ramamoorthy,T.M. Soundararajan,Kannadasan,MpkXUeZCk1Y,Adi Alaye - Video Song | Parasakthi | Sivakarthikeyan | Sreeleela | Sudha Kongara | G.V. Prakash,233.0,Y,N,Y,/home/vscode/code/research/tamil-music-history/songs/MpkXUeZCk1Y_Adi Alaye - Video Song  Parasakthi  Sivakarthikeya.%(ext)s,6044981,
2026,2026-01-01,Naanga Naalu Peru Lyric Video Karuppu Suriya RJB @SaiAbhyankkar Silambarasan TR ,I,A.R. Rahman,A.R. Rahman; Others,Vairamakrishnan,2Cf3e_G_IkQ,Naanga Naalu Peru Lyric Video | Karuppu | Suriya | RJB | @SaiAbhyankkar |Silambarasan TR|Asal Kolaar,208.0,Y,N,Y,/home/vscode/code/research/tamil-music-history/songs/2Cf3e_G_IkQ_Naanga Naalu Peru Lyric Video  Karuppu  Suriya  RJ.%(ext)s,4021812,
2026,2026-01-01,Jilpanso Music Video Youth Ken Karunaas GV Prakash,I,A.R. Rahman,A.R. Rahman; Others,Vairamakrishnan,ljDYhKzWCO4,Jilpanso Music Video | Youth | Ken Karunaas | GV Prakash,154.0,N,N,Y,/home/vscode/code/research/tamil-music-history/songs/ljDYhKzWCO4_Jilpanso Music Video  Youth  Ken Karunaas  GV Prak.%(ext)s,996994,
2026,2026-01-01,Mass Beat Mashup 2026 Trending South Hits Song 4K,I,A.R. Rahman,A.R. Rahman; Others,Vairamakrishnan,mVvURlJn2WQ,Mass Beat Mashup 2026 | Trending South Hits Song | 4K ,875.0,N,N,Y,/home/vscode/code/research/tamil-music-history/songs/mVvURlJn2WQ_Mass Beat Mashup 2026  Trending South Hits Song  4.%(ext)s,267577,
2025,2025-01-01,Monica Lyric Video COOLIE Superstar Rajinikanth Sun Pictures Lokesh Anirudh Pooj,I,A.R. Rahman,A.R. Rahman; Others,Vairamakrishnan,2qCpY38ompo,Monica - Lyric Video| COOLIE | Superstar Rajinikanth | Sun Pictures | Lokesh | Anirudh | Pooja Hegde,215.0,N,N,Y,/home/vscode/code/research/tamil-music-history/songs/2qCpY38ompo_Monica - Lyric Video COOLIE  Superstar Rajinikanth.%(ext)s,282504859,
2025,2025-01-01,"Narivetta Minnalvala Video Song Tovino Thomas, Anuraj Manohar, Jakes Bejoy, Sid ",I,A.R. Rahman,A.R. Rahman; Others,Vairamakrishnan,izbydia9jz4,"Narivetta - Minnalvala Video Song | Tovino Thomas, Anuraj Manohar, Jakes Bejoy, Sid Sriram, Sithara",229.0,Y,N,Y,/home/vscode/code/research/tamil-music-history/songs/izbydia9jz4_Narivetta - Minnalvala Video Song  Tovino Thomas A.%(ext)s,146712187,
2025,2025-01-01,Monica Video Song COOLIE Superstar Rajinikanth Sun Pictures Lokesh Anirudh Pooja,I,A.R. Rahman,A.R. Rahman; Others,Vairamakrishnan,neOasLBWoy0,Monica - Video Song | COOLIE | Superstar Rajinikanth | Sun Pictures | Lokesh | Anirudh | Pooja Hegde,186.0,N,N,Y,/home/vscode/code/research/tamil-music-history/songs/neOasLBWoy0_Monica - Video Song  COOLIE  Superstar Rajinikanth.%(ext)s,123168014,
2025,2025-01-01,Full Video: KANIMAA RETRO Suriya Karthik Subbaraj Pooja Hegde Santhosh Narayanan,I,A.R. Rahman,A.R. Rahman; Others,Vairamakrishnan,5CEXL8kfGL4,Full Video: KANIMAA - RETRO | Suriya | Karthik Subbaraj | Pooja Hegde | Santhosh Narayanan,245.0,Y,N,Y,/home/vscode/code/research/tamil-music-history/songs/5CEXL8kfGL4_Full Video KANIMAA - RETRO  Suriya  Karthik Subbar.%(ext)s,122555950,
2025,2025-01-01,"Vazhithunaiye Video Song Dragon Pradeep Ranganathan, Kayadu Ashwath Marimuthu Le",I,A.R. Rahman,A.R. Rahman; Others,Vairamakrishnan,U1JLtpJTe84,"Vazhithunaiye - Video Song | Dragon | Pradeep Ranganathan, Kayadu | Ashwath Marimuthu | Leon James",224.0,Y,N,Y,/home/vscode/code/research/tamil-music-history/songs/U1JLtpJTe84_Vazhithunaiye - Video Song  Dragon  Pradeep Rangan.%(ext)s,89776095,
2025,2025-01-01,Madai Thiranthu Hit Track Full Audio Vallavan Yogi And Natchatra New Tamil Song ,I,A.R. Rahman,A.R. Rahman; Others,Vairamakrishnan,Z1pVeBu3PII,Madai Thiranthu Hit Track | Full Audio | Vallavan | Yogi And Natchatra | New Tamil Song 2025,343.0,Y,N,Y,/home/vscode/code/research/tamil-music-history/songs/Z1pVeBu3PII_Madai Thiranthu Hit Track  Full Audio  Vallavan  Y.%(ext)s,1977576,
2024,2024-01-01,@SaiAbhyankkar Aasa Kooda (Music Video) Thejo Bharathwaj Preity Mukundhan Sai Sm,Muthalvar,M.S. Viswanathan,T.M. Soundararajan,Kannadasan,a3Ue-LN5B9U,@SaiAbhyankkar - Aasa Kooda (Music Video) | Thejo Bharathwaj | Preity Mukundhan | Sai Smriti,229.0,Y,N,Y,/home/vscode/code/research/tamil-music-history/songs/a3Ue-LN5B9U_SaiAbhyankkar - Aasa Kooda Music Video  Thejo Bhar.%(ext)s,377084241,
2024,2024-01-01,@SaiAbhyankkar Katchi Sera (Music Video) Samyuktha Ken Royson Think Indie,I,A.R. Rahman,A.R. Rahman; Others,Vairamakrishnan,VU23OPQ1Pmc,@SaiAbhyankkar - Katchi Sera (Music Video) | Samyuktha | Ken Royson | Think Indie,185.0,Y,N,Y,/home/vscode/code/research/tamil-music-history/songs/VU23OPQ1Pmc_SaiAbhyankkar - Katchi Sera Music Video  Samyuktha.%(ext)s,259561120,
2023,2023-01-01,Golden Sparrow Video Song Dhanush Priyanka Mohan Pavish Anikha GV Prakash #NEEK,I,A.R. Rahman,A.R. Rahman; Others,Vairamakrishnan,1seR_ckLXz4,Golden Sparrow - Video Song | Dhanush | Priyanka Mohan | Pavish | Anikha | GV Prakash #NEEK,258.0,N,N,Y,/home/vscode/code/research/tamil-music-history/songs/1seR_ckLXz4_Golden Sparrow - Video Song  Dhanush  Priyanka Moh.%(ext)s,275381143,
2023,2023-01-01,"Lubber Pandhu Chillanjirukkiye Video Song Harish Kalyan, Attakathi Dinesh Sean R",I,A.R. Rahman,A.R. Rahman; Others,Vairamakrishnan,dvWdFMCC1-I,"Lubber Pandhu - Chillanjirukkiye Video Song | Harish Kalyan, Attakathi Dinesh | Sean Roldan",248.0,Y,N,Y,/home/vscode/code/research/tamil-music-history/songs/dvWdFMCC1-I_Lubber Pandhu - Chillanjirukkiye Video Song  Haris.%(ext)s,121557501,
2023,2023-01-01,"Diesel Beer Song Music Video Harish Kalyan, Athulyaa Dhibu Ninan Thomas Shanmuga",I,A.R. Rahman,A.R. Rahman; Others,Vairamakrishnan,V8D5P04kZ_M,"Diesel - Beer Song Music Video | Harish Kalyan, Athulyaa | Dhibu Ninan Thomas | Shanmugam Muthusamy",218.0,Y,N,Y,/home/vscode/code/research/tamil-music-history/songs/V8D5P04kZ_M_Diesel - Beer Song Music Video  Harish Kalyan Athu.%(ext)s,78548357,
2023,2023-01-01,Adhirudha Video Song Mark Antony T.Rajendar Vishal S.J.Suryah GV Prakas Adhik S.,I,A.R. Rahman,A.R. Rahman; Others,Vairamakrishnan,pOLAtEQYGU8,Adhirudha Video Song | Mark Antony | T.Rajendar | Vishal | S.J.Suryah | GV Prakas | Adhik | S.Vinod,195.0,Y,N,Y,/home/vscode/code/research/tamil-music-history/songs/pOLAtEQYGU8_Adhirudha Video Song  Mark Antony  TRajendar  Vish.%(ext)s,36445667,
2023,2023-01-01,"En Rojaa Neeye Video Song Kushi Vijay Deverakonda, Samantha Ruth Prabhu Hesham A",Roja,A.R. Rahman,S.P. Balasubrahmanyam; K.S. Chithra,Vairamakrishnan,2m9esh3PG98,"En Rojaa Neeye - Video Song | Kushi | Vijay Deverakonda, Samantha Ruth Prabhu | Hesham Abdul Wahab",285.0,Y,N,Y,/home/vscode/code/research/tamil-music-history/songs/2m9esh3PG98_En Rojaa Neeye - Video Song  Kushi  Vijay Deverako.%(ext)s,33429823,
2023,2023-01-01,"Railin Oligal Video Blue Star Ashok Selvan, Keerthi Govind Vasantha Jaya Kumar P",I,A.R. Rahman,A.R. Rahman; Others,Vairamakrishnan,7aJNeIExVrQ,"Railin Oligal - Video | Blue Star | Ashok Selvan, Keerthi | Govind Vasantha | Jaya Kumar| Pa.Ranjith",163.0,Y,N,Y,/home/vscode/code/research/tamil-music-history/songs/7aJNeIExVrQ_Railin Oligal - Video  Blue Star  Ashok Selvan Kee.%(ext)s,22386528,
2023,2023-01-01,Jawan,Jawan,Anirudh,Anirudh,Vijay Sethupathi,8eYG5QGZAZs,,0,Y,Y,Y,/home/vscode/code/research/tamil-music-history/songs/8eYG5QGZAZs_.%(ext)s,0,
2022,2022-01-01,Mallipoo Video Song VTK HDR Silambarasan TR Gautham Vasudev Menon @ARRahman Vels,I,A.R. Rahman,A.R. Rahman; Others,Vairamakrishnan,MrzkoLKpgLU,Mallipoo Video Song | VTK | HDR | Silambarasan TR | Gautham Vasudev Menon |  @ARRahman | Vels,241.0,Y,N,Y,/home/vscode/code/research/tamil-music-history/songs/MrzkoLKpgLU_Mallipoo Video Song  VTK  HDR  Silambarasan TR  Ga.%(ext)s,203544831,
2022,2022-01-01,"Darbuka Siva, Sid Sriram Title Track Video Darbuka Siva Sid Sriram Thamarai",I,A.R. Rahman,A.R. Rahman; Others,Vairamakrishnan,ATElufr0OiE,"Darbuka Siva, Sid Sriram - Title Track Video | Darbuka Siva | Sid Sriram | Thamarai",336.0,Y,N,Y,/home/vscode/code/research/tamil-music-history/songs/ATElufr0OiE_Darbuka Siva Sid Sriram - Title Track Video  Darbu.%(ext)s,192582066,
2022,2022-01-01,Megham Karukatha Official Video Song Thiruchitrambalam Dhanush Anirudh Sun Pictu,I,A.R. Rahman,A.R. Rahman; Others,Vairamakrishnan,cEWwJxEq9Lg,Megham Karukatha - Official Video Song | Thiruchitrambalam | Dhanush | Anirudh | Sun Pictures,283.0,N,N,Y,/home/vscode/code/research/tamil-music-history/songs/cEWwJxEq9Lg_Megham Karukatha - Official Video Song  Thiruchitr.%(ext)s,174434040,
2022,2022-01-01,Full Video: Jimikki Ponnu (Tamil) Varisu Thalapathy Vijay Thaman S Vamshi Paidip,I,A.R. Rahman,A.R. Rahman; Others,Vairamakrishnan,HfMTwkVQohM,Full Video: Jimikki Ponnu (Tamil) Varisu | Thalapathy Vijay | Thaman S | Vamshi Paidipally,236.0,Y,N,Y,/home/vscode/code/research/tamil-music-history/songs/HfMTwkVQohM_Full Video Jimikki Ponnu Tamil Varisu  Thalapathy .%(ext)s,161874772,
2022,2022-01-01,JollyO Gymkhana Video Song Beast Thalapathy Vijay Pooja Hegde Sun Pictures Nelso,I,A.R. Rahman,A.R. Rahman; Others,Vairamakrishnan,PhxfspwMdww,JollyO Gymkhana - Video Song| Beast | Thalapathy Vijay | Pooja Hegde | Sun Pictures| Nelson| Anirudh,195.0,N,N,Y,/home/vscode/code/research/tamil-music-history/songs/PhxfspwMdww_JollyO Gymkhana - Video Song Beast  Thalapathy Vij.%(ext)s,110080322,
2022,2022-01-01,"Viruman Kanja Poovu Kannala Video Karthi, Aditi Shankar Yuvan Shankar Raja Mutha",I,A.R. Rahman,A.R. Rahman; Others,Vairamakrishnan,3c3sV-A8vow,"Viruman - Kanja Poovu Kannala Video | Karthi, Aditi Shankar | Yuvan Shankar Raja | Muthaiya",242.0,Y,N,Y,/home/vscode/code/research/tamil-music-history/songs/3c3sV-A8vow_Viruman - Kanja Poovu Kannala Video  Karthi Aditi .%(ext)s,70600385,
2022,2022-01-01,Kurumugil Video Song Sita Ramam (Tamil) Dulquer Mrunal Vishal Hanu Raghavapudi,I,A.R. Rahman,A.R. Rahman; Others,Vairamakrishnan,FLvxuM1_rDk,Kurumugil Video Song - Sita Ramam (Tamil) | Dulquer | Mrunal | Vishal | Hanu Raghavapudi,242.0,Y,N,Y,/home/vscode/code/research/tamil-music-history/songs/FLvxuM1_rDk_Kurumugil Video Song - Sita Ramam Tamil  Dulquer  .%(ext)s,57885662,
2022,2022-01-01,Beast,Beast,Anirudh,Anirudh,Vijay Sethupathi,m87B0ulgN64,,0,Y,Y,Y,/home/vscode/code/research/tamil-music-history/songs/m87B0ulgN64_.%(ext)s,0,
2021,2021-01-01,"Tum Tum Video Song Enemy (Tamil) Vishal,Arya Anand Shankar Vinod Kumar Thaman S",I,A.R. Rahman,A.R. Rahman; Others,Vairamakrishnan,tYSrY4iPX6w,"Tum Tum - Video Song | Enemy (Tamil) | Vishal,Arya | Anand Shankar | Vinod Kumar | Thaman S",185.0,Y,N,Y,/home/vscode/code/research/tamil-music-history/songs/tYSrY4iPX6w_Tum Tum - Video Song  Enemy Tamil  VishalArya  Ana.%(ext)s,717479665,
2021,2021-01-01,Eeswaran Mangalyam Video Song Silambarasan TR Nidhhi Agerwal Susienthiran Thaman,I,A.R. Rahman,A.R. Rahman; Others,Vairamakrishnan,r3bngwZsfMI,Eeswaran | Mangalyam Video Song | Silambarasan TR | Nidhhi Agerwal | Susienthiran | Thaman S,263.0,Y,N,Y,/home/vscode/code/research/tamil-music-history/songs/r3bngwZsfMI_Eeswaran  Mangalyam Video Song  Silambarasan TR  N.%(ext)s,264286705,
2021,2021-01-01,Kutty Pattas Music Video Ashwin Reba John Venki Santhosh Dhayanidhi Sandy,I,A.R. Rahman,A.R. Rahman; Others,Vairamakrishnan,KfUExOXxU5Q,Kutty Pattas Music Video | Ashwin | Reba John | Venki | Santhosh Dhayanidhi | Sandy,243.0,Y,N,Y,/home/vscode/code/research/tamil-music-history/songs/KfUExOXxU5Q_Kutty Pattas Music Video  Ashwin  Reba John  Venki.%(ext)s,202076266,
2021,2021-01-01,"Teddy 🧸 Nanbiye Video Song Arya, Sayyeshaa D. Imman Shakti Soundar Rajan",I,A.R. Rahman,A.R. Rahman; Others,Vairamakrishnan,6o8pxa1PJ1g,"Teddy 🧸 | Nanbiye Video Song | Arya, Sayyeshaa | D. Imman | Shakti Soundar Rajan",272.0,Y,N,Y,/home/vscode/code/research/tamil-music-history/songs/6o8pxa1PJ1g_Teddy   Nanbiye Video Song  Arya Sayyeshaa  D Imma.%(ext)s,129646161,
2021,2021-01-01,Netrikann Idhuvum Kadandhu Pogum Video Nayanthara Vignesh Shivan Girishh,I,A.R. Rahman,A.R. Rahman; Others,Vairamakrishnan,ZWuzH0fW8l0,Netrikann - Idhuvum Kadandhu Pogum Video | Nayanthara | Vignesh Shivan | Girishh,311.0,Y,N,Y,/home/vscode/code/research/tamil-music-history/songs/ZWuzH0fW8l0_Netrikann - Idhuvum Kadandhu Pogum Video  Nayantha.%(ext)s,54248287,
2020,2020-01-01,Viduthalai Part 1 Kaattumalli Video Vetri Maaran Ilaiyaraaja Soori Vijay Sethupa,Vetri,Viswanathan Ramamoorthy,T.M. Soundararajan,Kannadasan,MAa_8XwAVlA,Viduthalai Part 1 - Kaattumalli Video | Vetri Maaran | Ilaiyaraaja | Soori | Vijay Sethupathi,314.0,Y,N,Y,/home/vscode/code/research/tamil-music-history/songs/MAa_8XwAVlA_Viduthalai Part 1 - Kaattumalli Video  Vetri Maara.%(ext)s,149689758,
2020,2020-01-01,"Kaathuvaakula Rendu Kaadhal Dippam Dappam Video Vijay Sethupathi, Anirudh",Kadal Meengal,M.S. Viswanathan,T.M. Soundararajan,Kannadasan,tFX2UvkQj44,"Kaathuvaakula Rendu Kaadhal - Dippam Dappam Video | Vijay Sethupathi, Anirudh",206.0,Y,N,Y,/home/vscode/code/research/tamil-music-history/songs/tFX2UvkQj44_Kaathuvaakula Rendu Kaadhal - Dippam Dappam Video .%(ext)s,115891818,
2020,2020-01-01,Master,Master,Anirudh,Anirudh,Vijay Sethupathi,nCNqPgXDYhY,,0,Y,Y,Y,/home/vscode/code/research/tamil-music-history/songs/nCNqPgXDYhY_.%(ext)s,0,
2019,2019-01-01,Rummy Koodamela Koodavechi Video Imman Vijay Sethupathi,Muthalvar,M.S. Viswanathan,T.M. Soundararajan,Kannadasan,VpJDmKKz3yg,Rummy - Koodamela Koodavechi Video | Imman | Vijay Sethupathi,285.0,Y,N,Y,/home/vscode/code/research/tamil-music-history/songs/VpJDmKKz3yg_Rummy - Koodamela Koodavechi Video  Imman  Vijay S.%(ext)s,190173012,
2019,2019-01-01,"Mehandi Circus Kodi Aruvi Video Song Sean Roldan Ranga, Shweta Tripathi Saravana",I,A.R. Rahman,A.R. Rahman; Others,Vairamakrishnan,ABUOwTuuW94,"Mehandi Circus | Kodi Aruvi Video Song | Sean Roldan | Ranga, Shweta Tripathi | Saravana Rajendran",213.0,Y,N,Y,/home/vscode/code/research/tamil-music-history/songs/ABUOwTuuW94_Mehandi Circus  Kodi Aruvi Video Song  Sean Roldan.%(ext)s,161478877,
2019,2019-01-01,"Comali Hi Sonna Podhum Video Jayam Ravi, Samyuktha Hegde Hiphop Tamizha",I,A.R. Rahman,A.R. Rahman; Others,Vairamakrishnan,G_UEVscPspo,"Comali - Hi Sonna Podhum Video | Jayam Ravi, Samyuktha Hegde| Hiphop Tamizha",223.0,Y,N,Y,/home/vscode/code/research/tamil-music-history/songs/G_UEVscPspo_Comali - Hi Sonna Podhum Video  Jayam Ravi Samyukt.%(ext)s,71727961,
2019,2019-01-01,"Sivappu Manjal Pachai Idhudhaan Video Song G.V.Prakash Kumar, Kashmira Sasi Sidd",I,A.R. Rahman,A.R. Rahman; Others,Vairamakrishnan,7ydI06TnEJs,"Sivappu Manjal Pachai | Idhudhaan Video Song | G.V.Prakash Kumar, Kashmira | Sasi | Siddhu Kumar",191.0,Y,N,Y,/home/vscode/code/research/tamil-music-history/songs/7ydI06TnEJs_Sivappu Manjal Pachai  Idhudhaan Video Song  GVPra.%(ext)s,62014715,
2019,2019-01-01,DARBAR (Tamil) Tharam Maara Single (Video Song) Rajinikanth AR Murugadoss Anirud,I,A.R. Rahman,A.R. Rahman; Others,Vairamakrishnan,QUoJIknUk-A,DARBAR (Tamil) - Tharam Maara Single (Video Song) | Rajinikanth | AR Murugadoss | Anirudh,222.0,Y,N,Y,/home/vscode/code/research/tamil-music-history/songs/QUoJIknUk-A_DARBAR Tamil - Tharam Maara Single Video Song  Raj.%(ext)s,18644983,
2019,2019-01-01,Petta,Petta,Anirudh,Anirudh,Vijay Sethupathi,88iypMO9H7g,,0,Y,Y,Y,/home/vscode/code/research/tamil-music-history/songs/88iypMO9H7g_.%(ext)s,0,
2018,2018-01-01,NGK Anbae Peranbae Video Suriya Yuvan Shankar Raja Selvaraghavan,I,A.R. Rahman,A.R. Rahman; Others,Vairamakrishnan,N_iW0VC3IdI,NGK - Anbae Peranbae Video | Suriya | Yuvan Shankar Raja | Selvaraghavan,260.0,Y,N,Y,/home/vscode/code/research/tamil-music-history/songs/N_iW0VC3IdI_NGK - Anbae Peranbae Video  Suriya  Yuvan Shankar .%(ext)s,196303797,
2018,2018-01-01,Kanaa Othaiyadi Pathayila Video Arunraja Kamaraj Dhibu Ninan Thomas,I,A.R. Rahman,A.R. Rahman; Others,Vairamakrishnan,qP8e7lFdEho,Kanaa - Othaiyadi Pathayila Video | Arunraja Kamaraj | Dhibu Ninan Thomas,254.0,Y,N,Y,/home/vscode/code/research/tamil-music-history/songs/qP8e7lFdEho_Kanaa - Othaiyadi Pathayila Video  Arunraja Kamara.%(ext)s,176094976,
2018,2018-01-01,"Oh My Kadavule Kadhaippoma Video Ashok Selvan, Ritika Singh Leon James",I,A.R. Rahman,A.R. Rahman; Others,Vairamakrishnan,DScFlfN9vDk,"Oh My Kadavule - Kadhaippoma Video | Ashok Selvan, Ritika Singh | Leon James",235.0,Y,N,Y,/home/vscode/code/research/tamil-music-history/songs/DScFlfN9vDk_Oh My Kadavule - Kadhaippoma Video  Ashok Selvan R.%(ext)s,114278412,
2018,2018-01-01,"Imaikkaa Nodigal Vilambara Idaiveli Video Song Hiphop Tamizha Atharvaa, Raashi K",I,A.R. Rahman,A.R. Rahman; Others,Vairamakrishnan,dsrku40uZMc,"Imaikkaa Nodigal | Vilambara Idaiveli Video Song | Hiphop Tamizha | Atharvaa, Raashi Khanna",283.0,Y,N,Y,/home/vscode/code/research/tamil-music-history/songs/dsrku40uZMc_Imaikkaa Nodigal  Vilambara Idaiveli Video Song  H.%(ext)s,97683225,
2018,2018-01-01,Ullaallaa Official Video (Tamil) Petta Video Songs Rajinikanth Anirudh Ravichand,I,A.R. Rahman,A.R. Rahman; Others,Vairamakrishnan,oLgzs8nut3A,Ullaallaa Official Video (Tamil) | Petta Video Songs | Rajinikanth | Anirudh Ravichander,252.0,Y,N,Y,/home/vscode/code/research/tamil-music-history/songs/oLgzs8nut3A_Ullaallaa Official Video Tamil  Petta Video Songs .%(ext)s,73083669,
2018,2018-01-01,"Sarkar OMG Ponnu Song Video (Tamil) Thalapathy Vijay, Keerthy Suresh @ARRahman",I,A.R. Rahman,A.R. Rahman; Others,Vairamakrishnan,kBc4CvJKpEE,"Sarkar  - OMG Ponnu Song Video (Tamil) | Thalapathy Vijay, Keerthy Suresh | @ARRahman",231.0,Y,N,Y,/home/vscode/code/research/tamil-music-history/songs/kBc4CvJKpEE_Sarkar  - OMG Ponnu Song Video Tamil  Thalapathy V.%(ext)s,59439346,
2018,2018-01-01,"Petta Ilamai Thirumbudhe Official Video (Tamil) Rajinikanth, Simran Anirudh Ravi",I,A.R. Rahman,A.R. Rahman; Others,Vairamakrishnan,TKeU1bLlAcc,"Petta - Ilamai Thirumbudhe Official Video (Tamil) | Rajinikanth, Simran | Anirudh Ravichander",222.0,Y,N,Y,/home/vscode/code/research/tamil-music-history/songs/TKeU1bLlAcc_Petta - Ilamai Thirumbudhe Official Video Tamil  R.%(ext)s,45330266,
2018,2018-01-01,"Kadaikutty Singam Adivellakkaara Velaayi Video Tamil Video Karthi, Sayyeshaa D. ",I,A.R. Rahman,A.R. Rahman; Others,Vairamakrishnan,ay92dzwAHZc,"Kadaikutty Singam - Adivellakkaara Velaayi Video | Tamil Video | Karthi, Sayyeshaa | D. Imman",174.0,Y,N,Y,/home/vscode/code/research/tamil-music-history/songs/ay92dzwAHZc_Kadaikutty Singam - Adivellakkaara Velaayi Video  .%(ext)s,21251886,
2018,2018-01-01,U Turn The Karma Theme (Tamil) Samantha Anirudh Ravichander,I,A.R. Rahman,A.R. Rahman; Others,Vairamakrishnan,pnWvZCAvv9Y,U Turn - The Karma Theme (Tamil) - Samantha | Anirudh Ravichander,202.0,Y,N,Y,/home/vscode/code/research/tamil-music-history/songs/pnWvZCAvv9Y_U Turn - The Karma Theme Tamil - Samantha  Anirudh.%(ext)s,9111492,
2017,2017-01-01,Thaanaa Serndha Koottam Sodakku Tamil Video Suriya Anirudh l Keerthi Suresh,I,A.R. Rahman,A.R. Rahman; Others,Vairamakrishnan,pn6M7_L1JbQ,Thaanaa Serndha Koottam - Sodakku Tamil Video | Suriya | Anirudh l Keerthi Suresh,239.0,Y,N,Y,/home/vscode/code/research/tamil-music-history/songs/pn6M7_L1JbQ_Thaanaa Serndha Koottam - Sodakku Tamil Video  Sur.%(ext)s,116396537,
2017,2017-01-01,"Mersal Maacho Tamil Video Vijay, Kajal Aggarwal A.R. Rahman",I,A.R. Rahman,A.R. Rahman; Others,Vairamakrishnan,MmvpbLdaIRs,"Mersal - Maacho Tamil Video | Vijay, Kajal Aggarwal | A.R. Rahman",187.0,Y,N,Y,/home/vscode/code/research/tamil-music-history/songs/MmvpbLdaIRs_Mersal - Maacho Tamil Video  Vijay Kajal Aggarwal .%(ext)s,116017821,
2017,2017-01-01,"Vikram Vedha Songs Yaanji Video Song R. Madhavan, Vijay Sethupathi Sam C.S Aniru",I,A.R. Rahman,A.R. Rahman; Others,Vairamakrishnan,Y3-PeuQ7nvY,"Vikram Vedha Songs | Yaanji Video Song | R. Madhavan, Vijay Sethupathi | Sam C.S | Anirudh",207.0,Y,N,Y,/home/vscode/code/research/tamil-music-history/songs/Y3-PeuQ7nvY_Vikram Vedha Songs  Yaanji Video Song  R Madhavan .%(ext)s,108959291,
2017,2017-01-01,"Maragatha Naanayam Nee Kavithaigala Song with Lyrics Aadhi, Nikki Galrani Dhibu ",I,A.R. Rahman,A.R. Rahman; Others,Vairamakrishnan,pVkDZueTBpY,"Maragatha Naanayam | Nee Kavithaigala Song with Lyrics | Aadhi, Nikki Galrani | Dhibu Ninan Thomas",286.0,Y,N,Y,/home/vscode/code/research/tamil-music-history/songs/pVkDZueTBpY_Maragatha Naanayam  Nee Kavithaigala Song with Lyr.%(ext)s,89227284,
2017,2017-01-01,Mersal Mersal Arasan Tamil Video Vijay A.R. Rahman,I,A.R. Rahman,A.R. Rahman; Others,Vairamakrishnan,Wxqu1eVJ4Vs,Mersal - Mersal Arasan Tamil Video | Vijay | A.R. Rahman,258.0,Y,N,Y,/home/vscode/code/research/tamil-music-history/songs/Wxqu1eVJ4Vs_Mersal - Mersal Arasan Tamil Video  Vijay  AR Rahm.%(ext)s,72031258,
2017,2017-01-01,"Bogan Senthoora Video Jayam Ravi, Hansika Imman Latest Tamil Hit 2017",I,A.R. Rahman,A.R. Rahman; Others,Vairamakrishnan,P6z1zU3UxWU,"Bogan - Senthoora Video | Jayam Ravi, Hansika | Imman | Latest Tamil Hit 2017",262.0,Y,N,Y,/home/vscode/code/research/tamil-music-history/songs/P6z1zU3UxWU_Bogan - Senthoora Video  Jayam Ravi Hansika  Imman.%(ext)s,59961587,
2017,2017-01-01,"Velaikkaran Karuthavanlaam Galeejaam Video Sivakarthikeyan, Nayanthara Anirudh",I,A.R. Rahman,A.R. Rahman; Others,Vairamakrishnan,es-5OLRrUf8,"Velaikkaran - Karuthavanlaam Galeejaam Video | Sivakarthikeyan, Nayanthara | Anirudh",199.0,Y,N,Y,/home/vscode/code/research/tamil-music-history/songs/es-5OLRrUf8_Velaikkaran - Karuthavanlaam Galeejaam Video  Siva.%(ext)s,58195214,
2017,2017-01-01,Thaanaa Serndha Koottam Sodakku Tamil Lyric Suriya Anirudh l Vignesh ShivN,I,A.R. Rahman,A.R. Rahman; Others,Vairamakrishnan,ZVx_ELdttg8,Thaanaa Serndha Koottam - Sodakku Tamil Lyric | Suriya | Anirudh l Vignesh ShivN,240.0,Y,N,Y,/home/vscode/code/research/tamil-music-history/songs/ZVx_ELdttg8_Thaanaa Serndha Koottam - Sodakku Tamil Lyric  Sur.%(ext)s,57159167,
2017,2017-01-01,"Mersal Neethanae Tamil Lyric Video Vijay, Samantha A R Rahman Atlee",I,A.R. Rahman,A.R. Rahman; Others,Vairamakrishnan,jCafZht8yMA,"Mersal - Neethanae Tamil Lyric Video | Vijay, Samantha | A R Rahman | Atlee",273.0,Y,N,Y,/home/vscode/code/research/tamil-music-history/songs/jCafZht8yMA_Mersal - Neethanae Tamil Lyric Video  Vijay Samant.%(ext)s,55704803,
2017,2017-01-01,"Sema Songs Sandalee Video Song G.V. Prakash Kumar, Arthana Binu Valliganth Pandi",I,A.R. Rahman,A.R. Rahman; Others,Vairamakrishnan,Q-A62p6sJ5E,"Sema Songs | Sandalee Video Song | G.V. Prakash Kumar, Arthana Binu | Valliganth | Pandiraj",261.0,Y,N,Y,/home/vscode/code/research/tamil-music-history/songs/Q-A62p6sJ5E_Sema Songs  Sandalee Video Song  GV Prakash Kumar .%(ext)s,48745282,
2017,2017-01-01,Saravanan Irukka Bayamaen Lalaa Kadai Saanthi Video Imman Super Hit Song,I,A.R. Rahman,A.R. Rahman; Others,Vairamakrishnan,D3O6nOrI5Ug,Saravanan Irukka Bayamaen - Lalaa Kadai Saanthi Video | Imman | Super Hit Song,307.0,Y,N,Y,/home/vscode/code/research/tamil-music-history/songs/D3O6nOrI5Ug_Saravanan Irukka Bayamaen - Lalaa Kadai Saanthi Vi.%(ext)s,43517292,
2017,2017-01-01,Mattikkiten Official Video Song Padaiveeran Karthik Raja Vijay Yesudas Dhana,I,A.R. Rahman,A.R. Rahman; Others,Vairamakrishnan,n1RDN_KBTOY,Mattikkiten - Official Video Song | Padaiveeran | Karthik Raja | Vijay Yesudas | Dhana,173.0,N,N,Y,/home/vscode/code/research/tamil-music-history/songs/n1RDN_KBTOY_Mattikkiten - Official Video Song  Padaiveeran  Ka.%(ext)s,36355561,
2017,2017-01-01,"Meesaya Murukku Songs Enna Nadanthalum Video Song Hiphop Tamizha, Aathmika, Vive",I,A.R. Rahman,A.R. Rahman; Others,Vairamakrishnan,iG7wrYO0IX0,"Meesaya Murukku Songs | Enna Nadanthalum Video Song | Hiphop Tamizha, Aathmika, Vivek",135.0,Y,N,Y,/home/vscode/code/research/tamil-music-history/songs/iG7wrYO0IX0_Meesaya Murukku Songs  Enna Nadanthalum Video Song.%(ext)s,15739338,
2016,2016-01-01,Manithan Aval Video Udhayanidhi Santhosh Narayanan,I,A.R. Rahman,A.R. Rahman; Others,Vairamakrishnan,My_S68DAAPg,Manithan - Aval Video | Udhayanidhi | Santhosh Narayanan,236.0,Y,N,Y,/home/vscode/code/research/tamil-music-history/songs/My_S68DAAPg_Manithan - Aval Video  Udhayanidhi  Santhosh Naray.%(ext)s,109357321,
2016,2016-01-01,Konji Pesida Venaam Video Song Sethupathi Vijay Sethupathi Remya Nambeesan Nivas,I,A.R. Rahman,A.R. Rahman; Others,Vairamakrishnan,foi_2Id7uaw,Konji Pesida Venaam Video Song | Sethupathi | Vijay Sethupathi | Remya Nambeesan | Nivas K Prasanna,225.0,Y,N,Y,/home/vscode/code/research/tamil-music-history/songs/foi_2Id7uaw_Konji Pesida Venaam Video Song  Sethupathi  Vijay .%(ext)s,69935225,
2016,2016-01-01,Remo Sirikkadhey Video Song Sivakarthikeyan Anirudh Ravichander Keerthi Suresh,I,A.R. Rahman,A.R. Rahman; Others,Vairamakrishnan,BQE2hrC_gFo,Remo - Sirikkadhey Video Song | Sivakarthikeyan | Anirudh Ravichander |Keerthi Suresh,154.0,Y,N,Y,/home/vscode/code/research/tamil-music-history/songs/BQE2hrC_gFo_Remo - Sirikkadhey Video Song  Sivakarthikeyan  An.%(ext)s,69684139,
2016,2016-01-01,"Iru Mugan Halena Video Vikram, Nayanthara Harris Jayaraj Super Hit Song",I,A.R. Rahman,A.R. Rahman; Others,Vairamakrishnan,GWH_k6S7YQU,"Iru Mugan - Halena Video | Vikram, Nayanthara | Harris Jayaraj | Super Hit Song",266.0,Y,N,Y,/home/vscode/code/research/tamil-music-history/songs/GWH_k6S7YQU_Iru Mugan - Halena Video  Vikram Nayanthara  Harri.%(ext)s,59875629,
2016,2016-01-01,Naan Un Video Song 24 Tamil Movie Suriya Samantha Nithya Menen A.R. Rahman Vikra,I,A.R. Rahman,A.R. Rahman; Others,Vairamakrishnan,jRDCWQP7rjI,Naan Un - Video Song | 24 Tamil Movie | Suriya | Samantha | Nithya Menen | A.R. Rahman | Vikram K,286.0,Y,N,Y,/home/vscode/code/research/tamil-music-history/songs/jRDCWQP7rjI_Naan Un - Video Song  24 Tamil Movie  Suriya  Sama.%(ext)s,54760512,
2016,2016-01-01,Iraivi Kadhal Kappal Video S. J. Surya Santhosh Narayanan,I,A.R. Rahman,A.R. Rahman; Others,Vairamakrishnan,JZa7U91EflE,Iraivi - Kadhal Kappal Video | S. J. Surya | Santhosh Narayanan,168.0,Y,N,Y,/home/vscode/code/research/tamil-music-history/songs/JZa7U91EflE_Iraivi - Kadhal Kappal Video  S J Surya  Santhosh .%(ext)s,38905056,
2016,2016-01-01,"Kodi Sirukki Vaasam Tamil Video Dhanush, Trisha Santhosh Narayanan",I,A.R. Rahman,A.R. Rahman; Others,Vairamakrishnan,zqQz-cLEumo,"Kodi - Sirukki Vaasam Tamil Video | Dhanush, Trisha | Santhosh Narayanan",238.0,Y,N,Y,/home/vscode/code/research/tamil-music-history/songs/zqQz-cLEumo_Kodi - Sirukki Vaasam Tamil Video  Dhanush Trisha .%(ext)s,35816682,
2016,2016-01-01,Uyire Un Uyirena Video Song Zero Ashwin Sshivada Anirudh Nivas K Prasanna Kabila,I,A.R. Rahman,A.R. Rahman; Others,Vairamakrishnan,NRiF7j6BcnA,Uyire Un Uyirena Video Song | Zero | Ashwin | Sshivada | Anirudh | Nivas K Prasanna | Kabilan,292.0,Y,N,Y,/home/vscode/code/research/tamil-music-history/songs/NRiF7j6BcnA_Uyire Un Uyirena Video Song  Zero  Ashwin  Sshivad.%(ext)s,28068822,
2016,2016-01-01,"Kodi Sirukki Vaasam Tamil Lyric Dhanush, Trisha Santhosh Narayanan",I,A.R. Rahman,A.R. Rahman; Others,Vairamakrishnan,O4OqlkXC4PQ,"Kodi - Sirukki Vaasam Tamil Lyric | Dhanush, Trisha | Santhosh Narayanan",279.0,Y,N,Y,/home/vscode/code/research/tamil-music-history/songs/O4OqlkXC4PQ_Kodi - Sirukki Vaasam Tamil Lyric  Dhanush Trisha .%(ext)s,23306349,
2016,2016-01-01,Yappa Chappa Video Song Kanithan Atharvaa Catherine Tresa Anirudh Drums Sivamani,I,A.R. Rahman,A.R. Rahman; Others,Vairamakrishnan,ffIUZb8ThuQ,Yappa Chappa Video Song | Kanithan | Atharvaa | Catherine Tresa | Anirudh | Drums Sivamani,220.0,Y,N,Y,/home/vscode/code/research/tamil-music-history/songs/ffIUZb8ThuQ_Yappa Chappa Video Song  Kanithan  Atharvaa  Cathe.%(ext)s,15728346,
2016,2016-01-01,Wagah Yedho Maayam Saeigirai Tamil Video Vikram Prabhu D. Imman,I,A.R. Rahman,A.R. Rahman; Others,Vairamakrishnan,VTmmVEBu6Gs,Wagah - Yedho Maayam Saeigirai Tamil Video  | Vikram Prabhu | D. Imman,297.0,Y,N,Y,/home/vscode/code/research/tamil-music-history/songs/VTmmVEBu6Gs_Wagah - Yedho Maayam Saeigirai Tamil Video   Vikra.%(ext)s,15314176,
2016,2016-01-01,Mei Nigara Video Song 24 Tamil Movie Suriya Samantha Sid Sriram Jonita Gandhi A.,I,A.R. Rahman,A.R. Rahman; Others,Vairamakrishnan,PBPQhR9YrgY,Mei Nigara - Video Song | 24 Tamil Movie | Suriya | Samantha | Sid Sriram|Jonita Gandhi| A.R. Rahman,268.0,Y,N,Y,/home/vscode/code/research/tamil-music-history/songs/PBPQhR9YrgY_Mei Nigara - Video Song  24 Tamil Movie  Suriya  S.%(ext)s,13636174,
2016,2016-01-01,"Maruthu Othasada Rosa Video Vishal, Sri Divya D. Imman",I,A.R. Rahman,A.R. Rahman; Others,Vairamakrishnan,tAPV93uPcAg,"Maruthu - Othasada Rosa Video | Vishal, Sri Divya | D. Imman",283.0,Y,N,Y,/home/vscode/code/research/tamil-music-history/songs/tAPV93uPcAg_Maruthu - Othasada Rosa Video  Vishal Sri Divya  D.%(ext)s,9797400,
2016,2016-01-01,Theri,Theri,Anirudh,Anirudh,Vijay Sethupathi,Yh_W3SlFC8s,,0,Y,Y,Y,/home/vscode/code/research/tamil-music-history/songs/Yh_W3SlFC8s_.%(ext)s,0,
2015,2015-01-01,"Thani Oruvan Kannala Kannala Video Jayam Ravi, Nayanthara Hip Hop Tamizha",I,A.R. Rahman,A.R. Rahman; Others,Vairamakrishnan,iHagLitT-nI,"Thani Oruvan - Kannala Kannala Video | Jayam Ravi, Nayanthara | Hip Hop Tamizha",208.0,Y,N,Y,/home/vscode/code/research/tamil-music-history/songs/iHagLitT-nI_Thani Oruvan - Kannala Kannala Video  Jayam Ravi N.%(ext)s,146522204,
2015,2015-01-01,Vedalam Aaluma Doluma Video Ajith Anirudh Ravichander,I,A.R. Rahman,A.R. Rahman; Others,Vairamakrishnan,2ogKpj5QuSY,Vedalam - Aaluma Doluma Video | Ajith | Anirudh Ravichander,207.0,Y,N,Y,/home/vscode/code/research/tamil-music-history/songs/2ogKpj5QuSY_Vedalam - Aaluma Doluma Video  Ajith  Anirudh Ravi.%(ext)s,146074777,
2015,2015-01-01,"Oru Naal Koothu Songs Adiyae Azhagae Video Song Dinesh, Nivetha Pethuraj Justin ",I,A.R. Rahman,A.R. Rahman; Others,Vairamakrishnan,SDAMyv1hbCo,"Oru Naal Koothu Songs | Adiyae Azhagae Video Song | Dinesh, Nivetha Pethuraj | Justin Prabhakaran",313.0,Y,N,Y,/home/vscode/code/research/tamil-music-history/songs/SDAMyv1hbCo_Oru Naal Koothu Songs  Adiyae Azhagae Video Song  .%(ext)s,101375391,
2015,2015-01-01,Chandi Veeran Tamil Movie Alunguraen Kulunguraen Video Song Atharvaa Murali Tren,I,A.R. Rahman,A.R. Rahman; Others,Vairamakrishnan,7CAAM_x-zJE,Chandi Veeran | Tamil Movie | Alunguraen Kulunguraen | Video Song | Atharvaa Murali | TrendMusic,249.0,Y,N,Y,/home/vscode/code/research/tamil-music-history/songs/7CAAM_x-zJE_Chandi Veeran  Tamil Movie  Alunguraen Kulunguraen.%(ext)s,83128431,
2015,2015-01-01,Naan Aval Illai Video Song Masss Suriya Pranitha Subhash Yuvan Shankar Raja Venk,I,A.R. Rahman,A.R. Rahman; Others,Vairamakrishnan,qOTEK-VsYI0,Naan Aval Illai - Video Song | Masss | Suriya |Pranitha Subhash | Yuvan Shankar Raja | Venkat Prabhu,266.0,Y,N,Y,/home/vscode/code/research/tamil-music-history/songs/qOTEK-VsYI0_Naan Aval Illai - Video Song  Masss  Suriya Pranit.%(ext)s,50474118,
2015,2015-01-01,"Thani Oruvan Kadhal Cricket Video Jayam Ravi, Nayanthara Hip Hop Tamizha",I,A.R. Rahman,A.R. Rahman; Others,Vairamakrishnan,xzxr6fxdI_E,"Thani Oruvan - Kadhal Cricket Video | Jayam Ravi, Nayanthara | Hip Hop Tamizha",165.0,Y,N,Y,/home/vscode/code/research/tamil-music-history/songs/xzxr6fxdI_E_Thani Oruvan - Kadhal Cricket Video  Jayam Ravi Na.%(ext)s,46851488,
2015,2015-01-01,"Gethu Thillu Mullu Video Udhayanidhi Stalin, Amy Jackson Harris Jayaraj",Thillu Mullu,Ilaiyaraaja,S.P. Balasubrahmanyam,Vaali,FDfMOamaUNM,"Gethu - Thillu Mullu Video | Udhayanidhi Stalin, Amy Jackson | Harris Jayaraj",230.0,Y,N,Y,/home/vscode/code/research/tamil-music-history/songs/FDfMOamaUNM_Gethu - Thillu Mullu Video  Udhayanidhi Stalin Amy.%(ext)s,9986320,
2015,2015-01-01,Thangamagan Tak Bak Video Anirudh Ravichander Dhanush,I,A.R. Rahman,A.R. Rahman; Others,Vairamakrishnan,Zl7B70EQeVo,Thangamagan - Tak Bak Video | Anirudh Ravichander | Dhanush,151.0,Y,N,Y,/home/vscode/code/research/tamil-music-history/songs/Zl7B70EQeVo_Thangamagan - Tak Bak Video  Anirudh Ravichander  .%(ext)s,4604843,
2014,2014-01-01,Kaththi,Kaththi,Anirudh,Anirudh,Vijay Sethupathi,xZ92nnR1Pt8,Selfie Pulla - Video Song | Kaththi | Vijay | Samantha | Anirudh Ravichander | A. R. Murugadoss,302,Y,Y,Y,/home/vscode/code/research/tamil-music-history/songs/xZ92nnR1Pt8_Selfie Pulla - Video Song  Kaththi  Vijay  Samanth.%(ext)s,195238542,
2014,2014-01-01,Yaan Aathangara Orathil Video Jiiva Harris Jayaraj Super Hit Tamil Song,I,A.R. Rahman,A.R. Rahman; Others,Vairamakrishnan,-cUSV8MCOLY,Yaan - Aathangara Orathil Video | Jiiva | Harris Jayaraj | Super Hit Tamil Song,261.0,Y,N,Y,/home/vscode/code/research/tamil-music-history/songs/-cUSV8MCOLY_Yaan - Aathangara Orathil Video  Jiiva  Harris Jay.%(ext)s,166017737,
2014,2014-01-01,En Kannu Kulla Video Song Appuchi Graamam Vishal Chandrasekhar Vi.Anand,I,A.R. Rahman,A.R. Rahman; Others,Vairamakrishnan,Zllqm2zHmpA,En Kannu Kulla - Video Song | Appuchi Graamam | Vishal Chandrasekhar | Vi.Anand,230.0,Y,N,Y,/home/vscode/code/research/tamil-music-history/songs/Zllqm2zHmpA_En Kannu Kulla - Video Song  Appuchi Graamam  Vish.%(ext)s,110893178,
2014,2014-01-01,Aathi Video Song Kaththi Vijay Samantha Ruth Prabhu Anirudh Ravichander A.R.Muru,I,A.R. Rahman,A.R. Rahman; Others,Vairamakrishnan,YQ6ShcAU_dQ,Aathi - Video Song | Kaththi | Vijay | Samantha Ruth Prabhu | Anirudh Ravichander | A.R.Murugadoss,277.0,Y,N,Y,/home/vscode/code/research/tamil-music-history/songs/YQ6ShcAU_dQ_Aathi - Video Song  Kaththi  Vijay  Samantha Ruth .%(ext)s,94242414,
2014,2014-01-01,"Thegidi Songs Vinmeen Video Song Ashok Selvan, Janani Iyer Nivas K Prasanna",I,A.R. Rahman,A.R. Rahman; Others,Vairamakrishnan,Ro59iCBNBdI,"Thegidi Songs | Vinmeen Video Song | Ashok Selvan, Janani Iyer | Nivas K Prasanna",243.0,Y,N,Y,/home/vscode/code/research/tamil-music-history/songs/Ro59iCBNBdI_Thegidi Songs  Vinmeen Video Song  Ashok Selvan Ja.%(ext)s,76462440,
2014,2014-01-01,"I Mersalaayitten Video A.R. Rahman Vikram, Amy Jackson Shankar",I,A.R. Rahman,A.R. Rahman; Others,Vairamakrishnan,uI_ug1H6u0k,"I - Mersalaayitten Video | A.R. Rahman | Vikram, Amy Jackson | Shankar",290.0,Y,N,Y,/home/vscode/code/research/tamil-music-history/songs/uI_ug1H6u0k_I - Mersalaayitten Video  AR Rahman  Vikram Amy Ja.%(ext)s,75047982,
2014,2014-01-01,Yennai Arindhaal Adhaaru Adhaaru Video Ajith Harris Jayaraj Gautham Menon,I,A.R. Rahman,A.R. Rahman; Others,Vairamakrishnan,misuAYV7Z2s,Yennai Arindhaal - Adhaaru Adhaaru Video | Ajith| Harris Jayaraj | Gautham Menon,260.0,Y,N,Y,/home/vscode/code/research/tamil-music-history/songs/misuAYV7Z2s_Yennai Arindhaal - Adhaaru Adhaaru Video  Ajith Ha.%(ext)s,73426941,
2014,2014-01-01,"Thalaivaa Yaar Indha Saalai Oram Video Vijay, Amala Paul G.V. Prakash Kumar",I,A.R. Rahman,A.R. Rahman; Others,Vairamakrishnan,NOeMYlFuEmk,"Thalaivaa - Yaar Indha Saalai Oram Video | Vijay, Amala Paul | G.V. Prakash Kumar",305.0,Y,N,Y,/home/vscode/code/research/tamil-music-history/songs/NOeMYlFuEmk_Thalaivaa - Yaar Indha Saalai Oram Video  Vijay Am.%(ext)s,63614656,
2014,2014-01-01,"Ithu Kathirvelan Kadhal Anbe Anbe Video Udhayanidhi Stalin, Nayanthara",Mouna Ragam,Ilaiyaraaja,S. Janaki,Vaali,nobCEU0GVGE,"Ithu Kathirvelan Kadhal - Anbe Anbe Video | Udhayanidhi Stalin, Nayanthara",282.0,Y,N,Y,/home/vscode/code/research/tamil-music-history/songs/nobCEU0GVGE_Ithu Kathirvelan Kadhal - Anbe Anbe Video  Udhayan.%(ext)s,58073573,
2014,2014-01-01,Anegan Roja Kadale Video Dhanush Harris Jayaraj,Roja,A.R. Rahman,S.P. Balasubrahmanyam; K.S. Chithra,Vairamakrishnan,9iX4HQeW1aM,Anegan - Roja Kadale Video | Dhanush | Harris Jayaraj,295.0,Y,N,Y,/home/vscode/code/research/tamil-music-history/songs/9iX4HQeW1aM_Anegan - Roja Kadale Video  Dhanush  Harris Jayara.%(ext)s,53454032,
2014,2014-01-01,Maan Karate Un Vizhigalil Video Anirudh Sivakarthikeyan,I,A.R. Rahman,A.R. Rahman; Others,Vairamakrishnan,8T7WQrcyE9s,Maan Karate - Un Vizhigalil Video | Anirudh | Sivakarthikeyan,212.0,Y,N,Y,/home/vscode/code/research/tamil-music-history/songs/8T7WQrcyE9s_Maan Karate - Un Vizhigalil Video  Anirudh  Sivaka.%(ext)s,47103939,
2014,2014-01-01,"Nannbenda Oorellaam Unnai Kandu Video Udhayanidhi Stalin, Nayanthara",Nallavanukku Nallavan,Ilaiyaraaja,S.P. Balasubrahmanyam,Vaali,3KbWbT7P-Dw,"Nannbenda - Oorellaam Unnai Kandu Video | Udhayanidhi Stalin, Nayanthara",204.0,Y,N,Y,/home/vscode/code/research/tamil-music-history/songs/3KbWbT7P-Dw_Nannbenda - Oorellaam Unnai Kandu Video  Udhayanid.%(ext)s,28872744,
2014,2014-01-01,Sigaram Thodu Pidikkudhae Video Vikram Prabhu D. Imman,I,A.R. Rahman,A.R. Rahman; Others,Vairamakrishnan,jLg8-kLnV-c,Sigaram Thodu - Pidikkudhae Video | Vikram Prabhu | D. Imman,263.0,Y,N,Y,/home/vscode/code/research/tamil-music-history/songs/jLg8-kLnV-c_Sigaram Thodu - Pidikkudhae Video  Vikram Prabhu  .%(ext)s,17792797,
2014,2014-01-01,Kaaviyathalaivan Yaarumilla Video Song A.R.Rahman Siddharth Vedhika,I,A.R. Rahman,A.R. Rahman; Others,Vairamakrishnan,7nIZ5hLru80,Kaaviyathalaivan - Yaarumilla Video Song | A.R.Rahman | Siddharth | Vedhika,274.0,Y,N,Y,/home/vscode/code/research/tamil-music-history/songs/7nIZ5hLru80_Kaaviyathalaivan - Yaarumilla Video Song  ARRahman.%(ext)s,8571116,
2014,2014-01-01,En Mannavva Video Song Lingaa Rajinikanth Anushka Shetty A. R. Rahman K. S. Ravi,I,A.R. Rahman,A.R. Rahman; Others,Vairamakrishnan,enyNoqR4so4,En Mannavva - Video Song | Lingaa | Rajinikanth | Anushka Shetty | A. R. Rahman | K. S. Ravikumar,287.0,Y,N,Y,/home/vscode/code/research/tamil-music-history/songs/enyNoqR4so4_En Mannavva - Video Song  Lingaa  Rajinikanth  Anu.%(ext)s,7987391,
2014,2014-01-01,"Kaaviyathalaivan Aye Mr. Minor Video A.R.Rahman Siddharth, Prithviraj",I,A.R. Rahman,A.R. Rahman; Others,Vairamakrishnan,gUcSm8A-bgE,"Kaaviyathalaivan - Aye Mr. Minor Video | A.R.Rahman | Siddharth, Prithviraj",286.0,Y,N,Y,/home/vscode/code/research/tamil-music-history/songs/gUcSm8A-bgE_Kaaviyathalaivan - Aye Mr Minor Video  ARRahman  S.%(ext)s,4943046,
2013,2013-01-01,Mascara Pottu Video Song Salim Vijay Antony Supriya joshi மஸ்காரா சலீம் Tamil HD,I,A.R. Rahman,A.R. Rahman; Others,Vairamakrishnan,AIClmChJ_wQ,Mascara Pottu | Video Song | Salim | Vijay Antony | Supriya joshi | மஸ்காரா | சலீம் | Tamil |HD Song,295.0,Y,N,Y,/home/vscode/code/research/tamil-music-history/songs/AIClmChJ_wQ_Mascara Pottu  Video Song  Salim  Vijay Antony  Su.%(ext)s,98157349,
2013,2013-01-01,"Madha Yaanai Koottam Kona Kondakari Video Kathir, Oviya",I,A.R. Rahman,A.R. Rahman; Others,Vairamakrishnan,ovYSmZj85Es,"Madha Yaanai Koottam - Kona Kondakari Video | Kathir, Oviya",238.0,Y,N,Y,/home/vscode/code/research/tamil-music-history/songs/ovYSmZj85Es_Madha Yaanai Koottam - Kona Kondakari Video  Kathi.%(ext)s,72622463,
2013,2013-01-01,Varuthapadatha Vaalibar Sangam Paakaadhae Paakaadhae Video D.Imman Sivakarthikey,I,A.R. Rahman,A.R. Rahman; Others,Vairamakrishnan,Cs5o0Uh2pFk,"Varuthapadatha Vaalibar Sangam - Paakaadhae Paakaadhae Video | D.Imman | Sivakarthikeyan, Sridivya",262.0,Y,N,Y,/home/vscode/code/research/tamil-music-history/songs/Cs5o0Uh2pFk_Varuthapadatha Vaalibar Sangam - Paakaadhae Paakaa.%(ext)s,49567526,
2013,2013-01-01,Pattatthu Yaanai Enna Oru Enna Oru Video Vishal SS Thaman,I,A.R. Rahman,A.R. Rahman; Others,Vairamakrishnan,-jgsZO-iOfA,Pattatthu Yaanai - Enna Oru Enna Oru Video | Vishal | SS Thaman,223.0,Y,N,Y,/home/vscode/code/research/tamil-music-history/songs/-jgsZO-iOfA_Pattatthu Yaanai - Enna Oru Enna Oru Video  Vishal.%(ext)s,48492285,
2013,2013-01-01,Kaadhal Ennulle Official Video Song Neram (Tamil) Nivin Pauly Nazriya Nazim Alph,Kadal Meengal,M.S. Viswanathan,T.M. Soundararajan,Kannadasan,bFew8mgQJ9o,Kaadhal Ennulle Official Video Song | Neram (Tamil) | Nivin Pauly | Nazriya Nazim | Alphonse Puthren,292.0,Y,N,Y,/home/vscode/code/research/tamil-music-history/songs/bFew8mgQJ9o_Kaadhal Ennulle Official Video Song  Neram Tamil  .%(ext)s,34256264,
2013,2013-01-01,"Vanakkam Chennai Osaka Osaka Video Song Shiva, Priya Anand Anirudh Ravichander",I,A.R. Rahman,A.R. Rahman; Others,Vairamakrishnan,Ml5smnK5Taw,"Vanakkam Chennai - Osaka Osaka Video Song | Shiva, Priya Anand | Anirudh Ravichander",251.0,Y,N,Y,/home/vscode/code/research/tamil-music-history/songs/Ml5smnK5Taw_Vanakkam Chennai - Osaka Osaka Video Song  Shiva P.%(ext)s,33571211,
2013,2013-01-01,"Kodi Ei Suzhali Tamil Video Dhanush, Trisha Santhosh Narayanan",I,A.R. Rahman,A.R. Rahman; Others,Vairamakrishnan,daZ2pecUubQ,"Kodi - Ei Suzhali Tamil Video | Dhanush, Trisha | Santhosh Narayanan",196.0,Y,N,Y,/home/vscode/code/research/tamil-music-history/songs/daZ2pecUubQ_Kodi - Ei Suzhali Tamil Video  Dhanush Trisha  San.%(ext)s,31447947,
2013,2013-01-01,"Settai Edhathan Kandutte Video Arya, Hansika S. Thaman",I,A.R. Rahman,A.R. Rahman; Others,Vairamakrishnan,cNbvenSJYA8,"Settai - Edhathan Kandutte Video | Arya, Hansika | S. Thaman",156.0,Y,N,Y,/home/vscode/code/research/tamil-music-history/songs/cNbvenSJYA8_Settai - Edhathan Kandutte Video  Arya Hansika  S .%(ext)s,31304519,
2013,2013-01-01,"Varuthapadatha Vaalibar Sangam Oodhaa Kalaru Video Song Sivakarthikeyan, Sridivy",I,A.R. Rahman,A.R. Rahman; Others,Vairamakrishnan,5_Q9NaBq1RE,"Varuthapadatha Vaalibar Sangam - Oodhaa Kalaru Video Song | Sivakarthikeyan, Sridivya | D. Imman",276.0,Y,N,Y,/home/vscode/code/research/tamil-music-history/songs/5_Q9NaBq1RE_Varuthapadatha Vaalibar Sangam - Oodhaa Kalaru Vid.%(ext)s,27450683,
2013,2013-01-01,Maryan Kadal Raasa Naan Full Video,Maryan,A.R. Rahman,Jey; Others,Vairamakrishnan,Wq-S2FQAh_w,Maryan - Kadal Raasa Naan Full Video,197.0,Y,N,Y,/home/vscode/code/research/tamil-music-history/songs/Wq-S2FQAh_w_Maryan - Kadal Raasa Naan Full Video.%(ext)s,19225950,
2013,2013-01-01,Ambikapathy Ambikapathy Tamil Song Dhanush A. R. Rahman,I,A.R. Rahman,A.R. Rahman; Others,Vairamakrishnan,t4vXTMgnD1I,Ambikapathy - Ambikapathy Tamil Song | Dhanush | A. R. Rahman,253.0,Y,N,Y,/home/vscode/code/research/tamil-music-history/songs/t4vXTMgnD1I_Ambikapathy - Ambikapathy Tamil Song  Dhanush  A R.%(ext)s,17727810,
2013,2013-01-01,"Ivan Vera Mathiri Enna Marandhaen Video Vikram Prabhu, Surabhi C. Sathya",I,A.R. Rahman,A.R. Rahman; Others,Vairamakrishnan,GeWdQfiNgzQ,"Ivan Vera Mathiri - Enna Marandhaen Video | Vikram Prabhu, Surabhi | C. Sathya",243.0,Y,N,Y,/home/vscode/code/research/tamil-music-history/songs/GeWdQfiNgzQ_Ivan Vera Mathiri - Enna Marandhaen Video  Vikram .%(ext)s,16698322,
2013,2013-01-01,Desingu Raja Oru Ora Ora Parvai Song Imman,I,A.R. Rahman,A.R. Rahman; Others,Vairamakrishnan,M9w-ZzOvTV8,Desingu Raja - Oru Ora Ora Parvai Song | Imman,289.0,Y,N,Y,/home/vscode/code/research/tamil-music-history/songs/M9w-ZzOvTV8_Desingu Raja - Oru Ora Ora Parvai Song  Imman.%(ext)s,15856624,
2013,2013-01-01,"Thamirabarani Official Video Song Nedunchalai Featuring Aari, Shivada Nair",I,A.R. Rahman,A.R. Rahman; Others,Vairamakrishnan,TzjBojWZORU,"Thamirabarani Official Video Song - Nedunchalai | Featuring Aari, Shivada Nair",282.0,Y,N,Y,/home/vscode/code/research/tamil-music-history/songs/TzjBojWZORU_Thamirabarani Official Video Song - Nedunchalai  F.%(ext)s,13963359,
2013,2013-01-01,"En Veetula Video Song Idharkuthaane Aasaipattai Balakumara Vijay Sethupathy, Ash",I,A.R. Rahman,A.R. Rahman; Others,Vairamakrishnan,p3ae5Iw91yM,"En Veetula Video Song | Idharkuthaane Aasaipattai Balakumara | Vijay Sethupathy, Ashwin",158.0,Y,N,Y,/home/vscode/code/research/tamil-music-history/songs/p3ae5Iw91yM_En Veetula Video Song  Idharkuthaane Aasaipattai B.%(ext)s,13129923,
2013,2013-01-01,Unnai Kanda Naal Video Salim Vijay Antony Tamil HD Songs,I,A.R. Rahman,A.R. Rahman; Others,Vairamakrishnan,nSuy6ucSJ4E,Unnai Kanda Naal - Video | Salim | Vijay Antony | Tamil | HD Songs,279.0,Y,N,Y,/home/vscode/code/research/tamil-music-history/songs/nSuy6ucSJ4E_Unnai Kanda Naal - Video  Salim  Vijay Antony  Tam.%(ext)s,13080059,
2013,2013-01-01,"Ivan Vera Mathiri Lovulla Video Vikram Prabhu, Surabhi C. Sathya",I,A.R. Rahman,A.R. Rahman; Others,Vairamakrishnan,8--zzejtWoM,"Ivan Vera Mathiri - Lovulla Video | Vikram Prabhu, Surabhi | C. Sathya",225.0,Y,N,Y,/home/vscode/code/research/tamil-music-history/songs/8--zzejtWoM_Ivan Vera Mathiri - Lovulla Video  Vikram Prabhu S.%(ext)s,9839820,
2013,2013-01-01,Kedi Billa Killadi Ranga Sudasuda Video Sivakarthikeyan,I,A.R. Rahman,A.R. Rahman; Others,Vairamakrishnan,OXr4FihKktc,Kedi Billa Killadi Ranga - Sudasuda Video | Sivakarthikeyan,262.0,Y,N,Y,/home/vscode/code/research/tamil-music-history/songs/OXr4FihKktc_Kedi Billa Killadi Ranga - Sudasuda Video  Sivakar.%(ext)s,8135489,
2013,2013-01-01,'ONNAM CLASS' Full Song in HD ALEXPANDIAN,I,A.R. Rahman,A.R. Rahman; Others,Vairamakrishnan,aXAI4QTvk2k,'ONNAM CLASS' Full Song in HD - ALEXPANDIAN,223.0,N,N,Y,/home/vscode/code/research/tamil-music-history/songs/aXAI4QTvk2k_ONNAM CLASS Full Song in HD - ALEXPANDIAN.%(ext)s,5386713,
2013,2013-01-01,Maryan Sonapareeya Tamil Lyric A.R. Rahman Dhanush,Maryan,A.R. Rahman,Jey; Others,Vairamakrishnan,05VpS1L5_hc,Maryan - Sonapareeya Tamil Lyric | A.R. Rahman | Dhanush,251.0,Y,N,Y,/home/vscode/code/research/tamil-music-history/songs/05VpS1L5_hc_Maryan - Sonapareeya Tamil Lyric  AR Rahman  Dhanu.%(ext)s,2974878,
2013,2013-01-01,Jingunamani Song Jilla Tamil Songs Vijay Mohanlal Kajal Aggarwal Imman Star Musi,I,A.R. Rahman,A.R. Rahman; Others,Vairamakrishnan,8kKReFhsTaY,Jingunamani Song - Jilla Tamil Songs | Vijay | Mohanlal | Kajal Aggarwal | Imman |  Star Music Spot,259.0,Y,N,Y,/home/vscode/code/research/tamil-music-history/songs/8kKReFhsTaY_Jingunamani Song - Jilla Tamil Songs  Vijay  Mohan.%(ext)s,625607,
2012,2012-01-01,"Ethir Neechal Velicha Poove Video Sivakarthikeyan, Priya",I,A.R. Rahman,A.R. Rahman; Others,Vairamakrishnan,TkK5fwk5uRU,"Ethir Neechal - Velicha Poove Video | Sivakarthikeyan, Priya",241.0,Y,N,Y,/home/vscode/code/research/tamil-music-history/songs/TkK5fwk5uRU_Ethir Neechal - Velicha Poove Video  Sivakarthikey.%(ext)s,67194054,
2012,2012-01-01,"Samar Azhagho Azhaghu Video Vishal, Trisha",I,A.R. Rahman,A.R. Rahman; Others,Vairamakrishnan,-jWAJtnunZs,"Samar - Azhagho Azhaghu Video | Vishal, Trisha",228.0,Y,N,Y,/home/vscode/code/research/tamil-music-history/songs/-jWAJtnunZs_Samar - Azhagho Azhaghu Video  Vishal Trisha.%(ext)s,47515941,
2012,2012-01-01,"Kumki Nee Yeppo Pulla Video Vikram Prabhu, Lakshmi Menon D. Imman",I,A.R. Rahman,A.R. Rahman; Others,Vairamakrishnan,ttDT1GlM4Z8,"Kumki - Nee Yeppo Pulla Video | Vikram Prabhu, Lakshmi Menon | D. Imman",232.0,Y,N,Y,/home/vscode/code/research/tamil-music-history/songs/ttDT1GlM4Z8_Kumki - Nee Yeppo Pulla Video  Vikram Prabhu Laksh.%(ext)s,42585325,
2012,2012-01-01,"Ethir Neechal Nijamellam Video Song Sivakarthikeyan, Priya Anirudh Ravichander",I,A.R. Rahman,A.R. Rahman; Others,Vairamakrishnan,lc_Oc5tolEU,"Ethir Neechal - Nijamellam Video Song | Sivakarthikeyan, Priya | Anirudh Ravichander",165.0,Y,N,Y,/home/vscode/code/research/tamil-music-history/songs/lc_Oc5tolEU_Ethir Neechal - Nijamellam Video Song  Sivakarthik.%(ext)s,42099766,
2012,2012-01-01,"Engeyum Kaadhal Lolita Video Jayam Ravi, Hansika Harris",Kadal Meengal,M.S. Viswanathan,T.M. Soundararajan,Kannadasan,NM600z8McII,"Engeyum Kaadhal - Lolita Video | Jayam Ravi, Hansika | Harris",292.0,Y,N,Y,/home/vscode/code/research/tamil-music-history/songs/NM600z8McII_Engeyum Kaadhal - Lolita Video  Jayam Ravi Hansika.%(ext)s,33098278,
2012,2012-01-01,Kadal Moongil Thottam Video A.R. Rahman,Kadal,A.R. Rahman,Mohan; Others,Vairamakrishnan,EQ783EHQkng,Kadal - Moongil Thottam Video | A.R. Rahman,277.0,Y,N,Y,/home/vscode/code/research/tamil-music-history/songs/EQ783EHQkng_Kadal - Moongil Thottam Video  AR Rahman.%(ext)s,32918665,
2012,2012-01-01,"Kumki Onnum Puriyala Video Vikram Prabhu, Lakshmi Menon D. Imman",I,A.R. Rahman,A.R. Rahman; Others,Vairamakrishnan,aSpl3a8Kt00,"Kumki - Onnum Puriyala Video | Vikram Prabhu, Lakshmi Menon | D. Imman",247.0,Y,N,Y,/home/vscode/code/research/tamil-music-history/songs/aSpl3a8Kt00_Kumki - Onnum Puriyala Video  Vikram Prabhu Lakshm.%(ext)s,28994724,
2012,2012-01-01,"Maattrraan Kaal Mulaitha Poovae Video Suriya, Kajal Agarwal",I,A.R. Rahman,A.R. Rahman; Others,Vairamakrishnan,ELZEqFqgvHQ,"Maattrraan - Kaal Mulaitha Poovae Video | Suriya, Kajal Agarwal",298.0,Y,N,Y,/home/vscode/code/research/tamil-music-history/songs/ELZEqFqgvHQ_Maattrraan - Kaal Mulaitha Poovae Video  Suriya Ka.%(ext)s,20212006,
2012,2012-01-01,Saattai Adi Raangi Video Imman,I,A.R. Rahman,A.R. Rahman; Others,Vairamakrishnan,PxeWnxEK_Ok,Saattai - Adi Raangi Video | Imman,219.0,Y,N,Y,/home/vscode/code/research/tamil-music-history/songs/PxeWnxEK_Ok_Saattai - Adi Raangi Video  Imman.%(ext)s,16271008,
2012,2012-01-01,வெளிச்ச பூவே வெளிச்ச பூவே தமிழ் பாடல்வரிகள் சிவகார்த்திகேயன்,,,,,Zr6TMhjBbWk,வெளிச்ச பூவே - வெளிச்ச பூவே தமிழ் பாடல்வரிகள் | சிவகார்த்திகேயன்,244.0,Y,N,Y,/home/vscode/code/research/tamil-music-history/songs/Zr6TMhjBbWk_வளசச பவ - வளசச பவ தமழ படலவரகள  சவகரததகயன.%(ext)s,13875859,
2012,2012-01-01,"Vetadu Ventadu Andham Andham Video Vishal, Trisha",I,A.R. Rahman,A.R. Rahman; Others,Vairamakrishnan,EHd_3S-c0Ps,"Vetadu Ventadu - Andham Andham Video | Vishal, Trisha",228.0,Y,N,Y,/home/vscode/code/research/tamil-music-history/songs/EHd_3S-c0Ps_Vetadu Ventadu - Andham Andham Video  Vishal Trish.%(ext)s,13106846,
2012,2012-01-01,Oru Kal Oru Kannadi Akila Akila Video Harris Jayaraj Udhayanidhi Stalin,I,A.R. Rahman,A.R. Rahman; Others,Vairamakrishnan,80DbzJ4RCPI,Oru Kal Oru Kannadi - Akila Akila Video | Harris Jayaraj | Udhayanidhi Stalin,239.0,Y,N,Y,/home/vscode/code/research/tamil-music-history/songs/80DbzJ4RCPI_Oru Kal Oru Kannadi - Akila Akila Video  Harris Ja.%(ext)s,11525284,
2012,2012-01-01,Kadal Magudi Magudi Video A.R. Rahman,Kadal,A.R. Rahman,Mohan; Others,Vairamakrishnan,_6vQwbJMGxs,Kadal - Magudi Magudi Video | A.R. Rahman,219.0,Y,N,Y,/home/vscode/code/research/tamil-music-history/songs/_6vQwbJMGxs_Kadal - Magudi Magudi Video  AR Rahman.%(ext)s,6401692,
2012,2012-01-01,Kaal Mulaitha Poove 4K Video Song Maattrraan Movie Tamil Suriya Kajal Agarwal Ha,I,A.R. Rahman,A.R. Rahman; Others,Vairamakrishnan,J1Nlw2A5qfU,Kaal Mulaitha Poove 4K Video Song | Maattrraan Movie Tamil | Suriya | Kajal Agarwal | Harris Jayaraj,298.0,Y,N,Y,/home/vscode/code/research/tamil-music-history/songs/J1Nlw2A5qfU_Kaal Mulaitha Poove 4K Video Song  Maattrraan Movi.%(ext)s,728530,
2011,2011-01-01,Why This Kolaveri Di,3,Anirudh,Anirudh,Dhanush,YR12Z8f1Dh8,3 - Why This Kolaveri Di Official Video | Dhanush | Anirudh Ravichander | Shruti Haasan,249,Y,Y,Y,/home/vscode/code/research/tamil-music-history/songs/YR12Z8f1Dh8_3 - Why This Kolaveri Di Official Video  Dhanush  .%(ext)s,581400530,
2011,2011-01-01,"3 Idhazhin Oram Video Dhanush, Shruti Anirudh",I,A.R. Rahman,A.R. Rahman; Others,Vairamakrishnan,lZORMUufA_Y,"3 - Idhazhin Oram Video | Dhanush, Shruti | Anirudh",196.0,Y,N,Y,/home/vscode/code/research/tamil-music-history/songs/lZORMUufA_Y_3 - Idhazhin Oram Video  Dhanush Shruti  Anirudh.%(ext)s,155188433,
2011,2011-01-01,"Venghai Yenna Solla Pore Video Dhanush, Tamannah DSP",I,A.R. Rahman,A.R. Rahman; Others,Vairamakrishnan,LPGGO_QoUU8,"Venghai - Yenna Solla Pore Video | Dhanush, Tamannah | DSP",248.0,Y,N,Y,/home/vscode/code/research/tamil-music-history/songs/LPGGO_QoUU8_Venghai - Yenna Solla Pore Video  Dhanush Tamannah.%(ext)s,65405820,
2011,2011-01-01,"Ko Amali Thumali Video Jiiva, Karthika Harris",I,A.R. Rahman,A.R. Rahman; Others,Vairamakrishnan,8IQXqcdhlLA,"Ko - Amali Thumali Video | Jiiva, Karthika | Harris",308.0,Y,N,Y,/home/vscode/code/research/tamil-music-history/songs/8IQXqcdhlLA_Ko - Amali Thumali Video  Jiiva Karthika  Harris.%(ext)s,46867184,
2011,2011-01-01,"7 Aum Arivu Mun Andhi Video Suriya, Shruti Harris Jayaraj",I,A.R. Rahman,A.R. Rahman; Others,Vairamakrishnan,7fFFbFp8nOg,"7 Aum Arivu - Mun Andhi Video | Suriya, Shruti | Harris Jayaraj",359.0,Y,N,Y,/home/vscode/code/research/tamil-music-history/songs/7fFFbFp8nOg_7 Aum Arivu - Mun Andhi Video  Suriya Shruti  Harr.%(ext)s,45946768,
2011,2011-01-01,"Kazhugoo Aathadi Manasudhan Video Krishna, Bindhu Yuvan",I,A.R. Rahman,A.R. Rahman; Others,Vairamakrishnan,vw1YxqeOvHU,"Kazhugoo - Aathadi Manasudhan Video | Krishna, Bindhu | Yuvan",286.0,Y,N,Y,/home/vscode/code/research/tamil-music-history/songs/vw1YxqeOvHU_Kazhugoo - Aathadi Manasudhan Video  Krishna Bindh.%(ext)s,32781105,
2011,2011-01-01,Muthada Chammak Challo (Ra One) Full Video Song Tamil Version,I,A.R. Rahman,A.R. Rahman; Others,Vairamakrishnan,tRAqidSJJIY,Muthada Chammak Challo (Ra One) - Full Video Song Tamil Version,221.0,Y,N,Y,/home/vscode/code/research/tamil-music-history/songs/tRAqidSJJIY_Muthada Chammak Challo Ra One - Full Video Song Ta.%(ext)s,30063007,
2011,2011-01-01,"Venghai Pudikale Pudikudhu Video Dhanush, Tamannah DSP",I,A.R. Rahman,A.R. Rahman; Others,Vairamakrishnan,jkjbyol43U8,"Venghai - Pudikale Pudikudhu Video | Dhanush, Tamannah | DSP",244.0,Y,N,Y,/home/vscode/code/research/tamil-music-history/songs/jkjbyol43U8_Venghai - Pudikale Pudikudhu Video  Dhanush Tamann.%(ext)s,20327615,
2011,2011-01-01,Kulla Nari Kootam Vizhigalile Tamil Video Viishnu VIishal,I,A.R. Rahman,A.R. Rahman; Others,Vairamakrishnan,93cGwdghkvM,Kulla Nari Kootam - Vizhigalile Tamil Video | Viishnu VIishal,238.0,Y,N,Y,/home/vscode/code/research/tamil-music-history/songs/93cGwdghkvM_Kulla Nari Kootam - Vizhigalile Tamil Video  Viish.%(ext)s,11017242,
2011,2011-01-01,"Mankatha Balle Lakka Video Ajith, Trisha Yuvan",I,A.R. Rahman,A.R. Rahman; Others,Vairamakrishnan,r7MlejG7WsI,"Mankatha - Balle Lakka Video | Ajith, Trisha | Yuvan",214.0,Y,N,Y,/home/vscode/code/research/tamil-music-history/songs/r7MlejG7WsI_Mankatha - Balle Lakka Video  Ajith Trisha  Yuvan.%(ext)s,7867631,
2011,2011-01-01,"Avan Ivan Rasathi Tamil Video Yuvanshankar Raja Vishal, Arya",I,A.R. Rahman,A.R. Rahman; Others,Vairamakrishnan,6lphR5vPrnU,"Avan Ivan - Rasathi Tamil Video | Yuvanshankar Raja |Vishal, Arya",143.0,Y,N,Y,/home/vscode/code/research/tamil-music-history/songs/6lphR5vPrnU_Avan Ivan - Rasathi Tamil Video  Yuvanshankar Raja.%(ext)s,7730936,
2011,2011-01-01,"Vandhaan Vendraan Anjana Anjana Tamil Video Jiiva, Taapsee",I,A.R. Rahman,A.R. Rahman; Others,Vairamakrishnan,aTmCZC_28uI,"Vandhaan Vendraan - Anjana Anjana Tamil Video | Jiiva, Taapsee",253.0,Y,N,Y,/home/vscode/code/research/tamil-music-history/songs/aTmCZC_28uI_Vandhaan Vendraan - Anjana Anjana Tamil Video  Jii.%(ext)s,2955792,
2011,2011-01-01,"Vandhaan Vendraan Kanchana Mala Tamil Video Jiiva, Taapsee",I,A.R. Rahman,A.R. Rahman; Others,Vairamakrishnan,koDshbx58yU,"Vandhaan Vendraan - Kanchana Mala Tamil Video | Jiiva, Taapsee",236.0,Y,N,Y,/home/vscode/code/research/tamil-music-history/songs/koDshbx58yU_Vandhaan Vendraan - Kanchana Mala Tamil Video  Jii.%(ext)s,1337609,
2010,2010-01-01,கோ என்னமோ ஏதோ தமிழ் பாடல்வரிகள் ஜீவா,,,,,9hbe7-E8xqI,கோ - என்னமோ ஏதோ தமிழ் பாடல்வரிகள் |ஜீவா,318.0,Y,N,Y,/home/vscode/code/research/tamil-music-history/songs/9hbe7-E8xqI_க - எனனம ஏத தமழ படலவரகள ஜவ.%(ext)s,44161306,
2010,2010-01-01,Enthiran,Enthiran,A.R. Rahman,S. Janaki,Vairamuthu,E21CJi7R9JM,Kilimanjaro Official Video Song | Enthiran | Rajinikanth | Aishwarya Rai | A.R.Rahman,317,Y,Y,Y,/home/vscode/code/research/tamil-music-history/songs/E21CJi7R9JM_Kilimanjaro Official Video Song  Enthiran  Rajinik.%(ext)s,41940855,
2010,2010-01-01,Aadukalam Otha Sollaala Tamil Lyric Video Dhanush G.V. Prakash Kumar,I,A.R. Rahman,A.R. Rahman; Others,Vairamakrishnan,FNLrzbv0Vdg,Aadukalam - Otha Sollaala Tamil Lyric Video | Dhanush | G.V. Prakash Kumar,243.0,Y,N,Y,/home/vscode/code/research/tamil-music-history/songs/FNLrzbv0Vdg_Aadukalam - Otha Sollaala Tamil Lyric Video  Dhanu.%(ext)s,33253339,
2010,2010-01-01,Yuvanshankar Raja Goa Idhu Varai Video,I,A.R. Rahman,A.R. Rahman; Others,Vairamakrishnan,_-pdljs3KJA,Yuvanshankar Raja | Goa - Idhu Varai Video,290.0,Y,N,Y,/home/vscode/code/research/tamil-music-history/songs/_-pdljs3KJA_Yuvanshankar Raja  Goa - Idhu Varai Video.%(ext)s,30573859,
2010,2010-01-01,Iragai Poley Official Video Song Naan Mahaan Alla Karthi Kajal Aggarwal Yuvan Sh,I,A.R. Rahman,A.R. Rahman; Others,Vairamakrishnan,LhrFFOz3ZEA,Iragai Poley Official Video Song | Naan Mahaan Alla | Karthi | Kajal Aggarwal | Yuvan Shankar Raja,296.0,Y,N,Y,/home/vscode/code/research/tamil-music-history/songs/LhrFFOz3ZEA_Iragai Poley Official Video Song  Naan Mahaan Alla.%(ext)s,20280167,
2010,2010-01-01,"Osthe Neduvaali Tamil Video STR, Thaman",I,A.R. Rahman,A.R. Rahman; Others,Vairamakrishnan,19CdwdItB3o,"Osthe - Neduvaali Tamil Video | STR, Thaman",248.0,Y,N,Y,/home/vscode/code/research/tamil-music-history/songs/19CdwdItB3o_Osthe - Neduvaali Tamil Video  STR Thaman.%(ext)s,18986338,
2010,2010-01-01,Va Va Nilava Official Video Song Naan Mahaan Alla Karthi Kajal Aggarwal Yuvan Sh,I,A.R. Rahman,A.R. Rahman; Others,Vairamakrishnan,uSmng_rewMM,Va Va Nilava Official Video Song | Naan Mahaan Alla | Karthi | Kajal Aggarwal | Yuvan Shankar Raja,268.0,Y,N,Y,/home/vscode/code/research/tamil-music-history/songs/uSmng_rewMM_Va Va Nilava Official Video Song  Naan Mahaan Alla.%(ext)s,9194399,
2010,2010-01-01,Baana Thaakkuthe Kan Thaakkuthe Video Yuvanshankar Raja,I,A.R. Rahman,A.R. Rahman; Others,Vairamakrishnan,LPWBMVviJ78,Baana - Thaakkuthe Kan Thaakkuthe Video | Yuvanshankar Raja,234.0,Y,N,Y,/home/vscode/code/research/tamil-music-history/songs/LPWBMVviJ78_Baana - Thaakkuthe Kan Thaakkuthe Video  Yuvanshan.%(ext)s,5751560,
2010,2010-01-01,Ayyanar Aathadi Aathadi Video SS Thaman,I,A.R. Rahman,A.R. Rahman; Others,Vairamakrishnan,iz8mFge1cQ8,Ayyanar - Aathadi Aathadi Video | SS Thaman,241.0,Y,N,Y,/home/vscode/code/research/tamil-music-history/songs/iz8mFge1cQ8_Ayyanar - Aathadi Aathadi Video  SS Thaman.%(ext)s,3180059,
2009,2009-01-01,"Vettaikaaran Chinna Thamarai Video Song Vijay, Anushka Vijay Antony",I,A.R. Rahman,A.R. Rahman; Others,Vairamakrishnan,aQvurkWZHQw,"Vettaikaaran - Chinna Thamarai Video Song | Vijay, Anushka | Vijay Antony",268.0,Y,N,Y,/home/vscode/code/research/tamil-music-history/songs/aQvurkWZHQw_Vettaikaaran - Chinna Thamarai Video Song  Vijay A.%(ext)s,67291173,
2009,2009-01-01,Ninaithale Inikkum Pia.. Pia.. Video Vijay Antony,I,A.R. Rahman,A.R. Rahman; Others,Vairamakrishnan,97o5LirQZMM,Ninaithale Inikkum - Pia.. Pia.. Video | Vijay Antony,245.0,Y,N,Y,/home/vscode/code/research/tamil-music-history/songs/97o5LirQZMM_Ninaithale Inikkum - Pia Pia Video  Vijay Antony.%(ext)s,59278552,
2009,2009-01-01,"Un Mela Aasadhaan Video Karthi G.V. Prakash Kumar Dhanush Andrea, Reema Sen",I,A.R. Rahman,A.R. Rahman; Others,Vairamakrishnan,QvMXKP1awYM,"Un Mela Aasadhaan Video | Karthi | G.V. Prakash Kumar | Dhanush | Andrea, Reema Sen",217.0,Y,N,Y,/home/vscode/code/research/tamil-music-history/songs/QvMXKP1awYM_Un Mela Aasadhaan Video  Karthi  GV Prakash Kumar .%(ext)s,59149734,
2009,2009-01-01,Theeratha Vilayattu Pillai En Jannal Vandha Video Yuvanshankar Raja Vishal,I,A.R. Rahman,A.R. Rahman; Others,Vairamakrishnan,bLbfmYgYEK0,Theeratha Vilayattu Pillai - En Jannal Vandha Video | Yuvanshankar Raja | Vishal,267.0,Y,N,Y,/home/vscode/code/research/tamil-music-history/songs/bLbfmYgYEK0_Theeratha Vilayattu Pillai - En Jannal Vandha Vide.%(ext)s,56168094,
2009,2009-01-01,Ninaithale Inikkum Azhagaai Pookkuthey Video Vijay Antony,I,A.R. Rahman,A.R. Rahman; Others,Vairamakrishnan,NU4PVB5f_Uk,Ninaithale Inikkum - Azhagaai Pookkuthey Video | Vijay Antony,278.0,Y,N,Y,/home/vscode/code/research/tamil-music-history/songs/NU4PVB5f_Uk_Ninaithale Inikkum - Azhagaai Pookkuthey Video  Vi.%(ext)s,46732486,
2009,2009-01-01,Kungumapoovum Konjumpuraavum Chinnan Sirisu Video Yuvanshankar,I,A.R. Rahman,A.R. Rahman; Others,Vairamakrishnan,C-aeAUmP40M,Kungumapoovum Konjumpuraavum - Chinnan Sirisu Video | Yuvanshankar,292.0,Y,N,Y,/home/vscode/code/research/tamil-music-history/songs/C-aeAUmP40M_Kungumapoovum Konjumpuraavum - Chinnan Sirisu Vide.%(ext)s,28853708,
2009,2009-01-01,"Paiya Poongatre Poongatre Video Karthi, Tamannah Yuvan Shankar Raja",I,A.R. Rahman,A.R. Rahman; Others,Vairamakrishnan,pbGTuJiC7bI,"Paiya - Poongatre Poongatre Video | Karthi, Tamannah | Yuvan Shankar Raja",219.0,Y,N,Y,/home/vscode/code/research/tamil-music-history/songs/pbGTuJiC7bI_Paiya - Poongatre Poongatre Video  Karthi Tamannah.%(ext)s,26852636,
2009,2009-01-01,Thoranai Vaa Chellam Video Mani Sharma,I,A.R. Rahman,A.R. Rahman; Others,Vairamakrishnan,npkluExcaAY,Thoranai - Vaa Chellam Video | Mani Sharma,291.0,Y,N,Y,/home/vscode/code/research/tamil-music-history/songs/npkluExcaAY_Thoranai - Vaa Chellam Video  Mani Sharma.%(ext)s,20796622,
2009,2009-01-01,Kanden Kadhalai Suthudhu Suthudhu Video Vidyasagar,I,A.R. Rahman,A.R. Rahman; Others,Vairamakrishnan,zuykicDAdso,Kanden Kadhalai - Suthudhu Suthudhu Video | Vidyasagar,243.0,Y,N,Y,/home/vscode/code/research/tamil-music-history/songs/zuykicDAdso_Kanden Kadhalai - Suthudhu Suthudhu Video  Vidyasa.%(ext)s,17304686,
2009,2009-01-01,"Masilamani Dora Dora Video Nakul, Sunaina D. Imman",I,A.R. Rahman,A.R. Rahman; Others,Vairamakrishnan,68r6TsQLUbs,"Masilamani - Dora Dora Video | Nakul, Sunaina | D. Imman",276.0,Y,N,Y,/home/vscode/code/research/tamil-music-history/songs/68r6TsQLUbs_Masilamani - Dora Dora Video  Nakul Sunaina  D Imm.%(ext)s,8539157,
2009,2009-01-01,Renigunta Mazhai Peyyum Video Ganesh Raghavendran,I,A.R. Rahman,A.R. Rahman; Others,Vairamakrishnan,F_BwkqecacQ,Renigunta - Mazhai Peyyum Video | Ganesh Raghavendran,334.0,Y,N,Y,/home/vscode/code/research/tamil-music-history/songs/F_BwkqecacQ_Renigunta - Mazhai Peyyum Video  Ganesh Raghavendr.%(ext)s,6115576,
2009,2009-01-01,Mazhaiye Mazhaiye Eeram 2009 Tamil HD Video Song 1080P Bluray,I,A.R. Rahman,A.R. Rahman; Others,Vairamakrishnan,yhXC9ZFYlqY,Mazhaiye Mazhaiye Eeram 2009 Tamil HD Video Song 1080P Bluray,247.0,N,N,Y,/home/vscode/code/research/tamil-music-history/songs/yhXC9ZFYlqY_Mazhaiye Mazhaiye Eeram 2009 Tamil HD Video Song 1.%(ext)s,3940579,
2009,2009-01-01,Kanden Kadhalai Venpanju Video Vidyasagar,I,A.R. Rahman,A.R. Rahman; Others,Vairamakrishnan,e_GJHaYTiQ8,Kanden Kadhalai - Venpanju Video | Vidyasagar,280.0,Y,N,Y,/home/vscode/code/research/tamil-music-history/songs/e_GJHaYTiQ8_Kanden Kadhalai - Venpanju Video  Vidyasagar.%(ext)s,3642053,
2009,2009-01-01,Kungumapoovum Konjumpuraavum Chinnan Sirisu Tamil Lyric Yuvanshankar Raja,I,A.R. Rahman,A.R. Rahman; Others,Vairamakrishnan,KWROK2DM5WA,Kungumapoovum Konjumpuraavum - Chinnan Sirisu Tamil Lyric | Yuvanshankar Raja,305.0,Y,N,Y,/home/vscode/code/research/tamil-music-history/songs/KWROK2DM5WA_Kungumapoovum Konjumpuraavum - Chinnan Sirisu Tami.%(ext)s,2406564,
2008,2008-01-01,June Ponal July Katre Song Lyrics Unnale Unnale Harris Jayaraj Arun Krish Harini,I,A.R. Rahman,A.R. Rahman; Others,Vairamakrishnan,uJaT10y6V20,June Ponal July Katre Song Lyrics | Unnale Unnale | Harris Jayaraj | Arun | Krish | Harini |Jeeva,358.0,Y,N,Y,/home/vscode/code/research/tamil-music-history/songs/uJaT10y6V20_June Ponal July Katre Song Lyrics  Unnale Unnale  .%(ext)s,76817332,
2008,2008-01-01,Vaaranam Aayiram Adiyae Kolluthey Video Harris Jayaraj Suriya,I,A.R. Rahman,A.R. Rahman; Others,Vairamakrishnan,oNTOpHEpGiA,Vaaranam Aayiram - Adiyae Kolluthey Video | Harris Jayaraj | Suriya,302.0,Y,N,Y,/home/vscode/code/research/tamil-music-history/songs/oNTOpHEpGiA_Vaaranam Aayiram - Adiyae Kolluthey Video  Harris .%(ext)s,53960082,
2008,2008-01-01,"Silambattam Machaan Machaan Video Song STR, Sneha Yuvanshankar Raja",I,A.R. Rahman,A.R. Rahman; Others,Vairamakrishnan,Hhpf53iyj04,"Silambattam - Machaan Machaan Video Song | STR, Sneha | Yuvanshankar Raja",225.0,Y,N,Y,/home/vscode/code/research/tamil-music-history/songs/Hhpf53iyj04_Silambattam - Machaan Machaan Video Song  STR Sneh.%(ext)s,41791747,
2008,2008-01-01,"Pazhani Thiruvaroor Therae Video Bharath, Kajal Agarwal Srikanth Deva",I,A.R. Rahman,A.R. Rahman; Others,Vairamakrishnan,jKAWcPoniJo,"Pazhani - Thiruvaroor Therae Video | Bharath, Kajal Agarwal | Srikanth Deva",299.0,Y,N,Y,/home/vscode/code/research/tamil-music-history/songs/jKAWcPoniJo_Pazhani - Thiruvaroor Therae Video  Bharath Kajal .%(ext)s,35724025,
2008,2008-01-01,Raman Thediya Seethai Mazhai Nindra Video Vidyasagar,I,A.R. Rahman,A.R. Rahman; Others,Vairamakrishnan,8-p0x-FYDTk,Raman Thediya Seethai - Mazhai Nindra Video | Vidyasagar,274.0,Y,N,Y,/home/vscode/code/research/tamil-music-history/songs/8-p0x-FYDTk_Raman Thediya Seethai - Mazhai Nindra Video  Vidya.%(ext)s,34972790,
2008,2008-01-01,வாரணம் ஆயிரம் அடியே கொல்லுதே தமிழ் பாடல்வரிகள் சூர்யா,,,,,IrndH9T5NZE,வாரணம் ஆயிரம் - அடியே கொல்லுதே தமிழ் பாடல்வரிகள் | சூர்யா,302.0,Y,N,Y,/home/vscode/code/research/tamil-music-history/songs/IrndH9T5NZE_வரணம ஆயரம - அடய கலலத தமழ படலவரகள  சரய.%(ext)s,23932067,
2008,2008-01-01,Nepali Kanavilae Kanavilae Video Bharath Meera Srikanth Deva,I,A.R. Rahman,A.R. Rahman; Others,Vairamakrishnan,0s2vxoTRs5M,Nepali - Kanavilae Kanavilae Video | Bharath | Meera | Srikanth Deva,357.0,Y,N,Y,/home/vscode/code/research/tamil-music-history/songs/0s2vxoTRs5M_Nepali - Kanavilae Kanavilae Video  Bharath  Meera.%(ext)s,5515597,
2008,2008-01-01,Nenthukiten Song with Lyrics Star A R Rahman Hits Romantic Song,I,A.R. Rahman,A.R. Rahman; Others,Vairamakrishnan,flaxyEg2Ghg,Nenthukiten Song with Lyrics | Star | A R Rahman Hits | Romantic Song,408.0,Y,N,Y,/home/vscode/code/research/tamil-music-history/songs/flaxyEg2Ghg_Nenthukiten Song with Lyrics  Star  A R Rahman Hit.%(ext)s,5149368,
2008,2008-01-01,Sakkarakatti Chinnama Chilakamma Video Song A.R. Rahman Shanthnu,I,A.R. Rahman,A.R. Rahman; Others,Vairamakrishnan,kzAcIoIMY8o,Sakkarakatti - Chinnama Chilakamma Video Song | A.R. Rahman | Shanthnu,88.0,Y,N,Y,/home/vscode/code/research/tamil-music-history/songs/kzAcIoIMY8o_Sakkarakatti - Chinnama Chilakamma Video Song  AR .%(ext)s,3661170,
2007,2007-01-01,Subramaniapuram Kangal Irandal Video James Jai,I,A.R. Rahman,A.R. Rahman; Others,Vairamakrishnan,A0BPkm95-dc,Subramaniapuram - Kangal Irandal Video | James | Jai,328.0,Y,N,Y,/home/vscode/code/research/tamil-music-history/songs/A0BPkm95-dc_Subramaniapuram - Kangal Irandal Video  James  Jai.%(ext)s,103055368,
2007,2007-01-01,Vel Kovakkara Kiliye Video Yuvanshankar Raja Suriya,I,A.R. Rahman,A.R. Rahman; Others,Vairamakrishnan,avoafrfTgPU,Vel - Kovakkara Kiliye Video | Yuvanshankar Raja| Suriya,241.0,Y,N,Y,/home/vscode/code/research/tamil-music-history/songs/avoafrfTgPU_Vel - Kovakkara Kiliye Video  Yuvanshankar Raja Su.%(ext)s,55563768,
2007,2007-01-01,Yaaradi Nee Mohini Oru Naalaikkul Video Dhanush Yuvanshankar Raja,I,A.R. Rahman,A.R. Rahman; Others,Vairamakrishnan,M8p7vDY_Vhw,Yaaradi Nee Mohini - Oru Naalaikkul Video | Dhanush | Yuvanshankar Raja,322.0,Y,N,Y,/home/vscode/code/research/tamil-music-history/songs/M8p7vDY_Vhw_Yaaradi Nee Mohini - Oru Naalaikkul Video  Dhanush.%(ext)s,49124246,
2007,2007-01-01,Vel Aayiram Jannal Veedu Video Yuvanshankar Raja Suriya,I,A.R. Rahman,A.R. Rahman; Others,Vairamakrishnan,nJHYwNUMbI4,Vel - Aayiram Jannal Veedu Video | Yuvanshankar Raja| Suriya,276.0,Y,N,Y,/home/vscode/code/research/tamil-music-history/songs/nJHYwNUMbI4_Vel - Aayiram Jannal Veedu Video  Yuvanshankar Raj.%(ext)s,34184945,
2007,2007-01-01,Kadhal Vaithu 4K Video Song காதல் வைத்து Deepavali Jayam Ravi Bhavana Yuvan Shan,I,A.R. Rahman,A.R. Rahman; Others,Vairamakrishnan,vnsEKd5z_rA,Kadhal Vaithu - 4K Video Song | காதல் வைத்து | Deepavali | Jayam Ravi | Bhavana | Yuvan Shankar Raja,314.0,Y,N,Y,/home/vscode/code/research/tamil-music-history/songs/vnsEKd5z_rA_Kadhal Vaithu - 4K Video Song  கதல வதத  Deepavali .%(ext)s,29527690,
2007,2007-01-01,"Jodhaa Akbar (Tamil) Muzhumadhi Video @A.R. Rahman Hrithik Roshan, AishwaryaRai",I,A.R. Rahman,A.R. Rahman; Others,Vairamakrishnan,YNRvZOFV6eU,"Jodhaa Akbar (Tamil) - Muzhumadhi Video | @A.R. Rahman | Hrithik Roshan, AishwaryaRai",128.0,Y,N,Y,/home/vscode/code/research/tamil-music-history/songs/YNRvZOFV6eU_Jodhaa Akbar Tamil - Muzhumadhi Video  AR Rahman  .%(ext)s,19540617,
2007,2007-01-01,Irava Pagala Video Song Poovellam Kettupar Tamil Movie Songs Suriya Jyothika Yuv,I,A.R. Rahman,A.R. Rahman; Others,Vairamakrishnan,Hclr7Hqzu_M,Irava Pagala Video Song | Poovellam Kettupar Tamil Movie Songs | Suriya | Jyothika | Yuvan,362.0,Y,N,Y,/home/vscode/code/research/tamil-music-history/songs/Hclr7Hqzu_M_Irava Pagala Video Song  Poovellam Kettupar Tamil .%(ext)s,18510033,
2007,2007-01-01,Vel Ottraikkannale Video Song Yuvanshankar Raja Suriya Asin,I,A.R. Rahman,A.R. Rahman; Others,Vairamakrishnan,Wy-JHYQp7Qc,Vel - Ottraikkannale Video Song | Yuvanshankar Raja | Suriya | Asin,240.0,Y,N,Y,/home/vscode/code/research/tamil-music-history/songs/Wy-JHYQp7Qc_Vel - Ottraikkannale Video Song  Yuvanshankar Raja.%(ext)s,14611142,
2007,2007-01-01,Minnalgal Koothadum Video Song Polladhavan Dhanush G.V. Prakash Sun Music,I,A.R. Rahman,A.R. Rahman; Others,Vairamakrishnan,hOt7ypxF0Rc,Minnalgal Koothadum - Video Song | Polladhavan | Dhanush | G.V. Prakash | Sun Music,265.0,Y,N,Y,/home/vscode/code/research/tamil-music-history/songs/hOt7ypxF0Rc_Minnalgal Koothadum - Video Song  Polladhavan  Dha.%(ext)s,12903904,
2006,2006-01-01,"Ko Ennamo Yeadho Video Jiiva, Karthika Harris",I,A.R. Rahman,A.R. Rahman; Others,Vairamakrishnan,fq6egtAzaQM,"Ko - Ennamo Yeadho Video | Jiiva, Karthika | Harris",317.0,Y,N,Y,/home/vscode/code/research/tamil-music-history/songs/fq6egtAzaQM_Ko - Ennamo Yeadho Video  Jiiva Karthika  Harris.%(ext)s,61679535,
2006,2006-01-01,Sivapathigaram Tamil Movie Songs Mannarkudi Kalakalakka Video Song Vishal Vidyas,I,A.R. Rahman,A.R. Rahman; Others,Vairamakrishnan,z89w9c18uG8,Sivapathigaram Tamil Movie Songs | Mannarkudi Kalakalakka Video Song | Vishal | Vidyasagar,176.0,Y,N,Y,/home/vscode/code/research/tamil-music-history/songs/z89w9c18uG8_Sivapathigaram Tamil Movie Songs  Mannarkudi Kalak.%(ext)s,41023429,
2006,2006-01-01,Guru (Tamil) Mayya Mayya Video A.R. Rahman,I,A.R. Rahman,A.R. Rahman; Others,Vairamakrishnan,mCyC1LoFzTU,Guru (Tamil) - Mayya Mayya Video | A.R. Rahman,308.0,Y,N,Y,/home/vscode/code/research/tamil-music-history/songs/mCyC1LoFzTU_Guru Tamil - Mayya Mayya Video  AR Rahman.%(ext)s,29544583,
2006,2006-01-01,Vizhigalil Vizhigalil Song With Lyrics Dhanush Shreya Saran Thiruvilayadal Aramb,I,A.R. Rahman,A.R. Rahman; Others,Vairamakrishnan,E8yFmY8uric,Vizhigalil Vizhigalil - Song With Lyrics | Dhanush | Shreya Saran | Thiruvilayadal Arambam | HD Song,297.0,Y,N,Y,/home/vscode/code/research/tamil-music-history/songs/E8yFmY8uric_Vizhigalil Vizhigalil - Song With Lyrics  Dhanush .%(ext)s,10547678,
2006,2006-01-01,Mobila Mobila Song With Lyrics D. Imman R. Madhavan Anushka Shetty Rendu HD Audi,I,A.R. Rahman,A.R. Rahman; Others,Vairamakrishnan,C5moNxjz8Wc,Mobila Mobila - Song With Lyrics | D. Imman | R. Madhavan | Anushka Shetty | Rendu | HD Audio,296.0,Y,N,Y,/home/vscode/code/research/tamil-music-history/songs/C5moNxjz8Wc_Mobila Mobila - Song With Lyrics  D Imman  R Madha.%(ext)s,10432670,
2006,2006-01-01,"Mannarkudi Kalakalakka Audio Song Sivappathigaram Vishal, Mamtha Vidhyasagar",I,A.R. Rahman,A.R. Rahman; Others,Vairamakrishnan,Eqf6fL1MuKQ,"Mannarkudi Kalakalakka Audio Song | Sivappathigaram | Vishal, Mamtha | Vidhyasagar",263.0,Y,N,Y,/home/vscode/code/research/tamil-music-history/songs/Eqf6fL1MuKQ_Mannarkudi Kalakalakka Audio Song  Sivappathigaram.%(ext)s,8538288,
2006,2006-01-01,குரு ஆருயிரே தமிழ் பாடல்வரிகள் எ ர் ரகுமான்,,,,,rojnUv1MagE,குரு - ஆருயிரே தமிழ் பாடல்வரிகள் | எ ர் ரகுமான்,290.0,Y,N,Y,/home/vscode/code/research/tamil-music-history/songs/rojnUv1MagE_கர - ஆரயர தமழ படலவரகள  எ ர ரகமன.%(ext)s,2197601,
2006,2006-01-01,Unnai Kandane Mudhal Murai உன்னை கண்டேனே Parijatham 2006 Video + 7.1 Surrounding,I,A.R. Rahman,A.R. Rahman; Others,Vairamakrishnan,r5v6OV6tHS0,Unnai Kandane Mudhal Murai | உன்னை கண்டேனே | Parijatham 2006 | Video + 7.1 Surrounding 🔊 | Dharan,293.0,N,N,Y,/home/vscode/code/research/tamil-music-history/songs/r5v6OV6tHS0_Unnai Kandane Mudhal Murai  உனன கணடன  Parijatham 2.%(ext)s,1563937,
2006,2006-01-01,Perunthil Nee Enakku with Lyrics Pori Jeeva Pooja Tamil Movie Songs,I,A.R. Rahman,A.R. Rahman; Others,Vairamakrishnan,ppaBeRuZ8JU,Perunthil Nee Enakku with Lyrics | Pori | Jeeva | Pooja | Tamil Movie Songs,303.0,Y,N,Y,/home/vscode/code/research/tamil-music-history/songs/ppaBeRuZ8JU_Perunthil Nee Enakku with Lyrics  Pori  Jeeva  Poo.%(ext)s,1083755,
2006,2006-01-01,Mayya Mayya 8K 4K Video Song Guru (Tamil) A.R. Rahman Chinmayi,I,A.R. Rahman,A.R. Rahman; Others,Vairamakrishnan,UFyLGow82Rw,Mayya Mayya 8K/4K Video Song | Guru (Tamil) | A.R. Rahman | Chinmayi,308.0,Y,N,Y,/home/vscode/code/research/tamil-music-history/songs/UFyLGow82Rw_Mayya Mayya 8K4K Video Song  Guru Tamil  AR Rahman.%(ext)s,541309,
2005,2005-01-01,Anniyan,Anniyan,A.R. Rahman,S. Janaki,Vairamuthu,xugIds3E5UI,Kannum Kannum Nokia - 4K Video Song | கண்ணும் கண்ணும் நோக்கியா | Anniyan | Vikram | Harris Jayaraj,332,Y,Y,Y,/home/vscode/code/research/tamil-music-history/songs/xugIds3E5UI_Kannum Kannum Nokia - 4K Video Song  கணணம கணணம நகக.%(ext)s,49134989,
2005,2005-01-01,Aaru Tamil Movie Soda Bottle Video Song Suriya Trisha Devi Sri Prasad Hari,I,A.R. Rahman,A.R. Rahman; Others,Vairamakrishnan,VCSXvrOaxDs,Aaru Tamil Movie | Soda Bottle Video Song | Suriya | Trisha | Devi Sri Prasad | Hari,299.0,Y,N,Y,/home/vscode/code/research/tamil-music-history/songs/VCSXvrOaxDs_Aaru Tamil Movie  Soda Bottle Video Song  Suriya  .%(ext)s,16494797,
2005,2005-01-01,Aaru Tamil Movie Nenjam Ennum Video Song Suriya Trisha Devi Sri Prasad Hari,I,A.R. Rahman,A.R. Rahman; Others,Vairamakrishnan,niBCtjtZohk,Aaru Tamil Movie | Nenjam Ennum Video Song | Suriya | Trisha | Devi Sri Prasad | Hari,242.0,Y,N,Y,/home/vscode/code/research/tamil-music-history/songs/niBCtjtZohk_Aaru Tamil Movie  Nenjam Ennum Video Song  Suriya .%(ext)s,16171886,
2005,2005-01-01,Aasal Tamil Movie Yea Dushyantha Song Ajith Kumar Sameera Reddy Bhavana Bharathw,I,A.R. Rahman,A.R. Rahman; Others,Vairamakrishnan,8DYW9uBZzLs,Aasal Tamil Movie | Yea Dushyantha Song | Ajith Kumar | Sameera Reddy | Bhavana | Bharathwaj,214.0,N,N,Y,/home/vscode/code/research/tamil-music-history/songs/8DYW9uBZzLs_Aasal Tamil Movie  Yea Dushyantha Song  Ajith Kuma.%(ext)s,15737698,
2005,2005-01-01,Pani Thulli Video Song Kanda Naal Mudhal Tamil Movie Prasanna Laila Yuvan Shanka,I,A.R. Rahman,A.R. Rahman; Others,Vairamakrishnan,7q659O5d9AM,Pani Thulli Video Song | Kanda Naal Mudhal Tamil Movie | Prasanna | Laila | Yuvan Shankar Raja,306.0,Y,N,Y,/home/vscode/code/research/tamil-music-history/songs/7q659O5d9AM_Pani Thulli Video Song  Kanda Naal Mudhal Tamil Mo.%(ext)s,10719245,
2005,2005-01-01,Yuvan Shankar Raja Merke Merke Hd Video Song Kanda Naal Mudhal Tamil Movie Prasa,I,A.R. Rahman,A.R. Rahman; Others,Vairamakrishnan,v2pfNAPmNck,Yuvan Shankar Raja - Merke Merke Hd Video Song | Kanda Naal Mudhal Tamil Movie | Prasanna | Laila,271.0,Y,N,Y,/home/vscode/code/research/tamil-music-history/songs/v2pfNAPmNck_Yuvan Shankar Raja - Merke Merke Hd Video Song  Ka.%(ext)s,8799799,
2005,2005-01-01,Eno Kangal Official Video Full HD Kalvanin Kadhali S.J.Surya Nayanthara Yuvan Sh,I,A.R. Rahman,A.R. Rahman; Others,Vairamakrishnan,Mb97sb-CIX0,Eno Kangal Official Video | Full HD | Kalvanin Kadhali | S.J.Surya | Nayanthara | Yuvan Shankar Raja,255.0,Y,N,Y,/home/vscode/code/research/tamil-music-history/songs/Mb97sb-CIX0_Eno Kangal Official Video  Full HD  Kalvanin Kadha.%(ext)s,6075512,
2005,2005-01-01,Ullam Ketkume Tamil Movie Songs Ennai Pandhada Video Song Shaam Asin Laila Harri,I,A.R. Rahman,A.R. Rahman; Others,Vairamakrishnan,fsjC3wLhJy4,Ullam Ketkume Tamil Movie Songs | Ennai Pandhada Video Song | Shaam | Asin | Laila | Harris Jayaraj,293.0,Y,N,Y,/home/vscode/code/research/tamil-music-history/songs/fsjC3wLhJy4_Ullam Ketkume Tamil Movie Songs  Ennai Pandhada Vi.%(ext)s,1607551,
2004,2004-01-01,Kannum Kannumthan Song Thirupaachi Tamil Movie Vijay Trisha Harish Raghavendra P,I,A.R. Rahman,A.R. Rahman; Others,Vairamakrishnan,-BV8TPRfm64,Kannum Kannumthan Song - Thirupaachi Tamil Movie | Vijay | Trisha | Harish Raghavendra | Premji,349.0,Y,N,Y,/home/vscode/code/research/tamil-music-history/songs/-BV8TPRfm64_Kannum Kannumthan Song - Thirupaachi Tamil Movie  .%(ext)s,19069283,
2004,2004-01-01,Chellamae Tamil Movie Video Songs Kadhalikkum Aasai Song Vishal Reema Sen Bharat,I,A.R. Rahman,A.R. Rahman; Others,Vairamakrishnan,dCfeZhdvnx8,Chellamae Tamil Movie Video Songs | Kadhalikkum Aasai Song | Vishal | Reema Sen | Bharath,284.0,N,N,Y,/home/vscode/code/research/tamil-music-history/songs/dCfeZhdvnx8_Chellamae Tamil Movie Video Songs  Kadhalikkum Aas.%(ext)s,17996371,
2004,2004-01-01,Aayitha Ezhuthu Yaakkai Thiri Tamil Lyric Video A.R. Rahman,I,A.R. Rahman,A.R. Rahman; Others,Vairamakrishnan,stHk8B5mta4,Aayitha Ezhuthu - Yaakkai Thiri Tamil Lyric Video | A.R. Rahman,274.0,Y,N,Y,/home/vscode/code/research/tamil-music-history/songs/stHk8B5mta4_Aayitha Ezhuthu - Yaakkai Thiri Tamil Lyric Video .%(ext)s,15784622,
2004,2004-01-01,Aayitha Ezhuthu Sandai Kozhi Tamil Lyric Video A.R. Rahman,I,A.R. Rahman,A.R. Rahman; Others,Vairamakrishnan,dnDrd12ua8k,Aayitha Ezhuthu - Sandai Kozhi Tamil Lyric Video | A.R. Rahman,296.0,Y,N,Y,/home/vscode/code/research/tamil-music-history/songs/dnDrd12ua8k_Aayitha Ezhuthu - Sandai Kozhi Tamil Lyric Video  .%(ext)s,10901353,
2004,2004-01-01,Aayutha Ezhuthu Yaakkai Thiri Video A.R. Rahman Suriya,I,A.R. Rahman,A.R. Rahman; Others,Vairamakrishnan,_BzjZqUL1fM,Aayutha Ezhuthu - Yaakkai Thiri  Video | A.R. Rahman | Suriya,254.0,Y,N,Y,/home/vscode/code/research/tamil-music-history/songs/_BzjZqUL1fM_Aayutha Ezhuthu - Yaakkai Thiri  Video  AR Rahman .%(ext)s,8744701,
2004,2004-01-01,Kannung Kannudhan Song Thiruppatchi Tamil Movie Vijay Trisha Mani Sharma Premji,I,A.R. Rahman,A.R. Rahman; Others,Vairamakrishnan,SVSeLP48Al0,Kannung Kannudhan Song - Thiruppatchi Tamil Movie | Vijay | Trisha | Mani Sharma | Premji,359.0,Y,N,Y,/home/vscode/code/research/tamil-music-history/songs/SVSeLP48Al0_Kannung Kannudhan Song - Thiruppatchi Tamil Movie .%(ext)s,5691962,
2004,2004-01-01,"Malargale Song Pudhukottaiyilirundhu Saravanan Dhanush, Yuvan Shankar Raja",I,A.R. Rahman,A.R. Rahman; Others,Vairamakrishnan,8fE3r0_NjiQ,"Malargale Song - Pudhukottaiyilirundhu Saravanan | Dhanush, Yuvan Shankar Raja",277.0,Y,N,Y,/home/vscode/code/research/tamil-music-history/songs/8fE3r0_NjiQ_Malargale Song - Pudhukottaiyilirundhu Saravanan  .%(ext)s,1964131,
2004,2004-01-01,Jana Tamil Movie Songs Thithi Thidavae Video Song Ajith Sneha Dhina Pyramid Glit,I,A.R. Rahman,A.R. Rahman; Others,Vairamakrishnan,clq0jpwSLeY,Jana Tamil Movie Songs | Thithi Thidavae Video Song | Ajith | Sneha | Dhina | Pyramid Glitz Music,284.0,Y,N,Y,/home/vscode/code/research/tamil-music-history/songs/clq0jpwSLeY_Jana Tamil Movie Songs  Thithi Thidavae Video Song.%(ext)s,508089,
2003,2003-01-01,Thithikudhe Tamil Movie Songs HD Silendra Theepori Ondru Video Song Jeeva Sridev,I,A.R. Rahman,A.R. Rahman; Others,Vairamakrishnan,x6hVeBGo-Ns,Thithikudhe Tamil Movie Songs HD | Silendra Theepori Ondru Video Song | Jeeva | Sridevi | Vidyasagar,325.0,Y,N,Y,/home/vscode/code/research/tamil-music-history/songs/x6hVeBGo-Ns_Thithikudhe Tamil Movie Songs HD  Silendra Theepor.%(ext)s,34211068,
2003,2003-01-01,Nee Varum Pothu Video Song Mazhai Tamil Movie Songs HD Shriya Jayam Ravi Devi Sr,I,A.R. Rahman,A.R. Rahman; Others,Vairamakrishnan,DYz-vBurkEc,Nee Varum Pothu Video Song | Mazhai Tamil Movie Songs HD | Shriya | Jayam Ravi | Devi Sri Prasad,307.0,Y,N,Y,/home/vscode/code/research/tamil-music-history/songs/DYz-vBurkEc_Nee Varum Pothu Video Song  Mazhai Tamil Movie Son.%(ext)s,24647880,
2003,2003-01-01,Nee Thoongum Nearathil tamil Video Song Manasellam Srikanth Trisha Ilayaraja,I,A.R. Rahman,A.R. Rahman; Others,Vairamakrishnan,8XHwrH9Br58,Nee Thoongum Nearathil | tamil Video Song | Manasellam | Srikanth | Trisha | Ilayaraja,270.0,Y,N,Y,/home/vscode/code/research/tamil-music-history/songs/8XHwrH9Br58_Nee Thoongum Nearathil  tamil Video Song  Manasell.%(ext)s,3985074,
2003,2003-01-01,Endhan Uyir Thozhiyae song Winner Tamil Movie Prasanth Kiran Vadivelu Yuvan Shan,I,A.R. Rahman,A.R. Rahman; Others,Vairamakrishnan,m3wMORMr1qk,Endhan Uyir Thozhiyae song | Winner Tamil Movie | Prasanth | Kiran | Vadivelu | Yuvan Shankar Raja,275.0,Y,N,Y,/home/vscode/code/research/tamil-music-history/songs/m3wMORMr1qk_Endhan Uyir Thozhiyae song  Winner Tamil Movie  Pr.%(ext)s,2673592,
2003,2003-01-01,Azhagiya Asura (Lyric Video) Whistle Anitha Chandrasekar D. Imman Thamarai,I,A.R. Rahman,A.R. Rahman; Others,Vairamakrishnan,7R6jzvwUkcc,Azhagiya Asura (Lyric Video) - Whistle | Anitha Chandrasekar | D. Imman | Thamarai,260.0,Y,N,Y,/home/vscode/code/research/tamil-music-history/songs/7R6jzvwUkcc_Azhagiya Asura Lyric Video - Whistle  Anitha Chand.%(ext)s,1570554,
2003,2003-01-01,Five Star Thiru Thiruda song,I,A.R. Rahman,A.R. Rahman; Others,Vairamakrishnan,TFeCKQHKC_w,Five Star | Thiru Thiruda song,335.0,Y,N,Y,/home/vscode/code/research/tamil-music-history/songs/TFeCKQHKC_w_Five Star  Thiru Thiruda song.%(ext)s,679940,
2003,2003-01-01,Udhaya Udhaya Video Song Udhaya Tamil Movie Songs Vijay Simran Vivek Pyramid Mus,I,A.R. Rahman,A.R. Rahman; Others,Vairamakrishnan,tmIKvkOLhR4,Udhaya Udhaya Video Song |Udhaya Tamil Movie Songs | Vijay| Simran| Vivek| Pyramid Music,348.0,Y,N,Y,/home/vscode/code/research/tamil-music-history/songs/tmIKvkOLhR4_Udhaya Udhaya Video Song Udhaya Tamil Movie Songs .%(ext)s,552419,
2003,2003-01-01,"Udhaya Udhaya Video Song Vijay, Simran A. R. Rahman Udhaya Tamil Movie Songs Rom",I,A.R. Rahman,A.R. Rahman; Others,Vairamakrishnan,BEMXpgXaYPQ,"Udhaya Udhaya Video Song | Vijay, Simran | A. R. Rahman | Udhaya Tamil Movie Songs | Romantic Melody",366.0,Y,N,Y,/home/vscode/code/research/tamil-music-history/songs/BEMXpgXaYPQ_Udhaya Udhaya Video Song  Vijay Simran  A R Rahman.%(ext)s,162170,
2002,2002-01-01,Varushamellam Vasantham Movie Songs Enge Andha Vennila Song Manoj Kunal Anita Un,Varushamellam Vasantham,M.S. Viswanathan,S.P. Balasubrahmanyam,Kannadasan,knkNX-_Zp5w,Varushamellam Vasantham Movie Songs | Enge Andha Vennila Song | Manoj | Kunal | Anita | Unni Menon,328.0,Y,N,Y,/home/vscode/code/research/tamil-music-history/songs/knkNX-_Zp5w_Varushamellam Vasantham Movie Songs  Enge Andha Ve.%(ext)s,28551148,
2002,2002-01-01,Aagaya Suriyanai Full Video Song 4K Samurai Tamil Movie Songs Vikram Tamil Hits ,I,A.R. Rahman,A.R. Rahman; Others,Vairamakrishnan,LAe6zwJojPg,Aagaya Suriyanai Full Video Song 4K | Samurai Tamil Movie Songs | Vikram | Tamil Hits 4K,341.0,N,N,Y,/home/vscode/code/research/tamil-music-history/songs/LAe6zwJojPg_Aagaya Suriyanai Full Video Song 4K  Samurai Tamil.%(ext)s,14432819,
2002,2002-01-01,July Malargale 4K Video Song ஜூலை மலர்களே Bagavathi Vijay Reema Sen Deva,I,A.R. Rahman,A.R. Rahman; Others,Vairamakrishnan,9xnBPs7nPek,July Malargale - 4K Video Song | ஜூலை மலர்களே | Bagavathi | Vijay | Reema Sen | Deva,292.0,Y,N,Y,/home/vscode/code/research/tamil-music-history/songs/9xnBPs7nPek_July Malargale - 4K Video Song  ஜல மலரகள  Bagavath.%(ext)s,7889662,
2002,2002-01-01,Apple Penne Neeyaaro Video Song Roja Kootam Tamil Movie Srikanth Bhumika Chawla ,Pudhu Vasantham,S.V. Venkatraman,P. Susheela,Kannadasan,ESaXJTCfCP4,Apple Penne Neeyaaro Video Song | Roja Kootam Tamil Movie | Srikanth | Bhumika Chawla | Bharathwaj,193.0,Y,N,Y,/home/vscode/code/research/tamil-music-history/songs/ESaXJTCfCP4_Apple Penne Neeyaaro Video Song  Roja Kootam Tamil.%(ext)s,5507722,
2002,2002-01-01,"Katrin Mozhi with Lyrics Mozhi Vidyasagar Vairamuthu Prithviraj, Jyothika HD Son",I,A.R. Rahman,A.R. Rahman; Others,Vairamakrishnan,bXCIlynWzxw,"Katrin Mozhi with Lyrics | Mozhi | Vidyasagar | Vairamuthu | Prithviraj, Jyothika | HD Song",372.0,Y,N,Y,/home/vscode/code/research/tamil-music-history/songs/bXCIlynWzxw_Katrin Mozhi with Lyrics  Mozhi  Vidyasagar  Vaira.%(ext)s,2621566,
2002,2002-01-01,Unnai Ninaithu Tamil Movie Pombalainga Kadhal Video Song Suriya Sneha Sirpy Pyra,I,A.R. Rahman,A.R. Rahman; Others,Vairamakrishnan,LwqbwL_8a3I,Unnai Ninaithu Tamil Movie | Pombalainga Kadhal Video Song | Suriya | Sneha | Sirpy | Pyramid Music,236.0,Y,N,Y,/home/vscode/code/research/tamil-music-history/songs/LwqbwL_8a3I_Unnai Ninaithu Tamil Movie  Pombalainga Kadhal Vid.%(ext)s,2188666,
2001,2001-01-01,"Pen Kiliye Pen Kiliye HD Video Songs # Sandhitha Velai # Tamil Songs # Karthik,R",Roja,A.R. Rahman,S.P. Balasubrahmanyam; K.S. Chithra,Vairamakrishnan,cVuZJTanBxI,"Pen Kiliye Pen Kiliye HD Video Songs # Sandhitha Velai # Tamil Songs # Karthik,Roja",291.0,N,N,Y,/home/vscode/code/research/tamil-music-history/songs/cVuZJTanBxI_Pen Kiliye Pen Kiliye HD Video Songs  Sandhitha Ve.%(ext)s,64212985,
2001,2001-01-01,Melliname Song Shajahan Tamil Movie Vijay Richa Pallod Harish Raghavendra Mani S,I,A.R. Rahman,A.R. Rahman; Others,Vairamakrishnan,vngkmkAjbmQ,Melliname Song - Shajahan Tamil Movie | Vijay | Richa Pallod | Harish Raghavendra | Mani Sharma,305.0,Y,N,Y,/home/vscode/code/research/tamil-music-history/songs/vngkmkAjbmQ_Melliname Song - Shajahan Tamil Movie  Vijay  Rich.%(ext)s,55747260,
2001,2001-01-01,Vizhamaley Video Song Student No.1 Tamil Movie Songs Sibi Raj Sherin Pyramid Mus,I,A.R. Rahman,A.R. Rahman; Others,Vairamakrishnan,Ptt0K0iYeF8,Vizhamaley Video Song |Student No.1 Tamil Movie Songs | Sibi Raj | Sherin | Pyramid Music,264.0,Y,N,Y,/home/vscode/code/research/tamil-music-history/songs/Ptt0K0iYeF8_Vizhamaley Video Song Student No1 Tamil Movie Song.%(ext)s,14539496,
2001,2001-01-01,Vijay Hits Thendral Varum Full Video Song 4K Friends Movie Songs Vijay Devayani,Nallavanukku Nallavan,Ilaiyaraaja,S. Janaki,Vaali,d8X7WF06Q4E,Vijay Hits | Thendral Varum Full Video Song 4K | Friends Movie Songs | Vijay | Devayani,261.0,N,N,Y,/home/vscode/code/research/tamil-music-history/songs/d8X7WF06Q4E_Vijay Hits  Thendral Varum Full Video Song 4K  Fri.%(ext)s,14005765,
2001,2001-01-01,Nee Illai Endral Video Song Dheena Tamil Movie Songs Ajith Laila Thala Ajith Son,I,A.R. Rahman,A.R. Rahman; Others,Vairamakrishnan,rY6iSOMCzlQ,Nee Illai Endral Video Song | Dheena Tamil Movie Songs | Ajith | Laila | Thala Ajith Songs | Yuvan,323.0,Y,N,Y,/home/vscode/code/research/tamil-music-history/songs/rY6iSOMCzlQ_Nee Illai Endral Video Song  Dheena Tamil Movie So.%(ext)s,9893413,
2001,2001-01-01,Pudhu Malar Thottu Video Song Poovellam Un Vaasam Tamil Movie Ajith Jyothika Vid,I,A.R. Rahman,A.R. Rahman; Others,Vairamakrishnan,Dk585TIC8wE,Pudhu Malar Thottu Video Song | Poovellam Un Vaasam Tamil Movie | Ajith | Jyothika | Vidyasagar,283.0,Y,N,Y,/home/vscode/code/research/tamil-music-history/songs/Dk585TIC8wE_Pudhu Malar Thottu Video Song  Poovellam Un Vaasam.%(ext)s,3368784,
2001,2001-01-01,Pongalukku Vangithanda Video Song Kalakalappu Tamil Movie Songs Napoleon Jaya Se,I,A.R. Rahman,A.R. Rahman; Others,Vairamakrishnan,Syudrp4bRbc,Pongalukku Vangithanda Video Song | Kalakalappu Tamil Movie Songs | Napoleon | Jaya Seal | Deva,270.0,Y,N,Y,/home/vscode/code/research/tamil-music-history/songs/Syudrp4bRbc_Pongalukku Vangithanda Video Song  Kalakalappu Tam.%(ext)s,3365471,
2001,2001-01-01,"Kathal Website Ondru Lyrical Dheena Ajith, Laila Shankar Mahadevan, Harini, Timm",I,A.R. Rahman,A.R. Rahman; Others,Vairamakrishnan,6xbpjETTegI,"Kathal Website Ondru - Lyrical | Dheena | Ajith, Laila | Shankar Mahadevan, Harini, Timmy|Tamil Hits",336.0,Y,N,Y,/home/vscode/code/research/tamil-music-history/songs/6xbpjETTegI_Kathal Website Ondru - Lyrical  Dheena  Ajith Lail.%(ext)s,1375731,
2001,2001-01-01,"Un Perai Sonnale Song with Lyrics Dumm Dumm Dumm Unnikrishanan Hits Madhavan, Jy",I,A.R. Rahman,A.R. Rahman; Others,Vairamakrishnan,5OkDuF5JPts,"Un Perai Sonnale Song with Lyrics | Dumm Dumm Dumm | Unnikrishanan Hits | Madhavan, Jyothika",372.0,Y,N,Y,/home/vscode/code/research/tamil-music-history/songs/5OkDuF5JPts_Un Perai Sonnale Song with Lyrics  Dumm Dumm Dumm .%(ext)s,1292957,
2001,2001-01-01,Kanmunne Ethanai Nilavu Song with Lyrics Dhanush Yuvan Shankar Raja Timmy Pa. Vi,I,A.R. Rahman,A.R. Rahman; Others,Vairamakrishnan,8YqwQ_eAmdk,Kanmunne Ethanai Nilavu Song with Lyrics | Dhanush | Yuvan Shankar Raja | Timmy | Pa. Vijay | Sherin,397.0,Y,N,Y,/home/vscode/code/research/tamil-music-history/songs/8YqwQ_eAmdk_Kanmunne Ethanai Nilavu Song with Lyrics  Dhanush .%(ext)s,1235125,
2001,2001-01-01,Manasukkul Oru Puyal Song with Lyrics Star A.R.Rahman Vairamuthu Tamil HD Audio,I,A.R. Rahman,A.R. Rahman; Others,Vairamakrishnan,TT-M6w3DWnQ,Manasukkul Oru Puyal Song with Lyrics | Star | A.R.Rahman | Vairamuthu | Tamil | HD Audio,337.0,Y,N,Y,/home/vscode/code/research/tamil-music-history/songs/TT-M6w3DWnQ_Manasukkul Oru Puyal Song with Lyrics  Star  ARRah.%(ext)s,889822,
2001,2001-01-01,Vinothamanavale Video Song Lovely Tamil Movie Songs Karthik Malavika Deva Pyrami,I,A.R. Rahman,A.R. Rahman; Others,Vairamakrishnan,P9jP7GM6ZDY,Vinothamanavale Video Song | Lovely Tamil Movie Songs | Karthik | Malavika | Deva | Pyramid Music,324.0,Y,N,Y,/home/vscode/code/research/tamil-music-history/songs/P9jP7GM6ZDY_Vinothamanavale Video Song  Lovely Tamil Movie Son.%(ext)s,610702,
2000,None-01-01,"Vaa Vaathi Full Video Song Vaathi Movie Dhanush, Samyuktha GV Prakash Kumar Venk",I,A.R. Rahman,A.R. Rahman; Others,Vairamakrishnan,592mNGkpYig,"Vaa Vaathi Full Video Song | Vaathi Movie | Dhanush, Samyuktha | GV Prakash Kumar | Venky Atluri",195.0,Y,N,Y,/home/vscode/code/research/tamil-music-history/songs/592mNGkpYig_Vaa Vaathi Full Video Song  Vaathi Movie  Dhanush .%(ext)s,244752971,
2000,None-01-01,Velai Illa Pattadhaari #D25 #VIP Udhungada Sangu Full Video Song,I,A.R. Rahman,A.R. Rahman; Others,Vairamakrishnan,RCXzH27eOIA,Velai Illa Pattadhaari #D25 #VIP - Udhungada Sangu | Full Video Song,197.0,N,N,Y,/home/vscode/code/research/tamil-music-history/songs/RCXzH27eOIA_Velai Illa Pattadhaari D25 VIP - Udhungada Sangu  .%(ext)s,175670837,
2000,None-01-01,"Thaarame Thaarame Video Song Kadaram Kondan Abi Hassan, Akshara Haasan Sid Srira",I,A.R. Rahman,A.R. Rahman; Others,Vairamakrishnan,gB1gPmtDohY,"Thaarame Thaarame Video Song | Kadaram Kondan | Abi Hassan, Akshara Haasan | Sid Sriram | Ghibran",180.0,N,N,Y,/home/vscode/code/research/tamil-music-history/songs/gB1gPmtDohY_Thaarame Thaarame Video Song  Kadaram Kondan  Abi .%(ext)s,153492014,
2000,2000-01-01,Munbe Vaa HD Video Song Sillunu Oru Kadhal Tamil Movie Suriya Bhumika Jyothika A,I,A.R. Rahman,A.R. Rahman; Others,Vairamakrishnan,UPQZ4vuvW2s,Munbe Vaa HD Video Song | Sillunu Oru Kadhal Tamil Movie | Suriya | Bhumika | Jyothika | AR Rahman,362.0,N,N,Y,/home/vscode/code/research/tamil-music-history/songs/UPQZ4vuvW2s_Munbe Vaa HD Video Song  Sillunu Oru Kadhal Tamil .%(ext)s,98945389,
2000,None-01-01,Thenmozhi Official Video Song Thiruchitrambalam Dhanush Anirudh Sun Pictures,I,A.R. Rahman,A.R. Rahman; Others,Vairamakrishnan,k73w-k9_e7g,Thenmozhi - Official Video Song | Thiruchitrambalam | Dhanush | Anirudh | Sun Pictures,169.0,N,N,Y,/home/vscode/code/research/tamil-music-history/songs/k73w-k9_e7g_Thenmozhi - Official Video Song  Thiruchitrambalam.%(ext)s,98939840,
2000,None-01-01,Vaaranam Aayiram Mundhinam Video Song Harris Jayaraj Suriya Simran,I,A.R. Rahman,A.R. Rahman; Others,Vairamakrishnan,93iK4wNij8E,Vaaranam Aayiram - Mundhinam Video Song | Harris Jayaraj | Suriya | Simran,310.0,Y,N,Y,/home/vscode/code/research/tamil-music-history/songs/93iK4wNij8E_Vaaranam Aayiram - Mundhinam Video Song  Harris Ja.%(ext)s,98768115,
2000,None-01-01,Powerhouse Official Lyric Video Coolie Superstar Rajinikanth Sun Pictures Lokesh,I,A.R. Rahman,A.R. Rahman; Others,Vairamakrishnan,OXHTlMPbX7o,Powerhouse - Official Lyric Video | Coolie | Superstar Rajinikanth | Sun Pictures | Lokesh | Anirudh,209.0,N,N,Y,/home/vscode/code/research/tamil-music-history/songs/OXHTlMPbX7o_Powerhouse - Official Lyric Video  Coolie  Superst.%(ext)s,95074458,
2000,2000-01-01,Guru (Tamil) Aaruyirae Video A.R. Rahman,I,A.R. Rahman,A.R. Rahman; Others,Vairamakrishnan,_f8dMFzYRCE,Guru (Tamil) - Aaruyirae Video | A.R. Rahman,286.0,Y,N,Y,/home/vscode/code/research/tamil-music-history/songs/_f8dMFzYRCE_Guru Tamil - Aaruyirae Video  AR Rahman.%(ext)s,74709940,
2000,None-01-01,"Raavanan Kodu Poatta Video A.R. Rahman Vikram, Aishwarya Rai",I,A.R. Rahman,A.R. Rahman; Others,Vairamakrishnan,H_-4gcev0KE,"Raavanan - Kodu Poatta Video | A.R. Rahman | Vikram, Aishwarya Rai",242.0,Y,N,Y,/home/vscode/code/research/tamil-music-history/songs/H_-4gcev0KE_Raavanan - Kodu Poatta Video  AR Rahman  Vikram Ai.%(ext)s,58081830,
2000,None-01-01,Aal Thotta Bhoopathi 4K Video Song ஆள்தோட்ட பூபதி Youth Vijay Shaheen Khan Mani ,I,A.R. Rahman,A.R. Rahman; Others,Vairamakrishnan,vML991fMZ9o,Aal Thotta Bhoopathi - 4K Video Song | ஆள்தோட்ட பூபதி | Youth | Vijay | Shaheen Khan | Mani Sharma,319.0,Y,N,Y,/home/vscode/code/research/tamil-music-history/songs/vML991fMZ9o_Aal Thotta Bhoopathi - 4K Video Song  ஆளதடட பபத  Y.%(ext)s,57986977,
2000,None-01-01,Thaen Thaen Thaen 4K Video Song தேன் தேன் Kuruvi Vijay Trisha Vidyasagar Ayngara,I,A.R. Rahman,A.R. Rahman; Others,Vairamakrishnan,-pTaqX8CIpE,Thaen Thaen Thaen - 4K Video Song | தேன் தேன் | Kuruvi | Vijay | Trisha |Vidyasagar | Ayngaran Music,237.0,Y,N,Y,/home/vscode/code/research/tamil-music-history/songs/-pTaqX8CIpE_Thaen Thaen Thaen - 4K Video Song  தன தன  Kuruvi  .%(ext)s,52644558,
2000,None-01-01,Polladhavan Engeyum Eppothum Video Song Dhanush Vetrimaaran GV Prakash S Kathire,Vetri,Viswanathan Ramamoorthy,T.M. Soundararajan,Kannadasan,sLGe9s9q-vY,Polladhavan - Engeyum Eppothum Video Song | Dhanush | Vetrimaaran | GV Prakash | S Kathiresan,283.0,N,N,Y,/home/vscode/code/research/tamil-music-history/songs/sLGe9s9q-vY_Polladhavan - Engeyum Eppothum Video Song  Dhanush.%(ext)s,45778019,
2000,None-01-01,Oru Murai Piranthen 4K Video Song ஒரு முறை பிறந்தேன் Nenjirukkum Varai Narain Po,I,A.R. Rahman,A.R. Rahman; Others,Vairamakrishnan,jO2CTKMHrQ8,Oru Murai Piranthen | 4K Video Song | ஒரு முறை பிறந்தேன் | Nenjirukkum Varai | Narain |  Poonam Kaur,312.0,Y,N,Y,/home/vscode/code/research/tamil-music-history/songs/jO2CTKMHrQ8_Oru Murai Piranthen  4K Video Song  ஒர மற பறநதன  N.%(ext)s,43042877,
2000,None-01-01,"Sidu Sidu Video Song Romeo Vijay Antony, Mirnalini Barath Dhanasekar Vinayak Vai",I,A.R. Rahman,A.R. Rahman; Others,Vairamakrishnan,Dyt1jelmjY0,"Sidu Sidu - Video Song | Romeo | Vijay Antony, Mirnalini | Barath Dhanasekar | Vinayak Vaithianathan",324.0,Y,N,Y,/home/vscode/code/research/tamil-music-history/songs/Dyt1jelmjY0_Sidu Sidu - Video Song  Romeo  Vijay Antony Mirnal.%(ext)s,42274754,
2000,None-01-01,"Suraa Vangakadal Yellai Video Song Vijay, Tamannaah Mani Sharma",Kadal,A.R. Rahman,Mohan; Others,Vairamakrishnan,fs3GKf8gX9I,"Suraa - Vangakadal Yellai Video Song | Vijay, Tamannaah | Mani Sharma",274.0,Y,N,Y,/home/vscode/code/research/tamil-music-history/songs/fs3GKf8gX9I_Suraa - Vangakadal Yellai Video Song  Vijay Tamann.%(ext)s,42095928,
2000,None-01-01,Meghamai Vanthu Pogiren Video Song Thullatha Manamum Thullum Vijay Simran Sun Mu,I,A.R. Rahman,A.R. Rahman; Others,Vairamakrishnan,Pj-qgL2nKvs,Meghamai Vanthu Pogiren  - Video Song | Thullatha Manamum Thullum |  Vijay | Simran | Sun Music,259.0,Y,N,Y,/home/vscode/code/research/tamil-music-history/songs/Pj-qgL2nKvs_Meghamai Vanthu Pogiren  - Video Song  Thullatha M.%(ext)s,33612218,
2000,None-01-01,"Engeyum Kaadhal Thee Illai Video Jayam Ravi, Hansika Harris Jayaraj",Kadal Meengal,M.S. Viswanathan,T.M. Soundararajan,Kannadasan,XLqosCaQ-kw,"Engeyum Kaadhal - Thee Illai Video | Jayam Ravi, Hansika | Harris Jayaraj",309.0,Y,N,Y,/home/vscode/code/research/tamil-music-history/songs/XLqosCaQ-kw_Engeyum Kaadhal - Thee Illai Video  Jayam Ravi Han.%(ext)s,32943180,
2000,None-01-01,Ennai Thottu 4K Video song Unna Nenachen Pattu Padichen Karthik Ilayaraja Monish,I,A.R. Rahman,A.R. Rahman; Others,Vairamakrishnan,KiEt9WQdn7A,Ennai Thottu 4K Video song | Unna Nenachen Pattu Padichen | Karthik | Ilayaraja | Monisha,297.0,N,N,Y,/home/vscode/code/research/tamil-music-history/songs/KiEt9WQdn7A_Ennai Thottu 4K Video song  Unna Nenachen Pattu Pa.%(ext)s,27994213,
2000,None-01-01,"Venmegam 8K 4K Music Video Song Yaaradi Nee Mohini Dhanush, Nayanthara Yuvanshan",I,A.R. Rahman,A.R. Rahman; Others,Vairamakrishnan,z5_klHXYZS4,"Venmegam 8K/4K Music Video Song | Yaaradi Nee Mohini | Dhanush, Nayanthara | Yuvanshankar Raja",297.0,Y,N,Y,/home/vscode/code/research/tamil-music-history/songs/z5_klHXYZS4_Venmegam 8K4K Music Video Song  Yaaradi Nee Mohini.%(ext)s,27763736,
2000,None-01-01,Aadukalam Yathe Yathe Tamil Lyric Video Dhanush G.V. Prakash Kumar,I,A.R. Rahman,A.R. Rahman; Others,Vairamakrishnan,mvbZOKJu7lo,Aadukalam - Yathe Yathe Tamil Lyric Video | Dhanush | G.V. Prakash Kumar,350.0,Y,N,Y,/home/vscode/code/research/tamil-music-history/songs/mvbZOKJu7lo_Aadukalam - Yathe Yathe Tamil Lyric Video  Dhanush.%(ext)s,26171728,
2000,2000-01-01,Muthu,Muthu,A.R. Rahman,S. Janaki,Vairamuthu,5NEK2JSIHOs,Thillana Thillana - 4K Video Song | Superstar Rajinikanth |A R Rahman | Muthu |Tamil Song |Sun Music,357,Y,Y,Y,/home/vscode/code/research/tamil-music-history/songs/5NEK2JSIHOs_Thillana Thillana - 4K Video Song  Superstar Rajin.%(ext)s,25476980,
2000,None-01-01,Oruvan Oruvan 4K Video Song Superstar Rajinikanth A R Rahman Muthu Tamil Song Su,I,A.R. Rahman,A.R. Rahman; Others,Vairamakrishnan,p7_GDN6r2OY,Oruvan Oruvan - 4K Video Song | Superstar Rajinikanth | A R Rahman | Muthu | Tamil Song | Sun Music,355.0,Y,N,Y,/home/vscode/code/research/tamil-music-history/songs/p7_GDN6r2OY_Oruvan Oruvan - 4K Video Song  Superstar Rajinikan.%(ext)s,23231270,
2000,None-01-01,Vinnaithaandi Varuvaayaa Omana Penne Video Song A.R. Rahman STR Trisha GVM,I,A.R. Rahman,A.R. Rahman; Others,Vairamakrishnan,vj2_z1GYXcU,Vinnaithaandi Varuvaayaa - Omana Penne Video Song | A.R. Rahman | STR | Trisha | GVM,346.0,Y,N,Y,/home/vscode/code/research/tamil-music-history/songs/vj2_z1GYXcU_Vinnaithaandi Varuvaayaa - Omana Penne Video Song .%(ext)s,22058335,
2000,None-01-01,Sollamalae HD Video Song சொல்லாமலே யார் பார்த்தது Poove Unakkaga Vijay Sangita S,I,A.R. Rahman,A.R. Rahman; Others,Vairamakrishnan,V6uB5yfS2dg,Sollamalae - HD Video Song | சொல்லாமலே யார் பார்த்தது |Poove Unakkaga| Vijay | Sangita | SA Rajkumar,287.0,Y,N,Y,/home/vscode/code/research/tamil-music-history/songs/V6uB5yfS2dg_Sollamalae - HD Video Song  சலலமல யர பரததத Poove U.%(ext)s,20572684,
2000,None-01-01,Thiruvilaiyaadal Aarambam Movie Songs Vizhigalil Vizhigalil Video Song Dhanush S,I,A.R. Rahman,A.R. Rahman; Others,Vairamakrishnan,ryHhJbFHDJg,Thiruvilaiyaadal Aarambam Movie Songs | Vizhigalil Vizhigalil Video Song | Dhanush | Shriya Saran,259.0,Y,N,Y,/home/vscode/code/research/tamil-music-history/songs/ryHhJbFHDJg_Thiruvilaiyaadal Aarambam Movie Songs  Vizhigalil .%(ext)s,18237033,
2000,None-01-01,Thottu Thottu Pesum Sultana Video Song Simran Vidyasagar Swarnalatha Pushpavanam,I,A.R. Rahman,A.R. Rahman; Others,Vairamakrishnan,yvbzk0SED14,Thottu Thottu Pesum Sultana Video Song | Simran | Vidyasagar | Swarnalatha | Pushpavanam Kuppusamy,283.0,N,N,Y,/home/vscode/code/research/tamil-music-history/songs/yvbzk0SED14_Thottu Thottu Pesum Sultana Video Song  Simran  Vi.%(ext)s,18025430,
2000,2000-01-01,தனியே பாடல் ரிதம் தமிழ் திரைப்படப்பாடல்கள் ஷங்கர் மஹாதேவன் மீனா நாகேந்திர பிரசாத,,,,,bFlSwm1mzDo,தனியே பாடல்|ரிதம் தமிழ் திரைப்படப்பாடல்கள்|ஷங்கர் மஹாதேவன் |மீனா|நாகேந்திர பிரசாத்|பிரமிட் இசை,280.0,Y,N,Y,/home/vscode/code/research/tamil-music-history/songs/bFlSwm1mzDo_தனய படலரதம தமழ தரபபடபபடலகளஷஙகர மஹதவன மனநகநதர பரசதப.%(ext)s,15558907,
2000,None-01-01,Kokkara Kokkarako Audio Song Ghilli Thalapathy Vijay Trisha Vidyasagar Five Star,Ghilli,Vidyasagar,T.T. Manickam; Others,Vairamakrishnan,C8xh08RWy38,Kokkara Kokkarako - Audio Song | Ghilli | Thalapathy Vijay | Trisha | Vidyasagar | Five Star,275.0,N,N,Y,/home/vscode/code/research/tamil-music-history/songs/C8xh08RWy38_Kokkara Kokkarako - Audio Song  Ghilli  Thalapathy.%(ext)s,13271139,
2000,None-01-01,Urvasi Urvasi 4K Song Kadhalan Video Songs 4K Remastered A.R.Rahman,I,A.R. Rahman,A.R. Rahman; Others,Vairamakrishnan,VkoXNF01HdM,Urvasi Urvasi 4K Song | Kadhalan Video Songs | 4K Remastered | A.R.Rahman,331.0,N,N,Y,/home/vscode/code/research/tamil-music-history/songs/VkoXNF01HdM_Urvasi Urvasi 4K Song  Kadhalan Video Songs  4K Re.%(ext)s,10643665,
2000,None-01-01,Azhagooril 4k Official Video Thirumalai Vijay Jyothika Vidyasagar Raghuvaran SPB,I,A.R. Rahman,A.R. Rahman; Others,Vairamakrishnan,1D5o1tuq0yI,Azhagooril 4k Official Video | Thirumalai | Vijay | Jyothika | Vidyasagar | Raghuvaran | SPB,265.0,Y,N,Y,/home/vscode/code/research/tamil-music-history/songs/1D5o1tuq0yI_Azhagooril 4k Official Video  Thirumalai  Vijay  J.%(ext)s,9159125,
2000,None-01-01,Engeyum Eppothum Video Song Polladhavan Dhanush G.V. Prakash Sun Music,I,A.R. Rahman,A.R. Rahman; Others,Vairamakrishnan,ggDIfPzKMdM,Engeyum Eppothum - Video Song | Polladhavan | Dhanush | G.V. Prakash | Sun Music,282.0,Y,N,Y,/home/vscode/code/research/tamil-music-history/songs/ggDIfPzKMdM_Engeyum Eppothum - Video Song  Polladhavan  Dhanus.%(ext)s,8432644,
2000,None-01-01,Otha Sollaala 4K Video Song Aadukalam Dhanush G. V. Prakash Kumar Sun Music,I,A.R. Rahman,A.R. Rahman; Others,Vairamakrishnan,O78Y6VnKeL8,Otha Sollaala - 4K Video Song | Aadukalam | Dhanush | G. V. Prakash Kumar | Sun Music,200.0,Y,N,Y,/home/vscode/code/research/tamil-music-history/songs/O78Y6VnKeL8_Otha Sollaala - 4K Video Song  Aadukalam  Dhanush .%(ext)s,7362302,
2000,None-01-01,"Suraa Vetri Kodi Yettru Video Song Vijay, Tamannaah Mani Sharma",Vetri,Viswanathan Ramamoorthy,T.M. Soundararajan,Kannadasan,pMLKRH8VQ6Q,"Suraa - Vetri Kodi Yettru Video Song | Vijay, Tamannaah |Mani Sharma",273.0,Y,N,Y,/home/vscode/code/research/tamil-music-history/songs/pMLKRH8VQ6Q_Suraa - Vetri Kodi Yettru Video Song  Vijay Tamann.%(ext)s,7322394,
2000,None-01-01,"Putta Bomma (Tamil) Video Song VaikundaPuram Movie Allu Arjun, Pooja Hegde Thama",I,A.R. Rahman,A.R. Rahman; Others,Vairamakrishnan,-bygU7duPVI,"Putta Bomma (Tamil) Video Song || VaikundaPuram Movie ||  Allu Arjun, Pooja Hegde || Thaman S",214.0,Y,N,Y,/home/vscode/code/research/tamil-music-history/songs/-bygU7duPVI_Putta Bomma Tamil Video Song  VaikundaPuram Movie .%(ext)s,7162277,
2000,None-01-01,Azhagooril Poothavale 4K Video Song அழகூரில் பூத்தவளே Thirumalai Vijay Jyothika ,I,A.R. Rahman,A.R. Rahman; Others,Vairamakrishnan,rHuiaFWUtxk,Azhagooril Poothavale - 4K Video Song | அழகூரில் பூத்தவளே | Thirumalai | Vijay |Jyothika |Vidyasagar,268.0,Y,N,Y,/home/vscode/code/research/tamil-music-history/songs/rHuiaFWUtxk_Azhagooril Poothavale - 4K Video Song  அழகரல பததவள.%(ext)s,6743010,
2000,None-01-01,Oorai Therinchikitten Video Song K. J. Yesudas Rajinikanth Ambika Padikkadavan,I,A.R. Rahman,A.R. Rahman; Others,Vairamakrishnan,CIkKddyCHIw,Oorai Therinchikitten -Video Song | K. J. Yesudas | Rajinikanth | Ambika | Padikkadavan,242.0,N,N,Y,/home/vscode/code/research/tamil-music-history/songs/CIkKddyCHIw_Oorai Therinchikitten -Video Song  K J Yesudas  Ra.%(ext)s,5266530,
2000,2000-01-01,Vizhigalil Vizhigalil Song Thiruvilayadal Arambam Dhanush Shreya Saran D. Imman,I,A.R. Rahman,A.R. Rahman; Others,Vairamakrishnan,CxmWzlLfFkI,Vizhigalil Vizhigalil - Song | Thiruvilayadal Arambam | Dhanush | Shreya Saran | D. Imman,283.0,N,N,Y,/home/vscode/code/research/tamil-music-history/songs/CxmWzlLfFkI_Vizhigalil Vizhigalil - Song  Thiruvilayadal Aramb.%(ext)s,4648405,
2000,None-01-01,ஊரைத் தெரிஞ்சுக்கிட்டேன் உலகம் புரிஞ்சுக்கிட்டேன் HD Video Song Oora Therinchiki,I,A.R. Rahman,A.R. Rahman; Others,Vairamakrishnan,Y-fOWFpadh4,ஊரைத் தெரிஞ்சுக்கிட்டேன் உலகம் புரிஞ்சுக்கிட்டேன் HD Video Song |Oora Therinchikitten HD Video Song,245.0,N,N,Y,/home/vscode/code/research/tamil-music-history/songs/Y-fOWFpadh4_ஊரத தரஞசககடடன உலகம பரஞசககடடன HD Video Song Oora Th.%(ext)s,4593707,
2000,2000-01-01,Gala Galavena Video Song Rhythm Tamil Movie Songs Meena Ramesh Arvind A. R. Rahm,I,A.R. Rahman,A.R. Rahman; Others,Vairamakrishnan,yXst4TVCaaI,Gala Galavena Video Song | Rhythm Tamil Movie Songs | Meena | Ramesh Arvind | A. R. Rahman | ரிதம்,272.0,Y,N,Y,/home/vscode/code/research/tamil-music-history/songs/yXst4TVCaaI_Gala Galavena Video Song  Rhythm Tamil Movie Songs.%(ext)s,3503505,
2000,None-01-01,Ennavale Adi Ennavale 4K Song Kadhalan Video Songs 4K Remastered A.R.Rahman,I,A.R. Rahman,A.R. Rahman; Others,Vairamakrishnan,conk9Etl_vE,Ennavale Adi Ennavale 4K Song | Kadhalan Video Songs | 4K Remastered | A.R.Rahman,278.0,N,N,Y,/home/vscode/code/research/tamil-music-history/songs/conk9Etl_vE_Ennavale Adi Ennavale 4K Song  Kadhalan Video Song.%(ext)s,2641359,
2000,None-01-01,Pothuvaaga En Manasu Thangam 4K Video Song Murattu Kaalai Movie Songs Rajinikant,I,A.R. Rahman,A.R. Rahman; Others,Vairamakrishnan,ujYkZjRsD5s,Pothuvaaga En Manasu Thangam 4K Video Song | Murattu Kaalai Movie Songs | Rajinikanth,311.0,N,N,Y,/home/vscode/code/research/tamil-music-history/songs/ujYkZjRsD5s_Pothuvaaga En Manasu Thangam 4K Video Song  Muratt.%(ext)s,1837771,
2000,None-01-01,Konji Konji 4K Video Song Ilayaraaja S.P.Balasubrahmanyam Panchu Arunachalam Raj,I,A.R. Rahman,A.R. Rahman; Others,Vairamakrishnan,s-l_iIWs5sY,Konji Konji 4K Video Song | Ilayaraaja | S.P.Balasubrahmanyam | Panchu Arunachalam | Rajinikanth |,315.0,N,N,Y,/home/vscode/code/research/tamil-music-history/songs/s-l_iIWs5sY_Konji Konji 4K Video Song  Ilayaraaja  SPBalasubra.%(ext)s,1206728,
1999,1999-01-01,Alli Arjuna Tamil Movie Songs Sollayo Solaikili Video Song Manoj Richa Pallod AR,I,A.R. Rahman,A.R. Rahman; Others,Vairamakrishnan,rDzFFHdEoEA,Alli Arjuna Tamil Movie Songs | Sollayo Solaikili Video Song | Manoj | Richa Pallod | AR Rahman,383.0,Y,N,Y,/home/vscode/code/research/tamil-music-history/songs/rDzFFHdEoEA_Alli Arjuna Tamil Movie Songs  Sollayo Solaikili V.%(ext)s,12490964,
1999,1999-01-01,Sikkadha Sittondru Video Song Sethu Tamil Movie Songs Vikram Sriman Abitha Pyram,I,A.R. Rahman,A.R. Rahman; Others,Vairamakrishnan,wEhX44OGXHM,Sikkadha Sittondru Video Song |Sethu Tamil Movie Songs | Vikram | Sriman | Abitha| Pyramid Music,298.0,Y,N,Y,/home/vscode/code/research/tamil-music-history/songs/wEhX44OGXHM_Sikkadha Sittondru Video Song Sethu Tamil Movie So.%(ext)s,5330080,
1999,1999-01-01,Enthan Uyire Audio Song Unnaruge Naan Irundhal Romantic Song,I,A.R. Rahman,A.R. Rahman; Others,Vairamakrishnan,1fOOTVie9Ro,Enthan Uyire Audio Song | Unnaruge Naan Irundhal | Romantic Song,370.0,Y,N,Y,/home/vscode/code/research/tamil-music-history/songs/1fOOTVie9Ro_Enthan Uyire Audio Song  Unnaruge Naan Irundhal  R.%(ext)s,1234603,
1998,1998-01-01,"Priyamaanavale Enakkoru Snehidhi Video Vijay, Simran S.A. Rajkumar",I,A.R. Rahman,A.R. Rahman; Others,Vairamakrishnan,nqZ1hyvvFrQ,"Priyamaanavale - Enakkoru Snehidhi Video | Vijay, Simran | S.A. Rajkumar",294.0,Y,N,Y,/home/vscode/code/research/tamil-music-history/songs/nqZ1hyvvFrQ_Priyamaanavale - Enakkoru Snehidhi Video  Vijay Si.%(ext)s,29988952,
1998,1998-01-01,Evergreen Melodies 5 Full HD Video Jukebox A.R.Rahman,I,A.R. Rahman,A.R. Rahman; Others,Vairamakrishnan,HwtG6ch0P14,Evergreen Melodies 5 | Full HD | Video Jukebox | A.R.Rahman |,859.0,Y,N,Y,/home/vscode/code/research/tamil-music-history/songs/HwtG6ch0P14_Evergreen Melodies 5  Full HD  Video Jukebox  ARRa.%(ext)s,11369305,
1998,1998-01-01,Nilave Nilave Video Song Nilaave Vaa Tamil Movie Songs Vijay Suvalakshmi Pyramid,I,A.R. Rahman,A.R. Rahman; Others,Vairamakrishnan,qbzgc1f_ypE,Nilave Nilave Video Song |Nilaave Vaa Tamil Movie Songs | Vijay | Suvalakshmi | Pyramid Music,291.0,Y,N,Y,/home/vscode/code/research/tamil-music-history/songs/qbzgc1f_ypE_Nilave Nilave Video Song Nilaave Vaa Tamil Movie S.%(ext)s,3089443,
1998,1998-01-01,Etho Oru Paatu Video Song Unnidathil Ennai Koduthen Tamil Movie Songs Karthik Su,I,A.R. Rahman,A.R. Rahman; Others,Vairamakrishnan,4Ly50edHjhY,Etho Oru Paatu Video Song | Unnidathil Ennai Koduthen Tamil Movie Songs | Karthik | Sujatha Mohan,252.0,Y,N,Y,/home/vscode/code/research/tamil-music-history/songs/4Ly50edHjhY_Etho Oru Paatu Video Song  Unnidathil Ennai Koduth.%(ext)s,730154,
1998,1998-01-01,Nilave Nilave 4K Video Song Nilaave Vaa Tamil Movie Songs Thalapathy Vijay Old S,I,A.R. Rahman,A.R. Rahman; Others,Vairamakrishnan,06PX4-d4hXU,Nilave Nilave 4K Video Song | Nilaave Vaa Tamil Movie Songs | Thalapathy Vijay Old Songs| Vidyasagar,313.0,N,N,Y,/home/vscode/code/research/tamil-music-history/songs/06PX4-d4hXU_Nilave Nilave 4K Video Song  Nilaave Vaa Tamil Mov.%(ext)s,11700,
1997,1997-01-01,Nooraandukku Oru Murai Song With Lyrics Thayin Manikodi Vairamuthu Vidyasagar,I,A.R. Rahman,A.R. Rahman; Others,Vairamakrishnan,5BZtZxh_w1M,Nooraandukku Oru Murai Song With Lyrics | Thayin Manikodi | Vairamuthu | Vidyasagar,324.0,Y,N,Y,/home/vscode/code/research/tamil-music-history/songs/5BZtZxh_w1M_Nooraandukku Oru Murai Song With Lyrics  Thayin Ma.%(ext)s,56351479,
1997,1997-01-01,Otha Ruba Tharen Full Video Song Naattu Purapaatu Khushboo Tamil Classic Song,I,A.R. Rahman,A.R. Rahman; Others,Vairamakrishnan,NNBLpKtsdgo,Otha Ruba Tharen  | Full Video Song | Naattu Purapaatu | Khushboo | Tamil Classic Song,140.0,N,N,Y,/home/vscode/code/research/tamil-music-history/songs/NNBLpKtsdgo_Otha Ruba Tharen   Full Video Song  Naattu Purapaa.%(ext)s,47119637,
1997,1997-01-01,Rosappu Chinna Rosappu (Sarath Kumar) Tamil Video Song Suryavamsam,I,A.R. Rahman,A.R. Rahman; Others,Vairamakrishnan,9H4pjWE5TQ0,Rosappu Chinna Rosappu (Sarath Kumar) | Tamil Video Song | Suryavamsam,235.0,Y,N,Y,/home/vscode/code/research/tamil-music-history/songs/9H4pjWE5TQ0_Rosappu Chinna Rosappu Sarath Kumar  Tamil Video S.%(ext)s,13921579,
1997,1997-01-01,Nandri Solla Unakku Video Song Maru Malarchi Tamil Movie Songs Mammootty Devayan,I,A.R. Rahman,A.R. Rahman; Others,Vairamakrishnan,44L0_ZWR_cE,Nandri Solla Unakku Video Song | Maru Malarchi Tamil Movie Songs | Mammootty | Devayani | SARajkumar,216.0,Y,N,Y,/home/vscode/code/research/tamil-music-history/songs/44L0_ZWR_cE_Nandri Solla Unakku Video Song  Maru Malarchi Tami.%(ext)s,9693210,
1997,1997-01-01,Sollamalae HD Video Song சொல்லாமலே யார் பார்த்தது Poove Unakkaga Vijay Sangita S,I,A.R. Rahman,A.R. Rahman; Others,Vairamakrishnan,w7UctxYmouY,Sollamalae - HD Video Song | சொல்லாமலே யார் பார்த்தது |Poove Unakkaga| Vijay | Sangita | SA Rajkumar,287.0,Y,N,Y,/home/vscode/code/research/tamil-music-history/songs/w7UctxYmouY_Sollamalae - HD Video Song  சலலமல யர பரததத Poove U.%(ext)s,9344895,
1997,1997-01-01,Mudhal Mudhalil Parthen Video Song Aahaa Tamil Movie Songs Rajiv Krishna Sulekha,I,A.R. Rahman,A.R. Rahman; Others,Vairamakrishnan,4Sx7p9M71L4,Mudhal Mudhalil Parthen Video Song | Aahaa Tamil Movie Songs | Rajiv Krishna | Sulekha | Deva,271.0,Y,N,Y,/home/vscode/code/research/tamil-music-history/songs/4Sx7p9M71L4_Mudhal Mudhalil Parthen Video Song  Aahaa Tamil Mo.%(ext)s,5954271,
1997,1997-01-01,Ooty Malai Beauty Video Song Once More Tamil Movie Songs Vijay Anju Aravind Simr,I,A.R. Rahman,A.R. Rahman; Others,Vairamakrishnan,cpsGYsjhh-U,Ooty Malai Beauty Video Song | Once More Tamil Movie Songs | Vijay | Anju Aravind | Simran | Deva,269.0,Y,N,Y,/home/vscode/code/research/tamil-music-history/songs/cpsGYsjhh-U_Ooty Malai Beauty Video Song  Once More Tamil Movi.%(ext)s,5300684,
1997,1997-01-01,Thanjavooru Mannu Eduthu Video Song Porkaalam Tamil Movie Murali Meena Deva Vair,I,A.R. Rahman,A.R. Rahman; Others,Vairamakrishnan,KXM7nVYIn9c,Thanjavooru Mannu Eduthu - Video Song |Porkaalam Tamil Movie | Murali |Meena |Deva |Vairamuthu,313.0,N,N,Y,/home/vscode/code/research/tamil-music-history/songs/KXM7nVYIn9c_Thanjavooru Mannu Eduthu - Video Song Porkaalam Ta.%(ext)s,4479734,
1996,1996-01-01,Kaalamellam Kadhal Vazhga Tamil Movie Songs Vennilave Vennilave Video Song வெண்ண,I,A.R. Rahman,A.R. Rahman; Others,Vairamakrishnan,j53zKmLgABQ,Kaalamellam Kadhal Vazhga Tamil Movie Songs | Vennilave Vennilave Video Song | வெண்ணிலவே வெண்ணிலவே,286.0,Y,N,Y,/home/vscode/code/research/tamil-music-history/songs/j53zKmLgABQ_Kaalamellam Kadhal Vazhga Tamil Movie Songs  Venni.%(ext)s,20630270,
1996,1996-01-01,Enna Azhagu Ethanai Azhagu Video Song Love Today Thalapathy Vijay Suvalakshmi Su,I,A.R. Rahman,A.R. Rahman; Others,Vairamakrishnan,7G3SoRhAiKw,Enna Azhagu Ethanai Azhagu - Video Song | Love Today | Thalapathy Vijay | Suvalakshmi | Sun Music,282.0,Y,N,Y,/home/vscode/code/research/tamil-music-history/songs/7G3SoRhAiKw_Enna Azhagu Ethanai Azhagu - Video Song  Love Toda.%(ext)s,18354464,
1996,1996-01-01,"Telephone Mani Poll Lyrical Indian Tamil Songs Kamal , Manisha Koirala A.R.Raham",I,A.R. Rahman,A.R. Rahman; Others,Vairamakrishnan,o93_5KmD8V4,"Telephone Mani Poll Lyrical || Indian Tamil Songs || Kamal , Manisha Koirala || A.R.Rahaman",383.0,Y,N,Y,/home/vscode/code/research/tamil-music-history/songs/o93_5KmD8V4_Telephone Mani Poll Lyrical  Indian Tamil Songs  K.%(ext)s,6799598,
1996,1996-01-01,"Azhagiya Laila 4K Lyrical Song Ullathai Allitha Karthik, Rambha, Goundamani Mano",I,A.R. Rahman,A.R. Rahman; Others,Vairamakrishnan,tcwn5skTetg,"Azhagiya Laila 4K Lyrical Song | Ullathai Allitha | Karthik, Rambha, Goundamani | Mano | Tamil Songs",277.0,Y,N,Y,/home/vscode/code/research/tamil-music-history/songs/tcwn5skTetg_Azhagiya Laila 4K Lyrical Song  Ullathai Allitha  .%(ext)s,4514720,
1996,1996-01-01,Kadhal Kottai Tamil Movie Songs Kaalamellam Kadhal Video Song Ajith Devayani Dev,I,A.R. Rahman,A.R. Rahman; Others,Vairamakrishnan,uCmbqu00yUU,Kadhal Kottai Tamil Movie Songs | Kaalamellam Kadhal Video Song | Ajith | Devayani | Deva,321.0,Y,N,Y,/home/vscode/code/research/tamil-music-history/songs/uCmbqu00yUU_Kadhal Kottai Tamil Movie Songs  Kaalamellam Kadha.%(ext)s,3268554,
1996,1996-01-01,Nalam Nalamariya Aval Video Song Kadhal Kottai 1996 Ajith Kumar Devayani Tamil S,I,A.R. Rahman,A.R. Rahman; Others,Vairamakrishnan,BT9300S_YSo,Nalam Nalamariya Aval Video Song | Kadhal Kottai | 1996 | Ajith Kumar | Devayani | Tamil Song.,287.0,Y,N,Y,/home/vscode/code/research/tamil-music-history/songs/BT9300S_YSo_Nalam Nalamariya Aval Video Song  Kadhal Kottai  1.%(ext)s,3241115,
1996,1996-01-01,Nalam Nalamariya Aval Video Song Kadhal Kottai Song SPB Anuradha Sriram Tamil Me,I,A.R. Rahman,A.R. Rahman; Others,Vairamakrishnan,P62yvqH43PU,Nalam Nalamariya Aval Video Song | Kadhal Kottai Song | SPB | Anuradha Sriram | Tamil Melody Song,291.0,Y,N,Y,/home/vscode/code/research/tamil-music-history/songs/P62yvqH43PU_Nalam Nalamariya Aval Video Song  Kadhal Kottai So.%(ext)s,374924,
1995,1995-01-01,Pasumpon Thamarai Poovukum Official Video Song Vidyasagar,I,A.R. Rahman,A.R. Rahman; Others,Vairamakrishnan,27yGAMGAXjE,Pasumpon - Thamarai Poovukum Official Video Song | Vidyasagar,257.0,Y,N,Y,/home/vscode/code/research/tamil-music-history/songs/27yGAMGAXjE_Pasumpon - Thamarai Poovukum Official Video Song  .%(ext)s,58688452,
1995,1995-01-01,Thillana Thillana Video Song Muthu 1995 Rajinikanth Meena Tamil Video Song.,I,A.R. Rahman,A.R. Rahman; Others,Vairamakrishnan,eyLxj5M8AGc,Thillana Thillana Video Song | Muthu | 1995 |  Rajinikanth | Meena | Tamil Video Song.,381.0,Y,N,Y,/home/vscode/code/research/tamil-music-history/songs/eyLxj5M8AGc_Thillana Thillana Video Song  Muthu  1995   Rajini.%(ext)s,21857502,
1995,1995-01-01,Unnai Naan 4K Video Song உன்னை நான் Jay Jay Madhavan Amogha Bharathwaj Ayngaran,I,A.R. Rahman,A.R. Rahman; Others,Vairamakrishnan,FYMCM3mctxY,Unnai Naan - 4K Video Song | உன்னை நான் | Jay Jay | Madhavan | Amogha | Bharathwaj | Ayngaran,302.0,Y,N,Y,/home/vscode/code/research/tamil-music-history/songs/FYMCM3mctxY_Unnai Naan - 4K Video Song  உனன நன  Jay Jay  Madha.%(ext)s,16377290,
1995,1995-01-01,Thendral Vanthu Theendumbothu Video Song Avatharam Tamil Movie Songs தென்றல் வந்,Nallavanukku Nallavan,Ilaiyaraaja,S. Janaki,Vaali,Ue5GbzWXZpY,Thendral Vanthu Theendumbothu Video Song | Avatharam Tamil Movie Songs | தென்றல் வந்து தீண்டும்போது,299.0,Y,N,Y,/home/vscode/code/research/tamil-music-history/songs/Ue5GbzWXZpY_Thendral Vanthu Theendumbothu Video Song  Avathara.%(ext)s,15415962,
1995,1995-01-01,Chakku Chakku Vathikuchi Asuran Movie Video Songs Roja Adithyan Superhit Old Tam,Roja,A.R. Rahman,S.P. Balasubrahmanyam; K.S. Chithra,Vairamakrishnan,OkJkjyVFX8E,Chakku Chakku Vathikuchi | Asuran Movie Video Songs | Roja | Adithyan | Superhit Old Tamil Songs,244.0,N,N,Y,/home/vscode/code/research/tamil-music-history/songs/OkJkjyVFX8E_Chakku Chakku Vathikuchi  Asuran Movie Video Songs.%(ext)s,10962199,
1995,1995-01-01,Kuluvalilae Video Song Muthu Movie 1995 Rajinikanth Meena Tamil Video Song.,I,A.R. Rahman,A.R. Rahman; Others,Vairamakrishnan,pTx0jOD5Yqw,Kuluvalilae Video Song | Muthu Movie | 1995 | Rajinikanth Meena | Tamil Video Song.,333.0,Y,N,Y,/home/vscode/code/research/tamil-music-history/songs/pTx0jOD5Yqw_Kuluvalilae Video Song  Muthu Movie  1995  Rajinik.%(ext)s,10747519,
1995,1995-01-01,Kadhal Desam,Kadhal Desam,A.R. Rahman,S. Janaki,Vairamuthu,Nlahu7THMRY,Roja Roja - HD Video Song | ரோஜா ரோஜா | Kadhalar Dhinam | A.R. Rahman | Kunal | Sonali Bendre,334,Y,Y,Y,/home/vscode/code/research/tamil-music-history/songs/Nlahu7THMRY_Roja Roja - HD Video Song  ரஜ ரஜ  Kadhalar Dhinam .%(ext)s,4927273,
1995,1995-01-01,Kuluvalilae 4K Video Song Superstar Rajinikanth A R Rahman Muthu Tamil Song Sun ,I,A.R. Rahman,A.R. Rahman; Others,Vairamakrishnan,4um9usMjMm0,Kuluvalilae - 4K Video Song | Superstar Rajinikanth | A R Rahman | Muthu | Tamil Song | Sun Music,320.0,Y,N,Y,/home/vscode/code/research/tamil-music-history/songs/4um9usMjMm0_Kuluvalilae - 4K Video Song  Superstar Rajinikanth.%(ext)s,4491631,
1995,1995-01-01,Usalampatti Penkutti Gentleman 1080p HD Video Song,I,A.R. Rahman,A.R. Rahman; Others,Vairamakrishnan,wZoJv9YfEAQ,Usalampatti Penkutti | Gentleman | 1080p HD Video Song |,275.0,Y,N,Y,/home/vscode/code/research/tamil-music-history/songs/wZoJv9YfEAQ_Usalampatti Penkutti  Gentleman  1080p HD Video So.%(ext)s,1514067,
1995,1995-01-01,Velli Nilave Song Nandhavana Theru Ilaiyaraaja Karthik 90s Hits Tamil Melody Son,I,A.R. Rahman,A.R. Rahman; Others,Vairamakrishnan,SJ8QlOoxM3U,Velli Nilave Song | Nandhavana Theru | Ilaiyaraaja | Karthik | 90s Hits | Tamil Melody Song,319.0,Y,N,Y,/home/vscode/code/research/tamil-music-history/songs/SJ8QlOoxM3U_Velli Nilave Song  Nandhavana Theru  Ilaiyaraaja  .%(ext)s,1080766,
1995,1995-01-01,Coolie Tamil Movie Songs HD Poo Poova Video Song Sarathkumar Meena Pyramid Glitz,I,A.R. Rahman,A.R. Rahman; Others,Vairamakrishnan,hF4-jtqhl3U,Coolie Tamil Movie Songs HD | Poo Poova Video Song | Sarathkumar | Meena | Pyramid Glitz Music,293.0,Y,N,Y,/home/vscode/code/research/tamil-music-history/songs/hF4-jtqhl3U_Coolie Tamil Movie Songs HD  Poo Poova Video Song .%(ext)s,915803,
1994,1994-01-01,"Karna Malare Mounama Video Arjun, Ranjitha Vidyasagar",I,A.R. Rahman,A.R. Rahman; Others,Vairamakrishnan,gRjKULlhot4,"Karna - Malare Mounama Video | Arjun, Ranjitha | Vidyasagar",309.0,Y,N,Y,/home/vscode/code/research/tamil-music-history/songs/gRjKULlhot4_Karna - Malare Mounama Video  Arjun Ranjitha  Vidy.%(ext)s,87395732,
1994,1994-01-01,Margazhi Poove Video Song AR Rahman Tamil Hits Shobha Shankar Pyramid Glitz Musi,I,A.R. Rahman,A.R. Rahman; Others,Vairamakrishnan,bDUXDJ7IC-g,Margazhi Poove Video Song | AR Rahman Tamil Hits | Shobha Shankar | Pyramid Glitz Music,378.0,Y,N,Y,/home/vscode/code/research/tamil-music-history/songs/bDUXDJ7IC-g_Margazhi Poove Video Song  AR Rahman Tamil Hits  S.%(ext)s,15977871,
1994,1994-01-01,Kuchi Kuchi Rakkamma Video Song Bombay Tamil Movie Arvind Swamy Manisha Koirala ,Bombay,A.R. Rahman,S.P. Balasubrahmanyam; K.S. Chithra,Vairamakrishnan,1L0Q7JOF_bA,Kuchi Kuchi Rakkamma Video Song | Bombay Tamil Movie | Arvind Swamy | Manisha Koirala | AR Rahman,320.0,N,N,Y,/home/vscode/code/research/tamil-music-history/songs/1L0Q7JOF_bA_Kuchi Kuchi Rakkamma Video Song  Bombay Tamil Movi.%(ext)s,11611023,
1994,1994-01-01,Karuppu Nila Song En Aasai Machan Tamil Movie Songs Vijayakanth Revathi Monica P,I,A.R. Rahman,A.R. Rahman; Others,Vairamakrishnan,U6Yrwzw_wFw,Karuppu Nila Song | En Aasai Machan Tamil Movie Songs| Vijayakanth | Revathi | Monica|Pyramid Music,291.0,Y,N,Y,/home/vscode/code/research/tamil-music-history/songs/U6Yrwzw_wFw_Karuppu Nila Song  En Aasai Machan Tamil Movie Son.%(ext)s,10895764,
1994,1994-01-01,"Karna Aye Shebha Video Arjun, Ranjitha Vidyasagar",I,A.R. Rahman,A.R. Rahman; Others,Vairamakrishnan,0LjE_FUVP2I,"Karna - Aye Shebha Video | Arjun, Ranjitha | Vidyasagar",260.0,Y,N,Y,/home/vscode/code/research/tamil-music-history/songs/0LjE_FUVP2I_Karna - Aye Shebha Video  Arjun Ranjitha  Vidyasag.%(ext)s,8833392,
1994,1994-01-01,Anjali Anjali Video Song Duet Tamil Movie Songs Prabhu Ramesh Meenakshi Seshadri,I,A.R. Rahman,A.R. Rahman; Others,Vairamakrishnan,3P0d5H5zmEI,Anjali Anjali Video Song | Duet Tamil Movie Songs | Prabhu | Ramesh | Meenakshi Seshadri | AR Rahman,362.0,Y,N,Y,/home/vscode/code/research/tamil-music-history/songs/3P0d5H5zmEI_Anjali Anjali Video Song  Duet Tamil Movie Songs  .%(ext)s,5264505,
1994,1994-01-01,மத்தாளம் கொட்டுதடி மனசு Mathalam Kottuthadi Manasu Hd Video Song Tamil Cinema So,I,A.R. Rahman,A.R. Rahman; Others,Vairamakrishnan,QDc7NgaRj30,மத்தாளம் கொட்டுதடி மனசு | Mathalam Kottuthadi Manasu Hd Video Song | Tamil Cinema Songs,239.0,N,N,Y,/home/vscode/code/research/tamil-music-history/songs/QDc7NgaRj30_மததளம கடடதட மனச  Mathalam Kottuthadi Manasu Hd Vid.%(ext)s,4568463,
1994,1994-01-01,Kulicha Kuthalam Video Song Duet Tamil Movie Songs Prabhu Meenakshi Seshadri AR ,I,A.R. Rahman,A.R. Rahman; Others,Vairamakrishnan,d-pLEZJPBbs,Kulicha Kuthalam Video Song | Duet Tamil Movie Songs | Prabhu | Meenakshi Seshadri | AR Rahman,276.0,Y,N,Y,/home/vscode/code/research/tamil-music-history/songs/d-pLEZJPBbs_Kulicha Kuthalam Video Song  Duet Tamil Movie Song.%(ext)s,4364436,
1994,1994-01-01,Priyanka Tamil Movie Songs Vettukili Vetti Vantha Video Song Revathi Jayaram Ila,I,A.R. Rahman,A.R. Rahman; Others,Vairamakrishnan,fESe8b-H6BQ,Priyanka Tamil Movie Songs | Vettukili Vetti Vantha Video Song | Revathi | Jayaram | Ilayaraja,317.0,Y,N,Y,/home/vscode/code/research/tamil-music-history/songs/fESe8b-H6BQ_Priyanka Tamil Movie Songs  Vettukili Vetti Vantha.%(ext)s,2319190,
1994,1994-01-01,En Swasa Kaatre Tamil Movie Chinna Chinna Video Song Arvind Swamy Isha Koppikar ,I,A.R. Rahman,A.R. Rahman; Others,Vairamakrishnan,4ReTfw5YeiY,En Swasa Kaatre Tamil Movie | Chinna Chinna Video Song | Arvind Swamy | Isha Koppikar | A R Rahman,331.0,Y,N,Y,/home/vscode/code/research/tamil-music-history/songs/4ReTfw5YeiY_En Swasa Kaatre Tamil Movie  Chinna Chinna Video S.%(ext)s,940147,
1994,1994-01-01,Karna Hello Chellamma Video Arjun Vidyasagar,I,A.R. Rahman,A.R. Rahman; Others,Vairamakrishnan,7hZtkrqDpOo,Karna - Hello Chellamma Video | Arjun | Vidyasagar,251.0,Y,N,Y,/home/vscode/code/research/tamil-music-history/songs/7hZtkrqDpOo_Karna - Hello Chellamma Video  Arjun  Vidyasagar.%(ext)s,671393,
1994,1994-01-01,"Pakka Gentlema Video Song in Super Police Movie 1989 Venkatesh, Soundarya Tamil ",I,A.R. Rahman,A.R. Rahman; Others,Vairamakrishnan,-08iMwFGroU,"Pakka Gentlema Video Song in Super Police Movie | 1989 | Venkatesh, Soundarya | Tamil Video Song.",327.0,Y,N,Y,/home/vscode/code/research/tamil-music-history/songs/-08iMwFGroU_Pakka Gentlema Video Song in Super Police Movie  1.%(ext)s,33072,
1993,1993-01-01,மெதுவா தந்தி அடிச்சனே Methuva Thanthi adichane Song HD 1080p Thalattu 1993 Tamil,I,A.R. Rahman,A.R. Rahman; Others,Vairamakrishnan,jQk2G5mZShc,மெதுவா தந்தி அடிச்சனே | Methuva Thanthi adichane Song HD 1080p Thalattu 1993 | Tamil Film Songs,309.0,N,N,Y,/home/vscode/code/research/tamil-music-history/songs/jQk2G5mZShc_மதவ தநத அடசசன  Methuva Thanthi adichane Song HD 10.%(ext)s,74098494,
1993,1993-01-01,AANDAVAN YAARAIYUM VITTATHILLAI KOVIL MANIYOSAI KJ YESUDAS SUPER HIT SONG VIJAY ,I,A.R. Rahman,A.R. Rahman; Others,Vairamakrishnan,SPSxYjPUFO0,AANDAVAN YAARAIYUM VITTATHILLAI | KOVIL MANIYOSAI | KJ YESUDAS SUPER HIT SONG | VIJAY MUSICALS,252.0,N,N,Y,/home/vscode/code/research/tamil-music-history/songs/SPSxYjPUFO0_AANDAVAN YAARAIYUM VITTATHILLAI  KOVIL MANIYOSAI  .%(ext)s,58795807,
1993,1993-01-01,Oru Maina Maina Video Song HD Uzhaippali Tamil Movie Songs Rajinikanth Roja Ilay,Roja,A.R. Rahman,S.P. Balasubrahmanyam; K.S. Chithra,Vairamakrishnan,pJ1NQZN_SyY,Oru Maina Maina Video Song HD | Uzhaippali Tamil Movie Songs | Rajinikanth | Roja | Ilayaraja,296.0,Y,N,Y,/home/vscode/code/research/tamil-music-history/songs/pJ1NQZN_SyY_Oru Maina Maina Video Song HD  Uzhaippali Tamil Mo.%(ext)s,19137809,
1993,1993-01-01,"Un Uthattora Sevappe Panchalankurichi Movie Songs Hariharan, Anuradha Sriram Pra",I,A.R. Rahman,A.R. Rahman; Others,Vairamakrishnan,lRdhCtKdt68,"Un Uthattora Sevappe  | Panchalankurichi Movie Songs | Hariharan, Anuradha Sriram | Prabu Hit Songs",325.0,Y,N,Y,/home/vscode/code/research/tamil-music-history/songs/lRdhCtKdt68_Un Uthattora Sevappe   Panchalankurichi Movie Song.%(ext)s,15571922,
1993,1993-01-01,AR Rahman Hit Songs Chikku Bukku Video Song Gentleman Tamil Movie Arjun Prabhu D,I,A.R. Rahman,A.R. Rahman; Others,Vairamakrishnan,CG-I7aNLh04,AR Rahman Hit Songs | Chikku Bukku Video Song | Gentleman Tamil Movie | Arjun | Prabhu Deva | Madhoo,341.0,N,N,Y,/home/vscode/code/research/tamil-music-history/songs/CG-I7aNLh04_AR Rahman Hit Songs  Chikku Bukku Video Song  Gent.%(ext)s,7930587,
1993,1993-01-01,Oru Kola Kili Video Song HD Uzhaippali Tamil Movie Songs Rajinikanth Roja Ilayar,Roja,A.R. Rahman,S.P. Balasubrahmanyam; K.S. Chithra,Vairamakrishnan,hhpzmDOIo8E,Oru Kola Kili Video Song HD | Uzhaippali Tamil Movie Songs | Rajinikanth | Roja | Ilayaraja,290.0,Y,N,Y,/home/vscode/code/research/tamil-music-history/songs/hhpzmDOIo8E_Oru Kola Kili Video Song HD  Uzhaippali Tamil Movi.%(ext)s,6792610,
1993,1993-01-01,Aathangarai Marame Lyrical Kizhakku Cheemayilae Songs A.R.Rahaman,I,A.R. Rahman,A.R. Rahman; Others,Vairamakrishnan,MgsAMhkG7nk,Aathangarai Marame Lyrical|| Kizhakku Cheemayilae Songs  || A.R.Rahaman,296.0,Y,N,Y,/home/vscode/code/research/tamil-music-history/songs/MgsAMhkG7nk_Aathangarai Marame Lyrical Kizhakku Cheemayilae So.%(ext)s,1970619,
1993,1993-01-01,Muthirai Ippothu Video Song HD Uzhaippali Tamil Movie Songs Rajinikanth Roja Ila,Roja,A.R. Rahman,S.P. Balasubrahmanyam; K.S. Chithra,Vairamakrishnan,m6LDCeDAaoU,Muthirai Ippothu Video Song HD | Uzhaippali Tamil Movie Songs | Rajinikanth | Roja | Ilayaraja,287.0,Y,N,Y,/home/vscode/code/research/tamil-music-history/songs/m6LDCeDAaoU_Muthirai Ippothu Video Song HD  Uzhaippali Tamil M.%(ext)s,466619,
1992,1992-01-01,"Pudhu Velai Mazhai Audio Song Roja Tamil Movie Aravind Swamy,Madhubala Mani Rath",Roja,A.R. Rahman,S.P. Balasubrahmanyam; K.S. Chithra,Vairamakrishnan,N1d349JBDjY,"Pudhu Velai Mazhai Audio Song | Roja Tamil Movie | Aravind Swamy,Madhubala | Mani Rathnam |AR Rahman",317.0,Y,N,Y,/home/vscode/code/research/tamil-music-history/songs/N1d349JBDjY_Pudhu Velai Mazhai Audio Song  Roja Tamil Movie  A.%(ext)s,26006568,
1992,1992-01-01,En Kadhale Video Song Duet Tamil Movie Songs Prabhu Ramesh Meenakshi Seshadri AR,I,A.R. Rahman,A.R. Rahman; Others,Vairamakrishnan,dZDouiuljuE,En Kadhale Video Song | Duet Tamil Movie Songs | Prabhu | Ramesh | Meenakshi Seshadri | AR Rahman,322.0,Y,N,Y,/home/vscode/code/research/tamil-music-history/songs/dZDouiuljuE_En Kadhale Video Song  Duet Tamil Movie Songs  Pra.%(ext)s,18770968,
1992,1992-01-01,"Kadhal Rojave A R Rahman Arvind Swamy, Madhoo Roja (1992) Tamil Video Song Super",Roja,A.R. Rahman,S.P. Balasubrahmanyam; K.S. Chithra,Vairamakrishnan,USDI6SxZMKw,"Kadhal Rojave - A R Rahman - Arvind Swamy, Madhoo - Roja (1992) - Tamil Video Song | Superhit Songs",301.0,N,N,Y,/home/vscode/code/research/tamil-music-history/songs/USDI6SxZMKw_Kadhal Rojave - A R Rahman - Arvind Swamy Madhoo -.%(ext)s,13366369,
1992,1992-01-01,எந்த பெண்ணிலும் இல்லாத ஒன்று Entha Pennilum Illatha Ondru Hd Video Songs Tamil M,I,A.R. Rahman,A.R. Rahman; Others,Vairamakrishnan,uKersNebvBk,எந்த பெண்ணிலும் இல்லாத ஒன்று| Entha Pennilum Illatha Ondru Hd Video Songs| Tamil Movie Songs|,288.0,N,N,Y,/home/vscode/code/research/tamil-music-history/songs/uKersNebvBk_எநத பணணலம இலலத ஒனற Entha Pennilum Illatha Ondru Hd.%(ext)s,12952117,
1992,1992-01-01,Samikitta Sollivachi Video Song Avaram Poo Tamil Movie Songs Vineeth Nandhini Il,I,A.R. Rahman,A.R. Rahman; Others,Vairamakrishnan,rXKJOjQJzgc,Samikitta Sollivachi Video Song | Avaram Poo Tamil Movie Songs | Vineeth | Nandhini | Ilayaraja,273.0,Y,N,Y,/home/vscode/code/research/tamil-music-history/songs/rXKJOjQJzgc_Samikitta Sollivachi Video Song  Avaram Poo Tamil .%(ext)s,10995021,
1992,1992-01-01,"Annamalai Video Songs Rekkai Katti Parakudhu Video Song Rajinikanth, Kushboo Tam",I,A.R. Rahman,A.R. Rahman; Others,Vairamakrishnan,siN8Z1B2T8o,"Annamalai Video Songs | Rekkai Katti Parakudhu Video Song | Rajinikanth, Kushboo | Tamil Old Songs",193.0,Y,N,Y,/home/vscode/code/research/tamil-music-history/songs/siN8Z1B2T8o_Annamalai Video Songs  Rekkai Katti Parakudhu Vide.%(ext)s,5978591,
1992,1992-01-01,Naan Pudicha Kiliye Video Song Rasukutty Tamil Movie Songs K Bhagyaraj Aishwarya,I,A.R. Rahman,A.R. Rahman; Others,Vairamakrishnan,cs1KR_07gfs,Naan Pudicha Kiliye Video Song | Rasukutty Tamil Movie Songs | K Bhagyaraj | Aishwarya | Ilayaraja,281.0,Y,N,Y,/home/vscode/code/research/tamil-music-history/songs/cs1KR_07gfs_Naan Pudicha Kiliye Video Song  Rasukutty Tamil Mo.%(ext)s,4662664,
1992,1992-01-01,O Butterfly Video Song Meera Tamil Movie Songs Vikram Aishwarya Ilaiyaraaja Pyra,I,A.R. Rahman,A.R. Rahman; Others,Vairamakrishnan,pU3wNosqqLU,O Butterfly Video Song | Meera Tamil Movie Songs | Vikram | Aishwarya | Ilaiyaraaja | Pyramid Music,331.0,Y,N,Y,/home/vscode/code/research/tamil-music-history/songs/pU3wNosqqLU_O Butterfly Video Song  Meera Tamil Movie Songs  V.%(ext)s,2776664,
1992,1992-01-01,"Chinna Chinna Asai Audio Song Roja Tamil Movie Aravind Swamy,Madhubala Mani Rath",Roja,A.R. Rahman,S.P. Balasubrahmanyam; K.S. Chithra,Vairamakrishnan,AVO_DWuUU3k,"Chinna Chinna Asai Audio Song | Roja Tamil Movie | Aravind Swamy,Madhubala | Mani Rathnam |AR Rahman",297.0,Y,N,Y,/home/vscode/code/research/tamil-music-history/songs/AVO_DWuUU3k_Chinna Chinna Asai Audio Song  Roja Tamil Movie  A.%(ext)s,1955262,
1992,1992-01-01,Roja,Roja,A.R. Rahman,S. Janaki,Vairamuthu,2kx_07BzGZE,Roja Roja - 4K Video Song | ரோஜா ரோஜா | Kadhalar Dhinam | A.R. Rahman | Kunal | Sonali Bendre,340,Y,Y,Y,/home/vscode/code/research/tamil-music-history/songs/2kx_07BzGZE_Roja Roja - 4K Video Song  ரஜ ரஜ  Kadhalar Dhinam .%(ext)s,1517875,
1992,1992-01-01,Punnakaiyil Minsaram 4K Video Song Barathan Tamil Movie Songs Vijayakanth Bhanup,I,A.R. Rahman,A.R. Rahman; Others,Vairamakrishnan,ylw3A8v_l50,Punnakaiyil Minsaram  4K Video Song | Barathan Tamil Movie Songs | Vijayakanth | Bhanupriya,298.0,N,N,Y,/home/vscode/code/research/tamil-music-history/songs/ylw3A8v_l50_Punnakaiyil Minsaram  4K Video Song  Barathan Tami.%(ext)s,582144,
1991,1991-01-01,நலம் வாழ Nalam Vazha Marupadiyum Tamil Superhit Video Song HD,I,A.R. Rahman,A.R. Rahman; Others,Vairamakrishnan,nYVqF7W31fw,நலம் வாழ | Nalam Vazha | Marupadiyum | Tamil Superhit Video Song HD,287.0,N,N,Y,/home/vscode/code/research/tamil-music-history/songs/nYVqF7W31fw_நலம வழ  Nalam Vazha  Marupadiyum  Tamil Superhit V.%(ext)s,22069830,
1991,1991-01-01,"ஆத்துக்கு பக்கம் Aathukku Pakkam Jeysudas ,Swarnalatha, Sogam Tamil Super Hit So",I,A.R. Rahman,A.R. Rahman; Others,Vairamakrishnan,IYcJu4fGIkk,"ஆத்துக்கு பக்கம்-Aathukku Pakkam -Jeysudas ,Swarnalatha, Sogam Tamil Super Hit Song",302.0,N,N,Y,/home/vscode/code/research/tamil-music-history/songs/IYcJu4fGIkk_ஆததகக பககம-Aathukku Pakkam -Jeysudas Swarnalatha S.%(ext)s,12805057,
1991,1991-01-01,Alai Payum Nenjile Machi Machi Aadhalal Kadhal Seiveer Yuvan Tamil Movie Video s,I,A.R. Rahman,A.R. Rahman; Others,Vairamakrishnan,-PdINQdBRKk,Alai Payum Nenjile - Machi Machi | Aadhalal Kadhal Seiveer | Yuvan | Tamil Movie Video song,227.0,Y,N,Y,/home/vscode/code/research/tamil-music-history/songs/-PdINQdBRKk_Alai Payum Nenjile - Machi Machi  Aadhalal Kadhal .%(ext)s,11951344,
1991,1991-01-01,Pudhu Nellu Pudhu Naathu Tamil Movie Songs Hey Marikozhundhu Video Song Sukanya ,I,A.R. Rahman,A.R. Rahman; Others,Vairamakrishnan,vDhOeOGDJuM,Pudhu Nellu Pudhu Naathu Tamil Movie Songs | Hey Marikozhundhu Video Song | Sukanya | Ilayaraja,294.0,Y,N,Y,/home/vscode/code/research/tamil-music-history/songs/vDhOeOGDJuM_Pudhu Nellu Pudhu Naathu Tamil Movie Songs  Hey Ma.%(ext)s,9008967,
1991,1991-01-01,Kadhal Kavithaigal Song Gopura Vasalile Tamil Movie SP Balasubramaniam Ilaiyaraa,I,A.R. Rahman,A.R. Rahman; Others,Vairamakrishnan,_-aHiqnd8Z4,Kadhal Kavithaigal Song | Gopura Vasalile Tamil Movie |  SP Balasubramaniam | Ilaiyaraaja Official,328.0,Y,N,Y,/home/vscode/code/research/tamil-music-history/songs/_-aHiqnd8Z4_Kadhal Kavithaigal Song  Gopura Vasalile Tamil Mov.%(ext)s,5012855,
1991,1991-01-01,Karutha Machan Song Pudhu Nellu Pudhu Naathu Movie Ilaiyaraaja Sukanya S Janaki,I,A.R. Rahman,A.R. Rahman; Others,Vairamakrishnan,G8xKi0ZQo6U,Karutha Machan Song | Pudhu Nellu Pudhu Naathu Movie | Ilaiyaraaja | Sukanya | S Janaki,282.0,Y,N,Y,/home/vscode/code/research/tamil-music-history/songs/G8xKi0ZQo6U_Karutha Machan Song  Pudhu Nellu Pudhu Naathu Movi.%(ext)s,3239953,
1991,1991-01-01,Thendral Katre Song Kumbakarai Thangaiah Movie Ilaiyaraaja Prabhu Kanaka S. Jana,Nallavanukku Nallavan,Ilaiyaraaja,S. Janaki,Vaali,0YyAjv4gnJE,"Thendral Katre Song | Kumbakarai Thangaiah Movie | Ilaiyaraaja | Prabhu | Kanaka | S. Janaki, Mano",255.0,Y,N,Y,/home/vscode/code/research/tamil-music-history/songs/0YyAjv4gnJE_Thendral Katre Song  Kumbakarai Thangaiah Movie  I.%(ext)s,3118888,
1991,1991-01-01,"ENAKKENA PIRANDHAVA KIZHAKKU KARAI LYRICS VIDEO SPB, CHITRA VIJAY MUSICALS",I,A.R. Rahman,A.R. Rahman; Others,Vairamakrishnan,BMG47McDY2g,"ENAKKENA PIRANDHAVA || KIZHAKKU KARAI || LYRICS VIDEO || SPB, CHITRA || VIJAY MUSICALS",265.0,N,N,Y,/home/vscode/code/research/tamil-music-history/songs/BMG47McDY2g_ENAKKENA PIRANDHAVA  KIZHAKKU KARAI  LYRICS VIDEO .%(ext)s,1781383,
1991,1991-01-01,Vijay Hit Songs Vijay & Shali Hits Tamil Melody Songs,I,A.R. Rahman,A.R. Rahman; Others,Vairamakrishnan,8SS_uM4Bn88,Vijay Hit Songs - Vijay & Shali Hits - Tamil Melody Songs,264.0,N,N,Y,/home/vscode/code/research/tamil-music-history/songs/8SS_uM4Bn88_Vijay Hit Songs - Vijay  Shali Hits - Tamil Melody.%(ext)s,1708023,
1991,1991-01-01,"Sundari Kannal Song Lyrics Tamil Thalapathi Tamil Movie Songs Rajanikanth, Shoba",I,A.R. Rahman,A.R. Rahman; Others,Vairamakrishnan,RbZEd_RCrd8,"Sundari Kannal Song Lyrics | Tamil Thalapathi Tamil Movie Songs | Rajanikanth, Shobana | Ilayaraja",430.0,Y,N,Y,/home/vscode/code/research/tamil-music-history/songs/RbZEd_RCrd8_Sundari Kannal Song Lyrics  Tamil Thalapathi Tamil.%(ext)s,1248745,
1991,1991-01-01,"Thalapathi Movie Songs Sundari Song Rajanikanth, Mammootty, Shobana Ilayaraja Ma",I,A.R. Rahman,A.R. Rahman; Others,Vairamakrishnan,njTC4d0vSXY,"Thalapathi Movie Songs | Sundari Song | Rajanikanth, Mammootty, Shobana | Ilayaraja | Maniratnam",433.0,Y,N,Y,/home/vscode/code/research/tamil-music-history/songs/njTC4d0vSXY_Thalapathi Movie Songs  Sundari Song  Rajanikanth .%(ext)s,1184990,
1991,1991-01-01,Tamil Old Songs Chinna Kannamma video song Nattukku Oru Nallavan movie Video Son,I,A.R. Rahman,A.R. Rahman; Others,Vairamakrishnan,F6D0Bs7v4Bg,Tamil Old Songs | Chinna Kannamma video song | Nattukku Oru Nallavan movie Video Songs,485.0,Y,N,Y,/home/vscode/code/research/tamil-music-history/songs/F6D0Bs7v4Bg_Tamil Old Songs  Chinna Kannamma video song  Nattu.%(ext)s,1103189,
1991,1991-01-01,Maadhulang Kaniye Video Song Sami Potta Mudichu Tamil Movie Songs Murali Sindhu,I,A.R. Rahman,A.R. Rahman; Others,Vairamakrishnan,3TaqJpWew60,Maadhulang Kaniye Video Song | Sami Potta Mudichu Tamil Movie Songs | Murali | Sindhu,288.0,Y,N,Y,/home/vscode/code/research/tamil-music-history/songs/3TaqJpWew60_Maadhulang Kaniye Video Song  Sami Potta Mudichu T.%(ext)s,1013871,
1991,1991-01-01,Arachcha Santhanam Chinna Thambi Movie Tamil Song Ilaiyaraaja SPB Prabhu Khushbu,I,A.R. Rahman,A.R. Rahman; Others,Vairamakrishnan,n09wgP_8avQ,Arachcha Santhanam | Chinna Thambi Movie | Tamil Song | Ilaiyaraaja | SPB | Prabhu | Khushbu,292.0,Y,N,Y,/home/vscode/code/research/tamil-music-history/songs/n09wgP_8avQ_Arachcha Santhanam  Chinna Thambi Movie  Tamil Son.%(ext)s,681344,
1991,1991-01-01,Vellai Rojave Video Song Nanbargal Tamil Movie Songs Neeraj Mamta Kulkarni Vivek,Roja,A.R. Rahman,S.P. Balasubrahmanyam; K.S. Chithra,Vairamakrishnan,i_5-HDISq5o,Vellai Rojave Video Song | Nanbargal Tamil Movie Songs | Neeraj | Mamta Kulkarni | Vivek,323.0,Y,N,Y,/home/vscode/code/research/tamil-music-history/songs/i_5-HDISq5o_Vellai Rojave Video Song  Nanbargal Tamil Movie So.%(ext)s,328836,
1990,1990-01-01,Thenmadurai Vaigai Nadhi Video Songs Tamil Old Hits Tamil Melody Songs Tamil vid,I,A.R. Rahman,A.R. Rahman; Others,Vairamakrishnan,dojDiUyL8G8,Thenmadurai Vaigai Nadhi Video Songs | Tamil Old Hits | Tamil Melody Songs | Tamil video songs,261.0,Y,N,Y,/home/vscode/code/research/tamil-music-history/songs/dojDiUyL8G8_Thenmadurai Vaigai Nadhi Video Songs  Tamil Old Hi.%(ext)s,11852857,
1990,1990-01-01,Kadhalikkum 4K Song Kadhalan Video Songs 4K Remastered A.R.Rahman,I,A.R. Rahman,A.R. Rahman; Others,Vairamakrishnan,tyrXCkvmyHs,Kadhalikkum 4K Song | Kadhalan Video Songs | 4K Remastered | A.R.Rahman,293.0,N,N,Y,/home/vscode/code/research/tamil-music-history/songs/tyrXCkvmyHs_Kadhalikkum 4K Song  Kadhalan Video Songs  4K Rema.%(ext)s,11575713,
1990,1990-01-01,Oh Senyoreeta Video Song Poovellam Kettupar Tamil Movie Songs Suriya Jyothika Yu,I,A.R. Rahman,A.R. Rahman; Others,Vairamakrishnan,_Q_gGtu62Zo,Oh Senyoreeta Video Song | Poovellam Kettupar Tamil Movie Songs | Suriya | Jyothika | Yuvan,298.0,Y,N,Y,/home/vscode/code/research/tamil-music-history/songs/_Q_gGtu62Zo_Oh Senyoreeta Video Song  Poovellam Kettupar Tamil.%(ext)s,10712806,
1990,1990-01-01,"Nadhiyae Nadhiyae Audio Song Rhythm Arjun, Meena, Jyothika A R Rahman Unni Menon",I,A.R. Rahman,A.R. Rahman; Others,Vairamakrishnan,HvaaGAM-ZN0,"Nadhiyae Nadhiyae - Audio Song | Rhythm | Arjun, Meena, Jyothika | A R Rahman | Unni Menon",404.0,N,N,Y,/home/vscode/code/research/tamil-music-history/songs/HvaaGAM-ZN0_Nadhiyae Nadhiyae - Audio Song  Rhythm  Arjun Meen.%(ext)s,4491170,
1986,1986-01-01,Nayakan,Nayakan,Ilaiyaraaja,S. Janaki,Vaali,3zJ6_zO4t3c,Nila Adhu Vanathumele Video Song | Nayagan Tamil Movie | Kamal Haasan | Janagaraj | Ilayaraja,298,Y,Y,Y,/home/vscode/code/research/tamil-music-history/songs/3zJ6_zO4t3c_Nila Adhu Vanathumele Video Song  Nayagan Tamil Mo.%(ext)s,2982470,
1984,1984-01-01,Unnaithane,Nallavanukku Nallavan,Ilaiyaraaja,S.P. Balasubrahmanyam,Vaali,-jqkWhRk-NI,Unnaithane Thanjam Endru | Nallavanukku Nallavan Movie | Ilaiyaraaja,254,Y,Y,Y,/home/vscode/code/research/tamil-music-history/songs/-jqkWhRk-NI_Unnaithane Thanjam Endru  Nallavanukku Nallavan Mo.%(ext)s,5297947,
1983,1983-01-01,Mouna Ragam,Mouna Ragam,Ilaiyaraaja,S. Janaki,Vaali,nvc58d3EbDk,Mandram Vandha Thendraluku | Mouna Ragam | Ilayaraja | SP Balasubramaniam,292,Y,Y,Y,/home/vscode/code/research/tamil-music-history/songs/nvc58d3EbDk_Mandram Vandha Thendraluku  Mouna Ragam  Ilayaraja.%(ext)s,1123739,
1979,1979-01-01,Annai,Annai,Ilaiyaraaja,T.M. Soundararajan,Kannadasan,6l2qdxLlgVg,நதியோரம் | Nadhiyoram | ANNAI ORU AALAYAM | rajini | sripriya | Illayaraja Hits,249,Y,Y,Y,/home/vscode/code/research/tamil-music-history/songs/6l2qdxLlgVg_நதயரம  Nadhiyoram  ANNAI ORU AALAYAM  rajini  srip.%(ext)s,4367090,
1975,1975-01-01,Muthal Mariyathai,Muthal Mariyathai,M.S. Viswanathan,T.M. Soundararajan,Kannadasan,0pQK4VpnVbE,மலரே குறிஞ்சி மலரே Malarae Kurinji Malarae Song #4k HD video song #tamiloldsong #sivaji #tamilsongs,254,Y,Y,Y,/home/vscode/code/research/tamil-music-history/songs/0pQK4VpnVbE_மலர கறஞச மலர Malarae Kurinji Malarae Song 4k HD vi.%(ext)s,2858318,
1965,1965-01-01,Thiruvilayadal,Thiruvilayadal,M.S. Viswanathan,T.M. Soundararajan,Kannadasan,6cc5Xdcxxc8,Paattum Naane Full Video Song - HD l Thiruvilayadal l Sivaji Ganesan l Sarath Kumar,332,N,Y,Y,/home/vscode/code/research/tamil-music-history/songs/6cc5Xdcxxc8_Paattum Naane Full Video Song - HD l Thiruvilayada.%(ext)s,5288547,
1962,1962-01-01,Annai,Annai,M.S. Viswanathan,T.M. Soundararajan,Kannadasan,Ktye6k6BIKg,Annai Movie Video Song | Buddhiyulla Maniradhellam Song | Chandrababu | R Sudarsanam,248,N,Y,Y,/home/vscode/code/research/tamil-music-history/songs/Ktye6k6BIKg_Annai Movie Video Song  Buddhiyulla Maniradhellam .%(ext)s,2292939,
1955,1955-01-01,Anbe Vaa,Anbe Vaa,M.S. Viswanathan,T.M. Soundararajan,Kannadasan,s-z6t7eehUQ,TAMIL OLD--Kalyaana oorvalam varum(vMv)--AVAN 1953,202,N,Y,Y,/home/vscode/code/research/tamil-music-history/songs/s-z6t7eehUQ_TAMIL OLD--Kalyaana oorvalam varumvMv--AVAN 1953.%(ext)s,1694110,
1951,1951-01-01,Pattuduthei,Kalyana Parisu,M.S. Viswanathan,T.M. Soundararajan,Kannadasan,b-GRrkfypfM,Anbu Megame Ingu Odi Vaa,265,N,Y,Y,/home/vscode/code/research/tamil-music-history/songs/b-GRrkfypfM_Anbu Megame Ingu Odi Vaa.%(ext)s,763911,
1950,1950-01-01,Thillana Mohanambal,Thillana Mohanambal,A.G.R.,T.M. Soundararajan,Kannadasan,70s3fNJ5Fcs,Nalandhana -Thillana Mohanambal - 27 July 1968,366,N,Y,Y,/home/vscode/code/research/tamil-music-history/songs/70s3fNJ5Fcs_Nalandhana -Thillana Mohanambal - 27 July 1968.%(ext)s,1053,
1950,2026-03-25,Pothu Kottangkalukku Porathum,Pudhu Vasantham,S.V. Venkatraman,T.M. Soundararajan,,RoKjraKvFgo,Pothu Kottangkalukku Porathum,194,N,N,Y,/home/vscode/code/research/tamil-music-history/songs/RoKjraKvFgo_Pothu Kottangkalukku Porathum.%(ext)s,,
1951,2026-03-25,1951ஆம் ஆண்டு ஒவ்வொரு இந்தியனையும் பெருமைப்படுத்திய நிகழ்வு நடந்த தினம் இன்று..!,Malliswari,S.V. Venkatraman,T.M. Soundararajan,,_Eumj6iIdOg,1951ஆம் ஆண்டு ஒவ்வொரு இந்தியனையும் பெருமைப்படுத்திய நிகழ்வு நடந்த தினம் இன்று..!,121,N,N,Y,/home/vscode/code/research/tamil-music-history/songs/_Eumj6iIdOg_1951ஆம ஆணட ஒவவர இநதயனயம பரமபபடததய நகழவ நடநத தனம இன.%(ext)s,,
1952,2026-03-25,Ennenna Asaikattinayo,Vetri,Viswanathan Ramamoorthy,T.M. Soundararajan,Vairamakrishnan,EHhy7HfDoP8,Ennenna Asaikattinayo,144,N,N,Y,/home/vscode/code/research/tamil-music-history/songs/EHhy7HfDoP8_Ennenna Asaikattinayo.%(ext)s,,
1953,2026-03-25,"ASAINALE MANAM ... SINGERS, A M RAJAH & P SUSHEELA ... FILM, KALYANA PARISU (1959)",Kalyana Parisu,M.S. Viswanathan,T.M. Soundararajan,Kannadasan,dh55T7uOKyU,"ASAINALE MANAM ... SINGERS, A M RAJAH & P SUSHEELA ... FILM, KALYANA PARISU (1959)",191,N,N,Y,/home/vscode/code/research/tamil-music-history/songs/dh55T7uOKyU_ASAINALE MANAM  SINGERS A M RAJAH  P SUSHEELA  FIL.%(ext)s,,
1955,2026-03-25,Classic Love Song ,Nalla Neram,M.S. Viswanathan,T.M. Soundararajan,Vairamakrishnan,lcnmqhelcnU,Classic Love Song ,196,N,N,Y,/home/vscode/code/research/tamil-music-history/songs/lcnmqhelcnU_Classic Love Song.%(ext)s,,
1958,2026-03-25,TAMIL OLD--Dingiri Dingale meenakshi Dingiri dinkale--ANBU ENGE 1958,Kumari,S.V. Venkatraman,T.M. Soundararajan,Vairamakrishnan,eG6f5dKzVxA,TAMIL OLD--Dingiri Dingale meenakshi Dingiri dinkale--ANBU ENGE 1958,292,N,N,Y,/home/vscode/code/research/tamil-music-history/songs/eG6f5dKzVxA_TAMIL OLD--Dingiri Dingale meenakshi Dingiri dinka.%(ext)s,,
1959,2026-03-25,"PAAR PAAR PAAR SAAMBAARU SGR, SJ @ NAAN KANNNDA SORKKAM",Naan Kanda Sorgam,K.V. Mahadevan,T.M. Soundararajan,,ghRSHQ-4VP8,"PAAR PAAR PAAR SAAMBAARU SGR, SJ @ NAAN KANNNDA SORKKAM",218,N,N,Y,/home/vscode/code/research/tamil-music-history/songs/ghRSHQ-4VP8_PAAR PAAR PAAR SAAMBAARU SGR SJ  NAAN KANNNDA SORK.%(ext)s,,
1961,2026-03-25,June Ponal July Katre Song Lyrical ,Kalyana Parisu,M.S. Viswanathan,T.M. Soundararajan,Vairamakrishnan,UjayEYV2LjA,June Ponal July Katre Song Lyrical ,357,N,N,Y,/home/vscode/code/research/tamil-music-history/songs/UjayEYV2LjA_June Ponal July Katre Song Lyrical.%(ext)s,,
1963,2026-03-25,Kathai Undu ,Kakkai Ragangal,M.S. Viswanathan,T.M. Soundararajan,Vairamakrishnan,UB_PQS3Dvjw,Kathai Undu ,215,N,N,Y,/home/vscode/code/research/tamil-music-history/songs/UB_PQS3Dvjw_Kathai Undu.%(ext)s,,
1964,2026-03-25,Vaazha ninaithaal vaazhalaam (N.Vijaygopalan),Vaazha Ninaithal,K.V. Mahadevan,T.M. Soundararajan,Vairamakrishnan,CaM5r5es9UE,Vaazha ninaithaal vaazhalaam (N.Vijaygopalan),217,N,N,Y,/home/vscode/code/research/tamil-music-history/songs/CaM5r5es9UE_Vaazha ninaithaal vaazhalaam NVijaygopalan.%(ext)s,,
1965,2026-03-25,Paattum Naane Full Video Song - HD l Thiruvilayadal l Sivaji Ganesan l Savitri ,Thiruvilayadal,K.V. Mahadevan,T.M. Soundararajan,Kannadasan,6cc5Xdcxxc8,Paattum Naane Full Video Song - HD l Thiruvilayadal l Sivaji Ganesan l Savitri ,397,N,N,N,,,
1966,2026-03-25,Amma Enge 1964  --  Thottu Paar Thodumpothu,Muthalvar,M.S. Viswanathan,T.M. Soundararajan,,Zv51HGYpM9s,Amma Enge 1964  --  Thottu Paar Thodumpothu,204,N,N,Y,/home/vscode/code/research/tamil-music-history/songs/Zv51HGYpM9s_Amma Enge 1964  --  Thottu Paar Thodumpothu.%(ext)s,,
1967,2026-03-25,Thillana Mohanambal Review ,Thillana Mohanambal,K.V. Mahadevan,T.M. Soundararajan,Kannadasan,GOPnRh__FZg,Thillana Mohanambal Review ,462,N,N,Y,/home/vscode/code/research/tamil-music-history/songs/GOPnRh__FZg_Thillana Mohanambal Review.%(ext)s,,
1968,2026-03-25,Thenmadurai Video Song in Dharmathin Thalaivan Movie ,Then Madhurai,M.S. Viswanathan,T.M. Soundararajan,Vairamakrishnan,wHOhktsPxkU,Thenmadurai Video Song in Dharmathin Thalaivan Movie ,175,N,N,Y,/home/vscode/code/research/tamil-music-history/songs/wHOhktsPxkU_Thenmadurai Video Song in Dharmathin Thalaivan Mov.%(ext)s,,
1969,2026-03-25,Aayirathil Oruvan,Aayirathil Oruvan,K.V. Mahadevan,T.M. Soundararajan,Kannadasan,SF0QKXjf6_s,Aayirathil Oruvan,653,N,N,Y,/home/vscode/code/research/tamil-music-history/songs/SF0QKXjf6_s_Aayirathil Oruvan.%(ext)s,,
1970,2026-03-25,Mayakkama Kalakkama Song - Sumaithaangi (சுமைதாங்கி) Thathuva Paadal,Vazhve Maathey,Ilaiyaraaja,S.P. Balasubrahmanyam,Vairamakrishnan,gFcOsnk8DM0,Mayakkama Kalakkama Song - Sumaithaangi (சுமைதாங்கி) Thathuva Paadal,233,N,N,Y,/home/vscode/code/research/tamil-music-history/songs/gFcOsnk8DM0_Mayakkama Kalakkama Song - Sumaithaangi சமதஙக That.%(ext)s,,
1971,2026-03-25,Andhi Neram HD ,Thillu Mullu,Ilaiyaraaja,S.P. Balasubrahmanyam,Vairamakrishnan,nTQRzPR76kM,Andhi Neram HD ,188,N,N,Y,/home/vscode/code/research/tamil-music-history/songs/nTQRzPR76kM_Andhi Neram HD.%(ext)s,,
1972,2026-03-25,Nadamaadi Tirindha Unakku - Kamboji - Kantachapu - Papavinasa Mudhaliyar - Arudra Darisanam,Pallavi Anupallavi,Ilaiyaraaja,S.P. Balasubrahmanyam,Vairamakrishnan,-WFTBEpAlwY,Nadamaadi Tirindha Unakku - Kamboji - Kantachapu - Papavinasa Mudhaliyar - Arudra Darisanam,258,N,N,Y,/home/vscode/code/research/tamil-music-history/songs/-WFTBEpAlwY_Nadamaadi Tirindha Unakku - Kamboji - Kantachapu -.%(ext)s,,
1974,2026-03-25,Annakili Unnai Theduthe (Sad) ,Annakili,Ilaiyaraaja,S.P. Balasubrahmanyam,Vaali,p3ij5qLS0Uk,Annakili Unnai Theduthe (Sad) ,279,N,N,Y,/home/vscode/code/research/tamil-music-history/songs/p3ij5qLS0Uk_Annakili Unnai Theduthe Sad.%(ext)s,,
1975,2026-03-25,மலரே குறிஞ்சி மலரே HD Video Song ,Muthal Mariyathai,Ilaiyaraaja,S.P. Balasubrahmanyam,Vairamakrishnan,siaDRdE-cd4,மலரே குறிஞ்சி மலரே HD Video Song ,254,N,N,Y,/home/vscode/code/research/tamil-music-history/songs/siaDRdE-cd4_மலர கறஞச மலர HD Video Song.%(ext)s,,
1976,2026-03-25,patli kamariya mori hi hi 🥰 ,Annakili,Ilaiyaraaja,S.P. Balasubrahmanyam,Vairamakrishnan,06g4OJfS7mo,patli kamariya mori hi hi 🥰 ,92,N,N,Y,/home/vscode/code/research/tamil-music-history/songs/06g4OJfS7mo_patli kamariya mori hi hi.%(ext)s,,
1977,2026-03-25,Kothaiyin Thiruppavai ,Madhura Veeraman,Ilaiyaraaja,S.P. Balasubrahmanyam,Vairamakrishnan,YS2ZvhPTVyg,Kothaiyin Thiruppavai ,337,N,N,Y,/home/vscode/code/research/tamil-music-history/songs/YS2ZvhPTVyg_Kothaiyin Thiruppavai.%(ext)s,,
1978,2026-03-25,TAMIL OLD--Kannanai ninaikatha naal illaiye (vMv)--SEER VARISAI (1978),Kalyana Pillai,Ilaiyaraaja,S.P. Balasubrahmanyam,Vairamakrishnan,6ynZk2WmDXY,TAMIL OLD--Kannanai ninaikatha naal illaiye (vMv)--SEER VARISAI (1978),233,N,N,Y,/home/vscode/code/research/tamil-music-history/songs/6ynZk2WmDXY_TAMIL OLD--Kannanai ninaikatha naal illaiye vMv--S.%(ext)s,,
1979,2026-03-25,நதியோரம் ,Annai Oru Aalayam,M.S. Viswanathan,T.M. Soundararajan,,6l2qdxLlgVg,நதியோரம் ,248,N,N,N,,,
1980,2026-03-25,Mandram Vantha Thendralukku HD Video Song ,Mouna Ragam,Ilaiyaraaja,S.P. Balasubrahmanyam,Vaali,7xUXnI7Wt4k,Mandram Vantha Thendralukku HD Video Song ,424,N,N,Y,/home/vscode/code/research/tamil-music-history/songs/7xUXnI7Wt4k_Mandram Vantha Thendralukku HD Video Song.%(ext)s,,
1982,2026-03-25,Kaiyam Kaiyam,Raja Kaiyyam,Ilaiyaraaja,S.P. Balasubrahmanyam,Vairamakrishnan,YYBr4cCimwY,Kaiyam Kaiyam,158,N,N,Y,/home/vscode/code/research/tamil-music-history/songs/YYBr4cCimwY_Kaiyam Kaiyam.%(ext)s,,
1984,2026-03-25,Unnaithane Thanjam Endru ,Nallavanukku Nallavan,Ilaiyaraaja,S. Janaki,Vaali,-jqkWhRk-NI,Unnaithane Thanjam Endru ,253,N,N,N,,,
1985,2026-03-25,Nila Adhu Vaanathumele - Nayakan ,Nayagan,Ilaiyaraaja,S.P. Balasubrahmanyam,Vaali,-UPuzR_Vkr0,Nila Adhu Vaanathumele - Nayakan ,290,N,N,Y,/home/vscode/code/research/tamil-music-history/songs/-UPuzR_Vkr0_Nila Adhu Vaanathumele - Nayakan.%(ext)s,,
1986,2026-03-25,Pooja Chestamu Rare,Pooja Pooja,Ilaiyaraaja,S.P. Balasubrahmanyam,,sr3yqK_NMs8,Pooja Chestamu Rare,292,N,N,Y,/home/vscode/code/research/tamil-music-history/songs/sr3yqK_NMs8_Pooja Chestamu Rare.%(ext)s,,
1987,2026-03-25,Hara Hara Shembhu Shembhu,Shembhu,Ilaiyaraaja,S.P. Balasubrahmanyam,,JVQ0VIs8dx0,Hara Hara Shembhu Shembhu,31,N,N,Y,/home/vscode/code/research/tamil-music-history/songs/JVQ0VIs8dx0_Hara Hara Shembhu Shembhu.%(ext)s,,
1988,2026-03-25,Chekka Chivantha Vaanam - Hayati Video ,Thayagu,Ilaiyaraaja,S.P. Balasubrahmanyam,Vairamakrishnan,dP8DdszDd2s,Chekka Chivantha Vaanam - Hayati Video ,168,N,N,Y,/home/vscode/code/research/tamil-music-history/songs/dP8DdszDd2s_Chekka Chivantha Vaanam - Hayati Video.%(ext)s,,
1989,2026-03-25,Adaludan Padalai Kettu... ஆடலுடன் பாடலை கேட்டு...  Mano & P. Susheela. Movie: Pudhu Vasantham.,Pudhu Vasantham,Ilaiyaraaja,S.P. Balasubrahmanyam,Vaali,60HZ0jLwMTA,Adaludan Padalai Kettu... ஆடலுடன் பாடலை கேட்டு...  Mano & P. Susheela. Movie: Pudhu Vasantham.,80,N,N,Y,/home/vscode/code/research/tamil-music-history/songs/60HZ0jLwMTA_Adaludan Padalai Kettu ஆடலடன படல கடட  Mano  P Sush.%(ext)s,,
1950,2026-03-25,Pothu Kottangkalukku Porathum,Pudhu Vasantham,S.V. Venkatraman,T.M. Soundararajan,,RoKjraKvFgo,Pothu Kottangkalukku Porathum,194,N,N,Y,/home/vscode/code/research/tamil-music-history/songs/RoKjraKvFgo_Pothu Kottangkalukku Porathum.%(ext)s,,
1951,2026-03-25,1951ஆம் ஆண்டு ஒவ்வொரு இந்தியனையும் பெருமைப்படுத்திய நிகழ்வு நடந்த தினம் இன்று..!,Malliswari,S.V. Venkatraman,T.M. Soundararajan,,_Eumj6iIdOg,1951ஆம் ஆண்டு ஒவ்வொரு இந்தியனையும் பெருமைப்படுத்திய நிகழ்வு நடந்த தினம் இன்று..!,121,N,N,Y,/home/vscode/code/research/tamil-music-history/songs/_Eumj6iIdOg_1951ஆம ஆணட ஒவவர இநதயனயம பரமபபடததய நகழவ நடநத தனம இன.%(ext)s,,
1952,2026-03-25,Ennenna Asaikattinayo,Vetri,Viswanathan Ramamoorthy,T.M. Soundararajan,Vairamakrishnan,EHhy7HfDoP8,Ennenna Asaikattinayo,144,N,N,Y,/home/vscode/code/research/tamil-music-history/songs/EHhy7HfDoP8_Ennenna Asaikattinayo.%(ext)s,,
1953,2026-03-25,"ASAINALE MANAM ... SINGERS, A M RAJAH & P SUSHEELA ... FILM, KALYANA PARISU (1959)",Kalyana Parisu,M.S. Viswanathan,T.M. Soundararajan,Kannadasan,dh55T7uOKyU,"ASAINALE MANAM ... SINGERS, A M RAJAH & P SUSHEELA ... FILM, KALYANA PARISU (1959)",191,N,N,Y,/home/vscode/code/research/tamil-music-history/songs/dh55T7uOKyU_ASAINALE MANAM  SINGERS A M RAJAH  P SUSHEELA  FIL.%(ext)s,,
1955,2026-03-25,Nalla Neram Neram Video Song ,Nalla Neram,M.S. Viswanathan,T.M. Soundararajan,Kannadasan,bYtV68ViCbk,Nalla Neram Neram Video Song ,233,N,N,Y,/home/vscode/code/research/tamil-music-history/songs/bYtV68ViCbk_Nalla Neram Neram Video Song.%(ext)s,,
1958,2026-03-25,TAMIL OLD--Dingiri Dingale meenakshi Dingiri dinkale--ANBU ENGE 1958,Kumari,S.V. Venkatraman,T.M. Soundararajan,Vairamakrishnan,eG6f5dKzVxA,TAMIL OLD--Dingiri Dingale meenakshi Dingiri dinkale--ANBU ENGE 1958,292,N,N,Y,/home/vscode/code/research/tamil-music-history/songs/eG6f5dKzVxA_TAMIL OLD--Dingiri Dingale meenakshi Dingiri dinka.%(ext)s,,
1959,2026-03-25,"PAAR PAAR PAAR SAAMBAARU SGR, SJ @ NAAN KANNNDA SORKKAM",Naan Kanda Sorgam,K.V. Mahadevan,T.M. Soundararajan,,ghRSHQ-4VP8,"PAAR PAAR PAAR SAAMBAARU SGR, SJ @ NAAN KANNNDA SORKKAM",218,N,N,Y,/home/vscode/code/research/tamil-music-history/songs/ghRSHQ-4VP8_PAAR PAAR PAAR SAAMBAARU SGR SJ  NAAN KANNNDA SORK.%(ext)s,,
1950,2026-03-25,Parasakthi - Court Scene,Parasakthi,Viswanathan Ramamoorthy,T.M. Soundararajan,Kannadasan,q7k8dt6FykI,Parasakthi - Court Scene,299,N,N,Y,/home/vscode/code/research/tamil-music-history/songs/q7k8dt6FykI_Parasakthi - Court Scene.%(ext)s,,
1951,2026-03-25,Oru Naal Oru Pozhudhu,Mannadhen,S.V. Venkatraman,T.M. Soundararajan,,BVA8SGZF-G4,Oru Naal Oru Pozhudhu,278,N,N,Y,/home/vscode/code/research/tamil-music-history/songs/BVA8SGZF-G4_Oru Naal Oru Pozhudhu.%(ext)s,,
1952,2026-03-25,Malai Kallan 1954  --  Nane Inba Roja 2, Malaikallan,M.S. Viswanathan,T.M. Soundararajan,Kannadasan,c66YmIRguXo,Malai Kallan 1954  --  Nane Inba Roja 2,164,N,N,Y,/home/vscode/code/research/tamil-music-history/songs/c66YmIRguXo_Malai Kallan 1954  --  Nane Inba Roja 2.%(ext)s,,
1955,2026-03-25,சேந்தன் அமுதன் அரசர் ஆக மாறியது‌ எப்படி? ,Ponniyin Selvan,K.V. Mahadevan,T.M. Soundararajan,,tChgXTqpLGk,சேந்தன் அமுதன் அரசர் ஆக மாறியது‌ எப்படி? ,228,N,N,Y,/home/vscode/code/research/tamil-music-history/songs/tChgXTqpLGk_சநதன அமதன அரசர ஆக மறயத எபபட.%(ext)s,,
1956,2026-03-25,Yelai Imayamalai Video Song ,Karmatha Boomi,K.V. Mahadevan,T.M. Soundararajan,Vairamakrishnan,wkUj18Z_yMg,Yelai Imayamalai Video Song ,276,N,N,Y,/home/vscode/code/research/tamil-music-history/songs/wkUj18Z_yMg_Yelai Imayamalai Video Song.%(ext)s,,
1957,2026-03-25,Gautham knew what he was doing to the British ,Rathna,M.S. Viswanathan,T.M. Soundararajan,Vairamakrishnan,hSC3pB1ZqOM,Gautham knew what he was doing to the British ,592,N,N,Y,/home/vscode/code/research/tamil-music-history/songs/hSC3pB1ZqOM_Gautham knew what he was doing to the British.%(ext)s,,
1958,2026-03-25,Sorgam Songs - Sollathe Yarum Ketal Video Song ,Thai Sorgam,K.V. Mahadevan,T.M. Soundararajan,Vairamakrishnan,qzJX1s-YTT8,Sorgam Songs - Sollathe Yarum Ketal Video Song ,219,N,N,Y,/home/vscode/code/research/tamil-music-history/songs/qzJX1s-YTT8_Sorgam Songs - Sollathe Yarum Ketal Video Song.%(ext)s,,
1959,2026-03-25,Patthu Maadham Sumandhu     Annaiyai Pol Oru Songs HD-Annaiyin Aanai,Thanga Radhu,M.S. Viswanathan,T.M. Soundararajan,Kannadasan,E57sf9mMvgw,Patthu Maadham Sumandhu     Annaiyai Pol Oru Songs HD-Annaiyin Aanai,246,N,N,Y,/home/vscode/code/research/tamil-music-history/songs/E57sf9mMvgw_Patthu Maadham Sumandhu     Annaiyai Pol Oru Songs.%(ext)s,,
1961,2026-03-25,June Ponal July Katre Song Lyrical ,Kalyana Parisu,M.S. Viswanathan,T.M. Soundararajan,Vairamakrishnan,UjayEYV2LjA,June Ponal July Katre Song Lyrical ,357,N,N,Y,/home/vscode/code/research/tamil-music-history/songs/UjayEYV2LjA_June Ponal July Katre Song Lyrical.%(ext)s,,
1963,2026-03-25,Kathai Undu ,Kakkai Ragangal,M.S. Viswanathan,T.M. Soundararajan,Vairamakrishnan,UB_PQS3Dvjw,Kathai Undu ,215,N,N,Y,/home/vscode/code/research/tamil-music-history/songs/UB_PQS3Dvjw_Kathai Undu.%(ext)s,,
1964,2026-03-25,Vaazha ninaithaal vaazhalaam (N.Vijaygopalan),Vaazha Ninaithal,K.V. Mahadevan,T.M. Soundararajan,Vairamakrishnan,CaM5r5es9UE,Vaazha ninaithaal vaazhalaam (N.Vijaygopalan),217,N,N,Y,/home/vscode/code/research/tamil-music-history/songs/CaM5r5es9UE_Vaazha ninaithaal vaazhalaam NVijaygopalan.%(ext)s,,
1965,2026-03-25,Paattum Naane Full Video Song - HD l Thiruvilayadal l Sivaji Ganesan l Savitri ,Thiruvilayadal,K.V. Mahadevan,T.M. Soundararajan,Kannadasan,6cc5Xdcxxc8,Paattum Naane Full Video Song - HD l Thiruvilayadal l Sivaji Ganesan l Savitri ,397,N,N,N,,,
1966,2026-03-25,Amma Enge 1964  --  Thottu Paar Thodumpothu,Muthalvar,M.S. Viswanathan,T.M. Soundararajan,,Zv51HGYpM9s,Amma Enge 1964  --  Thottu Paar Thodumpothu,204,N,N,Y,/home/vscode/code/research/tamil-music-history/songs/Zv51HGYpM9s_Amma Enge 1964  --  Thottu Paar Thodumpothu.%(ext)s,,
1967,2026-03-25,Thillana Mohanambal Review ,Thillana Mohanambal,K.V. Mahadevan,T.M. Soundararajan,Kannadasan,GOPnRh__FZg,Thillana Mohanambal Review ,462,N,N,Y,/home/vscode/code/research/tamil-music-history/songs/GOPnRh__FZg_Thillana Mohanambal Review.%(ext)s,,
1968,2026-03-25,Thenmadurai Video Song in Dharmathin Thalaivan Movie ,Then Madhurai,M.S. Viswanathan,T.M. Soundararajan,Vairamakrishnan,wHOhktsPxkU,Thenmadurai Video Song in Dharmathin Thalaivan Movie ,175,N,N,Y,/home/vscode/code/research/tamil-music-history/songs/wHOhktsPxkU_Thenmadurai Video Song in Dharmathin Thalaivan Mov.%(ext)s,,
1969,2026-03-25,நீ ஒரு திறமையான குற்றவாளி ,Aayirathil Oruvan,K.V. Mahadevan,T.M. Soundararajan,,HJb2lGCdlkY,நீ ஒரு திறமையான குற்றவாளி ,492,N,N,Y,/home/vscode/code/research/tamil-music-history/songs/HJb2lGCdlkY_ந ஒர தறமயன கறறவள.%(ext)s,,
1960,2026-03-25,PENNE NEE VAAZHGA (1967)--Pollaatha punsirippu--OLD SONG BOOK (vMv),Pudhu Vasantham,S.V. Venkatraman,P. Susheela,Kannadasan,L9cX721mR44,PENNE NEE VAAZHGA (1967)--Pollaatha punsirippu--OLD SONG BOOK (vMv),197,N,N,Y,/home/vscode/code/research/tamil-music-history/songs/L9cX721mR44_PENNE NEE VAAZHGA 1967--Pollaatha punsirippu--OLD .%(ext)s,,
1961,2026-03-25,Vandha Naal Mudhal  HD Song,Kalyana Parisu,M.S. Viswanathan,P. Susheela,,B1HufYvcLvY,Vandha Naal Mudhal  HD Song,297,N,N,Y,/home/vscode/code/research/tamil-music-history/songs/B1HufYvcLvY_Vandha Naal Mudhal  HD Song.%(ext)s,,
1962,2026-03-25,Valarpirai Enave / Gangai Amaran / Mano,Nalla Neram,M.S. Viswanathan,P. Susheela,Vairamakrishnan,iqBHuPZvduI,Valarpirai Enave / Gangai Amaran / Mano,245,N,N,Y,/home/vscode/code/research/tamil-music-history/songs/iqBHuPZvduI_Valarpirai Enave  Gangai Amaran  Mano.%(ext)s,,
1963,2026-03-25,Avanukkena ThoongiVittan Song HD ,Kakkai Ragangal,M.S. Viswanathan,S. Janaki,Vairamakrishnan,I0hHv3WZd5o,Avanukkena ThoongiVittan Song HD ,238,N,N,Y,/home/vscode/code/research/tamil-music-history/songs/I0hHv3WZd5o_Avanukkena ThoongiVittan Song HD.%(ext)s,,
1964,2026-03-25,Nee varu kavyadevathe - Swapnam (1973),Vazha Ninaithal,K.V. Mahadevan,T.M. Soundararajan,,GI8IoMQLul8,Nee varu kavyadevathe - Swapnam (1973),234,N,N,Y,/home/vscode/code/research/tamil-music-history/songs/GI8IoMQLul8_Nee varu kavyadevathe - Swapnam 1973.%(ext)s,,
1965,2026-03-25,നാദസ്വരം എന്നാൽ ഇതാണ് - കേട്ടിരുന്നു പോകും#music#devotional#songs#trending#nadaswaram,Bhakthapriya,K.V. Mahadevan,T.M. Soundararajan,Vairamakrishnan,oVz1YKh16cQ,നാദസ്വരം എന്നാൽ ഇതാണ് - കേട്ടിരുന്നു പോകും#music#devotional#songs#trending#nadaswaram,171,N,N,Y,/home/vscode/code/research/tamil-music-history/songs/oVz1YKh16cQ_നദസവര എനനൽ ഇതണ - കടടരനന പകmusicdevotionalsongstren.%(ext)s,,
1966,2026-03-25,Arulvaaye Nee Arulvaaye,Thiruvilayadal,K.V. Mahadevan,T.M. Soundararajan,,Z3iJCnMPrRY,Arulvaaye Nee Arulvaaye,228,N,N,Y,/home/vscode/code/research/tamil-music-history/songs/Z3iJCnMPrRY_Arulvaaye Nee Arulvaaye.%(ext)s,,
1967,2026-03-25,SANGEETHA MEGHAM (Tamil) BY K.Md.RAFI,Anari,Viswanathan Ramamoorthy,T.M. Soundararajan,Kannadasan,qvt6RiN8lz0,SANGEETHA MEGHAM (Tamil) BY K.Md.RAFI,272,N,N,Y,/home/vscode/code/research/tamil-music-history/songs/qvt6RiN8lz0_SANGEETHA MEGHAM Tamil BY KMdRAFI.%(ext)s,,
1968,2026-03-25,காதல் ராகமும் Video Song ,Kadal Meengal,M.S. Viswanathan,T.M. Soundararajan,Vairamakrishnan,uS0FYQc1xv8,காதல் ராகமும் Video Song ,265,N,N,Y,/home/vscode/code/research/tamil-music-history/songs/uS0FYQc1xv8_கதல ரகமம Video Song.%(ext)s,,
1969,2026-03-25,Poomarathu Nizhalumundu Video Song ,Kuzhandai,K.V. Mahadevan,T.M. Soundararajan,Vairamakrishnan,JkoPWH1yTg8,Poomarathu Nizhalumundu Video Song ,318,N,N,Y,/home/vscode/code/research/tamil-music-history/songs/JkoPWH1yTg8_Poomarathu Nizhalumundu Video Song.%(ext)s,,
1970,2026-03-25,Mayakkama Kalakkama Song - Sumaithaangi (சுமைதாங்கி) Thathuva Paadal,Vazhve Maathey,Ilaiyaraaja,S.P. Balasubrahmanyam,Vairamakrishnan,gFcOsnk8DM0,Mayakkama Kalakkama Song - Sumaithaangi (சுமைதாங்கி) Thathuva Paadal,233,N,N,Y,/home/vscode/code/research/tamil-music-history/songs/gFcOsnk8DM0_Mayakkama Kalakkama Song - Sumaithaangi சமதஙக That.%(ext)s,,
1971,2026-03-25,Andhi Neram HD ,Thillu Mullu,Ilaiyaraaja,S.P. Balasubrahmanyam,Vairamakrishnan,nTQRzPR76kM,Andhi Neram HD ,188,N,N,Y,/home/vscode/code/research/tamil-music-history/songs/nTQRzPR76kM_Andhi Neram HD.%(ext)s,,
1972,2026-03-25,Nadamaadi Tirindha Unakku - Kamboji - Kantachapu - Papavinasa Mudhaliyar - Arudra Darisanam,Pallavi Anupallavi,Ilaiyaraaja,S.P. Balasubrahmanyam,Vairamakrishnan,-WFTBEpAlwY,Nadamaadi Tirindha Unakku - Kamboji - Kantachapu - Papavinasa Mudhaliyar - Arudra Darisanam,258,N,N,Y,/home/vscode/code/research/tamil-music-history/songs/-WFTBEpAlwY_Nadamaadi Tirindha Unakku - Kamboji - Kantachapu -.%(ext)s,,
1974,2026-03-25,Annakili Unnai Theduthe (Sad) ,Annakili,Ilaiyaraaja,S.P. Balasubrahmanyam,Vaali,p3ij5qLS0Uk,Annakili Unnai Theduthe (Sad) ,279,N,N,Y,/home/vscode/code/research/tamil-music-history/songs/p3ij5qLS0Uk_Annakili Unnai Theduthe Sad.%(ext)s,,
1975,2026-03-25,மலரே குறிஞ்சி மலரே HD Video Song ,Muthal Mariyathai,Ilaiyaraaja,S.P. Balasubrahmanyam,Vairamakrishnan,siaDRdE-cd4,மலரே குறிஞ்சி மலரே HD Video Song ,254,N,N,Y,/home/vscode/code/research/tamil-music-history/songs/siaDRdE-cd4_மலர கறஞச மலர HD Video Song.%(ext)s,,
1976,2026-03-25,patli kamariya mori hi hi 🥰 ,Annakili,Ilaiyaraaja,S.P. Balasubrahmanyam,Vairamakrishnan,06g4OJfS7mo,patli kamariya mori hi hi 🥰 ,92,N,N,Y,/home/vscode/code/research/tamil-music-history/songs/06g4OJfS7mo_patli kamariya mori hi hi.%(ext)s,,
1977,2026-03-25,Kothaiyin Thiruppavai ,Madhura Veeraman,Ilaiyaraaja,S.P. Balasubrahmanyam,Vairamakrishnan,YS2ZvhPTVyg,Kothaiyin Thiruppavai ,337,N,N,Y,/home/vscode/code/research/tamil-music-history/songs/YS2ZvhPTVyg_Kothaiyin Thiruppavai.%(ext)s,,
1978,2026-03-25,TAMIL OLD--Kannanai ninaikatha naal illaiye (vMv)--SEER VARISAI (1978),Kalyana Pillai,Ilaiyaraaja,S.P. Balasubrahmanyam,Vairamakrishnan,6ynZk2WmDXY,TAMIL OLD--Kannanai ninaikatha naal illaiye (vMv)--SEER VARISAI (1978),233,N,N,Y,/home/vscode/code/research/tamil-music-history/songs/6ynZk2WmDXY_TAMIL OLD--Kannanai ninaikatha naal illaiye vMv--S.%(ext)s,,
1979,2026-03-25,நதியோரம் ,Annai Oru Aalayam,M.S. Viswanathan,T.M. Soundararajan,,6l2qdxLlgVg,நதியோரம் ,248,N,N,N,,,
1970,2026-03-25,Maate Vinadhuga Full Video Song ,Vazhve Maathey,Ilaiyaraaja,S.P. Balasubrahmanyam,Vairamakrishnan,kca0cG9fiQw,Maate Vinadhuga Full Video Song ,308,N,N,Y,/home/vscode/code/research/tamil-music-history/songs/kca0cG9fiQw_Maate Vinadhuga Full Video Song.%(ext)s,,
1971,2026-03-25,Sarkarai panthalil - Pattampoochi,Thillu Mullu,Ilaiyaraaja,S.P. Balasubrahmanyam,Vaali,450OnBk4w-4,Sarkarai panthalil - Pattampoochi,243,N,N,Y,/home/vscode/code/research/tamil-music-history/songs/450OnBk4w-4_Sarkarai panthalil - Pattampoochi.%(ext)s,,
1972,2026-03-25,Solla Solla ,Pallavi Anupallavi,Ilaiyaraaja,S. Janaki,Vaali,7agmublzQXg,Solla Solla ,179,N,N,Y,/home/vscode/code/research/tamil-music-history/songs/7agmublzQXg_Solla Solla.%(ext)s,,
1973,2026-03-25,Ennuyire Ennai Whatsapp Status ,Nootukku Chengam,Ilaiyaraaja,S.P. Balasubrahmanyam,Vaali,tvWx-l8UakA,Ennuyire Ennai Whatsapp Status ,31,N,N,Y,/home/vscode/code/research/tamil-music-history/songs/tvWx-l8UakA_Ennuyire Ennai Whatsapp Status.%(ext)s,,
1974,2026-03-25,Annakili unnai - Annakili,Annakili,Ilaiyaraaja,S. Janaki,Vaali,GpzM-DPifS8,Annakili unnai - Annakili,279,N,N,Y,/home/vscode/code/research/tamil-music-history/songs/GpzM-DPifS8_Annakili unnai - Annakili.%(ext)s,,
1975,2026-03-25,மலரே குறிஞ்சி மலரே Malarae Kurinji Malarae Song #4k HD video song #tamiloldsong #sivaji #tamilsongs,Muthal Mariyathai,Ilaiyaraaja,S.P. Balasubrahmanyam,Vaali,0pQK4VpnVbE,மலரே குறிஞ்சி மலரே Malarae Kurinji Malarae Song #4k HD video song #tamiloldsong #sivaji #tamilsongs,254,N,N,N,,,
1976,2026-03-25,Salo or the 120 Days of Sodom (1975) Movie Explained in Hindi//In Urdu//movie explained in hindi,Annakili,Ilaiyaraaja,S.P. Balasubrahmanyam,Vairamakrishnan,wk2GFPcIRDI,Salo or the 120 Days of Sodom (1975) Movie Explained in Hindi//In Urdu//movie explained in hindi,622,N,N,Y,/home/vscode/code/research/tamil-music-history/songs/wk2GFPcIRDI_Salo or the 120 Days of Sodom 1975 Movie Explained.%(ext)s,,
1977,2026-03-25,Viruman - Madura Veeran Video ,Madhura Veeraman,Ilaiyaraaja,S.P. Balasubrahmanyam,Vairamakrishnan,Q8GhYhDqiRI,Viruman - Madura Veeran Video ,228,N,N,Y,/home/vscode/code/research/tamil-music-history/songs/Q8GhYhDqiRI_Viruman - Madura Veeran Video.%(ext)s,,
1978,2026-03-25,#onedaycm #incedinginfotainers Uttarkhand's one day CM #ShrishtiGoswami tamil ஒரு நாள் முதல்வர்,Muthalvar,Ilaiyaraaja,S.P. Balasubrahmanyam,Vairamakrishnan,nRDUGrH5lNs,#onedaycm #incedinginfotainers Uttarkhand's one day CM #ShrishtiGoswami tamil ஒரு நாள் முதல்வர்,80,N,N,Y,/home/vscode/code/research/tamil-music-history/songs/nRDUGrH5lNs_onedaycm incedinginfotainers Uttarkhands one day C.%(ext)s,,
1980,2026-03-25,Mandram Vantha Thendralukku HD Video Song ,Mouna Ragam,Ilaiyaraaja,S.P. Balasubrahmanyam,Vaali,7xUXnI7Wt4k,Mandram Vantha Thendralukku HD Video Song ,424,N,N,Y,/home/vscode/code/research/tamil-music-history/songs/7xUXnI7Wt4k_Mandram Vantha Thendralukku HD Video Song.%(ext)s,,
1982,2026-03-25,Kaiyam Kaiyam,Raja Kaiyyam,Ilaiyaraaja,S.P. Balasubrahmanyam,Vairamakrishnan,YYBr4cCimwY,Kaiyam Kaiyam,158,N,N,Y,/home/vscode/code/research/tamil-music-history/songs/YYBr4cCimwY_Kaiyam Kaiyam.%(ext)s,,
1984,2026-03-25,Unnaithane Thanjam Endru ,Nallavanukku Nallavan,Ilaiyaraaja,S. Janaki,Vaali,-jqkWhRk-NI,Unnaithane Thanjam Endru ,253,N,N,N,,,
1985,2026-03-25,Nila Adhu Vaanathumele - Nayakan ,Nayagan,Ilaiyaraaja,S.P. Balasubrahmanyam,Vaali,-UPuzR_Vkr0,Nila Adhu Vaanathumele - Nayakan ,290,N,N,Y,/home/vscode/code/research/tamil-music-history/songs/-UPuzR_Vkr0_Nila Adhu Vaanathumele - Nayakan.%(ext)s,,
1986,2026-03-25,Pooja Pooja Bhoomiyum Maanavum - Swapnanagal,Pooja Pooja,Ilaiyaraaja,S.P. Balasubrahmanyam,Vaali,_AgquAijQss,Pooja Pooja Bhoomiyum Maanavum - Swapnanagal,245,N,N,Y,/home/vscode/code/research/tamil-music-history/songs/_AgquAijQss_Pooja Pooja Bhoomiyum Maanavum - Swapnanagal.%(ext)s,,
1987,2026-03-25,Hara Hara Shembhu Shembhu,Shembhu,Ilaiyaraaja,S.P. Balasubrahmanyam,,JVQ0VIs8dx0,Hara Hara Shembhu Shembhu,31,N,N,Y,/home/vscode/code/research/tamil-music-history/songs/JVQ0VIs8dx0_Hara Hara Shembhu Shembhu.%(ext)s,,
1988,2026-03-25,Chekka Chivantha Vaanam - Hayati Video ,Thayagu,Ilaiyaraaja,S.P. Balasubrahmanyam,Vairamakrishnan,dP8DdszDd2s,Chekka Chivantha Vaanam - Hayati Video ,168,N,N,Y,/home/vscode/code/research/tamil-music-history/songs/dP8DdszDd2s_Chekka Chivantha Vaanam - Hayati Video.%(ext)s,,
1989,2026-03-25,Adaludan Padalai Kettu... ஆடலுடன் பாடலை கேட்டு...  Mano & P. Susheela. Movie: Pudhu Vasantham.,Pudhu Vasantham,Ilaiyaraaja,S.P. Balasubrahmanyam,Vaali,60HZ0jLwMTA,Adaludan Padalai Kettu... ஆடலுடன் பாடலை கேட்டு...  Mano & P. Susheela. Movie: Pudhu Vasantham.,80,N,N,Y,/home/vscode/code/research/tamil-music-history/songs/60HZ0jLwMTA_Adaludan Padalai Kettu ஆடலடன படல கடட  Mano  P Sush.%(ext)s,,
1980,2026-03-25,Vaa Vaa Anbe Anbe Video Song - Agni Natchathiram ,Mouna Ragam,Ilaiyaraaja,S. Janaki,Vaali,mc_Z5D297eQ,Vaa Vaa Anbe Anbe Video Song - Agni Natchathiram ,271,N,N,Y,/home/vscode/code/research/tamil-music-history/songs/mc_Z5D297eQ_Vaa Vaa Anbe Anbe Video Song - Agni Natchathiram.%(ext)s,,
1983,2026-03-25,Thendral Ennai HD Video Song ,Nallavanukku Nallavan,Ilaiyaraaja,S. Janaki,Vaali,DTctcqHbaxY,Thendral Ennai HD Video Song ,244,N,N,Y,/home/vscode/code/research/tamil-music-history/songs/DTctcqHbaxY_Thendral Ennai HD Video Song.%(ext)s,,
1984,2026-03-25,Paari Vallal - Part - 1,Nallavanukku Nallavan,Ilaiyaraaja,S.P. Balasubrahmanyam,Vairamakrishnan,aE2EOCijDu0,Paari Vallal - Part - 1,137,N,N,Y,/home/vscode/code/research/tamil-music-history/songs/aE2EOCijDu0_Paari Vallal - Part - 1.%(ext)s,,
1985,2026-03-25,மனசு மயங்கும் மௌனகீதம் ,Nayagan,Ilaiyaraaja,S. Janaki,,dxieZAgB3wE,மனசு மயங்கும் மௌனகீதம் ,338,N,N,Y,/home/vscode/code/research/tamil-music-history/songs/dxieZAgB3wE_மனச மயஙகம மனகதம.%(ext)s,,
1986,2026-03-25,Full Video: KANIMAA - RETRO ,Pooja Pooja,Ilaiyaraaja,S. Janaki,Vairamakrishnan,5CEXL8kfGL4,Full Video: KANIMAA - RETRO ,245,N,N,N,,,
