phase,algorithm,family,fid,instance,dimension,seed,budget,nfev,error,hit_1e-2,hit_1e-5,err_20d,err_50d,err_100d,err_200d,wall_s,objective_s,overhead_us_per_eval,config_json
tune,scipy-best-p5-immediate,scipy,1,1,5,1,1000,1000,8.8039259793504243e-06,521,988,3.0593466968389009,0.46390732582685246,0.011122124352624496,8.8039259793504243e-06,0.037952972,0.001851247,36.101725,"{""popsize"":5,""strategy"":""best1bin"",""updating"":""immediate""}"
tune,scipy-best-p5-immediate,scipy,1,1,5,2,1000,1000,5.4214385158957157e-07,304,882,1.0746059689550407,0.12511489154820765,0.0026836531234692984,5.4214385158957157e-07,0.036890081,0.001798952,35.091129,"{""popsize"":5,""strategy"":""best1bin"",""updating"":""immediate""}"
tune,scipy-best-p5-immediate,scipy,1,1,10,1,2000,2000,0.078354846139518486,,,9.3637381164045053,7.0778452479376739,1.1886265274266492,0.078354846139518486,0.067141296,0.004072953,31.5341715,"{""popsize"":5,""strategy"":""best1bin"",""updating"":""immediate""}"
tune,scipy-best-p5-immediate,scipy,1,1,10,2,2000,2000,0.032671968216433811,,,20.379999955294707,5.0995063392684727,0.36428892695074921,0.032671968216433811,0.067294102,0.004056916,31.618593,"{""popsize"":5,""strategy"":""best1bin"",""updating"":""immediate""}"
tune,scipy-best-p5-immediate,scipy,6,1,5,1,1000,1000,0.27269269924521922,,,48.318164408651803,23.716350493849681,1.5212834280681165,0.27269269924521922,0.0349761,0.002128996,32.847104,"{""popsize"":5,""strategy"":""best1bin"",""updating"":""immediate""}"
tune,scipy-best-p5-immediate,scipy,6,1,5,2,1000,1000,0.28925634922390486,,,36.135138139699599,5.9179990418718589,2.6714264703067485,0.28925634922390486,0.035525707,0.002139271,33.386436,"{""popsize"":5,""strategy"":""best1bin"",""updating"":""immediate""}"
tune,scipy-best-p5-immediate,scipy,6,1,10,1,2000,2000,12.352084866767065,,,202.4258841011945,95.740554351536673,24.822107399952792,12.352084866767065,0.073598289,0.005255694,34.1712975,"{""popsize"":5,""strategy"":""best1bin"",""updating"":""immediate""}"
tune,scipy-best-p5-immediate,scipy,6,1,10,2,2000,2000,6.9205968869498165,,,4907.2534411852939,65.811988025799991,30.474522666052628,6.9205968869498165,0.067862882,0.004827837,31.5175225,"{""popsize"":5,""strategy"":""best1bin"",""updating"":""immediate""}"
tune,scipy-best-p5-immediate,scipy,10,1,5,1,1000,1000,341.78553750729822,,,40176.224160638834,36527.527769317865,13142.103242058809,341.78553750729822,0.036633081,0.002565423,34.067658,"{""popsize"":5,""strategy"":""best1bin"",""updating"":""immediate""}"
tune,scipy-best-p5-immediate,scipy,10,1,5,2,1000,1000,53.594484697457183,,,33491.636087602077,9326.4276892063663,2558.1814638069204,53.594484697457183,0.035296736,0.002581871,32.714865,"{""popsize"":5,""strategy"":""best1bin"",""updating"":""immediate""}"
tune,scipy-best-p5-immediate,scipy,10,1,10,1,2000,2000,6235.3035965192139,,,440312.1903194054,161059.68923697472,45777.54430142045,6235.3035965192139,0.077641043,0.007235937,35.202553,"{""popsize"":5,""strategy"":""best1bin"",""updating"":""immediate""}"
tune,scipy-best-p5-immediate,scipy,10,1,10,2,2000,2000,6800.14927109979,,,100770.7510371161,86485.497245193124,22596.502831626716,6800.14927109979,0.069394409,0.006582743,31.405833,"{""popsize"":5,""strategy"":""best1bin"",""updating"":""immediate""}"
tune,scipy-best-p5-immediate,scipy,15,1,5,1,1000,1000,16.471007868255128,,,51.564255088749405,26.92277142590774,23.97515677644094,16.471007868255128,0.036672637,0.002872602,33.800035,"{""popsize"":5,""strategy"":""best1bin"",""updating"":""immediate""}"
tune,scipy-best-p5-immediate,scipy,15,1,5,2,1000,1000,17.562434390100066,,,48.484764413009088,25.384382880569547,18.393617092996124,17.562434390100066,0.035997399,0.002807012,33.190387,"{""popsize"":5,""strategy"":""best1bin"",""updating"":""immediate""}"
tune,scipy-best-p5-immediate,scipy,15,1,10,1,2000,2000,53.564371116526218,,,129.5993478404323,117.53021404975834,73.259449255314848,53.564371116526218,0.07720153,0.008411642,34.394944,"{""popsize"":5,""strategy"":""best1bin"",""updating"":""immediate""}"
tune,scipy-best-p5-immediate,scipy,15,1,10,2,2000,2000,39.763918951186497,,,238.91386725890129,142.52255552224779,102.5404864887123,39.763918951186497,0.072916502,0.008110271,32.4031155,"{""popsize"":5,""strategy"":""best1bin"",""updating"":""immediate""}"
tune,scipy-best-p5-immediate,scipy,20,1,5,1,1000,1000,1.1817167943290769,,,212.85560281029211,2.4149876053362505,2.2133972901129937,1.1817167943290769,0.035103188,0.003026327,32.076861,"{""popsize"":5,""strategy"":""best1bin"",""updating"":""immediate""}"
tune,scipy-best-p5-immediate,scipy,20,1,5,2,1000,1000,1.1581921827257702,,,191.14723355555299,2.422924979799177,2.1965921946284652,1.1581921827257702,0.035570557,0.003063681,32.506876,"{""popsize"":5,""strategy"":""best1bin"",""updating"":""immediate""}"
tune,scipy-best-p5-immediate,scipy,20,1,10,1,2000,2000,2.4222729870621151,,,1905.6738115164592,3.0563077091677542,2.8004266004336387,2.4222729870621151,0.074013275,0.007852396,33.0804395,"{""popsize"":5,""strategy"":""best1bin"",""updating"":""immediate""}"
tune,scipy-best-p5-immediate,scipy,20,1,10,2,2000,2000,2.9542447988224012,,,2672.795287580534,20.69492961254241,3.3427392238869515,2.9542447988224012,0.069525649,0.007215234,31.1552075,"{""popsize"":5,""strategy"":""best1bin"",""updating"":""immediate""}"
tune,scipy-best-p5-deferred,scipy,1,1,5,1,1000,1000,0.00020606962233671311,652,,10.939793991967562,0.5804634405557465,0.05491624435406095,0.00020606962233671311,0.015738792,0.001101206,14.637586,"{""popsize"":5,""strategy"":""best1bin"",""updating"":""deferred""}"
tune,scipy-best-p5-deferred,scipy,1,1,5,2,1000,1000,0.00030437937253680047,719,,3.2384264103458946,0.27625649332674129,0.062590797587574798,0.00030437937253680047,0.014771667,0.001014533,13.757134,"{""popsize"":5,""strategy"":""best1bin"",""updating"":""deferred""}"
tune,scipy-best-p5-deferred,scipy,1,1,10,1,2000,2000,0.026471142935164949,,,7.8233176144912449,2.1575637461655788,0.36027330117083523,0.026471142935164949,0.024668645,0.002620172,11.0242365,"{""popsize"":5,""strategy"":""best1bin"",""updating"":""deferred""}"
tune,scipy-best-p5-deferred,scipy,1,1,10,2,2000,2000,0.084528849190448341,,,30.214728565223808,11.27401083211447,2.3426302895514226,0.084528849190448341,0.022652563,0.002400263,10.12615,"{""popsize"":5,""strategy"":""best1bin"",""updating"":""deferred""}"
tune,scipy-best-p5-deferred,scipy,6,1,5,1,1000,1000,0.48482377233349894,,,44.899836158040522,16.631704975317852,3.2157543459229458,0.48482377233349894,0.015442219,0.001358908,14.083311,"{""popsize"":5,""strategy"":""best1bin"",""updating"":""deferred""}"
tune,scipy-best-p5-deferred,scipy,6,1,5,2,1000,1000,0.3531659179390445,,,12.438982528123319,11.284753246375232,4.3079915730840312,0.3531659179390445,0.014477116,0.001249813,13.227303,"{""popsize"":5,""strategy"":""best1bin"",""updating"":""deferred""}"
tune,scipy-best-p5-deferred,scipy,6,1,10,1,2000,2000,19.259087572907575,,,6238.8954757726769,134.40998454204234,33.066173975424626,19.259087572907575,0.024184167,0.003123285,10.530441,"{""popsize"":5,""strategy"":""best1bin"",""updating"":""deferred""}"
tune,scipy-best-p5-deferred,scipy,6,1,10,2,2000,2000,23.767711247919735,,,21432.971368671777,116.40106979513436,61.977958679612009,23.767711247919735,0.023981404,0.003147801,10.4168015,"{""popsize"":5,""strategy"":""best1bin"",""updating"":""deferred""}"
tune,scipy-best-p5-deferred,scipy,10,1,5,1,1000,1000,284.49386636975447,,,6981.2742661455595,2897.7689818337226,774.52880835061137,284.49386636975447,0.015636455,0.001680932,13.955523,"{""popsize"":5,""strategy"":""best1bin"",""updating"":""deferred""}"
tune,scipy-best-p5-deferred,scipy,10,1,5,2,1000,1000,440.06415910963244,,,59100.890387626394,18065.049713766919,3616.8747532847492,440.06415910963244,0.017401895,0.001885619,15.516276,"{""popsize"":5,""strategy"":""best1bin"",""updating"":""deferred""}"
tune,scipy-best-p5-deferred,scipy,10,1,10,1,2000,2000,9726.1054057254787,,,428699.60229057173,11444.372948755874,11444.372948755874,9726.1054057254787,0.02622708,0.005043653,10.5917135,"{""popsize"":5,""strategy"":""best1bin"",""updating"":""deferred""}"
tune,scipy-best-p5-deferred,scipy,10,1,10,2,2000,2000,25205.335463572213,,,149868.90930196882,42697.57126672782,25205.335463572213,25205.335463572213,0.025388531,0.004824653,10.281939,"{""popsize"":5,""strategy"":""best1bin"",""updating"":""deferred""}"
tune,scipy-best-p5-deferred,scipy,15,1,5,1,1000,1000,11.79288884785376,,,45.76285226003165,32.855743542589835,20.80015098989486,11.79288884785376,0.017125974,0.002156399,14.969575,"{""popsize"":5,""strategy"":""best1bin"",""updating"":""deferred""}"
tune,scipy-best-p5-deferred,scipy,15,1,5,2,1000,1000,15.226301834872743,,,48.797267496702034,27.556867863447678,18.619988285494628,15.226301834872743,0.01582233,0.002009113,13.813217,"{""popsize"":5,""strategy"":""best1bin"",""updating"":""deferred""}"
tune,scipy-best-p5-deferred,scipy,15,1,10,1,2000,2000,69.329327005505093,,,177.37692236217163,122.02816611615299,69.329327005505093,69.329327005505093,0.03083129,0.006266929,12.2821805,"{""popsize"":5,""strategy"":""best1bin"",""updating"":""deferred""}"
tune,scipy-best-p5-deferred,scipy,15,1,10,2,2000,2000,47.975469308991705,,,246.12241707502562,125.22343879210598,78.727267447175564,47.975469308991705,0.030771427,0.006876328,11.9475495,"{""popsize"":5,""strategy"":""best1bin"",""updating"":""deferred""}"
tune,scipy-best-p5-deferred,scipy,20,1,5,1,1000,1000,1.1646226947309515,,,66.149457257727079,2.8872975581352875,1.186600196168456,1.1646226947309515,0.016137745,0.002222151,13.915594,"{""popsize"":5,""strategy"":""best1bin"",""updating"":""deferred""}"
tune,scipy-best-p5-deferred,scipy,20,1,5,2,1000,1000,0.77536445103453389,,,4.1592820938999466,3.2532415611960914,2.1057843615485581,0.77536445103453389,0.016946586,0.002364041,14.582545,"{""popsize"":5,""strategy"":""best1bin"",""updating"":""deferred""}"
tune,scipy-best-p5-deferred,scipy,20,1,10,1,2000,2000,2.2869699957593639,,,3816.4957695080816,218.69097149276115,2.8413947520856482,2.2869699957593639,0.026192406,0.005534528,10.328939,"{""popsize"":5,""strategy"":""best1bin"",""updating"":""deferred""}"
tune,scipy-best-p5-deferred,scipy,20,1,10,2,2000,2000,2.9600960205165165,,,3762.6870820438239,4.4659953311816025,3.1693809785479061,2.9600960205165165,0.026375024,0.005532336,10.421344,"{""popsize"":5,""strategy"":""best1bin"",""updating"":""deferred""}"
tune,scipy-currentbest-p5,scipy,1,1,5,1,1000,1000,7.8666204643695892e-06,525,987,4.6010661775550687,0.59380489465331721,0.039806590276327825,7.8666204643695892e-06,0.037291061,0.001873736,35.417325,"{""popsize"":5,""strategy"":""currenttobest1bin"",""updating"":""immediate""}"
tune,scipy-currentbest-p5,scipy,1,1,5,2,1000,1000,6.4763818571123011e-05,591,,2.6274748924099498,0.64809009543014895,0.034827564328338667,6.4763818571123011e-05,0.037141372,0.001881987,35.259385,"{""popsize"":5,""strategy"":""currenttobest1bin"",""updating"":""immediate""}"
tune,scipy-currentbest-p5,scipy,1,1,10,1,2000,2000,0.065176866338759964,,,9.0988985002984322,4.8634313273882697,1.8727001215370365,0.065176866338759964,0.06991366,0.004068468,32.922596,"{""popsize"":5,""strategy"":""currenttobest1bin"",""updating"":""immediate""}"
tune,scipy-currentbest-p5,scipy,1,1,10,2,2000,2000,0.015180828370986887,,,17.447102649165643,3.1004919149623049,0.75133879778073265,0.015180828370986887,0.077447836,0.004415863,36.5159865,"{""popsize"":5,""strategy"":""currenttobest1bin"",""updating"":""immediate""}"
tune,scipy-currentbest-p5,scipy,6,1,5,1,1000,1000,0.27321498435022562,,,50.795299301935252,14.022179688502057,2.8405716255839124,0.27321498435022562,0.037380225,0.002226176,35.154049,"{""popsize"":5,""strategy"":""currenttobest1bin"",""updating"":""immediate""}"
tune,scipy-currentbest-p5,scipy,6,1,5,2,1000,1000,0.47007796142961666,,,29.295327826917465,23.195321405183755,4.6508927525375299,0.47007796142961666,0.036926691,0.002084441,34.84225,"{""popsize"":5,""strategy"":""currenttobest1bin"",""updating"":""immediate""}"
tune,scipy-currentbest-p5,scipy,6,1,10,1,2000,2000,19.503183270942294,,,12325.210594162647,113.93854280252407,44.405905573862931,19.503183270942294,0.077605344,0.005244567,36.1803885,"{""popsize"":5,""strategy"":""currenttobest1bin"",""updating"":""immediate""}"
tune,scipy-currentbest-p5,scipy,6,1,10,2,2000,2000,13.830376225898036,,,389.2772735983857,93.304704571058181,57.935583150777923,13.830376225898036,0.07105396,0.004859004,33.097478,"{""popsize"":5,""strategy"":""currenttobest1bin"",""updating"":""immediate""}"
tune,scipy-currentbest-p5,scipy,10,1,5,1,1000,1000,83.787189581040508,,,46475.44792800556,8535.1618479890967,830.87983160664044,83.787189581040508,0.036899088,0.00252364,34.375448,"{""popsize"":5,""strategy"":""currenttobest1bin"",""updating"":""immediate""}"
tune,scipy-currentbest-p5,scipy,10,1,5,2,1000,1000,212.26794198469068,,,37832.506883544338,6255.4700860682369,2475.7591550533543,212.26794198469068,0.036545562,0.002498954,34.046608,"{""popsize"":5,""strategy"":""currenttobest1bin"",""updating"":""immediate""}"
tune,scipy-currentbest-p5,scipy,10,1,10,1,2000,2000,8258.405713675189,,,221677.29090690103,38492.021079112819,24958.839109173619,8258.405713675189,0.077500716,0.007066804,35.216956,"{""popsize"":5,""strategy"":""currenttobest1bin"",""updating"":""immediate""}"
tune,scipy-currentbest-p5,scipy,10,1,10,2,2000,2000,14378.766717762039,,,243457.10476772377,150760.26981346274,14378.766717762039,14378.766717762039,0.073452331,0.006607246,33.4225425,"{""popsize"":5,""strategy"":""currenttobest1bin"",""updating"":""immediate""}"
tune,scipy-currentbest-p5,scipy,15,1,5,1,1000,1000,19.558934517523539,,,66.095808363047581,32.430924573158563,20.622251524090416,19.558934517523539,0.037298497,0.002877446,34.421051,"{""popsize"":5,""strategy"":""currenttobest1bin"",""updating"":""immediate""}"
tune,scipy-currentbest-p5,scipy,15,1,5,2,1000,1000,9.8609130847783035,,,51.236891137611565,34.050622960743112,19.208404494732576,9.8609130847783035,0.036813515,0.002792646,34.020869,"{""popsize"":5,""strategy"":""currenttobest1bin"",""updating"":""immediate""}"
tune,scipy-currentbest-p5,scipy,15,1,10,1,2000,2000,44.018314963275543,,,186.22643905770428,117.27580644996465,86.60764877826432,44.018314963275543,0.073591874,0.007789901,32.9009865,"{""popsize"":5,""strategy"":""currenttobest1bin"",""updating"":""immediate""}"
tune,scipy-currentbest-p5,scipy,15,1,10,2,2000,2000,57.802842802247596,,,167.77903856521539,107.49105832031228,85.392259422741517,57.802842802247596,0.072709033,0.007812729,32.448152,"{""popsize"":5,""strategy"":""currenttobest1bin"",""updating"":""immediate""}"
tune,scipy-currentbest-p5,scipy,20,1,5,1,1000,1000,1.3087159168102289,,,4.0393538577037589,2.7522696756279856,2.3521656429778659,1.3087159168102289,0.035974476,0.002979777,32.994699,"{""popsize"":5,""strategy"":""currenttobest1bin"",""updating"":""immediate""}"
tune,scipy-currentbest-p5,scipy,20,1,5,2,1000,1000,1.5430258679571125,,,3.1264955727637016,2.9809014263918243,2.5399999646571132,1.5430258679571125,0.035848131,0.002994079,32.854052,"{""popsize"":5,""strategy"":""currenttobest1bin"",""updating"":""immediate""}"
tune,scipy-currentbest-p5,scipy,20,1,10,1,2000,2000,1.9889085737064534,,,241.86506110726395,5.5635766747165007,2.875076002202718,1.9889085737064534,0.0774545,0.007777061,34.8387195,"{""popsize"":5,""strategy"":""currenttobest1bin"",""updating"":""immediate""}"
tune,scipy-currentbest-p5,scipy,20,1,10,2,2000,2000,2.5682569398281885,,,632.53905509630204,3.8992565768759277,3.1619005646458618,2.5682569398281885,0.071106247,0.007155025,31.975611,"{""popsize"":5,""strategy"":""currenttobest1bin"",""updating"":""immediate""}"
tune,scipy-rand-p5,scipy,1,1,5,1,1000,1000,0.01442758254943044,,,7.2684733691396275,3.2095080585150555,0.15524181742905796,0.01442758254943044,0.034726847,0.001750486,32.976361,"{""popsize"":5,""strategy"":""rand1bin"",""updating"":""immediate""}"
tune,scipy-rand-p5,scipy,1,1,5,2,1000,1000,0.020506424415515312,,,2.1392054909149891,2.1392054909149891,0.33803078492334748,0.020506424415515312,0.03418669,0.001755555,32.431135,"{""popsize"":5,""strategy"":""rand1bin"",""updating"":""immediate""}"
tune,scipy-rand-p5,scipy,1,1,10,1,2000,2000,1.6480897875979537,,,22.005858013396107,13.035590753430895,5.2284298069210706,1.6480897875979537,0.072236004,0.004346919,33.9445425,"{""popsize"":5,""strategy"":""rand1bin"",""updating"":""immediate""}"
tune,scipy-rand-p5,scipy,1,1,10,2,2000,2000,1.3224786142555729,,,26.743043728721815,8.9712943541931196,5.8805458360227902,1.3224786142555729,0.066527186,0.003915792,31.305697,"{""popsize"":5,""strategy"":""rand1bin"",""updating"":""immediate""}"
tune,scipy-rand-p5,scipy,6,1,5,1,1000,1000,2.725834805426409,,,118.14319518860805,19.93723713468443,10.125982747412557,2.725834805426409,0.035810879,0.002250798,33.560081,"{""popsize"":5,""strategy"":""rand1bin"",""updating"":""immediate""}"
tune,scipy-rand-p5,scipy,6,1,5,2,1000,1000,5.5316695301020502,,,63.17729331401393,26.856929538502079,19.941236456407061,5.5316695301020502,0.036006083,0.002220784,33.785299,"{""popsize"":5,""strategy"":""rand1bin"",""updating"":""immediate""}"
tune,scipy-rand-p5,scipy,6,1,10,1,2000,2000,39.154043484213851,,,599.42788414934637,109.19813066568813,109.19813066568813,39.154043484213851,0.069290767,0.004769217,32.260775,"{""popsize"":5,""strategy"":""rand1bin"",""updating"":""immediate""}"
tune,scipy-rand-p5,scipy,6,1,10,2,2000,2000,38.49816099864632,,,1925.4591561917985,1011.205741902378,102.52869771554859,38.49816099864632,0.070713145,0.005142865,32.78514,"{""popsize"":5,""strategy"":""rand1bin"",""updating"":""immediate""}"
tune,scipy-rand-p5,scipy,10,1,5,1,1000,1000,4893.919475888395,,,18205.832627216572,18205.832627216572,16873.13765319762,4893.919475888395,0.035006603,0.0024615,32.545103,"{""popsize"":5,""strategy"":""rand1bin"",""updating"":""immediate""}"
tune,scipy-rand-p5,scipy,10,1,5,2,1000,1000,2982.1704952011314,,,48436.373018108963,41415.264049204496,4675.7281327976789,2982.1704952011314,0.03562899,0.00246817,33.16082,"{""popsize"":5,""strategy"":""rand1bin"",""updating"":""immediate""}"
tune,scipy-rand-p5,scipy,10,1,10,1,2000,2000,42354.01701174862,,,210033.30635682444,54201.462411110275,42354.01701174862,42354.01701174862,0.071577739,0.006568889,32.504425,"{""popsize"":5,""strategy"":""rand1bin"",""updating"":""immediate""}"
tune,scipy-rand-p5,scipy,10,1,10,2,2000,2000,42459.462542084024,,,350068.64455236204,133721.45566631708,42459.462542084024,42459.462542084024,0.077751714,0.007361951,35.1948815,"{""popsize"":5,""strategy"":""rand1bin"",""updating"":""immediate""}"
tune,scipy-rand-p5,scipy,15,1,5,1,1000,1000,18.948575592282964,,,71.367431181134862,49.563093575834955,20.623923391623748,18.948575592282964,0.035339751,0.002764852,32.574899,"{""popsize"":5,""strategy"":""rand1bin"",""updating"":""immediate""}"
tune,scipy-rand-p5,scipy,15,1,5,2,1000,1000,16.496790098290148,,,47.373460722330265,47.373460722330265,23.604795002449691,16.496790098290148,0.035968718,0.002764286,33.204432,"{""popsize"":5,""strategy"":""rand1bin"",""updating"":""immediate""}"
tune,scipy-rand-p5,scipy,15,1,10,1,2000,2000,74.818669702119223,,,226.83583853001096,112.4285937308523,112.4285937308523,74.818669702119223,0.078361841,0.008537742,34.9120495,"{""popsize"":5,""strategy"":""rand1bin"",""updating"":""immediate""}"
tune,scipy-rand-p5,scipy,15,1,10,2,2000,2000,88.754116430857493,,,216.09432149733243,184.20622241845103,129.70213988715136,88.754116430857493,0.073154903,0.007915703,32.6196,"{""popsize"":5,""strategy"":""rand1bin"",""updating"":""immediate""}"
tune,scipy-rand-p5,scipy,20,1,5,1,1000,1000,1.5883344809860773,,,3.7414078013879362,3.7414078013879362,2.595337772365724,1.5883344809860773,0.035279027,0.00301229,32.266737,"{""popsize"":5,""strategy"":""rand1bin"",""updating"":""immediate""}"
tune,scipy-rand-p5,scipy,20,1,5,2,1000,1000,1.8190854118265634,,,2268.3818120349206,254.78478604190587,3.1236238358665105,1.8190854118265634,0.035486501,0.002994095,32.492406,"{""popsize"":5,""strategy"":""rand1bin"",""updating"":""immediate""}"
tune,scipy-rand-p5,scipy,20,1,10,1,2000,2000,3.0176978153814389,,,5167.0563488125154,563.23722539080939,21.429006398138313,3.0176978153814389,0.077091998,0.007905418,34.59329,"{""popsize"":5,""strategy"":""rand1bin"",""updating"":""immediate""}"
tune,scipy-rand-p5,scipy,20,1,10,2,2000,2000,3.0275538144240954,,,4256.8020669969437,1227.5202979267481,3.0275538144240954,3.0275538144240954,0.069824826,0.007200874,31.311976,"{""popsize"":5,""strategy"":""rand1bin"",""updating"":""immediate""}"
tune,scipy-best-p10,scipy,1,1,5,1,1000,1000,0.009410615952518242,906,,6.3295613702964459,1.1835799247839986,0.29174188309833937,0.009410615952518242,0.034699022,0.001764544,32.934478,"{""popsize"":10,""strategy"":""best1bin"",""updating"":""immediate""}"
tune,scipy-best-p10,scipy,1,1,5,2,1000,1000,0.0019730262958006506,943,,9.885751738288576,0.61771424060269453,0.28842943343795469,0.0019730262958006506,0.034179507,0.001749237,32.43027,"{""popsize"":10,""strategy"":""best1bin"",""updating"":""immediate""}"
tune,scipy-best-p10,scipy,1,1,10,1,2000,2000,0.91106716925146713,,,29.346386063906195,11.548483274887531,3.4183138174400938,0.91106716925146713,0.065801241,0.003935559,30.932841,"{""popsize"":10,""strategy"":""best1bin"",""updating"":""immediate""}"
tune,scipy-best-p10,scipy,1,1,10,2,2000,2000,0.24293190559394873,,,20.06239748235997,14.08960426306551,4.0212758782498383,0.24293190559394873,0.072059639,0.004277451,33.891094,"{""popsize"":10,""strategy"":""best1bin"",""updating"":""immediate""}"
tune,scipy-best-p10,scipy,6,1,5,1,1000,1000,3.8340818051254857,,,121.10330940967452,32.538498532648141,17.288533232171623,3.8340818051254857,0.033946246,0.002048374,31.897872,"{""popsize"":10,""strategy"":""best1bin"",""updating"":""immediate""}"
tune,scipy-best-p10,scipy,6,1,5,2,1000,1000,3.507882874650484,,,63.896641673130922,23.289427058629791,12.591652218875581,3.507882874650484,0.034517177,0.00212011,32.397067,"{""popsize"":10,""strategy"":""best1bin"",""updating"":""immediate""}"
tune,scipy-best-p10,scipy,6,1,10,1,2000,2000,28.009633972683638,,,7121.8832764651152,118.09674572830647,77.721058805262402,28.009633972683638,0.069398136,0.004840121,32.2790075,"{""popsize"":10,""strategy"":""best1bin"",""updating"":""immediate""}"
tune,scipy-best-p10,scipy,6,1,10,2,2000,2000,21.05661680964365,,,180.50040466138688,90.385053499664167,52.567316419951219,21.05661680964365,0.075407456,0.00518737,35.110043,"{""popsize"":10,""strategy"":""best1bin"",""updating"":""immediate""}"
tune,scipy-best-p10,scipy,10,1,5,1,1000,1000,1089.7211839710146,,,36236.096506964663,26510.239357657971,17571.505757131021,1089.7211839710146,0.036323964,0.002546397,33.777567,"{""popsize"":10,""strategy"":""best1bin"",""updating"":""immediate""}"
tune,scipy-best-p10,scipy,10,1,5,2,1000,1000,1956.555991442423,,,36432.514182749204,16555.516316408415,6824.781776361875,1956.555991442423,0.035522049,0.002593697,32.928352,"{""popsize"":10,""strategy"":""best1bin"",""updating"":""immediate""}"
tune,scipy-best-p10,scipy,10,1,10,1,2000,2000,8578.7296726686727,,,241531.12921804364,106709.79684607196,106709.79684607196,8578.7296726686727,0.069094812,0.006480593,31.3071095,"{""popsize"":10,""strategy"":""best1bin"",""updating"":""immediate""}"
tune,scipy-best-p10,scipy,10,1,10,2,2000,2000,32944.24083880621,,,750908.66898794798,212422.42412139691,35742.617515575068,32944.24083880621,0.075089943,0.007082874,34.0035345,"{""popsize"":10,""strategy"":""best1bin"",""updating"":""immediate""}"
tune,scipy-best-p10,scipy,15,1,5,1,1000,1000,12.003520341073454,,,92.592202615888027,34.281576998624587,22.752507750791438,12.003520341073454,0.035005965,0.002782873,32.223092,"{""popsize"":10,""strategy"":""best1bin"",""updating"":""immediate""}"
tune,scipy-best-p10,scipy,15,1,5,2,1000,1000,17.79071280144808,,,82.366267650710824,41.440069831504161,30.725472805056597,17.79071280144808,0.036143765,0.002863421,33.280344,"{""popsize"":10,""strategy"":""best1bin"",""updating"":""immediate""}"
tune,scipy-best-p10,scipy,15,1,10,1,2000,2000,98.754495400757605,,,170.89844964400186,119.32582632278172,112.92801955144228,98.754495400757605,0.070191633,0.007687013,31.25231,"{""popsize"":10,""strategy"":""best1bin"",""updating"":""immediate""}"
tune,scipy-best-p10,scipy,15,1,10,2,2000,2000,52.301918298391229,,,169.18739102961035,169.18739102961035,93.620692251168748,52.301918298391229,0.071169193,0.007765239,31.701977,"{""popsize"":10,""strategy"":""best1bin"",""updating"":""immediate""}"
tune,scipy-best-p10,scipy,20,1,5,1,1000,1000,2.0659164948278885,,,49.308235567002157,18.826059907263129,2.1562801593936456,2.0659164948278885,0.034284464,0.003012955,31.271509,"{""popsize"":10,""strategy"":""best1bin"",""updating"":""immediate""}"
tune,scipy-best-p10,scipy,20,1,5,2,1000,1000,2.0024933850074831,,,1059.6194352681466,2.7167633911110443,2.4639683455626482,2.0024933850074831,0.033994255,0.002996428,30.997827,"{""popsize"":10,""strategy"":""best1bin"",""updating"":""immediate""}"
tune,scipy-best-p10,scipy,20,1,10,1,2000,2000,2.3579800458691125,,,1812.7579418450896,935.41384136366321,3.8255629945056171,2.3579800458691125,0.074312544,0.007747799,33.2823725,"{""popsize"":10,""strategy"":""best1bin"",""updating"":""immediate""}"
tune,scipy-best-p10,scipy,20,1,10,2,2000,2000,2.639755284789544,,,10087.661690269077,1335.3235147203616,37.717553270101462,2.639755284789544,0.069073718,0.007115754,30.978982,"{""popsize"":10,""strategy"":""best1bin"",""updating"":""immediate""}"
tune,scipy-best-p5-halton,scipy,1,1,5,1,1000,1000,7.0583538871460405e-06,476,997,4.0461885401418556,0.47723068358331489,0.0038993338951058831,7.0583538871460405e-06,0.03673743,0.001782999,34.954431,"{""init"":""halton"",""popsize"":5,""strategy"":""best1bin"",""updating"":""immediate""}"
tune,scipy-best-p5-halton,scipy,1,1,5,2,1000,1000,7.0154440649616845e-05,454,,1.9398574202946719,0.28197786747386999,0.0072405789762228778,7.0154440649616845e-05,0.03557285,0.001761902,33.810948,"{""init"":""halton"",""popsize"":5,""strategy"":""best1bin"",""updating"":""immediate""}"
tune,scipy-best-p5-halton,scipy,1,1,10,1,2000,2000,0.0022794734121021065,1438,,12.192749520706613,7.4351194582886961,0.18739350607457084,0.0022794734121021065,0.068886216,0.004047548,32.419334,"{""init"":""halton"",""popsize"":5,""strategy"":""best1bin"",""updating"":""immediate""}"
tune,scipy-best-p5-halton,scipy,1,1,10,2,2000,2000,0.010680737553499853,,,19.722448141583371,2.0936877386326813,0.32676206034025768,0.010680737553499853,0.069149969,0.004066168,32.5419005,"{""init"":""halton"",""popsize"":5,""strategy"":""best1bin"",""updating"":""immediate""}"
tune,scipy-best-p5-halton,scipy,6,1,5,1,1000,1000,0.36919145288227639,,,27.283423513306893,16.728614248467174,5.8586108483031225,0.36919145288227639,0.035733028,0.002110838,33.62219,"{""init"":""halton"",""popsize"":5,""strategy"":""best1bin"",""updating"":""immediate""}"
tune,scipy-best-p5-halton,scipy,6,1,5,2,1000,1000,0.33740225163993642,,,93.680572987862575,13.293061407392486,6.7276743183694236,0.33740225163993642,0.035037748,0.002049699,32.988049,"{""init"":""halton"",""popsize"":5,""strategy"":""best1bin"",""updating"":""immediate""}"
tune,scipy-best-p5-halton,scipy,6,1,10,1,2000,2000,8.7529320799289607,,,133.40254321132582,102.89258688476349,30.353723916911996,8.7529320799289607,0.068947897,0.004853945,32.046976,"{""init"":""halton"",""popsize"":5,""strategy"":""best1bin"",""updating"":""immediate""}"
tune,scipy-best-p5-halton,scipy,6,1,10,2,2000,2000,19.10503167103635,,,129.23840763677035,64.986180458068105,43.403194890696305,19.10503167103635,0.068550998,0.004876847,31.8370755,"{""init"":""halton"",""popsize"":5,""strategy"":""best1bin"",""updating"":""immediate""}"
tune,scipy-best-p5-halton,scipy,10,1,5,1,1000,1000,57.714061812901974,,,30058.635665722577,6163.4677714508271,1344.6839758215513,57.714061812901974,0.035938529,0.002509038,33.429491,"{""init"":""halton"",""popsize"":5,""strategy"":""best1bin"",""updating"":""immediate""}"
tune,scipy-best-p5-halton,scipy,10,1,5,2,1000,1000,95.346233762465744,,,11591.214082256869,11591.214082256869,1008.5681464903873,95.346233762465744,0.036063879,0.002488467,33.575412,"{""init"":""halton"",""popsize"":5,""strategy"":""best1bin"",""updating"":""immediate""}"
tune,scipy-best-p5-halton,scipy,10,1,10,1,2000,2000,18648.54808281859,,,160255.57828036512,66063.07054482041,42678.143335598477,18648.54808281859,0.070156037,0.006548798,31.8036195,"{""init"":""halton"",""popsize"":5,""strategy"":""best1bin"",""updating"":""immediate""}"
tune,scipy-best-p5-halton,scipy,10,1,10,2,2000,2000,6787.7715922488715,,,30420.080084562687,30420.080084562687,21172.261177697783,6787.7715922488715,0.070927796,0.006693318,32.117239,"{""init"":""halton"",""popsize"":5,""strategy"":""best1bin"",""updating"":""immediate""}"
tune,scipy-best-p5-halton,scipy,15,1,5,1,1000,1000,13.578914510580262,,,59.907886716133362,15.849878842333283,15.849878842333283,13.578914510580262,0.035599087,0.002792902,32.806185,"{""init"":""halton"",""popsize"":5,""strategy"":""best1bin"",""updating"":""immediate""}"
tune,scipy-best-p5-halton,scipy,15,1,5,2,1000,1000,17.201878381114966,,,46.085205102125656,17.201878381114966,17.201878381114966,17.201878381114966,0.035672518,0.002821953,32.850565,"{""init"":""halton"",""popsize"":5,""strategy"":""best1bin"",""updating"":""immediate""}"
tune,scipy-best-p5-halton,scipy,15,1,10,1,2000,2000,75.364031387425484,,,149.40136964599424,99.972616107230124,85.925864350897427,75.364031387425484,0.077628136,0.008455867,34.5861345,"{""init"":""halton"",""popsize"":5,""strategy"":""best1bin"",""updating"":""immediate""}"
tune,scipy-best-p5-halton,scipy,15,1,10,2,2000,2000,56.64799673927655,,,158.51912586818503,88.956717130029801,75.845454641597826,56.64799673927655,0.070386993,0.007734929,31.326032,"{""init"":""halton"",""popsize"":5,""strategy"":""best1bin"",""updating"":""immediate""}"
tune,scipy-best-p5-halton,scipy,20,1,5,1,1000,1000,0.85504285065098884,,,674.71722679612139,2.7896101382690404,2.0147394440436983,0.85504285065098884,0.035961004,0.003046202,32.914802,"{""init"":""halton"",""popsize"":5,""strategy"":""best1bin"",""updating"":""immediate""}"
tune,scipy-best-p5-halton,scipy,20,1,5,2,1000,1000,1.7896559817460229,,,2.2404790110319937,2.2404790110319937,2.2404790110319937,1.7896559817460229,0.035307767,0.002985244,32.322523,"{""init"":""halton"",""popsize"":5,""strategy"":""best1bin"",""updating"":""immediate""}"
tune,scipy-best-p5-halton,scipy,20,1,10,1,2000,2000,2.6317642359465481,,,1747.6964199137626,4.6477928492598721,3.1553052230074172,2.6317642359465481,0.070006068,0.007228356,31.388856,"{""init"":""halton"",""popsize"":5,""strategy"":""best1bin"",""updating"":""immediate""}"
tune,scipy-best-p5-halton,scipy,20,1,10,2,2000,2000,2.3354452645992296,,,3993.2679065916741,3.8093028426268347,2.7735432380289922,2.3354452645992296,0.069236595,0.007178591,31.029002,"{""init"":""halton"",""popsize"":5,""strategy"":""best1bin"",""updating"":""immediate""}"
tune,cma-s20,cma,1,1,5,1,1000,1000,1.1439738045737613e-11,355,556,1.4075548932944741,0.060086440324795376,0.00010285477482341321,1.1439738045737613e-11,0.099611049,0.00165146,97.959589,"{""popsize_mult"":1.0,""sigma_frac"":0.2}"
tune,cma-s20,cma,1,1,5,2,1000,1000,3.0553337637684308e-12,243,464,0.80878621012885787,0.0053527194645255349,8.0467911232062761e-06,3.0553337637684308e-12,0.084442385,0.001532919,82.909466,"{""popsize_mult"":1.0,""sigma_frac"":0.2}"
tune,cma-s20,cma,1,1,10,1,2000,2000,1.0928147275990341e-11,612,1029,4.7829842588016618,0.051555853218246739,2.1803090376693035e-05,1.0928147275990341e-11,0.163554217,0.003436019,80.059099,"{""popsize_mult"":1.0,""sigma_frac"":0.2}"
tune,cma-s20,cma,1,1,10,2,2000,2000,5.5422333389287814e-13,615,1031,6.6263401012192844,0.071425603657772285,1.2032085464852571e-05,5.5422333389287814e-13,0.150451136,0.003349795,73.5506705,"{""popsize_mult"":1.0,""sigma_frac"":0.2}"
tune,cma-s20,cma,6,1,5,1,1000,1000,0.00010070748282231534,630,,49.645049317586533,3.991953892520705,0.094546572168731302,0.00010070748282231534,0.091112112,0.001903218,89.208894,"{""popsize_mult"":1.0,""sigma_frac"":0.2}"
tune,cma-s20,cma,6,1,5,2,1000,1000,0.0011473526374814469,884,,34.315902320559438,26.865561065440438,2.6034328370991915,0.0011473526374814469,0.096157262,0.001763217,94.394045,"{""popsize_mult"":1.0,""sigma_frac"":0.2}"
tune,cma-s20,cma,6,1,10,1,2000,2000,0.0011539880410396108,1683,,101.39933743468566,28.789162911996804,1.4922390644873147,0.0011539880410396108,0.198042102,0.00411468,96.963711,"{""popsize_mult"":1.0,""sigma_frac"":0.2}"
tune,cma-s20,cma,6,1,10,2,2000,2000,0.001702404042021044,1802,,85.973630129707573,21.493126424240373,0.55431514011225147,0.001702404042021044,0.200471712,0.004327317,98.0721975,"{""popsize_mult"":1.0,""sigma_frac"":0.2}"
tune,cma-s20,cma,10,1,5,1,1000,1000,2.1727554554211252,,,22103.356769925755,5470.7969059194565,756.42630679021022,2.1727554554211252,0.099595797,0.002227405,97.368392,"{""popsize_mult"":1.0,""sigma_frac"":0.2}"
tune,cma-s20,cma,10,1,5,2,1000,1000,826.42474135882367,,,24956.497634047719,14180.102144307451,6159.2161077946603,826.42474135882367,0.094460525,0.002209531,92.250994,"{""popsize_mult"":1.0,""sigma_frac"":0.2}"
tune,cma-s20,cma,10,1,10,1,2000,2000,155.2807717744586,,,433826.6810659552,39569.012882247596,12020.343890350694,155.2807717744586,0.222551124,0.006534237,108.008444,"{""popsize_mult"":1.0,""sigma_frac"":0.2}"
tune,cma-s20,cma,10,1,10,2,2000,2000,168.56120553969421,,,153047.48157014581,44035.108321512394,8972.6739208363888,168.56120553969421,0.207859255,0.005902817,100.978219,"{""popsize_mult"":1.0,""sigma_frac"":0.2}"
tune,cma-s20,cma,15,1,5,1,1000,1000,4.0373120352228398,,,33.960963835519806,24.903041783686376,24.903041783686376,4.0373120352228398,0.091705703,0.00246946,89.236243,"{""popsize_mult"":1.0,""sigma_frac"":0.2}"
tune,cma-s20,cma,15,1,5,2,1000,1000,10.944543388054853,,,43.519971124747144,23.373089093842282,12.093323418042928,10.944543388054853,0.097409715,0.002368782,95.040933,"{""popsize_mult"":1.0,""sigma_frac"":0.2}"
tune,cma-s20,cma,15,1,10,1,2000,2000,30.062263462883266,,,99.886838199507338,60.656630744404538,60.656630744404538,30.062263462883266,0.187369293,0.007074322,90.1474855,"{""popsize_mult"":1.0,""sigma_frac"":0.2}"
tune,cma-s20,cma,15,1,10,2,2000,2000,19.904310108372556,,,83.716643002566116,69.769501979970983,62.930931363253421,19.904310108372556,0.199487038,0.006783263,96.3518875,"{""popsize_mult"":1.0,""sigma_frac"":0.2}"
tune,cma-s20,cma,20,1,5,1,1000,1000,1.8178117300793701,,,3.6615379842787661,2.7958809541058827,1.8178117300793701,1.8178117300793701,0.105607786,0.002844359,102.763427,"{""popsize_mult"":1.0,""sigma_frac"":0.2}"
tune,cma-s20,cma,20,1,5,2,1000,1000,2.1319281167618556,,,3.2331502558291731,2.5370118238724899,2.133858523548156,2.1319281167618556,0.086138519,0.002691185,83.447334,"{""popsize_mult"":1.0,""sigma_frac"":0.2}"
tune,cma-s20,cma,20,1,10,1,2000,2000,2.4679329996938577,,,4.038943804516407,2.8778787390040179,2.6064263649127497,2.4679329996938577,0.17245953,0.006524755,82.9673875,"{""popsize_mult"":1.0,""sigma_frac"":0.2}"
tune,cma-s20,cma,20,1,10,2,2000,2000,2.0530885723775327,,,25.086412618529039,2.6325008099146316,2.0644745175741264,2.0530885723775327,0.226801173,0.00737972,109.710726,"{""popsize_mult"":1.0,""sigma_frac"":0.2}"
tune,cma-s30,cma,1,1,5,1,1000,1000,8.5265128291212022e-13,226,443,1.5196354787812822,0.008945453490014188,1.2341332791265813e-06,8.5265128291212022e-13,0.083504564,0.001488358,82.016206,"{""popsize_mult"":1.0,""sigma_frac"":0.3}"
tune,cma-s30,cma,1,1,5,2,1000,1000,2.3291590878216084e-11,333,567,1.1445441198563628,0.17455391756753613,9.742233045528792e-05,2.3291590878216084e-11,0.091827229,0.001540743,90.286486,"{""popsize_mult"":1.0,""sigma_frac"":0.3}"
tune,cma-s30,cma,1,1,10,1,2000,2000,2.8421709430404007e-13,496,890,1.9649606212802269,0.00901549093295273,1.889309899638647e-06,2.8421709430404007e-13,0.148047179,0.003289357,72.378911,"{""popsize_mult"":1.0,""sigma_frac"":0.3}"
tune,cma-s30,cma,1,1,10,2,2000,2000,7.6752826316806022e-11,667,1155,15.828977207353404,0.25657534144539795,9.5686622628932128e-05,7.6752826316806022e-11,0.191790422,0.003363673,94.2133745,"{""popsize_mult"":1.0,""sigma_frac"":0.3}"
tune,cma-s30,cma,6,1,5,1,1000,1000,0.00026322584255211723,674,,42.01308792398104,20.994040235191783,0.3076563378443069,0.00026322584255211723,0.105358328,0.001881267,103.477061,"{""popsize_mult"":1.0,""sigma_frac"":0.3}"
tune,cma-s30,cma,6,1,5,2,1000,1000,0.00014192153361136661,734,,25.21573652385846,12.347908666784214,0.38799071718176492,0.00014192153361136661,0.105648383,0.001795218,103.853165,"{""popsize_mult"":1.0,""sigma_frac"":0.3}"
tune,cma-s30,cma,6,1,10,1,2000,2000,0.14339655057055722,,,215.51510010630264,99.79833388244316,42.822921885613745,0.14339655057055722,0.203959337,0.004124032,99.9176525,"{""popsize_mult"":1.0,""sigma_frac"":0.3}"
tune,cma-s30,cma,6,1,10,2,2000,2000,0.0047618188230273972,1800,,115.28961961587839,26.877886675265565,3.3650215897960081,0.0047618188230273972,0.199125152,0.004242902,97.441125,"{""popsize_mult"":1.0,""sigma_frac"":0.3}"
tune,cma-s30,cma,10,1,5,1,1000,1000,4.9950485275700132,,,38808.800506409156,12990.63458414758,229.10379003785044,4.9950485275700132,0.091445755,0.002206266,89.239489,"{""popsize_mult"":1.0,""sigma_frac"":0.3}"
tune,cma-s30,cma,10,1,5,2,1000,1000,0.0014488921427542323,952,,156293.07753264619,928.41776524856164,77.370128689021229,0.0014488921427542323,0.097715994,0.002227758,95.488236,"{""popsize_mult"":1.0,""sigma_frac"":0.3}"
tune,cma-s30,cma,10,1,10,1,2000,2000,1261.4760623552957,,,114915.19625863235,24635.324404368712,8489.2778061336739,1261.4760623552957,0.21560056,0.005978142,104.811209,"{""popsize_mult"":1.0,""sigma_frac"":0.3}"
tune,cma-s30,cma,10,1,10,2,2000,2000,189.99814519667612,,,352209.01030473522,31617.355171173662,6434.7536418258624,189.99814519667612,0.235427705,0.006827295,114.300205,"{""popsize_mult"":1.0,""sigma_frac"":0.3}"
tune,cma-s30,cma,15,1,5,1,1000,1000,3.9798340638448053,,,39.063959934949025,23.838629175020742,6.7140845728679324,3.9798340638448053,0.087955321,0.002490617,85.464704,"{""popsize_mult"":1.0,""sigma_frac"":0.3}"
tune,cma-s30,cma,15,1,5,2,1000,1000,2.9231351509022261,,,45.575631640380379,13.453922740913868,13.453922740913868,2.9231351509022261,0.106321819,0.002557268,103.764551,"{""popsize_mult"":1.0,""sigma_frac"":0.3}"
tune,cma-s30,cma,15,1,10,1,2000,2000,30.845055377831159,,,123.15061418925234,69.807651614153883,55.951562718475543,30.845055377831159,0.212508958,0.006854326,102.827316,"{""popsize_mult"":1.0,""sigma_frac"":0.3}"
tune,cma-s30,cma,15,1,10,2,2000,2000,7.9611421568354217,,,132.65464649377031,76.547566032812938,60.632850385545225,7.9611421568354217,0.231131718,0.007980651,111.575533,"{""popsize_mult"":1.0,""sigma_frac"":0.3}"
tune,cma-s30,cma,20,1,5,1,1000,1000,1.5791916111868431,,,804.1376870555149,2.6203800090428331,2.0877121092914876,1.5791916111868431,0.109920365,0.002829643,107.090722,"{""popsize_mult"":1.0,""sigma_frac"":0.3}"
tune,cma-s30,cma,20,1,5,2,1000,1000,1.6187555661882698,,,2.3579994090290484,2.3579994090290484,1.7875416734076452,1.6187555661882698,0.104864257,0.00280704,102.057217,"{""popsize_mult"":1.0,""sigma_frac"":0.3}"
tune,cma-s30,cma,20,1,10,1,2000,2000,1.5397859961462927,,,422.49200851911053,2.2687758039727441,1.8849406141528107,1.5397859961462927,0.200079208,0.00646605,96.806579,"{""popsize_mult"":1.0,""sigma_frac"":0.3}"
tune,cma-s30,cma,20,1,10,2,2000,2000,1.5398550495262953,,,3.0439663301159499,3.0439663301159499,2.291004281279811,1.5398550495262953,0.19210174,0.006448992,92.826374,"{""popsize_mult"":1.0,""sigma_frac"":0.3}"
tune,cma-s20-p2,cma,1,1,5,1,1000,1000,1.5990238466656592e-08,450,733,6.6720673354908371,0.48428998444902049,0.0048615957401807464,1.5990238466656592e-08,0.064504545,0.001296787,63.207758,"{""popsize_mult"":2.0,""sigma_frac"":0.2}"
tune,cma-s20-p2,cma,1,1,5,2,1000,1000,3.0250865279413119e-07,532,860,7.8601176793573018,1.3411721464915729,0.032723211083251158,3.0250865279413119e-07,0.064284416,0.001251254,63.033162,"{""popsize_mult"":2.0,""sigma_frac"":0.2}"
tune,cma-s20-p2,cma,1,1,10,1,2000,2000,7.1217527874978259e-08,830,1547,8.5606305804959817,0.9229651005094297,0.0036473700471049142,7.1217527874978259e-08,0.128156256,0.00290731,62.624473,"{""popsize_mult"":2.0,""sigma_frac"":0.2}"
tune,cma-s20-p2,cma,1,1,10,2,2000,2000,4.8769138061288686e-08,908,1606,12.495280416810203,2.0049414667075212,0.0056661028591378226,4.8769138061288686e-08,0.125718288,0.003252571,61.2328585,"{""popsize_mult"":2.0,""sigma_frac"":0.2}"
tune,cma-s20-p2,cma,6,1,5,1,1000,1000,0.003166414632758574,780,,24.599198232040052,12.491811211932834,1.5698303171200507,0.003166414632758574,0.066426846,0.001502442,64.924404,"{""popsize_mult"":2.0,""sigma_frac"":0.2}"
tune,cma-s20-p2,cma,6,1,5,2,1000,1000,0.023889844641047375,,,44.58436310991862,11.764229196097538,1.3584215758290981,0.023889844641047375,0.069060856,0.001535244,67.525612,"{""popsize_mult"":2.0,""sigma_frac"":0.2}"
tune,cma-s20-p2,cma,6,1,10,1,2000,2000,0.66099717371348277,,,4625.4623409394053,69.874596412563733,23.412164974670048,0.66099717371348277,0.153790127,0.003562122,75.1140025,"{""popsize_mult"":2.0,""sigma_frac"":0.2}"
tune,cma-s20-p2,cma,6,1,10,2,2000,2000,0.1462320567674098,,,136.63450003519867,60.804044828149024,9.8719703622676249,0.1462320567674098,0.150377454,0.003613243,73.3821055,"{""popsize_mult"":2.0,""sigma_frac"":0.2}"
tune,cma-s20-p2,cma,10,1,5,1,1000,1000,11.931497280235476,,,50225.210306603673,8484.4593411068381,163.48509124913511,11.931497280235476,0.069121411,0.001902358,67.219053,"{""popsize_mult"":2.0,""sigma_frac"":0.2}"
tune,cma-s20-p2,cma,10,1,5,2,1000,1000,0.029164890764711515,,,195352.476337776,6337.7772574109804,746.30955750015414,0.029164890764711515,0.059780523,0.001881218,57.899305,"{""popsize_mult"":2.0,""sigma_frac"":0.2}"
tune,cma-s20-p2,cma,10,1,10,1,2000,2000,519.79566244507714,,,162487.63680700987,90396.243581393996,22833.991711895178,519.79566244507714,0.181760667,0.006162316,87.7991755,"{""popsize_mult"":2.0,""sigma_frac"":0.2}"
tune,cma-s20-p2,cma,10,1,10,2,2000,2000,3522.1784553186894,,,48873.829455310552,23152.390426508191,8033.3499689972359,3522.1784553186894,0.151030198,0.006070202,72.479998,"{""popsize_mult"":2.0,""sigma_frac"":0.2}"
tune,cma-s20-p2,cma,15,1,5,1,1000,1000,9.120341094296009,,,42.567504754812035,38.761892095527401,10.017768781004975,9.120341094296009,0.066649354,0.002148924,64.50043,"{""popsize_mult"":2.0,""sigma_frac"":0.2}"
tune,cma-s20-p2,cma,15,1,5,2,1000,1000,3.3880381174836884,,,37.189971218354913,36.591090056355142,21.567340117529966,3.3880381174836884,0.071748558,0.00224941,69.499148,"{""popsize_mult"":2.0,""sigma_frac"":0.2}"
tune,cma-s20-p2,cma,15,1,10,1,2000,2000,25.639339535991667,,,148.57932508002477,86.041492463591112,65.791565728689193,25.639339535991667,0.154043461,0.007107961,73.46775,"{""popsize_mult"":2.0,""sigma_frac"":0.2}"
tune,cma-s20-p2,cma,15,1,10,2,2000,2000,56.561229960743049,,,153.06424859749654,72.928885231505092,56.561229960743049,56.561229960743049,0.142624868,0.006397855,68.1135065,"{""popsize_mult"":2.0,""sigma_frac"":0.2}"
tune,cma-s20-p2,cma,20,1,5,1,1000,1000,2.1218087593920245,,,4.4050186443224675,3.2632684595600949,2.1218087593920245,2.1218087593920245,0.067894666,0.002527103,65.367563,"{""popsize_mult"":2.0,""sigma_frac"":0.2}"
tune,cma-s20-p2,cma,20,1,5,2,1000,1000,1.592024908941994,,,107.74001561665648,3.5527092589583162,2.1535750072976043,1.592024908941994,0.058707937,0.002396514,56.311423,"{""popsize_mult"":2.0,""sigma_frac"":0.2}"
tune,cma-s20-p2,cma,20,1,10,1,2000,2000,1.8567356581318109,,,4788.0996997253351,3.5295304121581239,2.5431222917442255,1.8567356581318109,0.144423875,0.006015714,69.2040805,"{""popsize_mult"":2.0,""sigma_frac"":0.2}"
tune,cma-s20-p2,cma,20,1,10,2,2000,2000,1.5601162587895487,,,169.79670853118341,2.3620265626803985,2.3620265626803985,1.5601162587895487,0.110649467,0.005939728,52.3548695,"{""popsize_mult"":2.0,""sigma_frac"":0.2}"
tune,lshade-p6,lshade,1,1,5,1,1000,1000,4.8114377634078664e-05,797,,2.4537622218149693,1.4093580774798653,0.10885508023646651,4.8114377634078664e-05,0.035767696,0.001239671,34.528025,"{""lambda_per_d"":6}"
tune,lshade-p6,lshade,1,1,5,2,1000,1000,1.6321002505037541e-06,680,970,3.519016585066538,1.1849311437953247,0.069798941837660777,1.6321002505037541e-06,0.03831257,0.001376162,36.936408,"{""lambda_per_d"":6}"
tune,lshade-p6,lshade,1,1,10,1,2000,2000,9.9719726932789854e-05,1743,,8.7803186879871475,6.2557808836055102,1.3481027202719957,9.9719726932789854e-05,0.054787017,0.00275204,26.0174885,"{""lambda_per_d"":6}"
tune,lshade-p6,lshade,1,1,10,2,2000,2000,0.0008686740314516328,1798,,17.927848017476279,6.3435861298883225,1.4359044026006131,0.0008686740314516328,0.055079476,0.002792629,26.1434235,"{""lambda_per_d"":6}"
tune,lshade-p6,lshade,6,1,5,1,1000,1000,0.036241938366465831,,,48.559577224861648,24.928338246472038,7.0937543820261695,0.036241938366465831,0.034427465,0.001514118,32.913347,"{""lambda_per_d"":6}"
tune,lshade-p6,lshade,6,1,5,2,1000,1000,0.0235749297898451,,,49.386954225324992,12.607305086193577,6.6540390512303631,0.0235749297898451,0.034788872,0.001560307,33.228565,"{""lambda_per_d"":6}"
tune,lshade-p6,lshade,6,1,10,1,2000,2000,2.4748993393175667,,,15476.558236602777,106.31331117667099,34.224163568612717,2.4748993393175667,0.055296757,0.003398891,25.948933,"{""lambda_per_d"":6}"
tune,lshade-p6,lshade,6,1,10,2,2000,2000,1.8988834266066874,,,13733.294856178023,102.980406719032,44.713456026707782,1.8988834266066874,0.056236599,0.003379816,26.4283915,"{""lambda_per_d"":6}"
tune,lshade-p6,lshade,10,1,5,1,1000,1000,18.189054128935723,,,34858.26074359168,10556.965895347106,681.09824180883675,18.189054128935723,0.036795962,0.001946219,34.849743,"{""lambda_per_d"":6}"
tune,lshade-p6,lshade,10,1,5,2,1000,1000,0.3780710461387855,,,94645.470421048012,52411.297797739942,13018.631843078649,0.3780710461387855,0.035926414,0.001914593,34.011821,"{""lambda_per_d"":6}"
tune,lshade-p6,lshade,10,1,10,1,2000,2000,438.03869588308226,,,128683.31667087319,44525.789893609683,12479.969654675146,438.03869588308226,0.061962803,0.005305103,28.32885,"{""lambda_per_d"":6}"
tune,lshade-p6,lshade,10,1,10,2,2000,2000,2160.8265745482604,,,261818.89068275489,198905.03056964604,20962.30212842911,2160.8265745482604,0.062638557,0.005745817,28.44637,"{""lambda_per_d"":6}"
tune,lshade-p6,lshade,15,1,5,1,1000,1000,5.4310277391803083,,,48.670241007509503,24.10281306402203,18.460619557429368,5.4310277391803083,0.035548309,0.002189543,33.358766,"{""lambda_per_d"":6}"
tune,lshade-p6,lshade,15,1,5,2,1000,1000,11.186232361416273,,,71.565467893846062,16.225623469712787,16.225623469712787,11.186232361416273,0.035958977,0.002270049,33.688928,"{""lambda_per_d"":6}"
tune,lshade-p6,lshade,15,1,10,1,2000,2000,26.719757921031942,,,167.74535586871025,118.28895009912708,67.836348095189123,26.719757921031942,0.065285999,0.007086155,29.099922,"{""lambda_per_d"":6}"
tune,lshade-p6,lshade,15,1,10,2,2000,2000,23.837822897147589,,,198.68860020195325,112.79988164967517,55.783287875599171,23.837822897147589,0.058572221,0.006392592,26.0898145,"{""lambda_per_d"":6}"
tune,lshade-p6,lshade,20,1,5,1,1000,1000,0.35491579953156815,,,2.7686395252702596,2.7686395252702596,2.0418840190842502,0.35491579953156815,0.032848253,0.002453251,30.395002,"{""lambda_per_d"":6}"
tune,lshade-p6,lshade,20,1,5,2,1000,1000,1.0687110516212215,,,4.1541265477272873,3.0490785671725007,2.4547918500596779,1.0687110516212215,0.03394327,0.002453614,31.489656,"{""lambda_per_d"":6}"
tune,lshade-p6,lshade,20,1,10,1,2000,2000,2.1727049128797944,,,317.90816105416343,3.7594133890139574,3.2306082859031449,2.1727049128797944,0.060846233,0.006344744,27.2507445,"{""lambda_per_d"":6}"
tune,lshade-p6,lshade,20,1,10,2,2000,2000,1.3361242652729288,,,816.97100126602686,21.877834052894968,2.7311609384727262,1.3361242652729288,0.057271779,0.005879848,25.6959655,"{""lambda_per_d"":6}"
tune,lshade-p10,lshade,1,1,5,1,1000,1000,0.0067273675017389678,966,,6.4431074942584843,4.063490700529016,0.64971157619076791,0.0067273675017389678,0.032399415,0.001248818,31.150597,"{""lambda_per_d"":10}"
tune,lshade-p10,lshade,1,1,5,2,1000,1000,0.00084973783447139795,730,,9.324414052108736,6.1024716871165197,0.2764273459633273,0.00084973783447139795,0.030730095,0.001182427,29.547668,"{""lambda_per_d"":10}"
tune,lshade-p10,lshade,1,1,10,1,2000,2000,0.0046549295775974997,1968,,14.116648026643631,7.700616361036225,3.1216452074448,0.0046549295775974997,0.050133859,0.002662039,23.73591,"{""lambda_per_d"":10}"
tune,lshade-p10,lshade,1,1,10,2,2000,2000,0.0087369434441626481,1989,,10.897138054022591,9.7016809274968097,3.9073123565562469,0.0087369434441626481,0.049734021,0.002670703,23.531659,"{""lambda_per_d"":10}"
tune,lshade-p10,lshade,6,1,5,1,1000,1000,0.12817261735379759,,,91.250548455172748,19.196273478815108,14.593595665409971,0.12817261735379759,0.029544969,0.001416635,28.128334,"{""lambda_per_d"":10}"
tune,lshade-p10,lshade,6,1,5,2,1000,1000,0.20872237887209621,,,41.192166813309662,11.455623760587564,6.980881212236703,0.20872237887209621,0.030045878,0.001413993,28.631885,"{""lambda_per_d"":10}"
tune,lshade-p10,lshade,6,1,10,1,2000,2000,2.4421847118704463,,,131.30083216032304,126.79141318454518,62.466203840726685,2.4421847118704463,0.052079589,0.003351278,24.3641555,"{""lambda_per_d"":10}"
tune,lshade-p10,lshade,6,1,10,2,2000,2000,3.9012416978416056,,,18019.465508373883,87.93828001698779,69.986005760081895,3.9012416978416056,0.051686472,0.003323887,24.1812925,"{""lambda_per_d"":10}"
tune,lshade-p10,lshade,10,1,5,1,1000,1000,97.26128506137718,,,34858.26074359168,17146.19016660636,3820.7104117529057,97.26128506137718,0.03350115,0.001989737,31.511413,"{""lambda_per_d"":10}"
tune,lshade-p10,lshade,10,1,5,2,1000,1000,327.95596917378282,,,213162.65030420132,28864.576765421261,17982.108585104277,327.95596917378282,0.030452656,0.001820123,28.632533,"{""lambda_per_d"":10}"
tune,lshade-p10,lshade,10,1,10,1,2000,2000,3595.0419636190577,,,128683.31667087319,71372.568307437585,50744.554625488985,3595.0419636190577,0.054637532,0.005152551,24.7424905,"{""lambda_per_d"":10}"
tune,lshade-p10,lshade,10,1,10,2,2000,2000,3577.9687535067469,,,165324.63067265871,90933.423959757551,18790.176346508117,3577.9687535067469,0.05350061,0.00518478,24.157915,"{""lambda_per_d"":10}"
tune,lshade-p10,lshade,15,1,5,1,1000,1000,8.2256483362837116,,,48.670241007509503,36.043693748882333,17.60174833805354,8.2256483362837116,0.030890177,0.002103175,28.787002,"{""lambda_per_d"":10}"
tune,lshade-p10,lshade,15,1,5,2,1000,1000,10.659180980419478,,,58.52999033544188,32.164881401603225,28.79875761508174,10.659180980419478,0.031107401,0.002166602,28.940799,"{""lambda_per_d"":10}"
tune,lshade-p10,lshade,15,1,10,1,2000,2000,29.643521724134416,,,134.30020592622395,116.21499782956357,59.516193989048816,29.643521724134416,0.05417756,0.006262644,23.957458,"{""lambda_per_d"":10}"
tune,lshade-p10,lshade,15,1,10,2,2000,2000,45.515331680675445,,,254.63907816858546,131.16646507934934,90.204953794751646,45.515331680675445,0.05465371,0.006311948,24.170881,"{""lambda_per_d"":10}"
tune,lshade-p10,lshade,20,1,5,1,1000,1000,1.0109191071670693,,,234.33632433459957,4.3312650961192958,2.0787725579390326,1.0109191071670693,0.032345883,0.002585422,29.760461,"{""lambda_per_d"":10}"
tune,lshade-p10,lshade,20,1,5,2,1000,1000,1.5675391386638466,,,1347.0622840662379,4.8180779567362606,2.1135710634318912,1.5675391386638466,0.031100243,0.002400097,28.700146,"{""lambda_per_d"":10}"
tune,lshade-p10,lshade,20,1,10,1,2000,2000,2.1041270486040276,,,3696.756958638945,797.59073502799174,9.4846229821416728,2.1041270486040276,0.052174306,0.005728191,23.2230575,"{""lambda_per_d"":10}"
tune,lshade-p10,lshade,20,1,10,2,2000,2000,2.1841576383136498,,,3982.4960092400825,128.27520879791945,3.9168990430284794,2.1841576383136498,0.052821592,0.005803449,23.5090715,"{""lambda_per_d"":10}"
tune,lshade-p18,lshade,1,1,5,1,1000,1000,0.0077773263884779453,986,,3.3684270112382393,1.8672833488916041,1.2257556493839985,0.0077773263884779453,0.024514102,0.001076023,23.438079,"{""lambda_per_d"":18}"
tune,lshade-p18,lshade,1,1,5,2,1000,1000,0.035669990043260213,,,4.2135204848204069,2.6118883229429031,0.79313346246327399,0.035669990043260213,0.024193753,0.001054468,23.139285,"{""lambda_per_d"":18}"
tune,lshade-p18,lshade,1,1,10,1,2000,2000,0.27161094866121971,,,13.399130142248509,13.399130142248509,7.7466331521807632,0.27161094866121971,0.052131988,0.002584706,24.773641,"{""lambda_per_d"":18}"
tune,lshade-p18,lshade,1,1,10,2,2000,2000,0.39336105992444459,,,12.988810247183949,11.657531528702506,8.1280561227738275,0.39336105992444459,0.051993268,0.002612955,24.6901565,"{""lambda_per_d"":18}"
tune,lshade-p18,lshade,6,1,5,1,1000,1000,5.2202388045380133,,,64.795273862833625,23.833332237723774,9.5806575788470667,5.2202388045380133,0.024635715,0.001347372,23.288343,"{""lambda_per_d"":18}"
tune,lshade-p18,lshade,6,1,5,2,1000,1000,2.5138922197960554,,,193.19448048790068,41.496915545611479,27.634840430948856,2.5138922197960554,0.023836966,0.001274435,22.562531,"{""lambda_per_d"":18}"
tune,lshade-p18,lshade,6,1,10,1,2000,2000,22.723186665690314,,,5927.0204772646421,163.41494381678055,87.933607229825753,22.723186665690314,0.053411195,0.003338863,25.036166,"{""lambda_per_d"":18}"
tune,lshade-p18,lshade,6,1,10,2,2000,2000,23.932870962124575,,,210.91389423055341,210.91389423055341,57.143778035128186,23.932870962124575,0.054106342,0.003339756,25.383293,"{""lambda_per_d"":18}"
tune,lshade-p18,lshade,10,1,5,1,1000,1000,1803.0102566702787,,,34858.26074359168,34858.26074359168,9539.0603887840334,1803.0102566702787,0.025430559,0.001755199,23.67536,"{""lambda_per_d"":18}"
tune,lshade-p18,lshade,10,1,5,2,1000,1000,968.22965497667974,,,74262.908741630221,47283.665988194327,18010.267317738835,968.22965497667974,0.025061566,0.001754002,23.307564,"{""lambda_per_d"":18}"
tune,lshade-p18,lshade,10,1,10,1,2000,2000,14110.922315638196,,,128683.31667087319,128683.31667087319,128683.31667087319,14110.922315638196,0.05515506,0.005224789,24.9651355,"{""lambda_per_d"":18}"
tune,lshade-p18,lshade,10,1,10,2,2000,2000,39733.41269555191,,,185855.37799713603,159866.42298781738,82503.83569573921,39733.41269555191,0.054607246,0.005121952,24.742647,"{""lambda_per_d"":18}"
tune,lshade-p18,lshade,15,1,5,1,1000,1000,11.032906007138422,,,48.670241007509503,48.670241007509503,29.165437283644678,11.032906007138422,0.024649586,0.002028308,22.621278,"{""lambda_per_d"":18}"
tune,lshade-p18,lshade,15,1,5,2,1000,1000,8.1905984241694796,,,78.867714579163248,52.703997518393408,38.995093904963596,8.1905984241694796,0.025496015,0.002036944,23.459071,"{""lambda_per_d"":18}"
tune,lshade-p18,lshade,15,1,10,1,2000,2000,60.798281824288551,,,253.11564016646957,160.14251578301401,103.48674197646687,60.798281824288551,0.056397472,0.006299859,25.0488065,"{""lambda_per_d"":18}"
tune,lshade-p18,lshade,15,1,10,2,2000,2000,72.435638996586022,,,203.75946934637159,174.28350413918156,90.560330991110732,72.435638996586022,0.055019882,0.006270365,24.3747585,"{""lambda_per_d"":18}"
tune,lshade-p18,lshade,20,1,5,1,1000,1000,1.5604825356083438,,,246.47024506400055,3.1349787697017746,2.848216838410508,1.5604825356083438,0.025513923,0.002292055,23.221868,"{""lambda_per_d"":18}"
tune,lshade-p18,lshade,20,1,5,2,1000,1000,2.1423627961962666,,,1477.8726629643309,3.5929809646402191,2.9146556243088071,2.1423627961962666,0.024988625,0.002274247,22.714378,"{""lambda_per_d"":18}"
tune,lshade-p18,lshade,20,1,10,1,2000,2000,3.120551666084225,,,3412.6151208370329,1154.1164248785381,97.23677701141537,3.120551666084225,0.054831734,0.005726596,24.552569,"{""lambda_per_d"":18}"
tune,lshade-p18,lshade,20,1,10,2,2000,2000,2.2418483076647817,,,2576.840626242918,92.433470907288154,13.340571001218905,2.2418483076647817,0.056412943,0.005918671,25.247136,"{""lambda_per_d"":18}"
tune,scipy-best-p5-halton-deferred,scipy,1,1,5,1,1000,1000,0.00034959719542371204,627,,5.2996650726703933,1.0313980772168776,0.045406633066093605,0.00034959719542371204,0.014960247,0.000956483,14.003764,"{""init"":""halton"",""popsize"":5,""strategy"":""best1bin"",""updating"":""deferred""}"
tune,scipy-best-p5-halton-deferred,scipy,1,1,5,2,1000,1000,0.00023507333982308865,603,,3.0910890069443298,0.24853140499112669,0.01831978344040408,0.00023507333982308865,0.014368785,0.000963083,13.405702,"{""init"":""halton"",""popsize"":5,""strategy"":""best1bin"",""updating"":""deferred""}"
tune,scipy-best-p5-halton-deferred,scipy,1,1,10,1,2000,2000,0.010000702087950231,,,25.482765709267738,7.640744177357746,2.1598329025380849,0.010000702087950231,0.022640146,0.002330339,10.1549035,"{""init"":""halton"",""popsize"":5,""strategy"":""best1bin"",""updating"":""deferred""}"
tune,scipy-best-p5-halton-deferred,scipy,1,1,10,2,2000,2000,0.06607520252285326,,,27.115633578997802,7.6742363130966282,2.3036653895766648,0.06607520252285326,0.022354228,0.002325227,10.0145005,"{""init"":""halton"",""popsize"":5,""strategy"":""best1bin"",""updating"":""deferred""}"
tune,scipy-best-p5-halton-deferred,scipy,6,1,5,1,1000,1000,0.17657342722402802,,,14.095868522962455,4.0584229886974228,0.38305078789732505,0.17657342722402802,0.015732888,0.001327808,14.40508,"{""init"":""halton"",""popsize"":5,""strategy"":""best1bin"",""updating"":""deferred""}"
tune,scipy-best-p5-halton-deferred,scipy,6,1,5,2,1000,1000,0.53925465524895344,,,42.913667015570702,13.461279099592055,6.5448091199224407,0.53925465524895344,0.014963774,0.001259405,13.704369,"{""init"":""halton"",""popsize"":5,""strategy"":""best1bin"",""updating"":""deferred""}"
tune,scipy-best-p5-halton-deferred,scipy,6,1,10,1,2000,2000,15.063695470255404,,,1273.7818586768619,109.69457099608189,36.732480101761816,15.063695470255404,0.023459593,0.00303363,10.2129815,"{""init"":""halton"",""popsize"":5,""strategy"":""best1bin"",""updating"":""deferred""}"
tune,scipy-best-p5-halton-deferred,scipy,6,1,10,2,2000,2000,12.609191096341242,,,116.42762443646092,78.012408034122473,42.587221035232425,12.609191096341242,0.023586732,0.003012033,10.2873495,"{""init"":""halton"",""popsize"":5,""strategy"":""best1bin"",""updating"":""deferred""}"
tune,scipy-best-p5-halton-deferred,scipy,10,1,5,1,1000,1000,756.36295381185755,,,21367.848131940562,756.36295381185755,756.36295381185755,756.36295381185755,0.015113737,0.001631654,13.482083,"{""init"":""halton"",""popsize"":5,""strategy"":""best1bin"",""updating"":""deferred""}"
tune,scipy-best-p5-halton-deferred,scipy,10,1,5,2,1000,1000,175.7195630811307,,,46632.303567745192,23717.926281094879,5888.7554331505426,175.7195630811307,0.016289755,0.001797293,14.492462,"{""init"":""halton"",""popsize"":5,""strategy"":""best1bin"",""updating"":""deferred""}"
tune,scipy-best-p5-halton-deferred,scipy,10,1,10,1,2000,2000,15214.053276736491,,,361118.41880597116,268278.46943588904,58404.544105791319,15214.053276736491,0.025548266,0.004791399,10.3784335,"{""init"":""halton"",""popsize"":5,""strategy"":""best1bin"",""updating"":""deferred""}"
tune,scipy-best-p5-halton-deferred,scipy,10,1,10,2,2000,2000,21880.448596369697,,,134817.65400697934,74427.05176180345,34561.903189331744,21880.448596369697,0.025280934,0.004710626,10.285154,"{""init"":""halton"",""popsize"":5,""strategy"":""best1bin"",""updating"":""deferred""}"
tune,scipy-best-p5-halton-deferred,scipy,15,1,5,1,1000,1000,19.379421526154601,,,47.852947559355698,43.044998340074699,36.530043017771504,19.379421526154601,0.018385728,0.002054055,16.331673,"{""init"":""halton"",""popsize"":5,""strategy"":""best1bin"",""updating"":""deferred""}"
tune,scipy-best-p5-halton-deferred,scipy,15,1,5,2,1000,1000,26.383052784938627,,,61.956209785674218,29.983667780710903,27.469108355000799,26.383052784938627,0.015524215,0.001911713,13.612502,"{""init"":""halton"",""popsize"":5,""strategy"":""best1bin"",""updating"":""deferred""}"
tune,scipy-best-p5-halton-deferred,scipy,15,1,10,1,2000,2000,63.168652944299083,,,122.3648566833599,93.1110308942134,70.12144067505551,63.168652944299083,0.026758016,0.005872429,10.4427935,"{""init"":""halton"",""popsize"":5,""strategy"":""best1bin"",""updating"":""deferred""}"
tune,scipy-best-p5-halton-deferred,scipy,15,1,10,2,2000,2000,67.887940094186888,,,154.05560163564041,70.285583647077374,70.285583647077374,67.887940094186888,0.026787074,0.005850652,10.468211,"{""init"":""halton"",""popsize"":5,""strategy"":""best1bin"",""updating"":""deferred""}"
tune,scipy-best-p5-halton-deferred,scipy,20,1,5,1,1000,1000,1.1899052534693055,,,4.8898335822693753,2.8273163960193415,1.5540272328315723,1.1899052534693055,0.01543891,0.002119016,13.319894,"{""init"":""halton"",""popsize"":5,""strategy"":""best1bin"",""updating"":""deferred""}"
tune,scipy-best-p5-halton-deferred,scipy,20,1,5,2,1000,1000,1.0100867882594002,,,3.4423064734202171,1.909919113001024,1.3777038030492577,1.0100867882594002,0.015615685,0.002156639,13.459046,"{""init"":""halton"",""popsize"":5,""strategy"":""best1bin"",""updating"":""deferred""}"
tune,scipy-best-p5-halton-deferred,scipy,20,1,10,1,2000,2000,2.4823011338563674,,,1594.3762217854994,54.286915664940864,2.4823011338563674,2.4823011338563674,0.028177914,0.005955092,11.111411,"{""init"":""halton"",""popsize"":5,""strategy"":""best1bin"",""updating"":""deferred""}"
tune,scipy-best-p5-halton-deferred,scipy,20,1,10,2,2000,2000,1.5934001831240039,,,244.58361481559945,3.7005308124925023,2.8272043866232934,1.5934001831240039,0.026646845,0.005483034,10.5819055,"{""init"":""halton"",""popsize"":5,""strategy"":""best1bin"",""updating"":""deferred""}"
tune,pairde-p5-halton,pairde,1,1,5,1,1000,1000,0.0011192720445478699,802,,3.6392004175734343,2.2115825948972088,0.077424949095046713,0.0011192720445478699,0.023938595,0.000979437,22.959158,"{""init"":""halton"",""mutation"":[0.5,1.0],""popsize"":5,""recombination"":0.7}"
tune,pairde-p5-halton,pairde,1,1,5,2,1000,1000,0.00018340585539533549,553,,3.9958771050407762,0.4873919334710024,0.015095486469846264,0.00018340585539533549,0.023248572,0.00097442,22.274152,"{""init"":""halton"",""mutation"":[0.5,1.0],""popsize"":5,""recombination"":0.7}"
tune,pairde-p5-halton,pairde,1,1,10,1,2000,2000,0.10516213463270674,,,21.744338982245608,12.104467537910196,2.0663521673924663,0.10516213463270674,0.037413928,0.002401914,17.506007,"{""init"":""halton"",""mutation"":[0.5,1.0],""popsize"":5,""recombination"":0.7}"
tune,pairde-p5-halton,pairde,1,1,10,2,2000,2000,0.12709928345171306,,,15.514151428523363,4.8673610818074167,0.97057478546531684,0.12709928345171306,0.03688727,0.002316124,17.285573,"{""init"":""halton"",""mutation"":[0.5,1.0],""popsize"":5,""recombination"":0.7}"
tune,pairde-p5-halton,pairde,6,1,5,1,1000,1000,0.27723185738537381,,,23.542739665429004,7.8661943420130314,3.4917696673084748,0.27723185738537381,0.024662534,0.001262783,23.399751,"{""init"":""halton"",""mutation"":[0.5,1.0],""popsize"":5,""recombination"":0.7}"
tune,pairde-p5-halton,pairde,6,1,5,2,1000,1000,1.3688096066721087,,,56.631560938287699,14.647838297983533,6.651933602094779,1.3688096066721087,0.024494637,0.001282962,23.211675,"{""init"":""halton"",""mutation"":[0.5,1.0],""popsize"":5,""recombination"":0.7}"
tune,pairde-p5-halton,pairde,6,1,10,1,2000,2000,12.267776736686578,,,167.7551521497985,95.21047064493078,36.326733980444011,12.267776736686578,0.041552314,0.003329759,19.1112775,"{""init"":""halton"",""mutation"":[0.5,1.0],""popsize"":5,""recombination"":0.7}"
tune,pairde-p5-halton,pairde,6,1,10,2,2000,2000,12.457929776108607,,,4368.3662662753313,118.45457877314863,47.656324337955859,12.457929776108607,0.039705651,0.003054014,18.3258185,"{""init"":""halton"",""mutation"":[0.5,1.0],""popsize"":5,""recombination"":0.7}"
tune,pairde-p5-halton,pairde,10,1,5,1,1000,1000,125.92448021254027,,,64342.311601000307,5049.3984604757061,180.6926091726599,125.92448021254027,0.025810898,0.001741162,24.069736,"{""init"":""halton"",""mutation"":[0.5,1.0],""popsize"":5,""recombination"":0.7}"
tune,pairde-p5-halton,pairde,10,1,5,2,1000,1000,399.4824028019741,,,58809.504672702868,17893.697291369113,9711.8351431168921,399.4824028019741,0.027694313,0.001863974,25.830339,"{""init"":""halton"",""mutation"":[0.5,1.0],""popsize"":5,""recombination"":0.7}"
tune,pairde-p5-halton,pairde,10,1,10,1,2000,2000,11563.05547803383,,,166886.32556179963,141965.12046816852,35087.361537245255,11563.05547803383,0.041015594,0.004823321,18.0961365,"{""init"":""halton"",""mutation"":[0.5,1.0],""popsize"":5,""recombination"":0.7}"
tune,pairde-p5-halton,pairde,10,1,10,2,2000,2000,15398.289432864685,,,155337.1757954387,155337.1757954387,71702.956238967789,15398.289432864685,0.041401818,0.004867815,18.2670015,"{""init"":""halton"",""mutation"":[0.5,1.0],""popsize"":5,""recombination"":0.7}"
tune,pairde-p5-halton,pairde,15,1,5,1,1000,1000,13.948720458015373,,,83.24811647486672,27.932489514018926,22.267143842518635,13.948720458015373,0.025326857,0.001954771,23.372086,"{""init"":""halton"",""mutation"":[0.5,1.0],""popsize"":5,""recombination"":0.7}"
tune,pairde-p5-halton,pairde,15,1,5,2,1000,1000,16.086769193409054,,,55.722964235176278,35.610383218225024,20.619231944268336,16.086769193409054,0.028579296,0.002177554,26.401742,"{""init"":""halton"",""mutation"":[0.5,1.0],""popsize"":5,""recombination"":0.7}"
tune,pairde-p5-halton,pairde,15,1,10,1,2000,2000,61.297400720606674,,,213.11382891622907,105.29072138196261,92.872785134205969,61.297400720606674,0.045131177,0.00611245,19.5093635,"{""init"":""halton"",""mutation"":[0.5,1.0],""popsize"":5,""recombination"":0.7}"
tune,pairde-p5-halton,pairde,15,1,10,2,2000,2000,44.327264943116461,,,183.11840482934281,104.54464159953704,87.651468323691688,44.327264943116461,0.042035583,0.005876773,18.079405,"{""init"":""halton"",""mutation"":[0.5,1.0],""popsize"":5,""recombination"":0.7}"
tune,pairde-p5-halton,pairde,20,1,5,1,1000,1000,1.0928472502851037,,,21.036611071541529,3.1573382291948064,2.0425181226482891,1.0928472502851037,0.02713898,0.002413863,24.725117,"{""init"":""halton"",""mutation"":[0.5,1.0],""popsize"":5,""recombination"":0.7}"
tune,pairde-p5-halton,pairde,20,1,5,2,1000,1000,1.4172363977335181,,,5.5022072602682783,3.3342828706516912,2.3422490905766153,1.4172363977335181,0.027889547,0.002398949,25.490598,"{""init"":""halton"",""mutation"":[0.5,1.0],""popsize"":5,""recombination"":0.7}"
tune,pairde-p5-halton,pairde,20,1,10,1,2000,2000,1.7438978196126982,,,1845.9382239448562,331.08741581525305,3.0715085959093358,1.7438978196126982,0.040464203,0.005484733,17.489735,"{""init"":""halton"",""mutation"":[0.5,1.0],""popsize"":5,""recombination"":0.7}"
tune,pairde-p5-halton,pairde,20,1,10,2,2000,2000,2.1230197629686245,,,1525.2275184876448,91.388433736202956,3.0638894459594894,2.1230197629686245,0.041198011,0.005595407,17.801302,"{""init"":""halton"",""mutation"":[0.5,1.0],""popsize"":5,""recombination"":0.7}"
pilot,scipy-best-p5-halton,scipy,1,1,5,1,1000,1000,7.0583538871460405e-06,476,997,4.0461885401418556,0.47723068358331489,0.0038993338951058831,7.0583538871460405e-06,0.037056884,0.001653621,35.403263,"{""init"":""halton"",""popsize"":5,""strategy"":""best1bin"",""updating"":""immediate""}"
pilot,scipy-best-p5-halton,scipy,1,1,5,2,1000,1000,7.0154440649616845e-05,454,,1.9398574202946719,0.28197786747386999,0.0072405789762228778,7.0154440649616845e-05,0.036603511,0.00165586,34.947651,"{""init"":""halton"",""popsize"":5,""strategy"":""best1bin"",""updating"":""immediate""}"
pilot,scipy-best-p5-halton,scipy,1,1,10,1,2000,2000,0.0022794734121021065,1438,,12.192749520706613,7.4351194582886961,0.18739350607457084,0.0022794734121021065,0.069565566,0.00377645,32.894558,"{""init"":""halton"",""popsize"":5,""strategy"":""best1bin"",""updating"":""immediate""}"
pilot,scipy-best-p5-halton,scipy,1,1,10,2,2000,2000,0.010680737553499853,,,19.722448141583371,2.0936877386326813,0.32676206034025768,0.010680737553499853,0.069584056,0.003749031,32.9175125,"{""init"":""halton"",""popsize"":5,""strategy"":""best1bin"",""updating"":""immediate""}"
pilot,scipy-best-p5-halton,scipy,1,2,5,1,1000,1000,3.3820478165580425e-05,623,,4.7697569157812154,0.97260369159920401,0.021752345607353618,3.3820478165580425e-05,0.03674092,0.001645721,35.095199,"{""init"":""halton"",""popsize"":5,""strategy"":""best1bin"",""updating"":""immediate""}"
pilot,scipy-best-p5-halton,scipy,1,2,5,2,1000,1000,7.2312849397349055e-07,452,844,1.5877140967731975,1.4196696054983136,0.0033202721734255647,7.2312849397349055e-07,0.037526992,0.001657002,35.86999,"{""init"":""halton"",""popsize"":5,""strategy"":""best1bin"",""updating"":""immediate""}"
pilot,scipy-best-p5-halton,scipy,1,2,10,1,2000,2000,0.0072643498974116483,2000,,15.211061046951613,9.9708435019621788,0.65506715455666154,0.0072643498974116483,0.071490716,0.00383261,33.829053,"{""init"":""halton"",""popsize"":5,""strategy"":""best1bin"",""updating"":""immediate""}"
pilot,scipy-best-p5-halton,scipy,1,2,10,2,2000,2000,0.0041915784736943351,1490,,25.383039575441956,3.947746704540009,0.16589968138947597,0.0041915784736943351,0.076083201,0.004111089,35.986056,"{""init"":""halton"",""popsize"":5,""strategy"":""best1bin"",""updating"":""immediate""}"
pilot,scipy-best-p5-halton,scipy,3,1,5,1,1000,1000,1.5937963234732706,,,68.11897003526957,30.846658287592845,13.824925756370362,1.5937963234732706,0.036412122,0.002687925,33.724197,"{""init"":""halton"",""popsize"":5,""strategy"":""best1bin"",""updating"":""immediate""}"
pilot,scipy-best-p5-halton,scipy,3,1,5,2,1000,1000,5.5411492547478929,,,25.294801436203841,14.846432181280989,14.223406471127362,5.5411492547478929,0.035657241,0.002629257,33.027984,"{""init"":""halton"",""popsize"":5,""strategy"":""best1bin"",""updating"":""immediate""}"
pilot,scipy-best-p5-halton,scipy,3,1,10,1,2000,2000,52.477826527632317,,,131.07718975316703,102.66206199662639,64.571404981904379,52.477826527632317,0.072711956,0.007391515,32.6602205,"{""init"":""halton"",""popsize"":5,""strategy"":""best1bin"",""updating"":""immediate""}"
pilot,scipy-best-p5-halton,scipy,3,1,10,2,2000,2000,30.104111776367006,,,124.60532964984833,106.36212049310467,69.170332064235936,30.104111776367006,0.071247371,0.007462249,31.892561,"{""init"":""halton"",""popsize"":5,""strategy"":""best1bin"",""updating"":""immediate""}"
pilot,scipy-best-p5-halton,scipy,3,2,5,1,1000,1000,7.0587596152574861,,,56.026400308245314,17.864585816132987,17.864585816132987,7.0587596152574861,0.035678564,0.002635592,33.042972,"{""init"":""halton"",""popsize"":5,""strategy"":""best1bin"",""updating"":""immediate""}"
pilot,scipy-best-p5-halton,scipy,3,2,5,2,1000,1000,6.4728038985409739,,,45.353737824631082,20.558506411123318,14.205862718396787,6.4728038985409739,0.035775282,0.002655785,33.119497,"{""init"":""halton"",""popsize"":5,""strategy"":""best1bin"",""updating"":""immediate""}"
pilot,scipy-best-p5-halton,scipy,3,2,10,1,2000,2000,63.7375074367867,,,167.10325578980834,78.378217869322498,67.295521402204116,63.7375074367867,0.079466725,0.008145507,35.660609,"{""init"":""halton"",""popsize"":5,""strategy"":""best1bin"",""updating"":""immediate""}"
pilot,scipy-best-p5-halton,scipy,3,2,10,2,2000,2000,41.249057178398374,,,159.52823936870448,86.0002415151138,57.991101998982771,41.249057178398374,0.072886706,0.007422746,32.73198,"{""init"":""halton"",""popsize"":5,""strategy"":""best1bin"",""updating"":""immediate""}"
pilot,scipy-best-p5-halton,scipy,6,1,5,1,1000,1000,0.36919145288227639,,,27.283423513306893,16.728614248467174,5.8586108483031225,0.36919145288227639,0.03676586,0.002040571,34.725289,"{""init"":""halton"",""popsize"":5,""strategy"":""best1bin"",""updating"":""immediate""}"
pilot,scipy-best-p5-halton,scipy,6,1,5,2,1000,1000,0.33740225163993642,,,93.680572987862575,13.293061407392486,6.7276743183694236,0.33740225163993642,0.036555217,0.002094517,34.4607,"{""init"":""halton"",""popsize"":5,""strategy"":""best1bin"",""updating"":""immediate""}"
pilot,scipy-best-p5-halton,scipy,6,1,10,1,2000,2000,8.7529320799289607,,,133.40254321132582,102.89258688476349,30.353723916911996,8.7529320799289607,0.070264973,0.0046142,32.8253865,"{""init"":""halton"",""popsize"":5,""strategy"":""best1bin"",""updating"":""immediate""}"
pilot,scipy-best-p5-halton,scipy,6,1,10,2,2000,2000,19.10503167103635,,,129.23840763677035,64.986180458068105,43.403194890696305,19.10503167103635,0.069362258,0.004602678,32.37979,"{""init"":""halton"",""popsize"":5,""strategy"":""best1bin"",""updating"":""immediate""}"
pilot,scipy-best-p5-halton,scipy,6,2,5,1,1000,1000,0.37904461901153752,,,60.128588075304364,40.213078909937565,12.242137628808532,0.37904461901153752,0.035923909,0.001954684,33.969225,"{""init"":""halton"",""popsize"":5,""strategy"":""best1bin"",""updating"":""immediate""}"
pilot,scipy-best-p5-halton,scipy,6,2,5,2,1000,1000,1.102817746864357,,,39.856315411612698,23.299187082246039,6.6280411000330481,1.102817746864357,0.036351931,0.001948373,34.403558,"{""init"":""halton"",""popsize"":5,""strategy"":""best1bin"",""updating"":""immediate""}"
pilot,scipy-best-p5-halton,scipy,6,2,10,1,2000,2000,13.836037596785818,,,162.5873471306347,97.412623225700088,48.247223798317705,13.836037596785818,0.070421363,0.004568443,32.92646,"{""init"":""halton"",""popsize"":5,""strategy"":""best1bin"",""updating"":""immediate""}"
pilot,scipy-best-p5-halton,scipy,6,2,10,2,2000,2000,13.004362951356899,,,116.08992638437888,84.348288146675642,23.822141280856915,13.004362951356899,0.069365969,0.004571006,32.3974815,"{""init"":""halton"",""popsize"":5,""strategy"":""best1bin"",""updating"":""immediate""}"
pilot,scipy-best-p5-halton,scipy,8,1,5,1,1000,1000,4.9076432010656106,,,954.15954363497474,57.390850565393038,19.889522913790699,4.9076432010656106,0.036030226,0.001701139,34.329087,"{""init"":""halton"",""popsize"":5,""strategy"":""best1bin"",""updating"":""immediate""}"
pilot,scipy-best-p5-halton,scipy,8,1,5,2,1000,1000,1.964247641425402,,,284.18296121106152,46.814908155256404,6.0316897601617825,1.964247641425402,0.036979051,0.001696074,35.282977,"{""init"":""halton"",""popsize"":5,""strategy"":""best1bin"",""updating"":""immediate""}"
pilot,scipy-best-p5-halton,scipy,8,1,10,1,2000,2000,14.258985767413805,,,5510.9645273130463,355.31795304468221,129.62769289105583,14.258985767413805,0.069752866,0.003867415,32.9427255,"{""init"":""halton"",""popsize"":5,""strategy"":""best1bin"",""updating"":""immediate""}"
pilot,scipy-best-p5-halton,scipy,8,1,10,2,2000,2000,24.517998969638569,,,10014.962611324177,915.77306617127863,134.03668015711665,24.517998969638569,0.069976314,0.003868152,33.054081,"{""init"":""halton"",""popsize"":5,""strategy"":""best1bin"",""updating"":""immediate""}"
pilot,scipy-best-p5-halton,scipy,8,2,5,1,1000,1000,1.2052622245098519,,,111.11369535998551,40.823034020493196,4.1316180044850626,1.2052622245098519,0.036155113,0.00167198,34.483133,"{""init"":""halton"",""popsize"":5,""strategy"":""best1bin"",""updating"":""immediate""}"
pilot,scipy-best-p5-halton,scipy,8,2,5,2,1000,1000,1.5560978375510786,,,96.546511894734294,23.764052033660164,2.948660693543502,1.5560978375510786,0.036845347,0.001680831,35.164516,"{""init"":""halton"",""popsize"":5,""strategy"":""best1bin"",""updating"":""immediate""}"
pilot,scipy-best-p5-halton,scipy,8,2,10,1,2000,2000,16.243343160603445,,,15443.118706617179,1534.7695429977207,70.603375224262891,16.243343160603445,0.074182201,0.004129888,35.0261565,"{""init"":""halton"",""popsize"":5,""strategy"":""best1bin"",""updating"":""immediate""}"
pilot,scipy-best-p5-halton,scipy,8,2,10,2,2000,2000,8.6414418150149004,,,1760.3316837173018,250.5730811032156,58.622002861942065,8.6414418150149004,0.068752671,0.003830459,32.461106,"{""init"":""halton"",""popsize"":5,""strategy"":""best1bin"",""updating"":""immediate""}"
pilot,scipy-best-p5-halton,scipy,10,1,5,1,1000,1000,57.714061812901974,,,30058.635665722577,6163.4677714508271,1344.6839758215513,57.714061812901974,0.036921246,0.002379701,34.541545,"{""init"":""halton"",""popsize"":5,""strategy"":""best1bin"",""updating"":""immediate""}"
pilot,scipy-best-p5-halton,scipy,10,1,5,2,1000,1000,95.346233762465744,,,11591.214082256869,11591.214082256869,1008.5681464903873,95.346233762465744,0.035475844,0.002323162,33.152682,"{""init"":""halton"",""popsize"":5,""strategy"":""best1bin"",""updating"":""immediate""}"
pilot,scipy-best-p5-halton,scipy,10,1,10,1,2000,2000,18648.54808281859,,,160255.57828036512,66063.07054482041,42678.143335598477,18648.54808281859,0.078254462,0.006887548,35.683457,"{""init"":""halton"",""popsize"":5,""strategy"":""best1bin"",""updating"":""immediate""}"
pilot,scipy-best-p5-halton,scipy,10,1,10,2,2000,2000,6787.7715922488715,,,30420.080084562687,30420.080084562687,21172.261177697783,6787.7715922488715,0.070797275,0.006560531,32.118372,"{""init"":""halton"",""popsize"":5,""strategy"":""best1bin"",""updating"":""immediate""}"
pilot,scipy-best-p5-halton,scipy,10,2,5,1,1000,1000,119.75163399789872,,,114786.46183471828,3386.9081443268792,964.73638151331681,119.75163399789872,0.035409623,0.002299406,33.110217,"{""init"":""halton"",""popsize"":5,""strategy"":""best1bin"",""updating"":""immediate""}"
pilot,scipy-best-p5-halton,scipy,10,2,5,2,1000,1000,345.63800853469536,,,28652.639334039752,1559.1124870818585,561.70650184345106,345.63800853469536,0.035411546,0.002382066,33.02948,"{""init"":""halton"",""popsize"":5,""strategy"":""best1bin"",""updating"":""immediate""}"
pilot,scipy-best-p5-halton,scipy,10,2,10,1,2000,2000,10279.160821613941,,,180594.47722987403,177648.74025583075,140349.88800081826,10279.160821613941,0.079206939,0.006945516,36.1307115,"{""init"":""halton"",""popsize"":5,""strategy"":""best1bin"",""updating"":""immediate""}"
pilot,scipy-best-p5-halton,scipy,10,2,10,2,2000,2000,27889.77898859269,,,242513.09466146599,73533.208278028207,73533.208278028207,27889.77898859269,0.072181686,0.00632362,32.929033,"{""init"":""halton"",""popsize"":5,""strategy"":""best1bin"",""updating"":""immediate""}"
pilot,scipy-best-p5-halton,scipy,12,1,5,1,1000,1000,290.73305778673227,,,2796869.1070912424,106260.74174174856,7660.517937006065,290.73305778673227,0.035054191,0.001884368,33.169823,"{""init"":""halton"",""popsize"":5,""strategy"":""best1bin"",""updating"":""immediate""}"
pilot,scipy-best-p5-halton,scipy,12,1,5,2,1000,1000,2041.4174688964431,,,3737850.068140307,109845.81562442497,31905.505160951067,2041.4174688964431,0.035341097,0.001862032,33.479065,"{""init"":""halton"",""popsize"":5,""strategy"":""best1bin"",""updating"":""immediate""}"
pilot,scipy-best-p5-halton,scipy,12,1,10,1,2000,2000,35844.287595462149,,,22153566.714995645,6443497.2037109118,696608.64372041507,35844.287595462149,0.075597902,0.005015524,35.291189,"{""init"":""halton"",""popsize"":5,""strategy"":""best1bin"",""updating"":""immediate""}"
pilot,scipy-best-p5-halton,scipy,12,1,10,2,2000,2000,159532.89235798758,,,13679000.184251586,5806822.716672156,1010897.7680327701,159532.89235798758,0.070955048,0.004578749,33.1881495,"{""init"":""halton"",""popsize"":5,""strategy"":""best1bin"",""updating"":""immediate""}"
pilot,scipy-best-p5-halton,scipy,12,2,5,1,1000,1000,58.415461259457004,,,2152729.9224052872,368743.84089113737,59159.373048705049,58.415461259457004,0.037491958,0.001880578,35.61138,"{""init"":""halton"",""popsize"":5,""strategy"":""best1bin"",""updating"":""immediate""}"
pilot,scipy-best-p5-halton,scipy,12,2,5,2,1000,1000,20.804003901731789,,,759584.6741366944,268436.80334799958,13976.005559345493,20.804003901731789,0.039242094,0.001924803,37.317291,"{""init"":""halton"",""popsize"":5,""strategy"":""best1bin"",""updating"":""immediate""}"
pilot,scipy-best-p5-halton,scipy,12,2,10,1,2000,2000,49699.160885905956,,,20758855.174009372,3304849.6638156734,841051.68804060994,49699.160885905956,0.071576662,0.004652478,33.462092,"{""init"":""halton"",""popsize"":5,""strategy"":""best1bin"",""updating"":""immediate""}"
pilot,scipy-best-p5-halton,scipy,12,2,10,2,2000,2000,9824.5405920322537,,,17230940.618714765,9801994.843274219,1745676.6759048293,9824.5405920322537,0.070831412,0.004582102,33.124655,"{""init"":""halton"",""popsize"":5,""strategy"":""best1bin"",""updating"":""immediate""}"
pilot,scipy-best-p5-halton,scipy,15,1,5,1,1000,1000,13.578914510580262,,,59.907886716133362,15.849878842333283,15.849878842333283,13.578914510580262,0.035181271,0.002622519,32.558752,"{""init"":""halton"",""popsize"":5,""strategy"":""best1bin"",""updating"":""immediate""}"
pilot,scipy-best-p5-halton,scipy,15,1,5,2,1000,1000,17.201878381114966,,,46.085205102125656,17.201878381114966,17.201878381114966,17.201878381114966,0.035793235,0.002635477,33.157758,"{""init"":""halton"",""popsize"":5,""strategy"":""best1bin"",""updating"":""immediate""}"
pilot,scipy-best-p5-halton,scipy,15,1,10,1,2000,2000,75.364031387425484,,,149.40136964599424,99.972616107230124,85.925864350897427,75.364031387425484,0.071669133,0.00751694,32.0760965,"{""init"":""halton"",""popsize"":5,""strategy"":""best1bin"",""updating"":""immediate""}"
pilot,scipy-best-p5-halton,scipy,15,1,10,2,2000,2000,56.64799673927655,,,158.51912586818503,88.956717130029801,75.845454641597826,56.64799673927655,0.071010275,0.007464004,31.7731355,"{""init"":""halton"",""popsize"":5,""strategy"":""best1bin"",""updating"":""immediate""}"
pilot,scipy-best-p5-halton,scipy,15,2,5,1,1000,1000,9.6691349476150208,,,51.679707737225087,25.580550984491168,20.305083414767296,9.6691349476150208,0.035317881,0.002635412,32.682469,"{""init"":""halton"",""popsize"":5,""strategy"":""best1bin"",""updating"":""immediate""}"
pilot,scipy-best-p5-halton,scipy,15,2,5,2,1000,1000,17.874320742171932,,,33.135945821945882,21.165592412685598,21.165592412685598,17.874320742171932,0.036905694,0.002694824,34.21087,"{""init"":""halton"",""popsize"":5,""strategy"":""best1bin"",""updating"":""immediate""}"
pilot,scipy-best-p5-halton,scipy,15,2,10,1,2000,2000,54.206942892605525,,,143.54919413427808,86.607969737454113,68.284042613004971,54.206942892605525,0.072741954,0.007465189,32.6383825,"{""init"":""halton"",""popsize"":5,""strategy"":""best1bin"",""updating"":""immediate""}"
pilot,scipy-best-p5-halton,scipy,15,2,10,2,2000,2000,52.659414513561842,,,132.73246645844446,120.01394156411129,88.842265327600359,52.659414513561842,0.07286885,0.007496106,32.686372,"{""init"":""halton"",""popsize"":5,""strategy"":""best1bin"",""updating"":""immediate""}"
pilot,scipy-best-p5-halton,scipy,17,1,5,1,1000,1000,0.085981701522246823,,,4.9192375675754683,1.4859709536972563,0.3512484095840307,0.085981701522246823,0.035643231,0.002300479,33.342752,"{""init"":""halton"",""popsize"":5,""strategy"":""best1bin"",""updating"":""immediate""}"
pilot,scipy-best-p5-halton,scipy,17,1,5,2,1000,1000,0.045703407710902866,,,3.3505840375171818,1.4269368119512826,0.52733981642267835,0.045703407710902866,0.036513355,0.002336171,34.177184,"{""init"":""halton"",""popsize"":5,""strategy"":""best1bin"",""updating"":""immediate""}"
pilot,scipy-best-p5-halton,scipy,17,1,10,1,2000,2000,0.51226004863006835,,,4.6504710068607693,2.3585735039624822,2.3585735039624822,0.51226004863006835,0.077401404,0.006868988,35.266208,"{""init"":""halton"",""popsize"":5,""strategy"":""best1bin"",""updating"":""immediate""}"
pilot,scipy-best-p5-halton,scipy,17,1,10,2,2000,2000,0.52335348298241513,,,6.7437156132511209,1.8926371371569992,1.4834901477290678,0.52335348298241513,0.07147151,0.006304621,32.5834445,"{""init"":""halton"",""popsize"":5,""strategy"":""best1bin"",""updating"":""immediate""}"
pilot,scipy-best-p5-halton,scipy,17,2,5,1,1000,1000,0.12768577931253944,,,4.105480116104232,1.9526838418687298,0.42421013404909402,0.12768577931253944,0.036681019,0.002346121,34.334898,"{""init"":""halton"",""popsize"":5,""strategy"":""best1bin"",""updating"":""immediate""}"
pilot,scipy-best-p5-halton,scipy,17,2,5,2,1000,1000,0.032300112489441091,,,2.4499368875578931,1.5311956246273333,0.38109077194357965,0.032300112489441091,0.036546488,0.002317207,34.229281,"{""init"":""halton"",""popsize"":5,""strategy"":""best1bin"",""updating"":""immediate""}"
pilot,scipy-best-p5-halton,scipy,17,2,10,1,2000,2000,1.2495164019535494,,,6.4852047354075282,4.4309988986633115,2.5443528954447565,1.2495164019535494,0.071433578,0.006327625,32.5529765,"{""init"":""halton"",""popsize"":5,""strategy"":""best1bin"",""updating"":""immediate""}"
pilot,scipy-best-p5-halton,scipy,17,2,10,2,2000,2000,0.95760478956465889,,,6.4071295752277706,3.9229527051673152,2.5482884131362411,0.95760478956465889,0.077095197,0.006838227,35.128485,"{""init"":""halton"",""popsize"":5,""strategy"":""best1bin"",""updating"":""immediate""}"
pilot,scipy-best-p5-halton,scipy,20,1,5,1,1000,1000,0.85504285065098884,,,674.71722679612139,2.7896101382690404,2.0147394440436983,0.85504285065098884,0.036622169,0.002937707,33.684462,"{""init"":""halton"",""popsize"":5,""strategy"":""best1bin"",""updating"":""immediate""}"
pilot,scipy-best-p5-halton,scipy,20,1,5,2,1000,1000,1.7896559817460229,,,2.2404790110319937,2.2404790110319937,2.2404790110319937,1.7896559817460229,0.036107211,0.00288871,33.218501,"{""init"":""halton"",""popsize"":5,""strategy"":""best1bin"",""updating"":""immediate""}"
pilot,scipy-best-p5-halton,scipy,20,1,10,1,2000,2000,2.6317642359465481,,,1747.6964199137626,4.6477928492598721,3.1553052230074172,2.6317642359465481,0.06960512,0.00693671,31.334205,"{""init"":""halton"",""popsize"":5,""strategy"":""best1bin"",""updating"":""immediate""}"
pilot,scipy-best-p5-halton,scipy,20,1,10,2,2000,2000,2.3354452645992296,,,3993.2679065916741,3.8093028426268347,2.7735432380289922,2.3354452645992296,0.076758553,0.007600842,34.5788555,"{""init"":""halton"",""popsize"":5,""strategy"":""best1bin"",""updating"":""immediate""}"
pilot,scipy-best-p5-halton,scipy,20,2,5,1,1000,1000,1.5175435167416254,,,3.5478026346056595,1.6223824970667238,1.6223824970667238,1.5175435167416254,0.03848869,0.003013354,35.475336,"{""init"":""halton"",""popsize"":5,""strategy"":""best1bin"",""updating"":""immediate""}"
pilot,scipy-best-p5-halton,scipy,20,2,5,2,1000,1000,0.83925872677150437,,,15.963402499770723,2.402481867485676,1.8165664079263024,0.83925872677150437,0.036805402,0.002865902,33.9395,"{""init"":""halton"",""popsize"":5,""strategy"":""best1bin"",""updating"":""immediate""}"
pilot,scipy-best-p5-halton,scipy,20,2,10,1,2000,2000,2.2087587001465181,,,219.55911027471893,3.5531523298864158,2.4486000721342407,2.2087587001465181,0.075716589,0.007515081,34.100754,"{""init"":""halton"",""popsize"":5,""strategy"":""best1bin"",""updating"":""immediate""}"
pilot,scipy-best-p5-halton,scipy,20,2,10,2,2000,2000,2.1373855976203231,,,2582.570645375501,3.7385720415684318,2.9207290344461398,2.1373855976203231,0.070894702,0.006939092,31.977805,"{""init"":""halton"",""popsize"":5,""strategy"":""best1bin"",""updating"":""immediate""}"
pilot,scipy-best-p5-halton,scipy,23,1,5,1,1000,1000,1.5492743043609254,,,4.4319014690691843,3.1207708500979168,1.5492743043609254,1.5492743043609254,0.035336915,0.002408483,32.928432,"{""init"":""halton"",""popsize"":5,""strategy"":""best1bin"",""updating"":""immediate""}"
pilot,scipy-best-p5-halton,scipy,23,1,5,2,1000,1000,1.9762097209146026,,,2.7565545905766102,2.1379126710799179,1.9762097209146026,1.9762097209146026,0.03537087,0.002373665,32.997205,"{""init"":""halton"",""popsize"":5,""strategy"":""best1bin"",""updating"":""immediate""}"
pilot,scipy-best-p5-halton,scipy,23,1,10,1,2000,2000,2.6108637948401894,,,2.6108637948401894,2.6108637948401894,2.6108637948401894,2.6108637948401894,0.071886464,0.006748441,32.5690115,"{""init"":""halton"",""popsize"":5,""strategy"":""best1bin"",""updating"":""immediate""}"
pilot,scipy-best-p5-halton,scipy,23,1,10,2,2000,2000,2.2761105331225915,,,3.2167357009920599,2.2761105331225915,2.2761105331225915,2.2761105331225915,0.071627,0.006673988,32.476506,"{""init"":""halton"",""popsize"":5,""strategy"":""best1bin"",""updating"":""immediate""}"
pilot,scipy-best-p5-halton,scipy,23,2,5,1,1000,1000,2.2556872434770088,,,4.5663820228684511,3.3329230146666897,2.2556872434770088,2.2556872434770088,0.035293182,0.00240082,32.892362,"{""init"":""halton"",""popsize"":5,""strategy"":""best1bin"",""updating"":""immediate""}"
pilot,scipy-best-p5-halton,scipy,23,2,5,2,1000,1000,2.5463163828737128,,,3.2963246609767776,2.5463163828737128,2.5463163828737128,2.5463163828737128,0.037169787,0.002438376,34.731411,"{""init"":""halton"",""popsize"":5,""strategy"":""best1bin"",""updating"":""immediate""}"
pilot,scipy-best-p5-halton,scipy,23,2,10,1,2000,2000,2.7559156827957718,,,3.5534477550346129,2.939274371903255,2.939274371903255,2.7559156827957718,0.072183603,0.006730079,32.726762,"{""init"":""halton"",""popsize"":5,""strategy"":""best1bin"",""updating"":""immediate""}"
pilot,scipy-best-p5-halton,scipy,23,2,10,2,2000,2000,2.3236316944655222,,,3.9001432725901122,3.4025231693231852,3.0770485445733686,2.3236316944655222,0.071552804,0.006705374,32.423715,"{""init"":""halton"",""popsize"":5,""strategy"":""best1bin"",""updating"":""immediate""}"
pilot,scipy-best-p5-halton-deferred,scipy,1,1,5,1,1000,1000,0.00034959719542371204,627,,5.2996650726703933,1.0313980772168776,0.045406633066093605,0.00034959719542371204,0.015768051,0.000990773,14.777278,"{""init"":""halton"",""popsize"":5,""strategy"":""best1bin"",""updating"":""deferred""}"
pilot,scipy-best-p5-halton-deferred,scipy,1,1,5,2,1000,1000,0.00023507333982308865,603,,3.0910890069443298,0.24853140499112669,0.01831978344040408,0.00023507333982308865,0.017059749,0.000971858,16.087891,"{""init"":""halton"",""popsize"":5,""strategy"":""best1bin"",""updating"":""deferred""}"
pilot,scipy-best-p5-halton-deferred,scipy,1,1,10,1,2000,2000,0.010000702087950231,,,25.482765709267738,7.640744177357746,2.1598329025380849,0.010000702087950231,0.02500054,0.002459346,11.270597,"{""init"":""halton"",""popsize"":5,""strategy"":""best1bin"",""updating"":""deferred""}"
pilot,scipy-best-p5-halton-deferred,scipy,1,1,10,2,2000,2000,0.06607520252285326,,,27.115633578997802,7.6742363130966282,2.3036653895766648,0.06607520252285326,0.024089585,0.002371471,10.859057,"{""init"":""halton"",""popsize"":5,""strategy"":""best1bin"",""updating"":""deferred""}"
pilot,scipy-best-p5-halton-deferred,scipy,1,2,5,1,1000,1000,0.00067543460801289257,768,,6.6552725738831668,0.44733325119852907,0.081449227698101367,0.00067543460801289257,0.015863336,0.00103123,14.832106,"{""init"":""halton"",""popsize"":5,""strategy"":""best1bin"",""updating"":""deferred""}"
pilot,scipy-best-p5-halton-deferred,scipy,1,2,5,2,1000,1000,1.3981548988795112e-05,505,,1.5877140967731975,0.40433844648242712,0.031686481940027988,1.3981548988795112e-05,0.01578004,0.00105103,14.72901,"{""init"":""halton"",""popsize"":5,""strategy"":""best1bin"",""updating"":""deferred""}"
pilot,scipy-best-p5-halton-deferred,scipy,1,2,10,1,2000,2000,0.031546834544030844,,,26.136894610769446,15.828243216834721,1.520106320321247,0.031546834544030844,0.025593157,0.002584629,11.504264,"{""init"":""halton"",""popsize"":5,""strategy"":""best1bin"",""updating"":""deferred""}"
pilot,scipy-best-p5-halton-deferred,scipy,1,2,10,2,2000,2000,0.018108177250724111,,,24.755045479205137,5.8718331215227408,0.97752726460157646,0.018108177250724111,0.02328503,0.002335218,10.474906,"{""init"":""halton"",""popsize"":5,""strategy"":""best1bin"",""updating"":""deferred""}"
pilot,scipy-best-p5-halton-deferred,scipy,3,1,5,1,1000,1000,12.559743530831327,,,46.393929185321042,26.092668170060449,21.852513964123432,12.559743530831327,0.017820296,0.002062101,15.758195,"{""init"":""halton"",""popsize"":5,""strategy"":""best1bin"",""updating"":""deferred""}"
pilot,scipy-best-p5-halton-deferred,scipy,3,1,5,2,1000,1000,5.535661658003562,,,47.462147226452657,45.859492240601128,18.815317863132009,5.535661658003562,0.016123694,0.001907616,14.216078,"{""init"":""halton"",""popsize"":5,""strategy"":""best1bin"",""updating"":""deferred""}"
pilot,scipy-best-p5-halton-deferred,scipy,3,1,10,1,2000,2000,38.796126518129142,,,124.63821645385684,124.63821645385684,71.072405471957666,38.796126518129142,0.030121725,0.006167009,11.977358,"{""init"":""halton"",""popsize"":5,""strategy"":""best1bin"",""updating"":""deferred""}"
pilot,scipy-best-p5-halton-deferred,scipy,3,1,10,2,2000,2000,32.875438833304031,,,144.5111494731317,109.19462821861202,67.127325861784527,32.875438833304031,0.028331521,0.005789155,11.271183,"{""init"":""halton"",""popsize"":5,""strategy"":""best1bin"",""updating"":""deferred""}"
pilot,scipy-best-p5-halton-deferred,scipy,3,2,5,1,1000,1000,13.541942152115581,,,40.283053110059427,18.042630122701297,14.347617116029468,13.541942152115581,0.018856753,0.002128886,16.727867,"{""init"":""halton"",""popsize"":5,""strategy"":""best1bin"",""updating"":""deferred""}"
pilot,scipy-best-p5-halton-deferred,scipy,3,2,5,2,1000,1000,4.4846142381768743,,,45.688731912123757,18.698261082188523,15.558707698484,4.4846142381768743,0.016607791,0.001871852,14.735939,"{""init"":""halton"",""popsize"":5,""strategy"":""best1bin"",""updating"":""deferred""}"
pilot,scipy-best-p5-halton-deferred,scipy,3,2,10,1,2000,2000,55.853384641493534,,,166.35778017194343,103.71118409111551,65.643698228820966,55.853384641493534,0.027364078,0.005703863,10.8301075,"{""init"":""halton"",""popsize"":5,""strategy"":""best1bin"",""updating"":""deferred""}"
pilot,scipy-best-p5-halton-deferred,scipy,3,2,10,2,2000,2000,52.201788582160958,,,168.19222959240517,99.008503955652884,55.405802145047687,52.201788582160958,0.027660903,0.005739558,10.9606725,"{""init"":""halton"",""popsize"":5,""strategy"":""best1bin"",""updating"":""deferred""}"
pilot,scipy-best-p5-halton-deferred,scipy,6,1,5,1,1000,1000,0.17657342722402802,,,14.095868522962455,4.0584229886974228,0.38305078789732505,0.17657342722402802,0.020278124,0.00156397,18.714154,"{""init"":""halton"",""popsize"":5,""strategy"":""best1bin"",""updating"":""deferred""}"
pilot,scipy-best-p5-halton-deferred,scipy,6,1,5,2,1000,1000,0.53925465524895344,,,42.913667015570702,13.461279099592055,6.5448091199224407,0.53925465524895344,0.02123891,0.001686327,19.552583,"{""init"":""halton"",""popsize"":5,""strategy"":""best1bin"",""updating"":""deferred""}"
pilot,scipy-best-p5-halton-deferred,scipy,6,1,10,1,2000,2000,15.063695470255404,,,1273.7818586768619,109.69457099608189,36.732480101761816,15.063695470255404,0.031084452,0.003816976,13.633738,"{""init"":""halton"",""popsize"":5,""strategy"":""best1bin"",""updating"":""deferred""}"
pilot,scipy-best-p5-halton-deferred,scipy,6,1,10,2,2000,2000,12.609191096341242,,,116.42762443646092,78.012408034122473,42.587221035232425,12.609191096341242,0.031661769,0.003876629,13.89257,"{""init"":""halton"",""popsize"":5,""strategy"":""best1bin"",""updating"":""deferred""}"
pilot,scipy-best-p5-halton-deferred,scipy,6,2,5,1,1000,1000,0.44094989867436851,,,62.53536788223812,23.657125344430941,6.908965970711737,0.44094989867436851,0.016694636,0.001339849,15.354787,"{""init"":""halton"",""popsize"":5,""strategy"":""best1bin"",""updating"":""deferred""}"
pilot,scipy-best-p5-halton-deferred,scipy,6,2,5,2,1000,1000,0.1533413674070836,,,81.78663045404403,12.829248183174034,3.015456901904674,0.1533413674070836,0.01629021,0.001348047,14.942163,"{""init"":""halton"",""popsize"":5,""strategy"":""best1bin"",""updating"":""deferred""}"
pilot,scipy-best-p5-halton-deferred,scipy,6,2,10,1,2000,2000,19.152105414266106,,,212.42644708858825,111.17573319656552,65.479245575149449,19.152105414266106,0.023961888,0.00304352,10.459184,"{""init"":""halton"",""popsize"":5,""strategy"":""best1bin"",""updating"":""deferred""}"
pilot,scipy-best-p5-halton-deferred,scipy,6,2,10,2,2000,2000,12.165612930821826,,,187.25205960031218,60.351589410925044,24.477683544290418,12.165612930821826,0.023900745,0.00301397,10.4433875,"{""init"":""halton"",""popsize"":5,""strategy"":""best1bin"",""updating"":""deferred""}"
pilot,scipy-best-p5-halton-deferred,scipy,8,1,5,1,1000,1000,2.7471163950582138,,,33.076977064119092,33.076977064119092,5.1574701782756449,2.7471163950582138,0.016018343,0.00105633,14.962013,"{""init"":""halton"",""popsize"":5,""strategy"":""best1bin"",""updating"":""deferred""}"
pilot,scipy-best-p5-halton-deferred,scipy,8,1,5,2,1000,1000,2.2049370287012096,,,183.86110964515208,83.09314431139228,7.0948432173276217,2.2049370287012096,0.015375511,0.000994218,14.381293,"{""init"":""halton"",""popsize"":5,""strategy"":""best1bin"",""updating"":""deferred""}"
pilot,scipy-best-p5-halton-deferred,scipy,8,1,10,1,2000,2000,16.665942569835494,,,10357.523544635293,974.40499071293345,312.18597853987603,16.665942569835494,0.023382392,0.002424645,10.4788735,"{""init"":""halton"",""popsize"":5,""strategy"":""best1bin"",""updating"":""deferred""}"
pilot,scipy-best-p5-halton-deferred,scipy,8,1,10,2,2000,2000,15.186284415792358,,,8542.6800924684521,863.0188180570027,93.14627702380298,15.186284415792358,0.023684843,0.002382366,10.6512385,"{""init"":""halton"",""popsize"":5,""strategy"":""best1bin"",""updating"":""deferred""}"
pilot,scipy-best-p5-halton-deferred,scipy,8,2,5,1,1000,1000,3.174804311577077,,,278.26943967891316,24.73764746935808,12.403894651791916,3.174804311577077,0.01477703,0.000965862,13.811168,"{""init"":""halton"",""popsize"":5,""strategy"":""best1bin"",""updating"":""deferred""}"
pilot,scipy-best-p5-halton-deferred,scipy,8,2,5,2,1000,1000,1.72412133690068,,,489.65822448315851,32.96020309129301,5.458118528749651,1.72412133690068,0.015000907,0.000986536,14.014371,"{""init"":""halton"",""popsize"":5,""strategy"":""best1bin"",""updating"":""deferred""}"
pilot,scipy-best-p5-halton-deferred,scipy,8,2,10,1,2000,2000,23.343303951704115,,,5668.8686649801512,1554.3303564154214,110.79010885798516,23.343303951704115,0.025411431,0.002547203,11.432114,"{""init"":""halton"",""popsize"":5,""strategy"":""best1bin"",""updating"":""deferred""}"
pilot,scipy-best-p5-halton-deferred,scipy,8,2,10,2,2000,2000,22.812523762645583,,,7989.4696633903222,1113.4917599238877,182.03242640261601,22.812523762645583,0.023941553,0.0024077,10.7669265,"{""init"":""halton"",""popsize"":5,""strategy"":""best1bin"",""updating"":""deferred""}"
pilot,scipy-best-p5-halton-deferred,scipy,10,1,5,1,1000,1000,756.36295381185755,,,21367.848131940562,756.36295381185755,756.36295381185755,756.36295381185755,0.018618157,0.001890767,16.72739,"{""init"":""halton"",""popsize"":5,""strategy"":""best1bin"",""updating"":""deferred""}"
pilot,scipy-best-p5-halton-deferred,scipy,10,1,5,2,1000,1000,175.7195630811307,,,46632.303567745192,23717.926281094879,5888.7554331505426,175.7195630811307,0.016092096,0.001638296,14.4538,"{""init"":""halton"",""popsize"":5,""strategy"":""best1bin"",""updating"":""deferred""}"
pilot,scipy-best-p5-halton-deferred,scipy,10,1,10,1,2000,2000,15214.053276736491,,,361118.41880597116,268278.46943588904,58404.544105791319,15214.053276736491,0.027051827,0.004812376,11.1197255,"{""init"":""halton"",""popsize"":5,""strategy"":""best1bin"",""updating"":""deferred""}"
pilot,scipy-best-p5-halton-deferred,scipy,10,1,10,2,2000,2000,21880.448596369697,,,134817.65400697934,74427.05176180345,34561.903189331744,21880.448596369697,0.026273618,0.004737713,10.7679525,"{""init"":""halton"",""popsize"":5,""strategy"":""best1bin"",""updating"":""deferred""}"
pilot,scipy-best-p5-halton-deferred,scipy,10,2,5,1,1000,1000,131.03017469205989,,,61918.628132864927,15511.283107296007,2729.2311127592179,131.03017469205989,0.016651686,0.001667776,14.98391,"{""init"":""halton"",""popsize"":5,""strategy"":""best1bin"",""updating"":""deferred""}"
pilot,scipy-best-p5-halton-deferred,scipy,10,2,5,2,1000,1000,1010.7323878884291,,,26260.65373558423,13642.754751344379,2960.6477883046578,1010.7323878884291,0.017856608,0.001819281,16.037327,"{""init"":""halton"",""popsize"":5,""strategy"":""best1bin"",""updating"":""deferred""}"
pilot,scipy-best-p5-halton-deferred,scipy,10,2,10,1,2000,2000,41139.525375741869,,,351938.84115164174,116371.61943341811,42164.553741619915,41139.525375741869,0.026600748,0.00477184,10.914454,"{""init"":""halton"",""popsize"":5,""strategy"":""best1bin"",""updating"":""deferred""}"
pilot,scipy-best-p5-halton-deferred,scipy,10,2,10,2,2000,2000,18523.184903955364,,,368714.90798236826,72004.924690560147,50834.69245796527,18523.184903955364,0.026341523,0.004693462,10.8240305,"{""init"":""halton"",""popsize"":5,""strategy"":""best1bin"",""updating"":""deferred""}"
pilot,scipy-best-p5-halton-deferred,scipy,12,1,5,1,1000,1000,1667.250325140199,,,576156.21898343868,522094.35753001692,174526.81119831739,1667.250325140199,0.016812874,0.001272542,15.540332,"{""init"":""halton"",""popsize"":5,""strategy"":""best1bin"",""updating"":""deferred""}"
pilot,scipy-best-p5-halton-deferred,scipy,12,1,5,2,1000,1000,85.773462215785344,,,3920947.7791998279,529804.46529643668,9977.9117490006174,85.773462215785344,0.015222246,0.001125264,14.096982,"{""init"":""halton"",""popsize"":5,""strategy"":""best1bin"",""updating"":""deferred""}"
pilot,scipy-best-p5-halton-deferred,scipy,12,1,10,1,2000,2000,38280.514836552728,,,36251075.719910361,7557867.5328239352,606446.96719950147,38280.514836552728,0.024648293,0.0030705,10.7888965,"{""init"":""halton"",""popsize"":5,""strategy"":""best1bin"",""updating"":""deferred""}"
pilot,scipy-best-p5-halton-deferred,scipy,12,1,10,2,2000,2000,29673.258609153785,,,13554215.695228441,5161682.9850808438,877761.19198115799,29673.258609153785,0.025011469,0.003139553,10.935958,"{""init"":""halton"",""popsize"":5,""strategy"":""best1bin"",""updating"":""deferred""}"
pilot,scipy-best-p5-halton-deferred,scipy,12,2,5,1,1000,1000,1276.3003580591674,,,1710060.7492803775,125778.61990864824,10719.325589790036,1276.3003580591674,0.016595085,0.001242894,15.352191,"{""init"":""halton"",""popsize"":5,""strategy"":""best1bin"",""updating"":""deferred""}"
pilot,scipy-best-p5-halton-deferred,scipy,12,2,5,2,1000,1000,1503.8303926005392,,,4301388.7756123142,772312.28148756095,78803.075908759391,1503.8303926005392,0.015104533,0.001124765,13.979768,"{""init"":""halton"",""popsize"":5,""strategy"":""best1bin"",""updating"":""deferred""}"
pilot,scipy-best-p5-halton-deferred,scipy,12,2,10,1,2000,2000,250959.82224519213,,,20906607.575177923,10342362.268254304,4610538.4681545282,250959.82224519213,0.024604642,0.00310466,10.749991,"{""init"":""halton"",""popsize"":5,""strategy"":""best1bin"",""updating"":""deferred""}"
pilot,scipy-best-p5-halton-deferred,scipy,12,2,10,2,2000,2000,14091.172043623525,,,17455262.510677103,1713276.4374138783,746583.23308988463,14091.172043623525,0.024662537,0.003105597,10.77847,"{""init"":""halton"",""popsize"":5,""strategy"":""best1bin"",""updating"":""deferred""}"
pilot,scipy-best-p5-halton-deferred,scipy,15,1,5,1,1000,1000,19.379421526154601,,,47.852947559355698,43.044998340074699,36.530043017771504,19.379421526154601,0.016922513,0.001955811,14.966702,"{""init"":""halton"",""popsize"":5,""strategy"":""best1bin"",""updating"":""deferred""}"
pilot,scipy-best-p5-halton-deferred,scipy,15,1,5,2,1000,1000,26.383052784938627,,,61.956209785674218,29.983667780710903,27.469108355000799,26.383052784938627,0.01602235,0.00190727,14.11508,"{""init"":""halton"",""popsize"":5,""strategy"":""best1bin"",""updating"":""deferred""}"
pilot,scipy-best-p5-halton-deferred,scipy,15,1,10,1,2000,2000,63.168652944299083,,,122.3648566833599,93.1110308942134,70.12144067505551,63.168652944299083,0.029669669,0.00631883,11.6754195,"{""init"":""halton"",""popsize"":5,""strategy"":""best1bin"",""updating"":""deferred""}"
pilot,scipy-best-p5-halton-deferred,scipy,15,1,10,2,2000,2000,67.887940094186888,,,154.05560163564041,70.285583647077374,70.285583647077374,67.887940094186888,0.027107821,0.005806008,10.6509065,"{""init"":""halton"",""popsize"":5,""strategy"":""best1bin"",""updating"":""deferred""}"
pilot,scipy-best-p5-halton-deferred,scipy,15,2,5,1,1000,1000,15.77804528824808,,,60.581878889053741,33.408429348020064,15.978887141925512,15.77804528824808,0.015739817,0.001916894,13.822923,"{""init"":""halton"",""popsize"":5,""strategy"":""best1bin"",""updating"":""deferred""}"
pilot,scipy-best-p5-halton-deferred,scipy,15,2,5,2,1000,1000,12.231194352618331,,,73.531048626021374,41.696118443462964,24.811104437100042,12.231194352618331,0.016239769,0.001929276,14.310493,"{""init"":""halton"",""popsize"":5,""strategy"":""best1bin"",""updating"":""deferred""}"
pilot,scipy-best-p5-halton-deferred,scipy,15,2,10,1,2000,2000,84.382984109185372,,,170.09000968647084,110.05721725501806,89.533077698069832,84.382984109185372,0.027906139,0.005871759,11.01719,"{""init"":""halton"",""popsize"":5,""strategy"":""best1bin"",""updating"":""deferred""}"
pilot,scipy-best-p5-halton-deferred,scipy,15,2,10,2,2000,2000,60.104013508345986,,,157.45522009435672,157.45522009435672,91.496313451784772,60.104013508345986,0.027488678,0.005828851,10.8299135,"{""init"":""halton"",""popsize"":5,""strategy"":""best1bin"",""updating"":""deferred""}"
pilot,scipy-best-p5-halton-deferred,scipy,17,1,5,1,1000,1000,0.27082954045949137,,,3.0901306091757501,1.6559514820601589,1.1731108880109407,0.27082954045949137,0.022012385,0.002059078,19.953307,"{""init"":""halton"",""popsize"":5,""strategy"":""best1bin"",""updating"":""deferred""}"
pilot,scipy-best-p5-halton-deferred,scipy,17,1,5,2,1000,1000,0.3527942041751011,,,5.5595438458359823,2.6236002471410949,1.2975858820437498,0.3527942041751011,0.021292572,0.002180396,19.112176,"{""init"":""halton"",""popsize"":5,""strategy"":""best1bin"",""updating"":""deferred""}"
pilot,scipy-best-p5-halton-deferred,scipy,17,1,10,1,2000,2000,0.85655999066345245,,,5.8636247218293462,3.2929886907332726,1.7751190009192541,0.85655999066345245,0.033864305,0.005923362,13.9704715,"{""init"":""halton"",""popsize"":5,""strategy"":""best1bin"",""updating"":""deferred""}"
pilot,scipy-best-p5-halton-deferred,scipy,17,1,10,2,2000,2000,0.81920680956439895,,,6.9456487012632024,2.5911389792867627,1.7164078890516503,0.81920680956439895,0.028585863,0.00517516,11.7053515,"{""init"":""halton"",""popsize"":5,""strategy"":""best1bin"",""updating"":""deferred""}"
pilot,scipy-best-p5-halton-deferred,scipy,17,2,5,1,1000,1000,0.2451731173351277,,,3.7459733767333567,1.7491846564757942,0.51764406069584723,0.2451731173351277,0.017995238,0.001768236,16.227002,"{""init"":""halton"",""popsize"":5,""strategy"":""best1bin"",""updating"":""deferred""}"
pilot,scipy-best-p5-halton-deferred,scipy,17,2,5,2,1000,1000,0.037002346098272909,,,2.7927740837166866,1.0469636773782582,0.35867699934925668,0.037002346098272909,0.015930784,0.001587788,14.342996,"{""init"":""halton"",""popsize"":5,""strategy"":""best1bin"",""updating"":""deferred""}"
pilot,scipy-best-p5-halton-deferred,scipy,17,2,10,1,2000,2000,1.0958637442898294,,,5.92209074782361,3.6109812038113809,2.4355170812666778,1.0958637442898294,0.026332493,0.004690062,10.8212155,"{""init"":""halton"",""popsize"":5,""strategy"":""best1bin"",""updating"":""deferred""}"
pilot,scipy-best-p5-halton-deferred,scipy,17,2,10,2,2000,2000,1.0085111097084933,,,3.4832434628720925,3.4832434628720925,1.5530911025030782,1.0085111097084933,0.028011133,0.005040383,11.485375,"{""init"":""halton"",""popsize"":5,""strategy"":""best1bin"",""updating"":""deferred""}"
pilot,scipy-best-p5-halton-deferred,scipy,20,1,5,1,1000,1000,1.1899052534693055,,,4.8898335822693753,2.8273163960193415,1.5540272328315723,1.1899052534693055,0.016608998,0.002152225,14.456773,"{""init"":""halton"",""popsize"":5,""strategy"":""best1bin"",""updating"":""deferred""}"
pilot,scipy-best-p5-halton-deferred,scipy,20,1,5,2,1000,1000,1.0100867882594002,,,3.4423064734202171,1.909919113001024,1.3777038030492577,1.0100867882594002,0.016487576,0.002153849,14.333727,"{""init"":""halton"",""popsize"":5,""strategy"":""best1bin"",""updating"":""deferred""}"
pilot,scipy-best-p5-halton-deferred,scipy,20,1,10,1,2000,2000,2.4823011338563674,,,1594.3762217854994,54.286915664940864,2.4823011338563674,2.4823011338563674,0.027196824,0.005475863,10.8604805,"{""init"":""halton"",""popsize"":5,""strategy"":""best1bin"",""updating"":""deferred""}"
pilot,scipy-best-p5-halton-deferred,scipy,20,1,10,2,2000,2000,1.5934001831240039,,,244.58361481559945,3.7005308124925023,2.8272043866232934,1.5934001831240039,0.02721756,0.005506026,10.855767,"{""init"":""halton"",""popsize"":5,""strategy"":""best1bin"",""updating"":""deferred""}"
pilot,scipy-best-p5-halton-deferred,scipy,20,2,5,1,1000,1000,1.0143619089025151,,,30.622352267693941,1.833204391288632,1.833204391288632,1.0143619089025151,0.016421068,0.002134645,14.286423,"{""init"":""halton"",""popsize"":5,""strategy"":""best1bin"",""updating"":""deferred""}"
pilot,scipy-best-p5-halton-deferred,scipy,20,2,5,2,1000,1000,0.85306377862673344,,,561.82433342711647,97.655626586890776,1.9641458260239233,0.85306377862673344,0.018610099,0.002431923,16.178176,"{""init"":""halton"",""popsize"":5,""strategy"":""best1bin"",""updating"":""deferred""}"
pilot,scipy-best-p5-halton-deferred,scipy,20,2,10,1,2000,2000,2.2825336667216334,,,2278.8788124169569,2.6881252564772922,2.6881252564772922,2.2825336667216334,0.026996139,0.005540375,10.727882,"{""init"":""halton"",""popsize"":5,""strategy"":""best1bin"",""updating"":""deferred""}"
pilot,scipy-best-p5-halton-deferred,scipy,20,2,10,2,2000,2000,2.09525090175066,,,1126.4745372645862,3.6133444950577314,2.3457745545197213,2.09525090175066,0.026955857,0.005462629,10.746614,"{""init"":""halton"",""popsize"":5,""strategy"":""best1bin"",""updating"":""deferred""}"
pilot,scipy-best-p5-halton-deferred,scipy,23,1,5,1,1000,1000,2.3274162548515909,,,3.8042571428340191,2.3274162548515909,2.3274162548515909,2.3274162548515909,0.01748952,0.001838537,15.650983,"{""init"":""halton"",""popsize"":5,""strategy"":""best1bin"",""updating"":""deferred""}"
pilot,scipy-best-p5-halton-deferred,scipy,23,1,5,2,1000,1000,1.2303818070034369,,,2.7565545905766102,2.7565545905766102,1.4210689162773784,1.2303818070034369,0.016043352,0.001691092,14.35226,"{""init"":""halton"",""popsize"":5,""strategy"":""best1bin"",""updating"":""deferred""}"
pilot,scipy-best-p5-halton-deferred,scipy,23,1,10,1,2000,2000,2.0056728623425313,,,2.6108637948401894,2.5315239987344063,2.5315239987344063,2.0056728623425313,0.026826823,0.005114561,10.856131,"{""init"":""halton"",""popsize"":5,""strategy"":""best1bin"",""updating"":""deferred""}"
pilot,scipy-best-p5-halton-deferred,scipy,23,1,10,2,2000,2000,2.9146145498441003,,,3.2167357009920599,3.2167357009920599,3.0631885345356027,2.9146145498441003,0.027151328,0.005158099,10.9966145,"{""init"":""halton"",""popsize"":5,""strategy"":""best1bin"",""updating"":""deferred""}"
pilot,scipy-best-p5-halton-deferred,scipy,23,2,5,1,1000,1000,2.6342395590504233,,,3.4738931511023012,3.4738931511023012,2.6342395590504233,2.6342395590504233,0.016223491,0.001697109,14.526382,"{""init"":""halton"",""popsize"":5,""strategy"":""best1bin"",""updating"":""deferred""}"
pilot,scipy-best-p5-halton-deferred,scipy,23,2,5,2,1000,1000,2.3876356601622044,,,3.0790120077623189,3.0790120077623189,2.8408219933722019,2.3876356601622044,0.016192989,0.001683646,14.509343,"{""init"":""halton"",""popsize"":5,""strategy"":""best1bin"",""updating"":""deferred""}"
pilot,scipy-best-p5-halton-deferred,scipy,23,2,10,1,2000,2000,2.6645438034030247,,,3.9037110531661825,3.9037110531661825,2.6645438034030247,2.6645438034030247,0.026921852,0.005204318,10.858767,"{""init"":""halton"",""popsize"":5,""strategy"":""best1bin"",""updating"":""deferred""}"
pilot,scipy-best-p5-halton-deferred,scipy,23,2,10,2,2000,2000,2.2813996438718873,,,4.2889316163600313,3.3280156190771892,3.3280156190771892,2.2813996438718873,0.026784365,0.00514868,10.8178425,"{""init"":""halton"",""popsize"":5,""strategy"":""best1bin"",""updating"":""deferred""}"
pilot,pairde-p5-halton,pairde,1,1,5,1,1000,1000,0.0011192720445478699,802,,3.6392004175734343,2.2115825948972088,0.077424949095046713,0.0011192720445478699,0.025616543,0.000997435,24.619108,"{""init"":""halton"",""mutation"":[0.5,1.0],""popsize"":5,""recombination"":0.7}"
pilot,pairde-p5-halton,pairde,1,1,5,2,1000,1000,0.00018340585539533549,553,,3.9958771050407762,0.4873919334710024,0.015095486469846264,0.00018340585539533549,0.024451759,0.000996138,23.455621,"{""init"":""halton"",""mutation"":[0.5,1.0],""popsize"":5,""recombination"":0.7}"
pilot,pairde-p5-halton,pairde,1,1,10,1,2000,2000,0.10516213463270674,,,21.744338982245608,12.104467537910196,2.0663521673924663,0.10516213463270674,0.039268972,0.002337572,18.4657,"{""init"":""halton"",""mutation"":[0.5,1.0],""popsize"":5,""recombination"":0.7}"
pilot,pairde-p5-halton,pairde,1,1,10,2,2000,2000,0.12709928345171306,,,15.514151428523363,4.8673610818074167,0.97057478546531684,0.12709928345171306,0.038289582,0.002313911,17.9878355,"{""init"":""halton"",""mutation"":[0.5,1.0],""popsize"":5,""recombination"":0.7}"
pilot,pairde-p5-halton,pairde,1,2,5,1,1000,1000,0.00015284110247648641,619,,7.3588312194655714,0.99543431517167846,0.017401919623182494,0.00015284110247648641,0.025777175,0.001081483,24.695692,"{""init"":""halton"",""mutation"":[0.5,1.0],""popsize"":5,""recombination"":0.7}"
pilot,pairde-p5-halton,pairde,1,2,5,2,1000,1000,0.00016698650307489515,606,,1.5877140967731975,0.41385311648622292,0.034505470379656344,0.00016698650307489515,0.031302607,0.001361097,29.94151,"{""init"":""halton"",""mutation"":[0.5,1.0],""popsize"":5,""recombination"":0.7}"
pilot,pairde-p5-halton,pairde,1,2,10,1,2000,2000,0.10620323743859217,,,17.113688866871314,7.1434039087657197,1.0927764587885918,0.10620323743859217,0.038449129,0.0023063,18.0714145,"{""init"":""halton"",""mutation"":[0.5,1.0],""popsize"":5,""recombination"":0.7}"
pilot,pairde-p5-halton,pairde,1,2,10,2,2000,2000,0.24768080645134205,,,24.748294827568827,5.714962359268327,1.8416064883301146,0.24768080645134205,0.041823487,0.002521424,19.6510315,"{""init"":""halton"",""mutation"":[0.5,1.0],""popsize"":5,""recombination"":0.7}"
pilot,pairde-p5-halton,pairde,3,1,5,1,1000,1000,12.978695564377745,,,43.108537983899112,43.108537983899112,23.768272805506626,12.978695564377745,0.026149516,0.001937293,24.212223,"{""init"":""halton"",""mutation"":[0.5,1.0],""popsize"":5,""recombination"":0.7}"
pilot,pairde-p5-halton,pairde,3,1,5,2,1000,1000,15.697057571497339,,,40.398024686515498,20.091765631103044,19.988292308493499,15.697057571497339,0.025900012,0.001920509,23.979503,"{""init"":""halton"",""mutation"":[0.5,1.0],""popsize"":5,""recombination"":0.7}"
pilot,pairde-p5-halton,pairde,3,1,10,1,2000,2000,61.254728829357134,,,101.03225806530116,88.468654673535582,74.485723273393489,61.254728829357134,0.043861423,0.005802745,19.029339,"{""init"":""halton"",""mutation"":[0.5,1.0],""popsize"":5,""recombination"":0.7}"
pilot,pairde-p5-halton,pairde,3,1,10,2,2000,2000,47.601220127767078,,,138.62444066028797,104.74510231443082,61.282254088305024,47.601220127767078,0.042981583,0.005713854,18.6338645,"{""init"":""halton"",""mutation"":[0.5,1.0],""popsize"":5,""recombination"":0.7}"
pilot,pairde-p5-halton,pairde,3,2,5,1,1000,1000,6.8482516536978721,,,14.702809263690483,14.702809263690483,14.702809263690483,6.8482516536978721,0.026176535,0.001917684,24.258851,"{""init"":""halton"",""mutation"":[0.5,1.0],""popsize"":5,""recombination"":0.7}"
pilot,pairde-p5-halton,pairde,3,2,5,2,1000,1000,2.7748725222584909,,,44.580190880619767,31.089762421714624,21.410094306307471,2.7748725222584909,0.026249561,0.001941455,24.308106,"{""init"":""halton"",""mutation"":[0.5,1.0],""popsize"":5,""recombination"":0.7}"
pilot,pairde-p5-halton,pairde,3,2,10,1,2000,2000,45.912245552473166,,,168.74233321783657,103.23077269961911,65.046569860528194,45.912245552473166,0.043035059,0.00593062,18.5522195,"{""init"":""halton"",""mutation"":[0.5,1.0],""popsize"":5,""recombination"":0.7}"
pilot,pairde-p5-halton,pairde,3,2,10,2,2000,2000,42.34035783532542,,,182.92968622586963,112.09258160813789,60.739390656485739,42.34035783532542,0.042226727,0.00571647,18.2551285,"{""init"":""halton"",""mutation"":[0.5,1.0],""popsize"":5,""recombination"":0.7}"
pilot,pairde-p5-halton,pairde,6,1,5,1,1000,1000,0.27723185738537381,,,23.542739665429004,7.8661943420130314,3.4917696673084748,0.27723185738537381,0.027177162,0.00140408,25.773082,"{""init"":""halton"",""mutation"":[0.5,1.0],""popsize"":5,""recombination"":0.7}"
pilot,pairde-p5-halton,pairde,6,1,5,2,1000,1000,1.3688096066721087,,,56.631560938287699,14.647838297983533,6.651933602094779,1.3688096066721087,0.026279646,0.001330155,24.949491,"{""init"":""halton"",""mutation"":[0.5,1.0],""popsize"":5,""recombination"":0.7}"
pilot,pairde-p5-halton,pairde,6,1,10,1,2000,2000,12.267776736686578,,,167.7551521497985,95.21047064493078,36.326733980444011,12.267776736686578,0.03978374,0.003031088,18.376326,"{""init"":""halton"",""mutation"":[0.5,1.0],""popsize"":5,""recombination"":0.7}"
pilot,pairde-p5-halton,pairde,6,1,10,2,2000,2000,12.457929776108607,,,4368.3662662753313,118.45457877314863,47.656324337955859,12.457929776108607,0.040268881,0.003041599,18.613641,"{""init"":""halton"",""mutation"":[0.5,1.0],""popsize"":5,""recombination"":0.7}"
pilot,pairde-p5-halton,pairde,6,2,5,1,1000,1000,0.6786333295172291,,,61.942841397925307,23.656057309346668,8.6889327807358505,0.6786333295172291,0.025545515,0.001311984,24.233531,"{""init"":""halton"",""mutation"":[0.5,1.0],""popsize"":5,""recombination"":0.7}"
pilot,pairde-p5-halton,pairde,6,2,5,2,1000,1000,0.35647519420782103,,,98.791404998953908,25.486844906958229,4.714116026588588,0.35647519420782103,0.025957285,0.001322974,24.634311,"{""init"":""halton"",""mutation"":[0.5,1.0],""popsize"":5,""recombination"":0.7}"
pilot,pairde-p5-halton,pairde,6,2,10,1,2000,2000,26.672861813442875,,,10985.761370390195,115.07408713249481,62.264883156289869,26.672861813442875,0.040121254,0.003067827,18.5267135,"{""init"":""halton"",""mutation"":[0.5,1.0],""popsize"":5,""recombination"":0.7}"
pilot,pairde-p5-halton,pairde,6,2,10,2,2000,2000,20.405086312211115,,,201.61850837609933,113.35321726021627,58.683287212297145,20.405086312211115,0.040254495,0.003049791,18.602352,"{""init"":""halton"",""mutation"":[0.5,1.0],""popsize"":5,""recombination"":0.7}"
pilot,pairde-p5-halton,pairde,8,1,5,1,1000,1000,4.5366130707206764,,,650.73278538054194,57.740408523152468,16.519681204489899,4.5366130707206764,0.025654247,0.000996663,24.657584,"{""init"":""halton"",""mutation"":[0.5,1.0],""popsize"":5,""recombination"":0.7}"
pilot,pairde-p5-halton,pairde,8,1,5,2,1000,1000,2.8439296402390539,,,1526.255588832875,445.83342658511242,20.919877101211881,2.8439296402390539,0.028106637,0.00113985,26.966787,"{""init"":""halton"",""mutation"":[0.5,1.0],""popsize"":5,""recombination"":0.7}"
pilot,pairde-p5-halton,pairde,8,1,10,1,2000,2000,53.160994983463354,,,10401.755448707216,1890.9350812321795,609.81654702262847,53.160994983463354,0.038592825,0.002373086,18.1098695,"{""init"":""halton"",""mutation"":[0.5,1.0],""popsize"":5,""recombination"":0.7}"
pilot,pairde-p5-halton,pairde,8,1,10,2,2000,2000,88.103749598381427,,,7305.2153001353745,2169.2501481985087,909.59005305916355,88.103749598381427,0.039395432,0.002381077,18.5071775,"{""init"":""halton"",""mutation"":[0.5,1.0],""popsize"":5,""recombination"":0.7}"
pilot,pairde-p5-halton,pairde,8,2,5,1,1000,1000,1.4109334181163149,,,229.63376809493138,49.969077757221157,4.6494134035008301,1.4109334181163149,0.024291477,0.00101051,23.280967,"{""init"":""halton"",""mutation"":[0.5,1.0],""popsize"":5,""recombination"":0.7}"
pilot,pairde-p5-halton,pairde,8,2,5,2,1000,1000,4.1327620382442092,,,1365.1350927500237,299.24475348365831,54.720840565003641,4.1327620382442092,0.025130789,0.001005399,24.12539,"{""init"":""halton"",""mutation"":[0.5,1.0],""popsize"":5,""recombination"":0.7}"
pilot,pairde-p5-halton,pairde,8,2,10,1,2000,2000,13.727370990593727,,,24959.975639443041,3965.9921265272378,295.2599151621539,13.727370990593727,0.038646084,0.00236394,18.141072,"{""init"":""halton"",""mutation"":[0.5,1.0],""popsize"":5,""recombination"":0.7}"
pilot,pairde-p5-halton,pairde,8,2,10,2,2000,2000,27.999024578018407,,,4006.5048513771808,712.17660843097678,224.50263552614035,27.999024578018407,0.039136518,0.002488821,18.3238485,"{""init"":""halton"",""mutation"":[0.5,1.0],""popsize"":5,""recombination"":0.7}"
pilot,pairde-p5-halton,pairde,10,1,5,1,1000,1000,125.92448021254027,,,64342.311601000307,5049.3984604757061,180.6926091726599,125.92448021254027,0.033326468,0.002118618,31.20785,"{""init"":""halton"",""mutation"":[0.5,1.0],""popsize"":5,""recombination"":0.7}"
pilot,pairde-p5-halton,pairde,10,1,5,2,1000,1000,399.4824028019741,,,58809.504672702868,17893.697291369113,9711.8351431168921,399.4824028019741,0.028788866,0.001835548,26.953318,"{""init"":""halton"",""mutation"":[0.5,1.0],""popsize"":5,""recombination"":0.7}"
pilot,pairde-p5-halton,pairde,10,1,10,1,2000,2000,11563.05547803383,,,166886.32556179963,141965.12046816852,35087.361537245255,11563.05547803383,0.0412227,0.004701824,18.260438,"{""init"":""halton"",""mutation"":[0.5,1.0],""popsize"":5,""recombination"":0.7}"
pilot,pairde-p5-halton,pairde,10,1,10,2,2000,2000,15398.289432864685,,,155337.1757954387,155337.1757954387,71702.956238967789,15398.289432864685,0.052675984,0.005998301,23.3388415,"{""init"":""halton"",""mutation"":[0.5,1.0],""popsize"":5,""recombination"":0.7}"
pilot,pairde-p5-halton,pairde,10,2,5,1,1000,1000,383.03629628149235,,,72383.007031507019,40696.172043009756,3208.5928246876188,383.03629628149235,0.026695631,0.001693553,25.002078,"{""init"":""halton"",""mutation"":[0.5,1.0],""popsize"":5,""recombination"":0.7}"
pilot,pairde-p5-halton,pairde,10,2,5,2,1000,1000,171.43988902601924,,,34788.016002235621,2155.0792343649782,1999.5391310996856,171.43988902601924,0.027293035,0.001775505,25.51753,"{""init"":""halton"",""mutation"":[0.5,1.0],""popsize"":5,""recombination"":0.7}"
pilot,pairde-p5-halton,pairde,10,2,10,1,2000,2000,32940.217929908606,,,546613.31211261684,33160.833529564785,33160.833529564785,32940.217929908606,0.04260653,0.004866665,18.8699325,"{""init"":""halton"",""mutation"":[0.5,1.0],""popsize"":5,""recombination"":0.7}"
pilot,pairde-p5-halton,pairde,10,2,10,2,2000,2000,3907.7180067819904,,,115773.573525047,16955.038703875853,16955.038703875853,3907.7180067819904,0.041529299,0.004718061,18.405619,"{""init"":""halton"",""mutation"":[0.5,1.0],""popsize"":5,""recombination"":0.7}"
pilot,pairde-p5-halton,pairde,12,1,5,1,1000,1000,123.55237544450051,,,223055.06920192862,223055.06920192862,33916.904754070289,123.55237544450051,0.025361661,0.001156995,24.204666,"{""init"":""halton"",""mutation"":[0.5,1.0],""popsize"":5,""recombination"":0.7}"
pilot,pairde-p5-halton,pairde,12,1,5,2,1000,1000,734.19152257798009,,,469319.06087949546,251271.00596333898,8866.4254904804293,734.19152257798009,0.025272841,0.001170294,24.102547,"{""init"":""halton"",""mutation"":[0.5,1.0],""popsize"":5,""recombination"":0.7}"
pilot,pairde-p5-halton,pairde,12,1,10,1,2000,2000,56640.600298745478,,,21192563.894820172,5445705.9620871786,1058377.2624249223,56640.600298745478,0.038935532,0.003047271,17.9441305,"{""init"":""halton"",""mutation"":[0.5,1.0],""popsize"":5,""recombination"":0.7}"
pilot,pairde-p5-halton,pairde,12,1,10,2,2000,2000,79733.836550647917,,,18154650.42713974,8816630.7511390373,1484945.9906865133,79733.836550647917,0.040364828,0.003221892,18.571468,"{""init"":""halton"",""mutation"":[0.5,1.0],""popsize"":5,""recombination"":0.7}"
pilot,pairde-p5-halton,pairde,12,2,5,1,1000,1000,1807.2331004907242,,,2313788.5240591336,740105.40465505607,39574.908645529591,1807.2331004907242,0.027140147,0.001268388,25.871759,"{""init"":""halton"",""mutation"":[0.5,1.0],""popsize"":5,""recombination"":0.7}"
pilot,pairde-p5-halton,pairde,12,2,5,2,1000,1000,1661.5247586384019,,,2478684.8137426116,56955.665585040391,5267.410389427293,1661.5247586384019,0.024989188,0.001160853,23.828335,"{""init"":""halton"",""mutation"":[0.5,1.0],""popsize"":5,""recombination"":0.7}"
pilot,pairde-p5-halton,pairde,12,2,10,1,2000,2000,135663.63806771638,,,19044776.596412804,9086648.9299991168,1311536.9532043061,135663.63806771638,0.040251634,0.00311374,18.568947,"{""init"":""halton"",""mutation"":[0.5,1.0],""popsize"":5,""recombination"":0.7}"
pilot,pairde-p5-halton,pairde,12,2,10,2,2000,2000,268865.66980220145,,,25812718.405041799,6141373.1645530583,2645380.4174500159,268865.66980220145,0.039364362,0.003147218,18.108572,"{""init"":""halton"",""mutation"":[0.5,1.0],""popsize"":5,""recombination"":0.7}"
pilot,pairde-p5-halton,pairde,15,1,5,1,1000,1000,13.948720458015373,,,83.24811647486672,27.932489514018926,22.267143842518635,13.948720458015373,0.028225371,0.002122472,26.102899,"{""init"":""halton"",""mutation"":[0.5,1.0],""popsize"":5,""recombination"":0.7}"
pilot,pairde-p5-halton,pairde,15,1,5,2,1000,1000,16.086769193409054,,,55.722964235176278,35.610383218225024,20.619231944268336,16.086769193409054,0.026641254,0.00196534,24.675914,"{""init"":""halton"",""mutation"":[0.5,1.0],""popsize"":5,""recombination"":0.7}"
pilot,pairde-p5-halton,pairde,15,1,10,1,2000,2000,61.297400720606674,,,213.11382891622907,105.29072138196261,92.872785134205969,61.297400720606674,0.045033142,0.005938529,19.5473065,"{""init"":""halton"",""mutation"":[0.5,1.0],""popsize"":5,""recombination"":0.7}"
pilot,pairde-p5-halton,pairde,15,1,10,2,2000,2000,44.327264943116461,,,183.11840482934281,104.54464159953704,87.651468323691688,44.327264943116461,0.043961862,0.006010747,18.9755575,"{""init"":""halton"",""mutation"":[0.5,1.0],""popsize"":5,""recombination"":0.7}"
pilot,pairde-p5-halton,pairde,15,2,5,1,1000,1000,19.273486814456803,,,63.325488235380789,29.988210678836111,21.70240980716008,19.273486814456803,0.026648617,0.001977198,24.671419,"{""init"":""halton"",""mutation"":[0.5,1.0],""popsize"":5,""recombination"":0.7}"
pilot,pairde-p5-halton,pairde,15,2,5,2,1000,1000,16.297121153949604,,,51.123360035527682,30.786870531893769,18.507206273018795,16.297121153949604,0.026486023,0.001995243,24.49078,"{""init"":""halton"",""mutation"":[0.5,1.0],""popsize"":5,""recombination"":0.7}"
pilot,pairde-p5-halton,pairde,15,2,10,1,2000,2000,48.456044493208083,,,238.45106204872602,98.959175228103817,98.959175228103817,48.456044493208083,0.043857213,0.005923292,18.9669605,"{""init"":""halton"",""mutation"":[0.5,1.0],""popsize"":5,""recombination"":0.7}"
pilot,pairde-p5-halton,pairde,15,2,10,2,2000,2000,62.708000427157032,,,157.45522009435672,106.20489988919647,65.484824685542407,62.708000427157032,0.044028341,0.005855515,19.086413,"{""init"":""halton"",""mutation"":[0.5,1.0],""popsize"":5,""recombination"":0.7}"
pilot,pairde-p5-halton,pairde,17,1,5,1,1000,1000,0.27087566518637374,,,4.9594661138430531,1.8004094242461655,0.55452125779988037,0.27087566518637374,0.025991071,0.001572748,24.418323,"{""init"":""halton"",""mutation"":[0.5,1.0],""popsize"":5,""recombination"":0.7}"
pilot,pairde-p5-halton,pairde,17,1,5,2,1000,1000,0.24174474567137594,,,2.2603855200747986,1.1541115484290945,0.87630208684026556,0.24174474567137594,0.025699124,0.001583277,24.115847,"{""init"":""halton"",""mutation"":[0.5,1.0],""popsize"":5,""recombination"":0.7}"
pilot,pairde-p5-halton,pairde,17,1,10,1,2000,2000,0.88821298276028671,,,7.1100151895977888,3.8095053416394382,2.651095037118063,0.88821298276028671,0.04155742,0.004646911,18.4552545,"{""init"":""halton"",""mutation"":[0.5,1.0],""popsize"":5,""recombination"":0.7}"
pilot,pairde-p5-halton,pairde,17,1,10,2,2000,2000,1.354771705777889,,,6.4936715360462713,3.82345946992805,2.3263232949989643,1.354771705777889,0.041826834,0.004591712,18.617561,"{""init"":""halton"",""mutation"":[0.5,1.0],""popsize"":5,""recombination"":0.7}"
pilot,pairde-p5-halton,pairde,17,2,5,1,1000,1000,0.072178105364258727,,,3.324122719955998,2.7939998708458056,1.4241488841082912,0.072178105364258727,0.026043632,0.00160574,24.437892,"{""init"":""halton"",""mutation"":[0.5,1.0],""popsize"":5,""recombination"":0.7}"
pilot,pairde-p5-halton,pairde,17,2,5,2,1000,1000,0.097625777513389522,,,3.6907089499592551,1.6075497701050274,0.50482775266877411,0.097625777513389522,0.025028997,0.001585452,23.443545,"{""init"":""halton"",""mutation"":[0.5,1.0],""popsize"":5,""recombination"":0.7}"
pilot,pairde-p5-halton,pairde,17,2,10,1,2000,2000,1.3491184991140521,,,7.6302586862107695,5.9927334458146966,2.7551318672453959,1.3491184991140521,0.041252353,0.004606828,18.3227625,"{""init"":""halton"",""mutation"":[0.5,1.0],""popsize"":5,""recombination"":0.7}"
pilot,pairde-p5-halton,pairde,17,2,10,2,2000,2000,0.57030164669025751,,,6.504612671334435,4.0695929097814911,1.5376109980224335,0.57030164669025751,0.040094688,0.004703216,17.695736,"{""init"":""halton"",""mutation"":[0.5,1.0],""popsize"":5,""recombination"":0.7}"
pilot,pairde-p5-halton,pairde,20,1,5,1,1000,1000,1.0928472502851037,,,21.036611071541529,3.1573382291948064,2.0425181226482891,1.0928472502851037,0.027926798,0.002381999,25.544799,"{""init"":""halton"",""mutation"":[0.5,1.0],""popsize"":5,""recombination"":0.7}"
pilot,pairde-p5-halton,pairde,20,1,5,2,1000,1000,1.4172363977335181,,,5.5022072602682783,3.3342828706516912,2.3422490905766153,1.4172363977335181,0.025947143,0.002181998,23.765145,"{""init"":""halton"",""mutation"":[0.5,1.0],""popsize"":5,""recombination"":0.7}"
pilot,pairde-p5-halton,pairde,20,1,10,1,2000,2000,1.7438978196126982,,,1845.9382239448562,331.08741581525305,3.0715085959093358,1.7438978196126982,0.041861231,0.005446916,18.2071575,"{""init"":""halton"",""mutation"":[0.5,1.0],""popsize"":5,""recombination"":0.7}"
pilot,pairde-p5-halton,pairde,20,1,10,2,2000,2000,2.1230197629686245,,,1525.2275184876448,91.388433736202956,3.0638894459594894,2.1230197629686245,0.042453478,0.005442116,18.505681,"{""init"":""halton"",""mutation"":[0.5,1.0],""popsize"":5,""recombination"":0.7}"
pilot,pairde-p5-halton,pairde,20,2,5,1,1000,1000,1.3994537435903567,,,56.676229007908432,3.1454154252919579,2.5649911095110838,1.3994537435903567,0.025987119,0.002180264,23.806855,"{""init"":""halton"",""mutation"":[0.5,1.0],""popsize"":5,""recombination"":0.7}"
pilot,pairde-p5-halton,pairde,20,2,5,2,1000,1000,0.9824435210351794,,,182.29534359897775,2.9388028029891302,1.9086664196343008,0.9824435210351794,0.025940612,0.002189019,23.751593,"{""init"":""halton"",""mutation"":[0.5,1.0],""popsize"":5,""recombination"":0.7}"
pilot,pairde-p5-halton,pairde,20,2,10,1,2000,2000,2.0566909289960904,,,2530.7719487388322,46.928291949955565,3.5790075396810153,2.0566909289960904,0.043257103,0.005587794,18.8346545,"{""init"":""halton"",""mutation"":[0.5,1.0],""popsize"":5,""recombination"":0.7}"
pilot,pairde-p5-halton,pairde,20,2,10,2,2000,2000,2.4250691101690336,,,3804.931192657662,140.72849905803514,2.8430349296793338,2.4250691101690336,0.0830684,0.00969681,36.685795,"{""init"":""halton"",""mutation"":[0.5,1.0],""popsize"":5,""recombination"":0.7}"
pilot,pairde-p5-halton,pairde,23,1,5,1,1000,1000,2.406316367732388,,,4.7945665880494319,4.1765441647119035,3.0146339924138497,2.406316367732388,0.106760429,0.010710663,96.049766,"{""init"":""halton"",""mutation"":[0.5,1.0],""popsize"":5,""recombination"":0.7}"
pilot,pairde-p5-halton,pairde,23,1,5,2,1000,1000,2.3034362835801021,,,2.7565545905766102,2.7565545905766102,2.7565545905766102,2.3034362835801021,0.052374998,0.004423167,47.951831,"{""init"":""halton"",""mutation"":[0.5,1.0],""popsize"":5,""recombination"":0.7}"
pilot,pairde-p5-halton,pairde,23,1,10,1,2000,2000,2.4957033730773679,,,2.6108637948401894,2.6108637948401894,2.4957033730773679,2.4957033730773679,0.04478264,0.005581998,19.600321,"{""init"":""halton"",""mutation"":[0.5,1.0],""popsize"":5,""recombination"":0.7}"
pilot,pairde-p5-halton,pairde,23,1,10,2,2000,2000,1.7424844850221062,,,3.2167357009920599,2.328614559025433,1.7424844850221062,1.7424844850221062,0.046222066,0.005685728,20.268169,"{""init"":""halton"",""mutation"":[0.5,1.0],""popsize"":5,""recombination"":0.7}"
pilot,pairde-p5-halton,pairde,23,2,5,1,1000,1000,1.6553231117591478,,,1.6553231117591478,1.6553231117591478,1.6553231117591478,1.6553231117591478,0.028188975,0.001849701,26.339274,"{""init"":""halton"",""mutation"":[0.5,1.0],""popsize"":5,""recombination"":0.7}"
pilot,pairde-p5-halton,pairde,23,2,5,2,1000,1000,2.1299182956409455,,,4.4615484388109516,3.4687148490763668,2.3850246809198432,2.1299182956409455,0.03296214,0.002161271,30.800869,"{""init"":""halton"",""mutation"":[0.5,1.0],""popsize"":5,""recombination"":0.7}"
pilot,pairde-p5-halton,pairde,23,2,10,1,2000,2000,2.5552533646900759,,,2.8570071677682094,2.5552533646900759,2.5552533646900759,2.5552533646900759,0.049620608,0.006066229,21.7771895,"{""init"":""halton"",""mutation"":[0.5,1.0],""popsize"":5,""recombination"":0.7}"
pilot,pairde-p5-halton,pairde,23,2,10,2,2000,2000,1.5849775264929988,,,4.8890764129859514,4.1956479125747705,3.2577564173237334,1.5849775264929988,0.041671798,0.005067014,18.302392,"{""init"":""halton"",""mutation"":[0.5,1.0],""popsize"":5,""recombination"":0.7}"
pilot,cma-s30,cma,1,1,5,1,1000,1000,8.5265128291212022e-13,226,443,1.5196354787812822,0.008945453490014188,1.2341332791265813e-06,8.5265128291212022e-13,0.08567818,0.001472257,84.205923,"{""popsize_mult"":1.0,""sigma_frac"":0.3}"
pilot,cma-s30,cma,1,1,5,2,1000,1000,2.3291590878216084e-11,333,567,1.1445441198563628,0.17455391756753613,9.742233045528792e-05,2.3291590878216084e-11,0.092080116,0.001481886,90.59823,"{""popsize_mult"":1.0,""sigma_frac"":0.3}"
pilot,cma-s30,cma,1,1,10,1,2000,2000,2.8421709430404007e-13,496,890,1.9649606212802269,0.00901549093295273,1.889309899638647e-06,2.8421709430404007e-13,0.171095763,0.003746527,83.674618,"{""popsize_mult"":1.0,""sigma_frac"":0.3}"
pilot,cma-s30,cma,1,1,10,2,2000,2000,7.6752826316806022e-11,667,1155,15.828977207353404,0.25657534144539795,9.5686622628932128e-05,7.6752826316806022e-11,0.207722745,0.003563101,102.079822,"{""popsize_mult"":1.0,""sigma_frac"":0.3}"
pilot,cma-s30,cma,1,2,5,1,1000,1000,2.4272139853565022e-11,287,551,2.3680675561502085,0.014557219085020279,7.438522698066663e-05,2.4272139853565022e-11,0.104058014,0.001428734,102.62928,"{""popsize_mult"":1.0,""sigma_frac"":0.3}"
pilot,cma-s30,cma,1,2,5,2,1000,1000,1.9895196601282805e-12,327,526,2.6721855606061808,0.071970269801170161,1.0066625748095248e-05,1.9895196601282805e-12,0.106202588,0.001452667,104.749921,"{""popsize_mult"":1.0,""sigma_frac"":0.3}"
pilot,cma-s30,cma,1,2,10,1,2000,2000,1.1880274541908875e-11,691,1141,3.8519801511544074,0.24769383776856557,9.5008188736755983e-05,1.1880274541908875e-11,0.192989675,0.003426197,94.781739,"{""popsize_mult"":1.0,""sigma_frac"":0.3}"
pilot,cma-s30,cma,1,2,10,2,2000,2000,6.014033715473488e-11,694,1171,4.9425945792964399,0.099378155533884183,8.3783678405779938e-05,6.014033715473488e-11,0.178681623,0.003378364,87.6516295,"{""popsize_mult"":1.0,""sigma_frac"":0.3}"
pilot,cma-s30,cma,3,1,5,1,1000,1000,5.9698053865241718,,,39.774691903622852,25.466706387803924,14.448354793995748,5.9698053865241718,0.102516629,0.002357537,100.159092,"{""popsize_mult"":1.0,""sigma_frac"":0.3}"
pilot,cma-s30,cma,3,1,5,2,1000,1000,6.9647088618439739,,,31.464928013056181,20.244152909384127,9.0056266400399068,6.9647088618439739,0.104008227,0.002338988,101.669239,"{""popsize_mult"":1.0,""sigma_frac"":0.3}"
pilot,cma-s30,cma,3,1,10,1,2000,2000,23.896009160757671,,,146.05144770196887,67.50503296628483,41.180573281960903,23.896009160757671,0.169602722,0.006679569,81.4615765,"{""popsize_mult"":1.0,""sigma_frac"":0.3}"
pilot,cma-s30,cma,3,1,10,2,2000,2000,11.939599434853676,,,136.26856640129654,98.098088951986256,43.06099873244051,11.939599434853676,0.174373529,0.00664712,83.8632045,"{""popsize_mult"":1.0,""sigma_frac"":0.3}"
pilot,cma-s30,cma,3,2,5,1,1000,1000,8.9546220464791872,,,76.820994003184097,21.536883713664736,9.0075050608827354,8.9546220464791872,0.098655415,0.002339169,96.316246,"{""popsize_mult"":1.0,""sigma_frac"":0.3}"
pilot,cma-s30,cma,3,2,5,2,1000,1000,16.726708632518012,,,36.744360820658045,20.772072642675965,20.772072642675965,16.726708632518012,0.085736997,0.002409328,83.327669,"{""popsize_mult"":1.0,""sigma_frac"":0.3}"
pilot,cma-s30,cma,3,2,10,1,2000,2000,33.142376600637675,,,113.28849500193283,65.929865124639406,51.570693396902755,33.142376600637675,0.172243038,0.00667317,82.784934,"{""popsize_mult"":1.0,""sigma_frac"":0.3}"
pilot,cma-s30,cma,3,2,10,2,2000,2000,13.929436015928616,,,113.85882468569238,69.826818052574623,52.287646788912895,13.929436015928616,0.205078441,0.006667531,99.205455,"{""popsize_mult"":1.0,""sigma_frac"":0.3}"
pilot,cma-s30,cma,6,1,5,1,1000,1000,0.00026322584255211723,674,,42.01308792398104,20.994040235191783,0.3076563378443069,0.00026322584255211723,0.105062332,0.001812737,103.249595,"{""popsize_mult"":1.0,""sigma_frac"":0.3}"
pilot,cma-s30,cma,6,1,5,2,1000,1000,0.00014192153361136661,734,,25.21573652385846,12.347908666784214,0.38799071718176492,0.00014192153361136661,0.107901941,0.001793831,106.10811,"{""popsize_mult"":1.0,""sigma_frac"":0.3}"
pilot,cma-s30,cma,6,1,10,1,2000,2000,0.14339655057055722,,,215.51510010630264,99.79833388244316,42.822921885613745,0.14339655057055722,0.228842978,0.004517941,112.162519,"{""popsize_mult"":1.0,""sigma_frac"":0.3}"
pilot,cma-s30,cma,6,1,10,2,2000,2000,0.0047618188230273972,1800,,115.28961961587839,26.877886675265565,3.3650215897960081,0.0047618188230273972,0.222436465,0.004689696,108.873384,"{""popsize_mult"":1.0,""sigma_frac"":0.3}"
pilot,cma-s30,cma,6,2,5,1,1000,1000,0.00034065879384215236,799,,53.051264490509269,22.431110918801725,0.65790231528928089,0.00034065879384215236,0.103000327,0.001902891,101.097436,"{""popsize_mult"":1.0,""sigma_frac"":0.3}"
pilot,cma-s30,cma,6,2,5,2,1000,1000,0.0022693910706621523,956,,61.754516134821614,43.639895851689161,3.6505165010949447,0.0022693910706621523,0.10714484,0.001853334,105.291506,"{""popsize_mult"":1.0,""sigma_frac"":0.3}"
pilot,cma-s30,cma,6,2,10,1,2000,2000,0.0025953338034945261,1829,,44.052514139988631,19.391346152770151,0.62385923814872513,0.0025953338034945261,0.19235931,0.004074055,94.1426275,"{""popsize_mult"":1.0,""sigma_frac"":0.3}"
pilot,cma-s30,cma,6,2,10,2,2000,2000,0.0085568174339982761,1913,,186.33516959845059,31.835536906340106,2.3836815854996338,0.0085568174339982761,0.201112707,0.004117647,98.49753,"{""popsize_mult"":1.0,""sigma_frac"":0.3}"
pilot,cma-s30,cma,8,1,5,1,1000,1000,3.9310845208976275,,,90.560582385576453,8.0118656127371253,4.2347157077213353,3.9310845208976275,0.10067487,0.001421781,99.253089,"{""popsize_mult"":1.0,""sigma_frac"":0.3}"
pilot,cma-s30,cma,8,1,5,2,1000,1000,0.4824541254434962,,,1383.9551162138887,82.992018857670587,2.5056747874588723,0.4824541254434962,0.105944,0.001403066,104.540934,"{""popsize_mult"":1.0,""sigma_frac"":0.3}"
pilot,cma-s30,cma,8,1,10,1,2000,2000,4.0104794535804444,,,1284.837096406666,127.46636442715484,4.7849588655706725,4.0104794535804444,0.197955815,0.00354765,97.2040825,"{""popsize_mult"":1.0,""sigma_frac"":0.3}"
pilot,cma-s30,cma,8,1,10,2,2000,2000,4.1139796295762778,,,1655.9382042212558,11.597212252575417,7.7201536749830382,4.1139796295762778,0.176823584,0.003552874,86.635355,"{""popsize_mult"":1.0,""sigma_frac"":0.3}"
pilot,cma-s30,cma,8,2,5,1,1000,1000,0.31750643576287985,,,620.74564816079862,16.6945246554817,2.2289403348339647,0.31750643576287985,0.0883198,0.001537141,86.782659,"{""popsize_mult"":1.0,""sigma_frac"":0.3}"
pilot,cma-s30,cma,8,2,5,2,1000,1000,0.34902980275558093,,,331.16508861529815,25.805165388606952,2.9446855335398823,0.34902980275558093,0.091373897,0.001543344,89.830553,"{""popsize_mult"":1.0,""sigma_frac"":0.3}"
pilot,cma-s30,cma,8,2,10,1,2000,2000,8.5451644293448226,,,2449.9612957399536,41.263829071249916,9.626301695456732,8.5451644293448226,0.228091701,0.004015068,112.038316,"{""popsize_mult"":1.0,""sigma_frac"":0.3}"
pilot,cma-s30,cma,8,2,10,2,2000,2000,0.90494614019871733,,,485.40589448830485,13.263390855113244,4.1919027874141648,0.90494614019871733,0.163509583,0.003276114,80.1167345,"{""popsize_mult"":1.0,""sigma_frac"":0.3}"
pilot,cma-s30,cma,10,1,5,1,1000,1000,4.9950485275700132,,,38808.800506409156,12990.63458414758,229.10379003785044,4.9950485275700132,0.093558302,0.002246036,91.312266,"{""popsize_mult"":1.0,""sigma_frac"":0.3}"
pilot,cma-s30,cma,10,1,5,2,1000,1000,0.0014488921427542323,952,,156293.07753264619,928.41776524856164,77.370128689021229,0.0014488921427542323,0.099455798,0.002211391,97.244407,"{""popsize_mult"":1.0,""sigma_frac"":0.3}"
pilot,cma-s30,cma,10,1,10,1,2000,2000,1261.4760623552957,,,114915.19625863235,24635.324404368712,8489.2778061336739,1261.4760623552957,0.236870696,0.00652805,115.171323,"{""popsize_mult"":1.0,""sigma_frac"":0.3}"
pilot,cma-s30,cma,10,1,10,2,2000,2000,189.99814519667612,,,352209.01030473522,31617.355171173662,6434.7536418258624,189.99814519667612,0.209772868,0.006112087,101.830391,"{""popsize_mult"":1.0,""sigma_frac"":0.3}"
pilot,cma-s30,cma,10,2,5,1,1000,1000,2.7655600923216852,,,13157.503019818692,2425.8680595652568,71.006583041356151,2.7655600923216852,0.092185429,0.002155973,90.029456,"{""popsize_mult"":1.0,""sigma_frac"":0.3}"
pilot,cma-s30,cma,10,2,5,2,1000,1000,0.24536430053419878,,,3071.8442293894868,3071.8442293894868,240.35099600033919,0.24536430053419878,0.104400092,0.002234646,102.165446,"{""popsize_mult"":1.0,""sigma_frac"":0.3}"
pilot,cma-s30,cma,10,2,10,1,2000,2000,180.09463444928392,,,330277.42671412847,66023.502862794892,6371.5238729997764,180.09463444928392,0.204453071,0.005952739,99.250166,"{""popsize_mult"":1.0,""sigma_frac"":0.3}"
pilot,cma-s30,cma,10,2,10,2,2000,2000,149.81510217713424,,,81068.520659543909,43682.074212555992,30788.04520388713,149.81510217713424,0.199424838,0.005900401,96.7622185,"{""popsize_mult"":1.0,""sigma_frac"":0.3}"
pilot,cma-s30,cma,12,1,5,1,1000,1000,38.105008846317787,,,2820981.915028614,193056.36609161898,197.94933898273558,38.105008846317787,0.118713515,0.001708272,117.005243,"{""popsize_mult"":1.0,""sigma_frac"":0.3}"
pilot,cma-s30,cma,12,1,5,2,1000,1000,5.2500188049517647,,,1095032.9444107213,6684.3103985072084,7.2652372401354341,5.2500188049517647,0.087873008,0.001730144,86.142864,"{""popsize_mult"":1.0,""sigma_frac"":0.3}"
pilot,cma-s30,cma,12,1,10,1,2000,2000,0.18271641281535267,,,5049666.5489912042,116633.84401327086,83.319769817937754,0.18271641281535267,0.173547533,0.003986229,84.780652,"{""popsize_mult"":1.0,""sigma_frac"":0.3}"
pilot,cma-s30,cma,12,1,10,2,2000,2000,0.14865619616830372,,,3509257.4731168207,58323.807942760744,32.013186856506309,0.14865619616830372,0.202447093,0.004641786,98.9026535,"{""popsize_mult"":1.0,""sigma_frac"":0.3}"
pilot,cma-s30,cma,12,2,5,1,1000,1000,12.31762833407555,,,1840052.0100085051,5496.2252510365752,20.517388119208704,12.31762833407555,0.095615325,0.001654667,93.960658,"{""popsize_mult"":1.0,""sigma_frac"":0.3}"
pilot,cma-s30,cma,12,2,5,2,1000,1000,8.2560842861381047,,,1355398.68893102,39613.028548005837,9.2174312656418351,8.2560842861381047,0.101079715,0.001847653,99.232062,"{""popsize_mult"":1.0,""sigma_frac"":0.3}"
pilot,cma-s30,cma,12,2,10,1,2000,2000,0.62034982384483328,,,10335394.492939709,264502.96352078847,157.52987254846653,0.62034982384483328,0.203136047,0.004252866,99.4415905,"{""popsize_mult"":1.0,""sigma_frac"":0.3}"
pilot,cma-s30,cma,12,2,10,2,2000,2000,0.00100019681568142,1565,,11765851.879162015,56712.341565590345,28.119750054098091,0.00100019681568142,0.227095182,0.004832197,111.131493,"{""popsize_mult"":1.0,""sigma_frac"":0.3}"
pilot,cma-s30,cma,15,1,5,1,1000,1000,3.9798340638448053,,,39.063959934949025,23.838629175020742,6.7140845728679324,3.9798340638448053,0.087781939,0.002405697,85.376242,"{""popsize_mult"":1.0,""sigma_frac"":0.3}"
pilot,cma-s30,cma,15,1,5,2,1000,1000,2.9231351509022261,,,45.575631640380379,13.453922740913868,13.453922740913868,2.9231351509022261,0.124919986,0.003061123,121.858863,"{""popsize_mult"":1.0,""sigma_frac"":0.3}"
pilot,cma-s30,cma,15,1,10,1,2000,2000,30.845055377831159,,,123.15061418925234,69.807651614153883,55.951562718475543,30.845055377831159,0.239675728,0.007617966,116.028881,"{""popsize_mult"":1.0,""sigma_frac"":0.3}"
pilot,cma-s30,cma,15,1,10,2,2000,2000,7.9611421568354217,,,132.65464649377031,76.547566032812938,60.632850385545225,7.9611421568354217,0.203809705,0.006786019,98.511843,"{""popsize_mult"":1.0,""sigma_frac"":0.3}"
pilot,cma-s30,cma,15,2,5,1,1000,1000,7.9619524035147009,,,53.312915409193707,16.69107921161546,13.575345002896057,7.9619524035147009,0.106606519,0.002427439,104.17908,"{""popsize_mult"":1.0,""sigma_frac"":0.3}"
pilot,cma-s30,cma,15,2,5,2,1000,1000,0.9949598226516656,,,37.097174214942299,23.741023112923585,1.6496748301729411,0.9949598226516656,0.092578715,0.002396123,90.182592,"{""popsize_mult"":1.0,""sigma_frac"":0.3}"
pilot,cma-s30,cma,15,2,10,1,2000,2000,11.93951930580522,,,131.87608512911106,67.889374451085786,25.994493954125744,11.93951930580522,0.223539631,0.006913131,108.31325,"{""popsize_mult"":1.0,""sigma_frac"":0.3}"
pilot,cma-s30,cma,15,2,10,2,2000,2000,14.931909524622625,,,115.47158100827494,69.047375692932945,34.717237863224867,14.931909524622625,0.210695674,0.006737037,101.979318,"{""popsize_mult"":1.0,""sigma_frac"":0.3}"
pilot,cma-s30,cma,17,1,5,1,1000,1000,0.060554165036339924,,,2.4930166497060728,0.57156037389708203,0.093090788412776959,0.060554165036339924,0.093296163,0.002107368,91.188795,"{""popsize_mult"":1.0,""sigma_frac"":0.3}"
pilot,cma-s30,cma,17,1,5,2,1000,1000,0.12561824263827148,,,3.0707492519861166,1.0247916154918357,0.33111321415063699,0.12561824263827148,0.105836656,0.002091984,103.744672,"{""popsize_mult"":1.0,""sigma_frac"":0.3}"
pilot,cma-s30,cma,17,1,10,1,2000,2000,0.06197688974178206,,,3.10611391518602,0.86560101137217416,0.25183132974311562,0.06197688974178206,0.174705585,0.005472092,84.6167465,"{""popsize_mult"":1.0,""sigma_frac"":0.3}"
pilot,cma-s30,cma,17,1,10,2,2000,2000,0.065414387657110495,,,3.8252369267492572,1.5242754152638778,0.20260812047777677,0.065414387657110495,0.181040449,0.005707013,87.666718,"{""popsize_mult"":1.0,""sigma_frac"":0.3}"
pilot,cma-s30,cma,17,2,5,1,1000,1000,0.21483885083839027,,,3.0511678594439253,0.81896148364952737,0.32816278643699093,0.21483885083839027,0.091284219,0.002114968,89.169251,"{""popsize_mult"":1.0,""sigma_frac"":0.3}"
pilot,cma-s30,cma,17,2,5,2,1000,1000,0.63738506250464155,,,5.0168577222003954,2.3619273244019183,1.056666637478731,0.63738506250464155,0.093742328,0.002100871,91.641457,"{""popsize_mult"":1.0,""sigma_frac"":0.3}"
pilot,cma-s30,cma,17,2,10,1,2000,2000,0.0015618261646643816,1465,,6.8054533906292711,1.6292932891563936,0.060582901231374109,0.0015618261646643816,0.202139768,0.005803849,98.1679595,"{""popsize_mult"":1.0,""sigma_frac"":0.3}"
pilot,cma-s30,cma,17,2,10,2,2000,2000,0.13109955583940547,,,4.4306783991539724,1.860888905053379,0.35685355634099736,0.13109955583940547,0.196560494,0.005480692,95.539901,"{""popsize_mult"":1.0,""sigma_frac"":0.3}"
pilot,cma-s30,cma,20,1,5,1,1000,1000,1.5791916111868431,,,804.1376870555149,2.6203800090428331,2.0877121092914876,1.5791916111868431,0.109678482,0.002628447,107.050035,"{""popsize_mult"":1.0,""sigma_frac"":0.3}"
pilot,cma-s30,cma,20,1,5,2,1000,1000,1.6187555661882698,,,2.3579994090290484,2.3579994090290484,1.7875416734076452,1.6187555661882698,0.101389437,0.002559149,98.830288,"{""popsize_mult"":1.0,""sigma_frac"":0.3}"
pilot,cma-s30,cma,20,1,10,1,2000,2000,1.5397859961462927,,,422.49200851911053,2.2687758039727441,1.8849406141528107,1.5397859961462927,0.201643751,0.006421775,97.610988,"{""popsize_mult"":1.0,""sigma_frac"":0.3}"
pilot,cma-s30,cma,20,1,10,2,2000,2000,1.5398550495262953,,,3.0439663301159499,3.0439663301159499,2.291004281279811,1.5398550495262953,0.193684556,0.006531019,93.5767685,"{""popsize_mult"":1.0,""sigma_frac"":0.3}"
pilot,cma-s30,cma,20,2,5,1,1000,1000,0.47381271053006913,,,1454.9525100573323,2.2713278647058814,1.0862482130313538,0.47381271053006913,0.108199978,0.002614541,105.585437,"{""popsize_mult"":1.0,""sigma_frac"":0.3}"
pilot,cma-s30,cma,20,2,5,2,1000,1000,0.94750674608576446,,,4.4588482806130969,2.5547258370924055,1.0339836076439042,0.94750674608576446,0.105487079,0.002591398,102.895681,"{""popsize_mult"":1.0,""sigma_frac"":0.3}"
pilot,cma-s30,cma,20,2,10,1,2000,2000,2.2900496155547216,,,2509.785101456695,13.078895882803636,2.7891571367307506,2.2900496155547216,0.241511683,0.007668585,116.921549,"{""popsize_mult"":1.0,""sigma_frac"":0.3}"
pilot,cma-s30,cma,20,2,10,2,2000,2000,1.9741105892902624,,,2293.7708920253076,2.7511249211604536,2.0282662071764435,1.9741105892902624,0.296904006,0.009462963,143.720521,"{""popsize_mult"":1.0,""sigma_frac"":0.3}"
pilot,cma-s30,cma,23,1,5,1,1000,1000,2.1335891013774253,,,2.438857851833057,2.438857851833057,2.438857851833057,2.1335891013774253,0.106223967,0.002207635,104.016332,"{""popsize_mult"":1.0,""sigma_frac"":0.3}"
pilot,cma-s30,cma,23,1,5,2,1000,1000,2.5064850103162337,,,4.0386655646398184,2.932190486815899,2.932190486815899,2.5064850103162337,0.110452124,0.002342341,108.109783,"{""popsize_mult"":1.0,""sigma_frac"":0.3}"
pilot,cma-s30,cma,23,1,10,1,2000,2000,3.0176390024053701,,,3.7571693357134253,3.5922852188556851,3.1772932706660617,3.0176390024053701,0.218666925,0.006399139,106.133893,"{""popsize_mult"":1.0,""sigma_frac"":0.3}"
pilot,cma-s30,cma,23,1,10,2,2000,2000,2.146580976721105,,,5.0059542665841414,2.4299530460510654,2.146580976721105,2.146580976721105,0.208344061,0.00622789,101.058085,"{""popsize_mult"":1.0,""sigma_frac"":0.3}"
pilot,cma-s30,cma,23,2,5,1,1000,1000,1.4966425787959956,,,2.1643842408948384,2.1643842408948384,1.4966425787959956,1.4966425787959956,0.109308979,0.002210862,107.098117,"{""popsize_mult"":1.0,""sigma_frac"":0.3}"
pilot,cma-s30,cma,23,2,5,2,1000,1000,2.3863442790064369,,,3.9478866577858627,3.8107072746057939,3.8107072746057939,2.3863442790064369,0.105469277,0.002176478,103.292799,"{""popsize_mult"":1.0,""sigma_frac"":0.3}"
pilot,cma-s30,cma,23,2,10,1,2000,2000,1.7373976304103846,,,4.4392257712421381,2.8592117503728116,1.8907175546203814,1.7373976304103846,0.211431859,0.006252055,102.589902,"{""popsize_mult"":1.0,""sigma_frac"":0.3}"
pilot,cma-s30,cma,23,2,10,2,2000,2000,1.2614410571072388,,,3.8020336654654585,1.2614410571072388,1.2614410571072388,1.2614410571072388,0.213014578,0.006418853,103.297862,"{""popsize_mult"":1.0,""sigma_frac"":0.3}"
pilot,lshade-p6,lshade,1,1,5,1,1000,1000,4.8114377634078664e-05,797,,2.4537622218149693,1.4093580774798653,0.10885508023646651,4.8114377634078664e-05,0.035672932,0.00118471,34.488222,"{""lambda_per_d"":6}"
pilot,lshade-p6,lshade,1,1,5,2,1000,1000,1.6321002505037541e-06,680,970,3.519016585066538,1.1849311437953247,0.069798941837660777,1.6321002505037541e-06,0.034862593,0.00122734,33.635253,"{""lambda_per_d"":6}"
pilot,lshade-p6,lshade,1,1,10,1,2000,2000,9.9719726932789854e-05,1743,,8.7803186879871475,6.2557808836055102,1.3481027202719957,9.9719726932789854e-05,0.055381728,0.002687142,26.347293,"{""lambda_per_d"":6}"
pilot,lshade-p6,lshade,1,1,10,2,2000,2000,0.0008686740314516328,1798,,17.927848017476279,6.3435861298883225,1.4359044026006131,0.0008686740314516328,0.054007932,0.002699884,25.654024,"{""lambda_per_d"":6}"
pilot,lshade-p6,lshade,1,2,5,1,1000,1000,0.00032803341997578173,801,,2.3160524991905049,0.78650361966651872,0.086849885777269265,0.00032803341997578173,0.034107278,0.001187533,32.919745,"{""lambda_per_d"":6}"
pilot,lshade-p6,lshade,1,2,5,2,1000,1000,1.0658847827471618e-05,591,,3.7929675642258758,0.9524838688379873,0.200858796123498,1.0658847827471618e-05,0.034561303,0.001175632,33.385671,"{""lambda_per_d"":6}"
pilot,lshade-p6,lshade,1,2,10,1,2000,2000,0.00053658886446328324,1637,,15.726353801332607,1.9690754367429122,0.76082240525965972,0.00053658886446328324,0.054560822,0.002658305,25.9512585,"{""lambda_per_d"":6}"
pilot,lshade-p6,lshade,1,2,10,2,2000,2000,0.001243888338706256,1776,,16.420932384147022,5.2686964451490894,0.54039250568962416,0.001243888338706256,0.054876582,0.002707612,26.084485,"{""lambda_per_d"":6}"
pilot,lshade-p6,lshade,3,1,5,1,1000,1000,5.1196304888583199,,,51.997802554700513,14.0729547299552,14.0729547299552,5.1196304888583199,0.035666748,0.00219836,33.468388,"{""lambda_per_d"":6}"
pilot,lshade-p6,lshade,3,1,5,2,1000,1000,5.0849838332550235,,,69.639214268971102,22.401039763295955,15.804650329531796,5.0849838332550235,0.034453953,0.002196459,32.257494,"{""lambda_per_d"":6}"
pilot,lshade-p6,lshade,3,1,10,1,2000,2000,13.504576492841409,,,142.3079243227516,80.810401288055118,63.818388052898172,13.504576492841409,0.07605045,0.007945654,34.052398,"{""lambda_per_d"":6}"
pilot,lshade-p6,lshade,3,1,10,2,2000,2000,16.749064284785675,,,133.80275608173497,109.06828977130499,57.557846273468783,16.749064284785675,0.058946864,0.006183647,26.3816085,"{""lambda_per_d"":6}"
pilot,lshade-p6,lshade,3,2,5,1,1000,1000,3.6753237260759022,,,42.539324456541323,29.715104265628057,11.317682574043374,3.6753237260759022,0.035914251,0.002220991,33.69326,"{""lambda_per_d"":6}"
pilot,lshade-p6,lshade,3,2,5,2,1000,1000,6.1021357140704566,,,95.775191674474172,18.590888367032633,15.899339457134602,6.1021357140704566,0.035917613,0.002200915,33.716698,"{""lambda_per_d"":6}"
pilot,lshade-p6,lshade,3,2,10,1,2000,2000,15.629941634202083,,,100.80031296863351,84.499333555737991,62.408176778244183,15.629941634202083,0.059385692,0.006213683,26.5860045,"{""lambda_per_d"":6}"
pilot,lshade-p6,lshade,3,2,10,2,2000,2000,15.075444431739385,,,181.39033295729891,113.22697936385239,71.617714608594866,15.075444431739385,0.058775813,0.006141599,26.317107,"{""lambda_per_d"":6}"
pilot,lshade-p6,lshade,6,1,5,1,1000,1000,0.036241938366465831,,,48.559577224861648,24.928338246472038,7.0937543820261695,0.036241938366465831,0.039736477,0.001672657,38.06382,"{""lambda_per_d"":6}"
pilot,lshade-p6,lshade,6,1,5,2,1000,1000,0.0235749297898451,,,49.386954225324992,12.607305086193577,6.6540390512303631,0.0235749297898451,0.044596441,0.001889999,42.706442,"{""lambda_per_d"":6}"
pilot,lshade-p6,lshade,6,1,10,1,2000,2000,2.4748993393175667,,,15476.558236602777,106.31331117667099,34.224163568612717,2.4748993393175667,0.0651669,0.004292735,30.4370825,"{""lambda_per_d"":6}"
pilot,lshade-p6,lshade,6,1,10,2,2000,2000,1.8988834266066874,,,13733.294856178023,102.980406719032,44.713456026707782,1.8988834266066874,0.055544361,0.003358078,26.0931415,"{""lambda_per_d"":6}"
pilot,lshade-p6,lshade,6,2,5,1,1000,1000,0.023279572293397166,,,23.951601114985937,21.29834877943863,2.5269699421121494,0.023279572293397166,0.036125162,0.001504218,34.620944,"{""lambda_per_d"":6}"
pilot,lshade-p6,lshade,6,2,5,2,1000,1000,0.13779388139021265,,,55.187076836757896,23.788719975879832,6.8212250972397293,0.13779388139021265,0.03597484,0.001568047,34.406793,"{""lambda_per_d"":6}"
pilot,lshade-p6,lshade,6,2,10,1,2000,2000,2.9876926048662078,,,14809.621426522584,46.111770651965273,29.99890415558173,2.9876926048662078,0.056885267,0.003417809,26.733729,"{""lambda_per_d"":6}"
pilot,lshade-p6,lshade,6,2,10,2,2000,2000,1.4950302938334836,,,7094.2619519236559,94.210088669630508,44.852956781653873,1.4950302938334836,0.062858786,0.003696761,29.5810125,"{""lambda_per_d"":6}"
pilot,lshade-p6,lshade,8,1,5,1,1000,1000,1.4163660382407954,,,274.91540882507775,100.88597309035194,33.156033431566271,1.4163660382407954,0.033965235,0.001254739,32.710496,"{""lambda_per_d"":6}"
pilot,lshade-p6,lshade,8,1,5,2,1000,1000,0.862132043228371,,,461.37796018212475,87.803667053672115,15.389512828955247,0.862132043228371,0.034667007,0.001200513,33.466494,"{""lambda_per_d"":6}"
pilot,lshade-p6,lshade,8,1,10,1,2000,2000,8.5196294783437736,,,6882.9319490274993,698.4181331621794,201.84353969638229,8.5196294783437736,0.068083951,0.00347386,32.3050455,"{""lambda_per_d"":6}"
pilot,lshade-p6,lshade,8,1,10,2,2000,2000,8.0933061618339082,,,1687.8976331917756,831.27693794277491,146.98107316223937,8.0933061618339082,0.056060529,0.002988397,26.536066,"{""lambda_per_d"":6}"
pilot,lshade-p6,lshade,8,2,5,1,1000,1000,0.55421365351060103,,,927.77001555769925,262.50663448155638,15.349973992671721,0.55421365351060103,0.036865198,0.001278947,35.586251,"{""lambda_per_d"":6}"
pilot,lshade-p6,lshade,8,2,5,2,1000,1000,0.84457235260458674,,,789.714227314249,87.211493489054646,13.54535198773533,0.84457235260458674,0.033973383,0.001167855,32.805528,"{""lambda_per_d"":6}"
pilot,lshade-p6,lshade,8,2,10,1,2000,2000,7.3986769599670197,,,14228.420193938635,4015.0552936232075,156.40028653221441,7.3986769599670197,0.055143407,0.002860587,26.14141,"{""lambda_per_d"":6}"
pilot,lshade-p6,lshade,8,2,10,2,2000,2000,9.5475653098684461,,,3982.2113176408984,640.20885791355693,122.97753791692037,9.5475653098684461,0.056164604,0.002732542,26.716031,"{""lambda_per_d"":6}"
pilot,lshade-p6,lshade,10,1,5,1,1000,1000,18.189054128935723,,,34858.26074359168,10556.965895347106,681.09824180883675,18.189054128935723,0.03543373,0.001868614,33.565116,"{""lambda_per_d"":6}"
pilot,lshade-p6,lshade,10,1,5,2,1000,1000,0.3780710461387855,,,94645.470421048012,52411.297797739942,13018.631843078649,0.3780710461387855,0.036348422,0.001943604,34.404818,"{""lambda_per_d"":6}"
pilot,lshade-p6,lshade,10,1,10,1,2000,2000,438.03869588308226,,,128683.31667087319,44525.789893609683,12479.969654675146,438.03869588308226,0.061191786,0.005151239,28.0202735,"{""lambda_per_d"":6}"
pilot,lshade-p6,lshade,10,1,10,2,2000,2000,2160.8265745482604,,,261818.89068275489,198905.03056964604,20962.30212842911,2160.8265745482604,0.059021881,0.00518075,26.9205655,"{""lambda_per_d"":6}"
pilot,lshade-p6,lshade,10,2,5,1,1000,1000,331.764793515485,,,29644.709891112856,4509.7955976813737,1479.5606991918328,331.764793515485,0.039833213,0.002074937,37.758276,"{""lambda_per_d"":6}"
pilot,lshade-p6,lshade,10,2,5,2,1000,1000,17.983016303173109,,,21873.499001205899,10507.405770001018,5463.8742562219086,17.983016303173109,0.035082393,0.001847305,33.235088,"{""lambda_per_d"":6}"
pilot,lshade-p6,lshade,10,2,10,1,2000,2000,1883.8863091912726,,,269403.03297246509,16945.021497398935,10968.84499016776,1883.8863091912726,0.059580832,0.005215336,27.182748,"{""lambda_per_d"":6}"
pilot,lshade-p6,lshade,10,2,10,2,2000,2000,75.386576765466287,,,202634.86829442784,127464.11946826577,23023.565575857014,75.386576765466287,0.063603331,0.005566708,29.0183115,"{""lambda_per_d"":6}"
pilot,lshade-p6,lshade,12,1,5,1,1000,1000,2.6766954533862872,,,2406049.6032547695,77093.70097408336,9473.4642293480556,2.6766954533862872,0.035370215,0.001368898,34.001317,"{""lambda_per_d"":6}"
pilot,lshade-p6,lshade,12,1,5,2,1000,1000,32.153813970084457,,,3088552.7579595512,250777.70936988172,41745.517575985636,32.153813970084457,0.041215908,0.001545108,39.6708,"{""lambda_per_d"":6}"
pilot,lshade-p6,lshade,12,1,10,1,2000,2000,779.65503281001224,,,6317466.654854944,2898776.8619071022,702380.37121551123,779.65503281001224,0.065253457,0.004170782,30.5413375,"{""lambda_per_d"":6}"
pilot,lshade-p6,lshade,12,1,10,2,2000,2000,1581.5199521546172,,,14911483.22252579,8646052.2303552907,1139565.2866545608,1581.5199521546172,0.056678645,0.003555576,26.5615345,"{""lambda_per_d"":6}"
pilot,lshade-p6,lshade,12,2,5,1,1000,1000,5.8507441114454082,,,2365822.8429779485,320462.34576488065,49074.82085473105,5.8507441114454082,0.03721565,0.001470862,35.744788,"{""lambda_per_d"":6}"
pilot,lshade-p6,lshade,12,2,5,2,1000,1000,216.93140715269732,,,3676309.8970080703,833584.84113605204,73958.484797918689,216.93140715269732,0.034590177,0.001373634,33.216543,"{""lambda_per_d"":6}"
pilot,lshade-p6,lshade,12,2,10,1,2000,2000,99.490346354129883,,,39646721.839429542,9140377.7953247316,1240770.1944246476,99.490346354129883,0.056876435,0.00343031,26.7230625,"{""lambda_per_d"":6}"
pilot,lshade-p6,lshade,12,2,10,2,2000,2000,258.19473327014214,,,26393229.829710297,3998939.4339737468,990958.75742259156,258.19473327014214,0.056659589,0.00347462,26.5924845,"{""lambda_per_d"":6}"
pilot,lshade-p6,lshade,15,1,5,1,1000,1000,5.4310277391803083,,,48.670241007509503,24.10281306402203,18.460619557429368,5.4310277391803083,0.037923741,0.00221247,35.711271,"{""lambda_per_d"":6}"
pilot,lshade-p6,lshade,15,1,5,2,1000,1000,11.186232361416273,,,71.565467893846062,16.225623469712787,16.225623469712787,11.186232361416273,0.03553602,0.002226639,33.309381,"{""lambda_per_d"":6}"
pilot,lshade-p6,lshade,15,1,10,1,2000,2000,26.719757921031942,,,167.74535586871025,118.28895009912708,67.836348095189123,26.719757921031942,0.059105804,0.006361257,26.3722735,"{""lambda_per_d"":6}"
pilot,lshade-p6,lshade,15,1,10,2,2000,2000,23.837822897147589,,,198.68860020195325,112.79988164967517,55.783287875599171,23.837822897147589,0.060728381,0.006484064,27.1221585,"{""lambda_per_d"":6}"
pilot,lshade-p6,lshade,15,2,5,1,1000,1000,7.2187621559595385,,,33.034779055765142,33.034779055765142,31.702191695048924,7.2187621559595385,0.034754843,0.002160189,32.594654,"{""lambda_per_d"":6}"
pilot,lshade-p6,lshade,15,2,5,2,1000,1000,15.103751286893669,,,54.323985533255652,36.922392492391097,28.712812851564905,15.103751286893669,0.036057529,0.002176419,33.88111,"{""lambda_per_d"":6}"
pilot,lshade-p6,lshade,15,2,10,1,2000,2000,28.692229672371951,,,229.07110762965871,107.26828009779416,79.675941015258161,28.692229672371951,0.059155301,0.006350067,26.402617,"{""lambda_per_d"":6}"
pilot,lshade-p6,lshade,15,2,10,2,2000,2000,40.758016065826354,,,116.93770410025579,116.32593203663629,89.270163956360875,40.758016065826354,0.060150424,0.006352581,26.8989215,"{""lambda_per_d"":6}"
pilot,lshade-p6,lshade,17,1,5,1,1000,1000,0.069683442881071755,,,6.3810689512993051,2.1746407424656304,0.77343638398152237,0.069683442881071755,0.033857141,0.00183572,32.021421,"{""lambda_per_d"":6}"
pilot,lshade-p6,lshade,17,1,5,2,1000,1000,0.083570820222742981,,,3.1053847436547812,2.0159478847333379,0.88117625837186253,0.083570820222742981,0.034352873,0.001854851,32.498022,"{""lambda_per_d"":6}"
pilot,lshade-p6,lshade,17,1,10,1,2000,2000,0.17424486541808903,,,6.5409199868279195,3.9192612748486688,1.971347518933154,0.17424486541808903,0.05924827,0.005256818,26.995726,"{""lambda_per_d"":6}"
pilot,lshade-p6,lshade,17,1,10,2,2000,2000,0.54160275583025808,,,7.7181134061613257,3.1715923065146079,2.2323718120968721,0.54160275583025808,0.061496163,0.005489769,28.003197,"{""lambda_per_d"":6}"
pilot,lshade-p6,lshade,17,2,5,1,1000,1000,0.62667643191500488,,,4.7177708585899687,2.7627080025013413,1.6928238897053198,0.62667643191500488,0.03360006,0.001764469,31.835591,"{""lambda_per_d"":6}"
pilot,lshade-p6,lshade,17,2,5,2,1000,1000,0.10515319088593245,,,6.9306408907689452,3.8067903264312193,1.8338664453696367,0.10515319088593245,0.035344889,0.001866133,33.478756,"{""lambda_per_d"":6}"
pilot,lshade-p6,lshade,17,2,10,1,2000,2000,0.46486357569553505,,,6.8261140176505855,5.5194093194713396,1.9546562087809463,0.46486357569553505,0.056013162,0.005027467,25.4928475,"{""lambda_per_d"":6}"
pilot,lshade-p6,lshade,17,2,10,2,2000,2000,0.27469629065213041,,,6.4421709884447615,3.8514421344976313,2.9914979264865558,0.27469629065213041,0.057254547,0.005102449,26.076049,"{""lambda_per_d"":6}"
pilot,lshade-p6,lshade,20,1,5,1,1000,1000,0.35491579953156815,,,2.7686395252702596,2.7686395252702596,2.0418840190842502,0.35491579953156815,0.034176187,0.002453332,31.722855,"{""lambda_per_d"":6}"
pilot,lshade-p6,lshade,20,1,5,2,1000,1000,1.0687110516212215,,,4.1541265477272873,3.0490785671725007,2.4547918500596779,1.0687110516212215,0.03455747,0.002432959,32.124511,"{""lambda_per_d"":6}"
pilot,lshade-p6,lshade,20,1,10,1,2000,2000,2.1727049128797944,,,317.90816105416343,3.7594133890139574,3.2306082859031449,2.1727049128797944,0.057255536,0.005867915,25.6938105,"{""lambda_per_d"":6}"
pilot,lshade-p6,lshade,20,1,10,2,2000,2000,1.3361242652729288,,,816.97100126602686,21.877834052894968,2.7311609384727262,1.3361242652729288,0.058303845,0.005982811,26.160517,"{""lambda_per_d"":6}"
pilot,lshade-p6,lshade,20,2,5,1,1000,1000,0.84370465716528997,,,4.401863056236607,2.4707421382020129,1.8307426025845643,0.84370465716528997,0.034249628,0.00237107,31.878558,"{""lambda_per_d"":6}"
pilot,lshade-p6,lshade,20,2,5,2,1000,1000,0.85753731605063876,,,4.0826574614139872,3.799920064303933,1.9447284656226884,0.85753731605063876,0.035680442,0.002538422,33.14202,"{""lambda_per_d"":6}"
pilot,lshade-p6,lshade,20,2,10,1,2000,2000,2.1149973785028351,,,1174.3596904709111,4.4485498823204352,3.1018423165462536,2.1149973785028351,0.05707985,0.005839309,25.6202705,"{""lambda_per_d"":6}"
pilot,lshade-p6,lshade,20,2,10,2,2000,2000,1.6230269548243541,,,6551.9696456320153,366.98743804939159,3.1921913013459289,1.6230269548243541,0.055431745,0.005828682,24.8015315,"{""lambda_per_d"":6}"
pilot,lshade-p6,lshade,23,1,5,1,1000,1000,2.4100008903681571,,,2.8439078808511011,2.8439078808511011,2.441259145336681,2.4100008903681571,0.033833013,0.002079446,31.753567,"{""lambda_per_d"":6}"
pilot,lshade-p6,lshade,23,1,5,2,1000,1000,2.1251419261157958,,,3.9589365584479355,2.8076382974063963,2.4286267721308556,2.1251419261157958,0.033751776,0.001922843,31.828933,"{""lambda_per_d"":6}"
pilot,lshade-p6,lshade,23,1,10,1,2000,2000,2.2520099103619726,,,3.5546234340872678,3.5546234340872678,3.0792114685493468,2.2520099103619726,0.055574925,0.005529923,25.022501,"{""lambda_per_d"":6}"
pilot,lshade-p6,lshade,23,1,10,2,2000,2000,2.2694444362990867,,,3.0274139120971428,3.0274139120971428,2.653035290135592,2.2694444362990867,0.058486881,0.005941804,26.2725385,"{""lambda_per_d"":6}"
pilot,lshade-p6,lshade,23,2,5,1,1000,1000,1.5369197346263235,,,3.4475233309927322,1.5369197346263235,1.5369197346263235,1.5369197346263235,0.033049281,0.001966798,31.082483,"{""lambda_per_d"":6}"
pilot,lshade-p6,lshade,23,2,5,2,1000,1000,1.5107311431936379,,,3.9633378967817379,3.9633378967817379,2.0594050426690478,1.5107311431936379,0.034954287,0.001950347,33.00394,"{""lambda_per_d"":6}"
pilot,lshade-p6,lshade,23,2,10,1,2000,2000,2.0906563183085747,,,2.617301542589447,2.617301542589447,2.21897054114612,2.0906563183085747,0.058896143,0.005969875,26.463134,"{""lambda_per_d"":6}"
pilot,lshade-p6,lshade,23,2,10,2,2000,2000,1.9973689932065255,,,4.3221003513004108,1.9973689932065255,1.9973689932065255,1.9973689932065255,0.054043512,0.005524783,24.2593645,"{""lambda_per_d"":6}"
tune,modde-lshade-p6,lshade,1,1,5,1,1000,1000,5.8896211641012997e-06,750,981,2.5608100750804255,0.49826660835077519,0.16027793680945024,5.8896211641012997e-06,0.034231161,0.001195232,33.035929,"{""bound_correction"":""saturate"",""lambda_per_d"":6}"
tune,modde-lshade-p6,lshade,1,1,5,2,1000,1000,7.1041882591771355e-05,817,,4.474849812303674,2.0707940785773218,0.43299573180475193,7.1041882591771355e-05,0.032533583,0.00120147,31.332113,"{""bound_correction"":""saturate"",""lambda_per_d"":6}"
tune,modde-lshade-p6,lshade,1,1,10,1,2000,2000,0.00070969425252087603,1725,,10.082993720907751,6.3981016961376866,0.80902520390085897,0.00070969425252087603,0.053683204,0.002787951,25.4476265,"{""bound_correction"":""saturate"",""lambda_per_d"":6}"
tune,modde-lshade-p6,lshade,1,1,10,2,2000,2000,0.00031955078023315764,1632,,32.445467669991828,1.7653902032673159,0.79985674161824249,0.00031955078023315764,0.053371606,0.002707697,25.3319545,"{""bound_correction"":""saturate"",""lambda_per_d"":6}"
tune,modde-lshade-p6,lshade,6,1,5,1,1000,1000,0.08273634716142908,,,64.189500582062351,30.351954303984293,7.2437324046321123,0.08273634716142908,0.033402414,0.001543043,31.859371,"{""bound_correction"":""saturate"",""lambda_per_d"":6}"
tune,modde-lshade-p6,lshade,6,1,5,2,1000,1000,0.042317573101982475,,,70.277227667337058,44.545183551427137,12.467965476850274,0.042317573101982475,0.034360554,0.001591857,32.768697,"{""bound_correction"":""saturate"",""lambda_per_d"":6}"
tune,modde-lshade-p6,lshade,6,1,10,1,2000,2000,2.2026949806495679,,,12835.248018659575,81.604754580685665,46.93163490019078,2.2026949806495679,0.054841935,0.003488697,25.676619,"{""bound_correction"":""saturate"",""lambda_per_d"":6}"
tune,modde-lshade-p6,lshade,6,1,10,2,2000,2000,1.4833054669524941,,,6654.7335970026088,115.38810449623651,26.608380927340839,1.4833054669524941,0.05539976,0.003526785,25.9364875,"{""bound_correction"":""saturate"",""lambda_per_d"":6}"
tune,modde-lshade-p6,lshade,10,1,5,1,1000,1000,69.700989965912171,,,9993.945877379665,9993.945877379665,2600.9412258113184,69.700989965912171,0.033789903,0.001905507,31.884396,"{""bound_correction"":""saturate"",""lambda_per_d"":6}"
tune,modde-lshade-p6,lshade,10,1,5,2,1000,1000,727.79618708187968,,,170937.66284956608,17550.697990227629,10502.214858336254,727.79618708187968,0.03414152,0.001904017,32.237503,"{""bound_correction"":""saturate"",""lambda_per_d"":6}"
tune,modde-lshade-p6,lshade,10,1,10,1,2000,2000,1299.3830692003405,,,128683.31667087319,75117.054289510415,39897.757671870582,1299.3830692003405,0.058865525,0.005579384,26.6430705,"{""bound_correction"":""saturate"",""lambda_per_d"":6}"
tune,modde-lshade-p6,lshade,10,1,10,2,2000,2000,415.24480829277832,,,183356.12272899708,69749.368847707388,29285.249335141445,415.24480829277832,0.056584588,0.005266576,25.659006,"{""bound_correction"":""saturate"",""lambda_per_d"":6}"
tune,modde-lshade-p6,lshade,15,1,5,1,1000,1000,5.7742098075924559,,,48.670241007509503,16.545627119211076,16.545627119211076,5.7742098075924559,0.033649088,0.002410718,31.23837,"{""bound_correction"":""saturate"",""lambda_per_d"":6}"
tune,modde-lshade-p6,lshade,15,1,5,2,1000,1000,20.577268089470294,,,66.446443496689881,39.966933335957947,23.752930163554538,20.577268089470294,0.03336186,0.002243,31.11886,"{""bound_correction"":""saturate"",""lambda_per_d"":6}"
tune,modde-lshade-p6,lshade,15,1,10,1,2000,2000,42.872836686653272,,,174.62748827013547,118.50568652019479,65.693636337633961,42.872836686653272,0.058300585,0.006600025,25.85028,"{""bound_correction"":""saturate"",""lambda_per_d"":6}"
tune,modde-lshade-p6,lshade,15,1,10,2,2000,2000,45.598598827119531,,,195.14407685050992,84.655627827844,75.796194640133081,45.598598827119531,0.057848496,0.006420538,25.713979,"{""bound_correction"":""saturate"",""lambda_per_d"":6}"
tune,modde-lshade-p6,lshade,20,1,5,1,1000,1000,0.53249188798315572,,,2.7686395252702596,2.4256531438643378,1.8740680092321327,0.53249188798315572,0.034585437,0.002442695,32.142742,"{""bound_correction"":""saturate"",""lambda_per_d"":6}"
tune,modde-lshade-p6,lshade,20,1,5,2,1000,1000,1.3140816862747897,,,4.1973747979108111,3.0127514008204344,2.3766296672533826,1.3140816862747897,0.034090229,0.002435134,31.655095,"{""bound_correction"":""saturate"",""lambda_per_d"":6}"
tune,modde-lshade-p6,lshade,20,1,10,1,2000,2000,1.2621338409030614,,,885.42876032276308,165.82595401502016,3.3752258005803242,1.2621338409030614,0.056322561,0.005856031,25.233265,"{""bound_correction"":""saturate"",""lambda_per_d"":6}"
tune,modde-lshade-p6,lshade,20,1,10,2,2000,2000,2.0927721542467452,,,3369.4035042129808,13.792685940144111,3.2731677435082247,2.0927721542467452,0.057128005,0.006006188,25.5609085,"{""bound_correction"":""saturate"",""lambda_per_d"":6}"
tune,modde-lshade-p10,lshade,1,1,5,1,1000,1000,0.0012722260226496473,892,,6.4431074942584843,1.2306411620718194,0.66475917898848991,0.0012722260226496473,0.027802856,0.001104663,26.698193,"{""bound_correction"":""saturate"",""lambda_per_d"":10}"
tune,modde-lshade-p10,lshade,1,1,5,2,1000,1000,0.00048787406153394386,822,,9.324414052108736,3.1545762701978646,0.64089017350561051,0.00048787406153394386,0.027841575,0.00112613,26.715445,"{""bound_correction"":""saturate"",""lambda_per_d"":10}"
tune,modde-lshade-p10,lshade,1,1,10,1,2000,2000,0.016804223579939048,,,14.116648026643631,13.426936256279802,3.9201258547848283,0.016804223579939048,0.048551339,0.002600434,22.9754525,"{""bound_correction"":""saturate"",""lambda_per_d"":10}"
tune,modde-lshade-p10,lshade,1,1,10,2,2000,2000,0.0034167547671444254,1969,,13.893212738167819,7.4908126883762378,3.0375156977943192,0.0034167547671444254,0.047036874,0.002517235,22.2598195,"{""bound_correction"":""saturate"",""lambda_per_d"":10}"
tune,modde-lshade-p10,lshade,6,1,5,1,1000,1000,0.36605445848999807,,,55.157936841892116,30.097866931835149,21.21868770774622,0.36605445848999807,0.028580706,0.001447298,27.133408,"{""bound_correction"":""saturate"",""lambda_per_d"":10}"
tune,modde-lshade-p10,lshade,6,1,5,2,1000,1000,1.2710150781839005,,,41.192166813309662,34.395611328895491,13.256327140492225,1.2710150781839005,0.027909909,0.001414359,26.49555,"{""bound_correction"":""saturate"",""lambda_per_d"":10}"
tune,modde-lshade-p10,lshade,6,1,10,1,2000,2000,17.587493485756141,,,6767.6233706004668,105.5119025621816,76.935228566591491,17.587493485756141,0.050160459,0.00336146,23.3994995,"{""bound_correction"":""saturate"",""lambda_per_d"":10}"
tune,modde-lshade-p10,lshade,6,1,10,2,2000,2000,6.2066889381556507,,,31754.839085927746,131.9098717014451,76.88495087666513,6.2066889381556507,0.048845327,0.003313274,22.7660265,"{""bound_correction"":""saturate"",""lambda_per_d"":10}"
tune,modde-lshade-p10,lshade,10,1,5,1,1000,1000,792.83061377249646,,,34858.26074359168,9662.8962678877706,7185.4079833660026,792.83061377249646,0.02957413,0.001843919,27.730211,"{""bound_correction"":""saturate"",""lambda_per_d"":10}"
tune,modde-lshade-p10,lshade,10,1,5,2,1000,1000,1656.8193272116375,,,213162.65030420132,36051.046698230115,5892.2001365227225,1656.8193272116375,0.029396847,0.001842423,27.554424,"{""bound_correction"":""saturate"",""lambda_per_d"":10}"
tune,modde-lshade-p10,lshade,10,1,10,1,2000,2000,7913.5062832175608,,,128683.31667087319,47237.838794807707,45565.31620354842,7913.5062832175608,0.052117317,0.005175151,23.471083,"{""bound_correction"":""saturate"",""lambda_per_d"":10}"
tune,modde-lshade-p10,lshade,10,1,10,2,2000,2000,8093.7203325586188,,,425743.94272570661,137213.63910286245,39868.807012517202,8093.7203325586188,0.051279686,0.005166129,23.0567785,"{""bound_correction"":""saturate"",""lambda_per_d"":10}"
tune,modde-lshade-p10,lshade,15,1,5,1,1000,1000,9.3200153972420594,,,48.670241007509503,30.404156158393789,21.243012751948299,9.3200153972420594,0.02984568,0.002234119,27.611561,"{""bound_correction"":""saturate"",""lambda_per_d"":10}"
tune,modde-lshade-p10,lshade,15,1,5,2,1000,1000,11.548320083595399,,,58.52999033544188,35.210249055969371,34.599991441897828,11.548320083595399,0.028497062,0.002123446,26.373616,"{""bound_correction"":""saturate"",""lambda_per_d"":10}"
tune,modde-lshade-p10,lshade,15,1,10,1,2000,2000,43.699201817674293,,,134.30020592622395,103.30287013847328,79.591119315774449,43.699201817674293,0.052895289,0.006376768,23.2592605,"{""bound_correction"":""saturate"",""lambda_per_d"":10}"
tune,modde-lshade-p10,lshade,15,1,10,2,2000,2000,48.40700161783252,,,188.83367616563851,148.78398844485923,98.601720988050374,48.40700161783252,0.053457346,0.006264272,23.596537,"{""bound_correction"":""saturate"",""lambda_per_d"":10}"
tune,modde-lshade-p10,lshade,20,1,5,1,1000,1000,0.99658055743589102,,,234.33632433459957,169.79494308222536,2.4351584339550527,0.99658055743589102,0.031537553,0.00255871,28.978843,"{""bound_correction"":""saturate"",""lambda_per_d"":10}"
tune,modde-lshade-p10,lshade,20,1,5,2,1000,1000,1.7898415794992388,,,1347.0622840662379,4.8392065266619966,3.0632380075495576,1.7898415794992388,0.028202683,0.002348186,25.854497,"{""bound_correction"":""saturate"",""lambda_per_d"":10}"
tune,modde-lshade-p10,lshade,20,1,10,1,2000,2000,2.6885073083805082,,,3696.756958638945,588.53684193207312,4.1640374200992483,2.6885073083805082,0.051138949,0.005766732,22.6861085,"{""bound_correction"":""saturate"",""lambda_per_d"":10}"
tune,modde-lshade-p10,lshade,20,1,10,2,2000,2000,2.4656451835304551,,,3982.4960092400825,465.09839696308819,4.3782269889508143,2.4656451835304551,0.051074269,0.00576167,22.6562995,"{""bound_correction"":""saturate"",""lambda_per_d"":10}"
tune,modde-lshade-p18,lshade,1,1,5,1,1000,1000,0.030972085413338846,,,3.3684270112382393,2.2415988768709525,0.51522356921904588,0.030972085413338846,0.023568618,0.001069914,22.498704,"{""bound_correction"":""saturate"",""lambda_per_d"":18}"
tune,modde-lshade-p18,lshade,1,1,5,2,1000,1000,0.021005115640093663,,,4.2135204848204069,2.0122427064295181,1.5188757795482246,0.021005115640093663,0.023048891,0.001025563,22.023328,"{""bound_correction"":""saturate"",""lambda_per_d"":18}"
tune,modde-lshade-p18,lshade,1,1,10,1,2000,2000,0.3259874720182836,,,13.399130142248509,13.399130142248509,7.6821049939708388,0.3259874720182836,0.050513008,0.002555352,23.978828,"{""bound_correction"":""saturate"",""lambda_per_d"":18}"
tune,modde-lshade-p18,lshade,1,1,10,2,2000,2000,0.52937402370696418,,,12.988810247183949,12.988810247183949,11.527563563787297,0.52937402370696418,0.050244724,0.002553529,23.8455975,"{""bound_correction"":""saturate"",""lambda_per_d"":18}"
tune,modde-lshade-p18,lshade,6,1,5,1,1000,1000,1.3793268648993049,,,75.002041716393649,23.833332237723774,17.893557287056403,1.3793268648993049,0.024398213,0.001468083,22.93013,"{""bound_correction"":""saturate"",""lambda_per_d"":18}"
tune,modde-lshade-p18,lshade,6,1,5,2,1000,1000,4.0503467484282822,,,147.65699178352182,41.496915545611479,26.470224700204874,4.0503467484282822,0.023786753,0.001330172,22.456581,"{""bound_correction"":""saturate"",""lambda_per_d"":18}"
tune,modde-lshade-p18,lshade,6,1,10,1,2000,2000,36.34559743152213,,,3687.7623193105146,64.530269972806764,64.530269972806764,36.34559743152213,0.05212531,0.003306803,24.4092535,"{""bound_correction"":""saturate"",""lambda_per_d"":18}"
tune,modde-lshade-p18,lshade,6,1,10,2,2000,2000,33.346311082153257,,,215.20677205518109,215.20677205518109,116.71563381347281,33.346311082153257,0.05118242,0.003206466,23.987977,"{""bound_correction"":""saturate"",""lambda_per_d"":18}"
tune,modde-lshade-p18,lshade,10,1,5,1,1000,1000,1182.8180761973474,,,34858.26074359168,4398.6993623503004,4398.6993623503004,1182.8180761973474,0.031414314,0.002647024,28.76729,"{""bound_correction"":""saturate"",""lambda_per_d"":18}"
tune,modde-lshade-p18,lshade,10,1,5,2,1000,1000,867.37003341558989,,,74262.908741630221,41297.649408385689,6330.7579647417206,867.37003341558989,0.033187766,0.002521984,30.665782,"{""bound_correction"":""saturate"",""lambda_per_d"":18}"
tune,modde-lshade-p18,lshade,10,1,10,1,2000,2000,20142.488487489984,,,128683.31667087319,128683.31667087319,45846.366129619564,20142.488487489984,0.056186856,0.005770021,25.2084175,"{""bound_correction"":""saturate"",""lambda_per_d"":18}"
tune,modde-lshade-p18,lshade,10,1,10,2,2000,2000,18485.877031614502,,,185855.37799713603,185855.37799713603,57103.785558178672,18485.877031614502,0.053101163,0.005066071,24.017546,"{""bound_correction"":""saturate"",""lambda_per_d"":18}"
tune,modde-lshade-p18,lshade,15,1,5,1,1000,1000,11.366135453019979,,,48.670241007509503,48.670241007509503,48.662830488446389,11.366135453019979,0.024477375,0.002059489,22.417886,"{""bound_correction"":""saturate"",""lambda_per_d"":18}"
tune,modde-lshade-p18,lshade,15,1,5,2,1000,1000,20.736497799077824,,,78.867714579163248,58.818940628042355,41.657835194659356,20.736497799077824,0.024701623,0.0020466,22.655023,"{""bound_correction"":""saturate"",""lambda_per_d"":18}"
tune,modde-lshade-p18,lshade,15,1,10,1,2000,2000,45.643894138800306,,,253.11564016646957,178.23599026810371,99.982605766462484,45.643894138800306,0.055088973,0.006225535,24.431719,"{""bound_correction"":""saturate"",""lambda_per_d"":18}"
tune,modde-lshade-p18,lshade,15,1,10,2,2000,2000,41.88793840925382,,,234.9577327616264,147.60903666780382,114.81538487241301,41.88793840925382,0.055234499,0.006295175,24.469662,"{""bound_correction"":""saturate"",""lambda_per_d"":18}"
tune,modde-lshade-p18,lshade,20,1,5,1,1000,1000,1.6382156372706049,,,246.47024506400055,3.7620300433536613,3.4677929683981574,1.6382156372706049,0.024842718,0.002313953,22.528765,"{""bound_correction"":""saturate"",""lambda_per_d"":18}"
tune,modde-lshade-p18,lshade,20,1,5,2,1000,1000,2.1297700999937206,,,1477.8726629643309,4.8169475002094941,3.0399747250287419,2.1297700999937206,0.024314782,0.002306079,22.008703,"{""bound_correction"":""saturate"",""lambda_per_d"":18}"
tune,modde-lshade-p18,lshade,20,1,10,1,2000,2000,2.6166082239237767,,,3412.6151208370329,3412.6151208370329,62.019755146498426,2.6166082239237767,0.055074127,0.006025088,24.5245195,"{""bound_correction"":""saturate"",""lambda_per_d"":18}"
tune,modde-lshade-p18,lshade,20,1,10,2,2000,2000,2.751176970508709,,,2576.840626242918,2576.840626242918,100.95248399722101,2.751176970508709,0.053343222,0.005776335,23.7834435,"{""bound_correction"":""saturate"",""lambda_per_d"":18}"
pilot,modde-lshade-p6,lshade,1,1,5,1,1000,1000,5.8896211641012997e-06,750,981,2.5608100750804255,0.49826660835077519,0.16027793680945024,5.8896211641012997e-06,0.033255592,0.001188654,32.066938,"{""bound_correction"":""saturate"",""lambda_per_d"":6}"
pilot,modde-lshade-p6,lshade,1,1,5,2,1000,1000,7.1041882591771355e-05,817,,4.474849812303674,2.0707940785773218,0.43299573180475193,7.1041882591771355e-05,0.032661977,0.001163086,31.498891,"{""bound_correction"":""saturate"",""lambda_per_d"":6}"
pilot,modde-lshade-p6,lshade,1,1,10,1,2000,2000,0.00070969425252087603,1725,,10.082993720907751,6.3981016961376866,0.80902520390085897,0.00070969425252087603,0.053510218,0.002703121,25.4035485,"{""bound_correction"":""saturate"",""lambda_per_d"":6}"
pilot,modde-lshade-p6,lshade,1,1,10,2,2000,2000,0.00031955078023315764,1632,,32.445467669991828,1.7653902032673159,0.79985674161824249,0.00031955078023315764,0.057545949,0.002893654,27.3261475,"{""bound_correction"":""saturate"",""lambda_per_d"":6}"
pilot,modde-lshade-p6,lshade,1,2,5,1,1000,1000,1.4686925283058372e-05,736,,6.88118559826205,0.8627261453571009,0.14343703859668722,1.4686925283058372e-05,0.033022954,0.001180012,31.842942,"{""bound_correction"":""saturate"",""lambda_per_d"":6}"
pilot,modde-lshade-p6,lshade,1,2,5,2,1000,1000,0.00010004752442682729,736,,1.4056586844263848,1.4056586844263848,0.13577103326127826,0.00010004752442682729,0.038670704,0.001467743,37.202961,"{""bound_correction"":""saturate"",""lambda_per_d"":6}"
pilot,modde-lshade-p6,lshade,1,2,10,1,2000,2000,0.00057789356463899821,1697,,15.681826386530588,4.335674736786018,1.406449552009633,0.00057789356463899821,0.056966882,0.00280802,27.079431,"{""bound_correction"":""saturate"",""lambda_per_d"":6}"
pilot,modde-lshade-p6,lshade,1,2,10,2,2000,2000,0.0001375107302123979,1718,,5.6747977903267497,3.6571844422252866,0.89024975817108043,0.0001375107302123979,0.054075989,0.002715902,25.6800435,"{""bound_correction"":""saturate"",""lambda_per_d"":6}"
pilot,modde-lshade-p6,lshade,3,1,5,1,1000,1000,5.2057913760544352,,,80.547824282117972,36.378204314845277,7.3500782907480016,5.2057913760544352,0.033740635,0.002237069,31.503566,"{""bound_correction"":""saturate"",""lambda_per_d"":6}"
pilot,modde-lshade-p6,lshade,3,1,5,2,1000,1000,9.5516295423337283,,,61.95762473144157,46.090561601896582,19.115897341969287,9.5516295423337283,0.033296591,0.002177927,31.118664,"{""bound_correction"":""saturate"",""lambda_per_d"":6}"
pilot,modde-lshade-p6,lshade,3,1,10,1,2000,2000,17.12690787495103,,,143.68652281171211,101.92937526392205,62.610475354119842,17.12690787495103,0.058041112,0.006230594,25.905259,"{""bound_correction"":""saturate"",""lambda_per_d"":6}"
pilot,modde-lshade-p6,lshade,3,1,10,2,2000,2000,11.376028804339342,,,187.01771676272261,123.4172780369347,50.864743207577988,11.376028804339342,0.058019973,0.006165922,25.9270255,"{""bound_correction"":""saturate"",""lambda_per_d"":6}"
pilot,modde-lshade-p6,lshade,3,2,5,1,1000,1000,9.5323267853359823,,,42.539324456541323,37.034138292406624,14.434990345904836,9.5323267853359823,0.031716825,0.00214974,29.567085,"{""bound_correction"":""saturate"",""lambda_per_d"":6}"
pilot,modde-lshade-p6,lshade,3,2,5,2,1000,1000,6.6034232884724418,,,51.138601829918628,43.647312774528572,23.623895576208241,6.6034232884724418,0.035731302,0.002243689,33.487613,"{""bound_correction"":""saturate"",""lambda_per_d"":6}"
pilot,modde-lshade-p6,lshade,3,2,10,1,2000,2000,13.606200945884183,,,157.3636157809926,77.626937723210034,64.401926006134119,13.606200945884183,0.057784062,0.006414262,25.6849,"{""bound_correction"":""saturate"",""lambda_per_d"":6}"
pilot,modde-lshade-p6,lshade,3,2,10,2,2000,2000,36.805751495813453,,,165.58442937113182,104.64212707201429,73.547116930897573,36.805751495813453,0.056621048,0.006151458,25.234795,"{""bound_correction"":""saturate"",""lambda_per_d"":6}"
pilot,modde-lshade-p6,lshade,6,1,5,1,1000,1000,0.08273634716142908,,,64.189500582062351,30.351954303984293,7.2437324046321123,0.08273634716142908,0.034511046,0.001563203,32.947843,"{""bound_correction"":""saturate"",""lambda_per_d"":6}"
pilot,modde-lshade-p6,lshade,6,1,5,2,1000,1000,0.042317573101982475,,,70.277227667337058,44.545183551427137,12.467965476850274,0.042317573101982475,0.033725772,0.001512313,32.213459,"{""bound_correction"":""saturate"",""lambda_per_d"":6}"
pilot,modde-lshade-p6,lshade,6,1,10,1,2000,2000,2.2026949806495679,,,12835.248018659575,81.604754580685665,46.93163490019078,2.2026949806495679,0.05519587,0.003425129,25.8853705,"{""bound_correction"":""saturate"",""lambda_per_d"":6}"
pilot,modde-lshade-p6,lshade,6,1,10,2,2000,2000,1.4833054669524941,,,6654.7335970026088,115.38810449623651,26.608380927340839,1.4833054669524941,0.054965354,0.003430737,25.7673085,"{""bound_correction"":""saturate"",""lambda_per_d"":6}"
pilot,modde-lshade-p6,lshade,6,2,5,1,1000,1000,0.0047255249651136921,932,,18.497871174152511,6.66410893579231,6.2587240507384756,0.0047255249651136921,0.033536469,0.001542081,31.994388,"{""bound_correction"":""saturate"",""lambda_per_d"":6}"
pilot,modde-lshade-p6,lshade,6,2,5,2,1000,1000,0.020249650627302884,,,32.447971881370634,24.183859917835722,12.536544268871101,0.020249650627302884,0.033684173,0.001475661,32.208512,"{""bound_correction"":""saturate"",""lambda_per_d"":6}"
pilot,modde-lshade-p6,lshade,6,2,10,1,2000,2000,13.3730204634962,,,3027.7829707625597,108.33261930466554,42.130493046499225,13.3730204634962,0.054225768,0.003468766,25.378501,"{""bound_correction"":""saturate"",""lambda_per_d"":6}"
pilot,modde-lshade-p6,lshade,6,2,10,2,2000,2000,2.5467417731192263,,,214.74387774975651,106.61035489458118,44.671284207661941,2.5467417731192263,0.057762982,0.00361697,27.073006,"{""bound_correction"":""saturate"",""lambda_per_d"":6}"
pilot,modde-lshade-p6,lshade,8,1,5,1,1000,1000,4.558850111298824,,,531.24257022397967,267.13543989352706,15.229261960417688,4.558850111298824,0.032604854,0.001217153,31.387701,"{""bound_correction"":""saturate"",""lambda_per_d"":6}"
pilot,modde-lshade-p6,lshade,8,1,5,2,1000,1000,2.4235914084112835,,,700.13775243352961,336.15303044352254,93.538042542757438,2.4235914084112835,0.036283595,0.001359186,34.924409,"{""bound_correction"":""saturate"",""lambda_per_d"":6}"
pilot,modde-lshade-p6,lshade,8,1,10,1,2000,2000,13.612715331141885,,,11473.172775628023,2333.3870002710746,339.62722428291454,13.612715331141885,0.054218353,0.00274037,25.7389915,"{""bound_correction"":""saturate"",""lambda_per_d"":6}"
pilot,modde-lshade-p6,lshade,8,1,10,2,2000,2000,9.7357332190860291,,,14322.379375116621,1588.1543510243721,334.48119600725909,9.7357332190860291,0.052816976,0.002701237,25.0578695,"{""bound_correction"":""saturate"",""lambda_per_d"":6}"
pilot,modde-lshade-p6,lshade,8,2,5,1,1000,1000,3.9683831614376004,,,247.76206279214261,191.99333123824863,113.78511371169407,3.9683831614376004,0.033428077,0.001206012,32.222065,"{""bound_correction"":""saturate"",""lambda_per_d"":6}"
pilot,modde-lshade-p6,lshade,8,2,5,2,1000,1000,0.22780463668243556,,,559.93256066551749,108.19129992129092,39.482793184330603,0.22780463668243556,0.033387586,0.001196929,32.190657,"{""bound_correction"":""saturate"",""lambda_per_d"":6}"
pilot,modde-lshade-p6,lshade,8,2,10,1,2000,2000,7.3464649773314932,,,5435.313440368679,2010.1887596262297,202.09967352565775,7.3464649773314932,0.060038091,0.003097464,28.4703135,"{""bound_correction"":""saturate"",""lambda_per_d"":6}"
pilot,modde-lshade-p6,lshade,8,2,10,2,2000,2000,8.973115739819832,,,3544.0113967919197,1751.364830108422,204.25293286933027,8.973115739819832,0.052269778,0.002695582,24.787098,"{""bound_correction"":""saturate"",""lambda_per_d"":6}"
pilot,modde-lshade-p6,lshade,10,1,5,1,1000,1000,69.700989965912171,,,9993.945877379665,9993.945877379665,2600.9412258113184,69.700989965912171,0.03407337,0.001975567,32.097803,"{""bound_correction"":""saturate"",""lambda_per_d"":6}"
pilot,modde-lshade-p6,lshade,10,1,5,2,1000,1000,727.79618708187968,,,170937.66284956608,17550.697990227629,10502.214858336254,727.79618708187968,0.034964847,0.001941065,33.023782,"{""bound_correction"":""saturate"",""lambda_per_d"":6}"
pilot,modde-lshade-p6,lshade,10,1,10,1,2000,2000,1299.3830692003405,,,128683.31667087319,75117.054289510415,39897.757671870582,1299.3830692003405,0.057323638,0.005329712,25.996963,"{""bound_correction"":""saturate"",""lambda_per_d"":6}"
pilot,modde-lshade-p6,lshade,10,1,10,2,2000,2000,415.24480829277832,,,183356.12272899708,69749.368847707388,29285.249335141445,415.24480829277832,0.057041395,0.005258861,25.891267,"{""bound_correction"":""saturate"",""lambda_per_d"":6}"
pilot,modde-lshade-p6,lshade,10,2,5,1,1000,1000,119.19903872527667,,,37031.88549007527,7342.6010438740059,694.18535774958229,119.19903872527667,0.036957726,0.002040808,34.916918,"{""bound_correction"":""saturate"",""lambda_per_d"":6}"
pilot,modde-lshade-p6,lshade,10,2,5,2,1000,1000,28.821169608199504,,,75870.577936286369,5334.7473186633233,2268.7974268940261,28.821169608199504,0.033308044,0.001927355,31.380689,"{""bound_correction"":""saturate"",""lambda_per_d"":6}"
pilot,modde-lshade-p6,lshade,10,2,10,1,2000,2000,1415.2793165077424,,,282319.45319913683,59708.350891633127,23632.123688784912,1415.2793165077424,0.057267314,0.005233891,26.0167115,"{""bound_correction"":""saturate"",""lambda_per_d"":6}"
pilot,modde-lshade-p6,lshade,10,2,10,2,2000,2000,407.30680604092129,,,243882.33164399909,109055.00703388991,40372.424782647904,407.30680604092129,0.062930681,0.005693292,28.6186945,"{""bound_correction"":""saturate"",""lambda_per_d"":6}"
pilot,modde-lshade-p6,lshade,12,1,5,1,1000,1000,9.4041049906056742,,,6050909.3712081257,2634425.6288394462,187698.72446696216,9.4041049906056742,0.033063793,0.001354815,31.708978,"{""bound_correction"":""saturate"",""lambda_per_d"":6}"
pilot,modde-lshade-p6,lshade,12,1,5,2,1000,1000,32.572420809274604,,,1301572.5694922875,465905.15427940391,211305.82304430055,32.572420809274604,0.032375899,0.001363719,31.01218,"{""bound_correction"":""saturate"",""lambda_per_d"":6}"
pilot,modde-lshade-p6,lshade,12,1,10,1,2000,2000,232.58573331756281,,,12147228.510770107,8534106.3709144704,1543984.60284432,232.58573331756281,0.054845363,0.003605032,25.6201655,"{""bound_correction"":""saturate"",""lambda_per_d"":6}"
pilot,modde-lshade-p6,lshade,12,1,10,2,2000,2000,146.32394715881583,,,14555669.444906106,12387346.782708135,823406.74105144269,146.32394715881583,0.054468339,0.003413289,25.527525,"{""bound_correction"":""saturate"",""lambda_per_d"":6}"
pilot,modde-lshade-p6,lshade,12,2,5,1,1000,1000,14.804634091902841,,,3923426.1488867505,195989.80537109397,92492.784600457395,14.804634091902841,0.033723004,0.001357774,32.36523,"{""bound_correction"":""saturate"",""lambda_per_d"":6}"
pilot,modde-lshade-p6,lshade,12,2,5,2,1000,1000,10.7252516062062,,,3834742.1160046384,826301.01047127869,97839.532733375541,10.7252516062062,0.03668284,0.001568416,35.114424,"{""bound_correction"":""saturate"",""lambda_per_d"":6}"
pilot,modde-lshade-p6,lshade,12,2,10,1,2000,2000,1020.4406255280812,,,30071073.583211757,9677037.7240126599,1546061.0451414529,1020.4406255280812,0.054252002,0.003462498,25.394752,"{""bound_correction"":""saturate"",""lambda_per_d"":6}"
pilot,modde-lshade-p6,lshade,12,2,10,2,2000,2000,69.14948523217646,,,28798420.990609486,13423166.778040161,2667548.1144693871,69.14948523217646,0.055662973,0.003566853,26.04806,"{""bound_correction"":""saturate"",""lambda_per_d"":6}"
pilot,modde-lshade-p6,lshade,15,1,5,1,1000,1000,5.7742098075924559,,,48.670241007509503,16.545627119211076,16.545627119211076,5.7742098075924559,0.031827429,0.002203661,29.623768,"{""bound_correction"":""saturate"",""lambda_per_d"":6}"
pilot,modde-lshade-p6,lshade,15,1,5,2,1000,1000,20.577268089470294,,,66.446443496689881,39.966933335957947,23.752930163554538,20.577268089470294,0.034035874,0.002214709,31.821165,"{""bound_correction"":""saturate"",""lambda_per_d"":6}"
pilot,modde-lshade-p6,lshade,15,1,10,1,2000,2000,42.872836686653272,,,174.62748827013547,118.50568652019479,65.693636337633961,42.872836686653272,0.062662467,0.006840587,27.91094,"{""bound_correction"":""saturate"",""lambda_per_d"":6}"
pilot,modde-lshade-p6,lshade,15,1,10,2,2000,2000,45.598598827119531,,,195.14407685050992,84.655627827844,75.796194640133081,45.598598827119531,0.058291588,0.006410851,25.9403685,"{""bound_correction"":""saturate"",""lambda_per_d"":6}"
pilot,modde-lshade-p6,lshade,15,2,5,1,1000,1000,9.9297279952204462,,,33.034779055765142,33.034779055765142,28.779343465305232,9.9297279952204462,0.035050904,0.00228947,32.761434,"{""bound_correction"":""saturate"",""lambda_per_d"":6}"
pilot,modde-lshade-p6,lshade,15,2,5,2,1000,1000,14.70264501052516,,,50.753313212428154,23.640461200576169,22.860451158734548,14.70264501052516,0.033421553,0.00227152,31.150033,"{""bound_correction"":""saturate"",""lambda_per_d"":6}"
pilot,modde-lshade-p6,lshade,15,2,10,1,2000,2000,34.082406492081589,,,163.59940290734949,133.13103308628132,83.079164407304859,34.082406492081589,0.056048605,0.006403445,24.82258,"{""bound_correction"":""saturate"",""lambda_per_d"":6}"
pilot,modde-lshade-p6,lshade,15,2,10,2,2000,2000,27.390870969976376,,,206.65994671112091,122.37635095397755,74.441221380293115,27.390870969976376,0.057903253,0.006435475,25.733889,"{""bound_correction"":""saturate"",""lambda_per_d"":6}"
pilot,modde-lshade-p6,lshade,17,1,5,1,1000,1000,0.19315934324847461,,,2.808371915532355,2.7461421513345883,1.1243827377262825,0.19315934324847461,0.041221115,0.002311982,38.909133,"{""bound_correction"":""saturate"",""lambda_per_d"":6}"
pilot,modde-lshade-p6,lshade,17,1,5,2,1000,1000,0.50919217277728634,,,3.1123120292614672,2.1738966672723592,1.0188929895449554,0.50919217277728634,0.037214333,0.002323394,34.890939,"{""bound_correction"":""saturate"",""lambda_per_d"":6}"
pilot,modde-lshade-p6,lshade,17,1,10,1,2000,2000,0.44302330838765513,,,9.1084369608751903,2.7295384826627309,2.0756982351767643,0.44302330838765513,0.055747016,0.00513175,25.307633,"{""bound_correction"":""saturate"",""lambda_per_d"":6}"
pilot,modde-lshade-p6,lshade,17,1,10,2,2000,2000,0.50085954611440542,,,7.6740584701491255,3.9592870461233431,2.8282548011859738,0.50085954611440542,0.054970805,0.005134306,24.9182495,"{""bound_correction"":""saturate"",""lambda_per_d"":6}"
pilot,modde-lshade-p6,lshade,17,2,5,1,1000,1000,0.23126938124273622,,,3.8775932632535195,2.0317492371920913,1.2699901145115788,0.23126938124273622,0.032704997,0.001812252,30.892745,"{""bound_correction"":""saturate"",""lambda_per_d"":6}"
pilot,modde-lshade-p6,lshade,17,2,5,2,1000,1000,0.2127887755176765,,,4.4242992401830925,1.516176756655284,0.53299711799491334,0.2127887755176765,0.035044533,0.001930246,33.114287,"{""bound_correction"":""saturate"",""lambda_per_d"":6}"
pilot,modde-lshade-p6,lshade,17,2,10,1,2000,2000,0.49105060518468946,,,6.8261140176505855,4.4629782494753805,2.9489050591063943,0.49105060518468946,0.056863814,0.005144705,25.8595545,"{""bound_correction"":""saturate"",""lambda_per_d"":6}"
pilot,modde-lshade-p6,lshade,17,2,10,2,2000,2000,0.49903895127353692,,,5.4857102945017786,3.6432507926652207,2.1455993994584155,0.49903895127353692,0.05631186,0.005115601,25.5981295,"{""bound_correction"":""saturate"",""lambda_per_d"":6}"
pilot,modde-lshade-p6,lshade,20,1,5,1,1000,1000,0.53249188798315572,,,2.7686395252702596,2.4256531438643378,1.8740680092321327,0.53249188798315572,0.034903733,0.002390403,32.51333,"{""bound_correction"":""saturate"",""lambda_per_d"":6}"
pilot,modde-lshade-p6,lshade,20,1,5,2,1000,1000,1.3140816862747897,,,4.1973747979108111,3.0127514008204344,2.3766296672533826,1.3140816862747897,0.034011587,0.002380084,31.631503,"{""bound_correction"":""saturate"",""lambda_per_d"":6}"
pilot,modde-lshade-p6,lshade,20,1,10,1,2000,2000,1.2621338409030614,,,885.42876032276308,165.82595401502016,3.3752258005803242,1.2621338409030614,0.05679579,0.005851011,25.4723895,"{""bound_correction"":""saturate"",""lambda_per_d"":6}"
pilot,modde-lshade-p6,lshade,20,1,10,2,2000,2000,2.0927721542467452,,,3369.4035042129808,13.792685940144111,3.2731677435082247,2.0927721542467452,0.056831042,0.005846647,25.4921975,"{""bound_correction"":""saturate"",""lambda_per_d"":6}"
pilot,modde-lshade-p6,lshade,20,2,5,1,1000,1000,1.564402982010165,,,70.407780448721269,2.7376785888512813,2.2339460815840084,1.564402982010165,0.034207606,0.002482746,31.72486,"{""bound_correction"":""saturate"",""lambda_per_d"":6}"
pilot,modde-lshade-p6,lshade,20,2,5,2,1000,1000,1.0092780637248779,,,707.03033295563137,2.3352353899988429,1.8140136769789024,1.0092780637248779,0.03341788,0.002429149,30.988731,"{""bound_correction"":""saturate"",""lambda_per_d"":6}"
pilot,modde-lshade-p6,lshade,20,2,10,1,2000,2000,1.8889979572333004,,,1174.3596904709111,57.178763927640603,3.1070922346274301,1.8889979572333004,0.055262708,0.00586185,24.700429,"{""bound_correction"":""saturate"",""lambda_per_d"":6}"
pilot,modde-lshade-p6,lshade,20,2,10,2,2000,2000,1.5551378999879262,,,5.8691331101134665,4.5724575193409009,2.8545487064741337,1.5551378999879262,0.057011656,0.005970819,25.5204185,"{""bound_correction"":""saturate"",""lambda_per_d"":6}"
pilot,modde-lshade-p6,lshade,23,1,5,1,1000,1000,1.1846525861544626,,,3.6606069096346596,2.1836147550235276,2.1836147550235276,1.1846525861544626,0.030099497,0.001928376,28.171121,"{""bound_correction"":""saturate"",""lambda_per_d"":6}"
pilot,modde-lshade-p6,lshade,23,1,5,2,1000,1000,2.6991412299555817,,,3.1600519042658837,3.1600519042658837,3.1334067000278418,2.6991412299555817,0.031851854,0.002072217,29.779637,"{""bound_correction"":""saturate"",""lambda_per_d"":6}"
pilot,modde-lshade-p6,lshade,23,1,10,1,2000,2000,1.9948759489613748,,,3.5546234340872678,3.5285372782419726,1.9948759489613748,1.9948759489613748,0.050279497,0.005461443,22.409027,"{""bound_correction"":""saturate"",""lambda_per_d"":6}"
pilot,modde-lshade-p6,lshade,23,1,10,2,2000,2000,1.9368568106797168,,,3.0274139120971428,3.0274139120971428,3.0274139120971428,1.9368568106797168,0.050737053,0.005525605,22.605724,"{""bound_correction"":""saturate"",""lambda_per_d"":6}"
pilot,modde-lshade-p6,lshade,23,2,5,1,1000,1000,1.23230927511996,,,4.2026982251837781,3.7462611942826443,1.23230927511996,1.23230927511996,0.032420823,0.002030504,30.390319,"{""bound_correction"":""saturate"",""lambda_per_d"":6}"
pilot,modde-lshade-p6,lshade,23,2,5,2,1000,1000,2.1600690760023902,,,4.0681633774909729,2.4154820484632866,2.4154820484632866,2.1600690760023902,0.029173225,0.001981291,27.191934,"{""bound_correction"":""saturate"",""lambda_per_d"":6}"
pilot,modde-lshade-p6,lshade,23,2,10,1,2000,2000,2.617301542589447,,,2.617301542589447,2.617301542589447,2.617301542589447,2.617301542589447,0.051607053,0.005525119,23.040967,"{""bound_correction"":""saturate"",""lambda_per_d"":6}"
pilot,modde-lshade-p6,lshade,23,2,10,2,2000,2000,2.205331459637113,,,4.1311366113130603,2.933233628585465,2.205331459637113,2.205331459637113,0.051706219,0.005574096,23.0660615,"{""bound_correction"":""saturate"",""lambda_per_d"":6}"
tune,rejde-p5-halton,rejde,1,1,5,1,1000,1000,2.2878701145145897e-05,607,,7.0242549847313853,2.0376036204341403,0.057566768486324804,2.2878701145145897e-05,0.064957915,0.001138766,63.819149,"{""init"":""halton"",""mutation"":[0.5,1.0],""popsize"":5,""recombination"":0.7}"
tune,rejde-p5-halton,rejde,1,1,5,2,1000,1000,0.00039733550367770931,755,,7.846611472071217,0.6134343648432008,0.021288943586441178,0.00039733550367770931,0.064288373,0.001158262,63.130111,"{""init"":""halton"",""mutation"":[0.5,1.0],""popsize"":5,""recombination"":0.7}"
tune,rejde-p5-halton,rejde,1,1,10,1,2000,2000,0.04733872701406483,,,15.508762189883541,8.0512437551892191,1.5161702585349843,0.04733872701406483,0.110522166,0.002651721,53.9352225,"{""init"":""halton"",""mutation"":[0.5,1.0],""popsize"":5,""recombination"":0.7}"
tune,rejde-p5-halton,rejde,1,1,10,2,2000,2000,0.10167354702568332,,,18.231705706723247,8.7649394369066869,1.2479741240409794,0.10167354702568332,0.110740706,0.002681728,54.029489,"{""init"":""halton"",""mutation"":[0.5,1.0],""popsize"":5,""recombination"":0.7}"
tune,rejde-p5-halton,rejde,6,1,5,1,1000,1000,0.21507466798716024,,,53.141099597117012,7.8421653375976064,3.3336761225736993,0.21507466798716024,0.064035334,0.001437051,62.598283,"{""init"":""halton"",""mutation"":[0.5,1.0],""popsize"":5,""recombination"":0.7}"
tune,rejde-p5-halton,rejde,6,1,5,2,1000,1000,0.18725941103811294,,,32.205319765792474,14.524605968330626,6.5909625234734008,0.18725941103811294,0.070858543,0.001622929,69.235614,"{""init"":""halton"",""mutation"":[0.5,1.0],""popsize"":5,""recombination"":0.7}"
tune,rejde-p5-halton,rejde,6,1,10,1,2000,2000,23.475803834708721,,,3665.5519978104412,129.22354204760484,58.497834314746534,23.475803834708721,0.111321908,0.003420655,53.9506265,"{""init"":""halton"",""mutation"":[0.5,1.0],""popsize"":5,""recombination"":0.7}"
tune,rejde-p5-halton,rejde,6,1,10,2,2000,2000,27.033239317477005,,,18413.251797234807,112.65566758413541,44.434167035151326,27.033239317477005,0.111101733,0.003386752,53.8574905,"{""init"":""halton"",""mutation"":[0.5,1.0],""popsize"":5,""recombination"":0.7}"
tune,rejde-p5-halton,rejde,10,1,5,1,1000,1000,373.91433614261848,,,32264.783760390572,29779.192941082158,6093.607147340409,373.91433614261848,0.069052448,0.00203681,67.015638,"{""init"":""halton"",""mutation"":[0.5,1.0],""popsize"":5,""recombination"":0.7}"
tune,rejde-p5-halton,rejde,10,1,5,2,1000,1000,1446.9898648051865,,,36456.371871261399,28586.590934702363,7431.3984972878698,1446.9898648051865,0.064115556,0.001850731,62.264825,"{""init"":""halton"",""mutation"":[0.5,1.0],""popsize"":5,""recombination"":0.7}"
tune,rejde-p5-halton,rejde,10,1,10,1,2000,2000,26156.373106046598,,,238608.28922454856,125319.07707720285,47844.95609797207,26156.373106046598,0.112502066,0.00515217,53.674948,"{""init"":""halton"",""mutation"":[0.5,1.0],""popsize"":5,""recombination"":0.7}"
tune,rejde-p5-halton,rejde,10,1,10,2,2000,2000,7554.4511372772949,,,95160.002959624995,11665.167970686685,11665.167970686685,7554.4511372772949,0.113147886,0.005152265,53.9978105,"{""init"":""halton"",""mutation"":[0.5,1.0],""popsize"":5,""recombination"":0.7}"
tune,rejde-p5-halton,rejde,15,1,5,1,1000,1000,13.358677441979125,,,42.438533562687098,30.014940344211709,14.986025099531616,13.358677441979125,0.065143957,0.00219237,62.951587,"{""init"":""halton"",""mutation"":[0.5,1.0],""popsize"":5,""recombination"":0.7}"
tune,rejde-p5-halton,rejde,15,1,5,2,1000,1000,9.3294630028899519,,,81.311177370294899,29.164800613636316,23.75276750935177,9.3294630028899519,0.070401866,0.002371259,68.030607,"{""init"":""halton"",""mutation"":[0.5,1.0],""popsize"":5,""recombination"":0.7}"
tune,rejde-p5-halton,rejde,15,1,10,1,2000,2000,67.160351782724092,,,192.39719844591218,103.37932427608166,76.873808267532013,67.160351782724092,0.115257908,0.006431993,54.4129575,"{""init"":""halton"",""mutation"":[0.5,1.0],""popsize"":5,""recombination"":0.7}"
tune,rejde-p5-halton,rejde,15,1,10,2,2000,2000,75.804253413788956,,,212.43200167161035,147.85755945385131,75.804253413788956,75.804253413788956,0.114822414,0.006387805,54.2173045,"{""init"":""halton"",""mutation"":[0.5,1.0],""popsize"":5,""recombination"":0.7}"
tune,rejde-p5-halton,rejde,20,1,5,1,1000,1000,1.278156279536347,,,49.622100018623883,3.6350132197424045,2.1553930472572347,1.278156279536347,0.064747327,0.002387687,62.35964,"{""init"":""halton"",""mutation"":[0.5,1.0],""popsize"":5,""recombination"":0.7}"
tune,rejde-p5-halton,rejde,20,1,5,2,1000,1000,1.273413814350306,,,5.6038625063275731,3.468920806398387,2.6202141956991909,1.273413814350306,0.06417892,0.002407136,61.771784,"{""init"":""halton"",""mutation"":[0.5,1.0],""popsize"":5,""recombination"":0.7}"
tune,rejde-p5-halton,rejde,20,1,10,1,2000,2000,2.7479310472530187,,,3678.0141902113455,113.77565758111263,3.4578013406171522,2.7479310472530187,0.111962525,0.005738753,53.111886,"{""init"":""halton"",""mutation"":[0.5,1.0],""popsize"":5,""recombination"":0.7}"
tune,rejde-p5-halton,rejde,20,1,10,2,2000,2000,2.2520300465388345,,,3993.2679065916741,5.8336747918509673,2.9034272597423296,2.2520300465388345,0.113220563,0.00582391,53.6983265,"{""init"":""halton"",""mutation"":[0.5,1.0],""popsize"":5,""recombination"":0.7}"
pilot,rejde-p5-halton,rejde,1,1,5,1,1000,1000,2.2878701145145897e-05,607,,7.0242549847313853,2.0376036204341403,0.057566768486324804,2.2878701145145897e-05,0.062982529,0.001152339,61.83019,"{""init"":""halton"",""mutation"":[0.5,1.0],""popsize"":5,""recombination"":0.7}"
pilot,rejde-p5-halton,rejde,1,1,5,2,1000,1000,0.00039733550367770931,755,,7.846611472071217,0.6134343648432008,0.021288943586441178,0.00039733550367770931,0.066756333,0.001183898,65.572435,"{""init"":""halton"",""mutation"":[0.5,1.0],""popsize"":5,""recombination"":0.7}"
pilot,rejde-p5-halton,rejde,1,1,10,1,2000,2000,0.04733872701406483,,,15.508762189883541,8.0512437551892191,1.5161702585349843,0.04733872701406483,0.105137172,0.002499256,51.318958,"{""init"":""halton"",""mutation"":[0.5,1.0],""popsize"":5,""recombination"":0.7}"
pilot,rejde-p5-halton,rejde,1,1,10,2,2000,2000,0.10167354702568332,,,18.231705706723247,8.7649394369066869,1.2479741240409794,0.10167354702568332,0.10688714,0.00257814,52.1545,"{""init"":""halton"",""mutation"":[0.5,1.0],""popsize"":5,""recombination"":0.7}"
pilot,rejde-p5-halton,rejde,1,2,5,1,1000,1000,0.00012365426317728634,664,,6.572054564284258,0.48271249192214327,0.036594567024451408,0.00012365426317728634,0.065385965,0.001204574,64.181391,"{""init"":""halton"",""mutation"":[0.5,1.0],""popsize"":5,""recombination"":0.7}"
pilot,rejde-p5-halton,rejde,1,2,5,2,1000,1000,0.00020046833628839522,706,,1.5877140967731975,0.31500441681163238,0.029039016305773657,0.00020046833628839522,0.06310914,0.001083705,62.025435,"{""init"":""halton"",""mutation"":[0.5,1.0],""popsize"":5,""recombination"":0.7}"
pilot,rejde-p5-halton,rejde,1,2,10,1,2000,2000,0.088774788559192075,,,23.253169199396439,9.4992996405409826,1.7474273134521354,0.088774788559192075,0.104859357,0.002484917,51.18722,"{""init"":""halton"",""mutation"":[0.5,1.0],""popsize"":5,""recombination"":0.7}"
pilot,rejde-p5-halton,rejde,1,2,10,2,2000,2000,0.043010704987693771,,,17.355062415309305,3.7089796683312102,1.0537632075923398,0.043010704987693771,0.105307142,0.002468239,51.4194515,"{""init"":""halton"",""mutation"":[0.5,1.0],""popsize"":5,""recombination"":0.7}"
pilot,rejde-p5-halton,rejde,3,1,5,1,1000,1000,5.7875115608729857,,,43.142458593354434,16.331200845797923,13.410687772303447,5.7875115608729857,0.070104878,0.002391447,67.713431,"{""init"":""halton"",""mutation"":[0.5,1.0],""popsize"":5,""recombination"":0.7}"
pilot,rejde-p5-halton,rejde,3,1,5,2,1000,1000,9.3091313175958703,,,47.462147226452657,36.359910590404183,10.628819283610312,9.3091313175958703,0.063102587,0.002129017,60.97357,"{""init"":""halton"",""mutation"":[0.5,1.0],""popsize"":5,""recombination"":0.7}"
pilot,rejde-p5-halton,rejde,3,1,10,1,2000,2000,60.834395065367858,,,158.1985402518207,113.76701174459799,80.184136146242963,60.834395065367858,0.109689263,0.005901923,51.89367,"{""init"":""halton"",""mutation"":[0.5,1.0],""popsize"":5,""recombination"":0.7}"
pilot,rejde-p5-halton,rejde,3,1,10,2,2000,2000,47.774355193964197,,,167.56696862995307,89.626492187444342,82.725195554660786,47.774355193964197,0.10921103,0.005900307,51.6553615,"{""init"":""halton"",""mutation"":[0.5,1.0],""popsize"":5,""recombination"":0.7}"
pilot,rejde-p5-halton,rejde,3,2,5,1,1000,1000,5.7817781004108895,,,48.869349506016249,25.587527565697215,25.567219890110309,5.7817781004108895,0.062322325,0.002079874,60.242451,"{""init"":""halton"",""mutation"":[0.5,1.0],""popsize"":5,""recombination"":0.7}"
pilot,rejde-p5-halton,rejde,3,2,5,2,1000,1000,9.0849404180745239,,,41.847152640690183,22.448130002356692,19.560214491034543,9.0849404180745239,0.068242798,0.002272451,65.970347,"{""init"":""halton"",""mutation"":[0.5,1.0],""popsize"":5,""recombination"":0.7}"
pilot,rejde-p5-halton,rejde,3,2,10,1,2000,2000,52.550224419231398,,,209.71592971970981,114.47621041315981,72.290616788340486,52.550224419231398,0.110276448,0.006050367,52.1130405,"{""init"":""halton"",""mutation"":[0.5,1.0],""popsize"":5,""recombination"":0.7}"
pilot,rejde-p5-halton,rejde,3,2,10,2,2000,2000,46.798306352365984,,,155.74448249216417,89.88780664406309,63.038255071562332,46.798306352365984,0.110925595,0.006038204,52.4436955,"{""init"":""halton"",""mutation"":[0.5,1.0],""popsize"":5,""recombination"":0.7}"
pilot,rejde-p5-halton,rejde,6,1,5,1,1000,1000,0.21507466798716024,,,53.141099597117012,7.8421653375976064,3.3336761225736993,0.21507466798716024,0.062794208,0.001490864,61.303344,"{""init"":""halton"",""mutation"":[0.5,1.0],""popsize"":5,""recombination"":0.7}"
pilot,rejde-p5-halton,rejde,6,1,5,2,1000,1000,0.18725941103811294,,,32.205319765792474,14.524605968330626,6.5909625234734008,0.18725941103811294,0.060481588,0.001389929,59.091659,"{""init"":""halton"",""mutation"":[0.5,1.0],""popsize"":5,""recombination"":0.7}"
pilot,rejde-p5-halton,rejde,6,1,10,1,2000,2000,23.475803834708721,,,3665.5519978104412,129.22354204760484,58.497834314746534,23.475803834708721,0.116806987,0.003597541,56.604723,"{""init"":""halton"",""mutation"":[0.5,1.0],""popsize"":5,""recombination"":0.7}"
pilot,rejde-p5-halton,rejde,6,1,10,2,2000,2000,27.033239317477005,,,18413.251797234807,112.65566758413541,44.434167035151326,27.033239317477005,0.106184953,0.003314874,51.4350395,"{""init"":""halton"",""mutation"":[0.5,1.0],""popsize"":5,""recombination"":0.7}"
pilot,rejde-p5-halton,rejde,6,2,5,1,1000,1000,0.31060120949942771,,,51.872050153982912,23.156316238384651,2.6343087604350934,0.31060120949942771,0.061156354,0.001406107,59.750247,"{""init"":""halton"",""mutation"":[0.5,1.0],""popsize"":5,""recombination"":0.7}"
pilot,rejde-p5-halton,rejde,6,2,5,2,1000,1000,0.086396680279801075,,,37.083537876843423,11.477770797507151,1.1561859475458967,0.086396680279801075,0.063452731,0.001520339,61.932392,"{""init"":""halton"",""mutation"":[0.5,1.0],""popsize"":5,""recombination"":0.7}"
pilot,rejde-p5-halton,rejde,6,2,10,1,2000,2000,13.852248035490039,,,138.86149855168284,82.465318768981717,40.523721625382265,13.852248035490039,0.106998413,0.003287141,51.855636,"{""init"":""halton"",""mutation"":[0.5,1.0],""popsize"":5,""recombination"":0.7}"
pilot,rejde-p5-halton,rejde,6,2,10,2,2000,2000,23.727613332188728,,,118.40925565673879,58.796261302059932,41.433236048808681,23.727613332188728,0.113801208,0.003512495,55.1443565,"{""init"":""halton"",""mutation"":[0.5,1.0],""popsize"":5,""recombination"":0.7}"
pilot,rejde-p5-halton,rejde,8,1,5,1,1000,1000,2.5501515884607784,,,1032.2035580396962,183.20576244554721,9.4264612906279979,2.5501515884607784,0.060705457,0.001111667,59.59379,"{""init"":""halton"",""mutation"":[0.5,1.0],""popsize"":5,""recombination"":0.7}"
pilot,rejde-p5-halton,rejde,8,1,5,2,1000,1000,5.2583626900899958,,,492.70092604002571,109.55778974669428,27.06971688028375,5.2583626900899958,0.065529375,0.00120255,64.326825,"{""init"":""halton"",""mutation"":[0.5,1.0],""popsize"":5,""recombination"":0.7}"
pilot,rejde-p5-halton,rejde,8,1,10,1,2000,2000,11.635818645927401,,,6260.2827488094545,731.98186748217745,216.91967005451889,11.635818645927401,0.106259935,0.00262168,51.8191275,"{""init"":""halton"",""mutation"":[0.5,1.0],""popsize"":5,""recombination"":0.7}"
pilot,rejde-p5-halton,rejde,8,1,10,2,2000,2000,40.574829103049268,,,7326.3286879435327,2322.0128388059238,321.64505516612076,40.574829103049268,0.106867405,0.002652366,52.1075195,"{""init"":""halton"",""mutation"":[0.5,1.0],""popsize"":5,""recombination"":0.7}"
pilot,rejde-p5-halton,rejde,8,2,5,1,1000,1000,0.93866385826947862,,,209.74962906374458,31.577925802642767,8.0602520657001833,0.93866385826947862,0.06048797,0.001109089,59.378881,"{""init"":""halton"",""mutation"":[0.5,1.0],""popsize"":5,""recombination"":0.7}"
pilot,rejde-p5-halton,rejde,8,2,5,2,1000,1000,2.3020002180523988,,,323.82037692175857,22.068699289009942,22.068699289009942,2.3020002180523988,0.066324441,0.001256987,65.067454,"{""init"":""halton"",""mutation"":[0.5,1.0],""popsize"":5,""recombination"":0.7}"
pilot,rejde-p5-halton,rejde,8,2,10,1,2000,2000,24.629122131563918,,,11557.69440754658,1163.865822880558,155.59554075622623,24.629122131563918,0.106278921,0.002573658,51.8526315,"{""init"":""halton"",""mutation"":[0.5,1.0],""popsize"":5,""recombination"":0.7}"
pilot,rejde-p5-halton,rejde,8,2,10,2,2000,2000,39.64831256145817,,,9911.3322682468297,584.11498625651018,235.84310511813578,39.64831256145817,0.104471962,0.002503972,50.983995,"{""init"":""halton"",""mutation"":[0.5,1.0],""popsize"":5,""recombination"":0.7}"
pilot,rejde-p5-halton,rejde,10,1,5,1,1000,1000,373.91433614261848,,,32264.783760390572,29779.192941082158,6093.607147340409,373.91433614261848,0.068002387,0.002039448,65.962939,"{""init"":""halton"",""mutation"":[0.5,1.0],""popsize"":5,""recombination"":0.7}"
pilot,rejde-p5-halton,rejde,10,1,5,2,1000,1000,1446.9898648051865,,,36456.371871261399,28586.590934702363,7431.3984972878698,1446.9898648051865,0.063473755,0.001883881,61.589874,"{""init"":""halton"",""mutation"":[0.5,1.0],""popsize"":5,""recombination"":0.7}"
pilot,rejde-p5-halton,rejde,10,1,10,1,2000,2000,26156.373106046598,,,238608.28922454856,125319.07707720285,47844.95609797207,26156.373106046598,0.109417463,0.004965802,52.2258305,"{""init"":""halton"",""mutation"":[0.5,1.0],""popsize"":5,""recombination"":0.7}"
pilot,rejde-p5-halton,rejde,10,1,10,2,2000,2000,7554.4511372772949,,,95160.002959624995,11665.167970686685,11665.167970686685,7554.4511372772949,0.110527273,0.005097392,52.7149405,"{""init"":""halton"",""mutation"":[0.5,1.0],""popsize"":5,""recombination"":0.7}"
pilot,rejde-p5-halton,rejde,10,2,5,1,1000,1000,123.96923962979142,,,114786.46183471828,9025.4771234023501,919.37140211482858,123.96923962979142,0.065792413,0.001902372,63.890041,"{""init"":""halton"",""mutation"":[0.5,1.0],""popsize"":5,""recombination"":0.7}"
pilot,rejde-p5-halton,rejde,10,2,5,2,1000,1000,182.43182413514322,,,11758.762211418536,11758.762211418536,6203.6881038811816,182.43182413514322,0.060382812,0.001742615,58.640197,"{""init"":""halton"",""mutation"":[0.5,1.0],""popsize"":5,""recombination"":0.7}"
pilot,rejde-p5-halton,rejde,10,2,10,1,2000,2000,30080.7444148676,,,432558.23253437516,191390.77553100756,50363.807209906343,30080.7444148676,0.113767753,0.005173153,54.2973,"{""init"":""halton"",""mutation"":[0.5,1.0],""popsize"":5,""recombination"":0.7}"
pilot,rejde-p5-halton,rejde,10,2,10,2,2000,2000,17554.142276009479,,,144056.21226540726,139703.05926465799,25542.665279562672,17554.142276009479,0.107083264,0.004890772,51.096246,"{""init"":""halton"",""mutation"":[0.5,1.0],""popsize"":5,""recombination"":0.7}"
pilot,rejde-p5-halton,rejde,12,1,5,1,1000,1000,98.846190186136255,,,1624912.3961654075,262416.54565788986,5237.7233519392985,98.846190186136255,0.065639546,0.001372012,64.267534,"{""init"":""halton"",""mutation"":[0.5,1.0],""popsize"":5,""recombination"":0.7}"
pilot,rejde-p5-halton,rejde,12,1,5,2,1000,1000,187.1074488941681,,,2521977.1919583976,383044.23342102853,2995.3416403246033,187.1074488941681,0.083491536,0.00171354,81.777996,"{""init"":""halton"",""mutation"":[0.5,1.0],""popsize"":5,""recombination"":0.7}"
pilot,rejde-p5-halton,rejde,12,1,10,1,2000,2000,209188.14035375588,,,42350251.37237227,6194863.7217147136,1558698.6737817426,209188.14035375588,0.117756827,0.003587093,57.084867,"{""init"":""halton"",""mutation"":[0.5,1.0],""popsize"":5,""recombination"":0.7}"
pilot,rejde-p5-halton,rejde,12,1,10,2,2000,2000,439062.52655869728,,,9945006.8910198361,6706897.8976887558,1838229.0217270888,439062.52655869728,0.10736146,0.003219215,52.0711225,"{""init"":""halton"",""mutation"":[0.5,1.0],""popsize"":5,""recombination"":0.7}"
pilot,rejde-p5-halton,rejde,12,2,5,1,1000,1000,4323.8669066188722,,,4034376.8321123328,822504.60246617498,43857.387589512873,4323.8669066188722,0.0648943,0.00131829,63.57601,"{""init"":""halton"",""mutation"":[0.5,1.0],""popsize"":5,""recombination"":0.7}"
pilot,rejde-p5-halton,rejde,12,2,5,2,1000,1000,732.56107525410459,,,1109572.8070859094,701430.01713487902,11470.248432542428,732.56107525410459,0.060541462,0.001198199,59.343263,"{""init"":""halton"",""mutation"":[0.5,1.0],""popsize"":5,""recombination"":0.7}"
pilot,rejde-p5-halton,rejde,12,2,10,1,2000,2000,109238.03801345004,,,47678323.066129729,3864397.7973565948,1467202.2748171485,109238.03801345004,0.113481687,0.003427595,55.027046,"{""init"":""halton"",""mutation"":[0.5,1.0],""popsize"":5,""recombination"":0.7}"
pilot,rejde-p5-halton,rejde,12,2,10,2,2000,2000,42308.558880336655,,,9100230.2961021774,6094342.161535616,1151848.3346891305,42308.558880336655,0.108165014,0.003282959,52.4410275,"{""init"":""halton"",""mutation"":[0.5,1.0],""popsize"":5,""recombination"":0.7}"
pilot,rejde-p5-halton,rejde,15,1,5,1,1000,1000,13.358677441979125,,,42.438533562687098,30.014940344211709,14.986025099531616,13.358677441979125,0.066563286,0.002202758,64.360528,"{""init"":""halton"",""mutation"":[0.5,1.0],""popsize"":5,""recombination"":0.7}"
pilot,rejde-p5-halton,rejde,15,1,5,2,1000,1000,9.3294630028899519,,,81.311177370294899,29.164800613636316,23.75276750935177,9.3294630028899519,0.061961723,0.002064015,59.897708,"{""init"":""halton"",""mutation"":[0.5,1.0],""popsize"":5,""recombination"":0.7}"
pilot,rejde-p5-halton,rejde,15,1,10,1,2000,2000,67.160351782724092,,,192.39719844591218,103.37932427608166,76.873808267532013,67.160351782724092,0.110548223,0.006193493,52.177365,"{""init"":""halton"",""mutation"":[0.5,1.0],""popsize"":5,""recombination"":0.7}"
pilot,rejde-p5-halton,rejde,15,1,10,2,2000,2000,75.804253413788956,,,212.43200167161035,147.85755945385131,75.804253413788956,75.804253413788956,0.109222205,0.005993959,51.614123,"{""init"":""halton"",""mutation"":[0.5,1.0],""popsize"":5,""recombination"":0.7}"
pilot,rejde-p5-halton,rejde,15,2,5,1,1000,1000,13.328792081928682,,,41.18831418088466,35.750081670353836,33.805590364200668,13.328792081928682,0.06272462,0.002117502,60.607118,"{""init"":""halton"",""mutation"":[0.5,1.0],""popsize"":5,""recombination"":0.7}"
pilot,rejde-p5-halton,rejde,15,2,5,2,1000,1000,12.229236660526141,,,48.487994545528522,26.935829150830415,15.948655128127541,12.229236660526141,0.062813104,0.002133171,60.679933,"{""init"":""halton"",""mutation"":[0.5,1.0],""popsize"":5,""recombination"":0.7}"
pilot,rejde-p5-halton,rejde,15,2,10,1,2000,2000,57.044599882462762,,,113.09320134952461,113.09320134952461,57.044599882462762,57.044599882462762,0.108942999,0.006073407,51.434796,"{""init"":""halton"",""mutation"":[0.5,1.0],""popsize"":5,""recombination"":0.7}"
pilot,rejde-p5-halton,rejde,15,2,10,2,2000,2000,79.843107901876436,,,147.83711781472823,129.31622805600358,97.767148195654357,79.843107901876436,0.119021206,0.006577943,56.2216315,"{""init"":""halton"",""mutation"":[0.5,1.0],""popsize"":5,""recombination"":0.7}"
pilot,rejde-p5-halton,rejde,17,1,5,1,1000,1000,2.0932626369982188,,,7.1189258993867579,3.7272159604098345,3.1693080976850538,2.0932626369982188,0.062262473,0.001668184,60.594289,"{""init"":""halton"",""mutation"":[0.5,1.0],""popsize"":5,""recombination"":0.7}"
pilot,rejde-p5-halton,rejde,17,1,5,2,1000,1000,0.454538306723137,,,6.3552648355672172,5.1086367532755901,0.92587751558291842,0.454538306723137,0.066871844,0.001864875,65.006969,"{""init"":""halton"",""mutation"":[0.5,1.0],""popsize"":5,""recombination"":0.7}"
pilot,rejde-p5-halton,rejde,17,1,10,1,2000,2000,0.81234036872156778,,,6.11882365130921,5.3952767947737179,2.603472490285327,0.81234036872156778,0.10775481,0.004863898,51.445456,"{""init"":""halton"",""mutation"":[0.5,1.0],""popsize"":5,""recombination"":0.7}"
pilot,rejde-p5-halton,rejde,17,1,10,2,2000,2000,1.0579897150763493,,,6.0248822536291531,5.0295306563447717,1.9139434909312367,1.0579897150763493,0.108253192,0.004941405,51.6558935,"{""init"":""halton"",""mutation"":[0.5,1.0],""popsize"":5,""recombination"":0.7}"
pilot,rejde-p5-halton,rejde,17,2,5,1,1000,1000,0.074566385647333533,,,4.7478314355031692,3.90107259833378,1.3370556554366821,0.074566385647333533,0.060431319,0.001688978,58.742341,"{""init"":""halton"",""mutation"":[0.5,1.0],""popsize"":5,""recombination"":0.7}"
pilot,rejde-p5-halton,rejde,17,2,5,2,1000,1000,0.16615852911012396,,,5.029029296714878,2.0406653070475187,0.39843074321864691,0.16615852911012396,0.06564474,0.001804362,63.840378,"{""init"":""halton"",""mutation"":[0.5,1.0],""popsize"":5,""recombination"":0.7}"
pilot,rejde-p5-halton,rejde,17,2,10,1,2000,2000,1.6038329934310234,,,4.8800278147526264,4.4205793240913884,3.5818433505102973,1.6038329934310234,0.107946321,0.004821767,51.562277,"{""init"":""halton"",""mutation"":[0.5,1.0],""popsize"":5,""recombination"":0.7}"
pilot,rejde-p5-halton,rejde,17,2,10,2,2000,2000,0.91240115663153532,,,7.8852997995471057,3.8209577386695059,3.6261769513046787,0.91240115663153532,0.107988698,0.004905389,51.5416545,"{""init"":""halton"",""mutation"":[0.5,1.0],""popsize"":5,""recombination"":0.7}"
pilot,rejde-p5-halton,rejde,20,1,5,1,1000,1000,1.278156279536347,,,49.622100018623883,3.6350132197424045,2.1553930472572347,1.278156279536347,0.069078716,0.002550843,66.527873,"{""init"":""halton"",""mutation"":[0.5,1.0],""popsize"":5,""recombination"":0.7}"
pilot,rejde-p5-halton,rejde,20,1,5,2,1000,1000,1.273413814350306,,,5.6038625063275731,3.468920806398387,2.6202141956991909,1.273413814350306,0.062971289,0.00233327,60.638019,"{""init"":""halton"",""mutation"":[0.5,1.0],""popsize"":5,""recombination"":0.7}"
pilot,rejde-p5-halton,rejde,20,1,10,1,2000,2000,2.7479310472530187,,,3678.0141902113455,113.77565758111263,3.4578013406171522,2.7479310472530187,0.110195358,0.005738381,52.2284885,"{""init"":""halton"",""mutation"":[0.5,1.0],""popsize"":5,""recombination"":0.7}"
pilot,rejde-p5-halton,rejde,20,1,10,2,2000,2000,2.2520300465388345,,,3993.2679065916741,5.8336747918509673,2.9034272597423296,2.2520300465388345,0.108083402,0.005637687,51.2228575,"{""init"":""halton"",""mutation"":[0.5,1.0],""popsize"":5,""recombination"":0.7}"
pilot,rejde-p5-halton,rejde,20,2,5,1,1000,1000,1.3415203705219483,,,58.659402769270628,2.8489310916693285,2.3429587104269558,1.3415203705219483,0.066580068,0.002460247,64.119821,"{""init"":""halton"",""mutation"":[0.5,1.0],""popsize"":5,""recombination"":0.7}"
pilot,rejde-p5-halton,rejde,20,2,5,2,1000,1000,1.6068930265026893,,,159.47135929227261,2.2127837436524942,2.2127837436524942,1.6068930265026893,0.060554471,0.002244419,58.310052,"{""init"":""halton"",""mutation"":[0.5,1.0],""popsize"":5,""recombination"":0.7}"
pilot,rejde-p5-halton,rejde,20,2,10,1,2000,2000,2.7900456984802986,,,3222.8693713144139,5.6642710538646952,3.8552197524087433,2.7900456984802986,0.109383565,0.005742322,51.8206215,"{""init"":""halton"",""mutation"":[0.5,1.0],""popsize"":5,""recombination"":0.7}"
pilot,rejde-p5-halton,rejde,20,2,10,2,2000,2000,2.3652876261110123,,,114.62606132196333,3.3933239577605718,2.5774851658648004,2.3652876261110123,0.115904877,0.006102495,54.901191,"{""init"":""halton"",""mutation"":[0.5,1.0],""popsize"":5,""recombination"":0.7}"
pilot,rejde-p5-halton,rejde,23,1,5,1,1000,1000,1.8058596117920951,,,3.064022078177552,2.9907481151067481,1.8058596117920951,1.8058596117920951,0.061791164,0.00184985,59.941314,"{""init"":""halton"",""mutation"":[0.5,1.0],""popsize"":5,""recombination"":0.7}"
pilot,rejde-p5-halton,rejde,23,1,5,2,1000,1000,0.93180911880304151,,,2.1342007803827832,2.1342007803827832,2.1342007803827832,0.93180911880304151,0.065846503,0.001937139,63.909364,"{""init"":""halton"",""mutation"":[0.5,1.0],""popsize"":5,""recombination"":0.7}"
pilot,rejde-p5-halton,rejde,23,1,10,1,2000,2000,2.0465217818134667,,,2.6108637948401894,2.0465217818134667,2.0465217818134667,2.0465217818134667,0.107142053,0.005316127,50.912963,"{""init"":""halton"",""mutation"":[0.5,1.0],""popsize"":5,""recombination"":0.7}"
pilot,rejde-p5-halton,rejde,23,1,10,2,2000,2000,2.4733235381607654,,,3.2167357009920599,3.1842925028022888,2.4733235381607654,2.4733235381607654,0.109807041,0.005500125,52.153458,"{""init"":""halton"",""mutation"":[0.5,1.0],""popsize"":5,""recombination"":0.7}"
pilot,rejde-p5-halton,rejde,23,2,5,1,1000,1000,1.7057426351843241,,,5.3402574998614449,3.6396023258399093,3.6396023258399093,1.7057426351843241,0.066274008,0.00194397,64.330038,"{""init"":""halton"",""mutation"":[0.5,1.0],""popsize"":5,""recombination"":0.7}"
pilot,rejde-p5-halton,rejde,23,2,5,2,1000,1000,1.9482926323465533,,,3.0345281978549545,3.0345281978549545,2.9335669150872614,1.9482926323465533,0.060985165,0.001773404,59.211761,"{""init"":""halton"",""mutation"":[0.5,1.0],""popsize"":5,""recombination"":0.7}"
pilot,rejde-p5-halton,rejde,23,2,10,1,2000,2000,2.7364796533837303,,,4.9049089632784622,2.8937068380693858,2.8937068380693858,2.7364796533837303,0.108036056,0.005402243,51.3169065,"{""init"":""halton"",""mutation"":[0.5,1.0],""popsize"":5,""recombination"":0.7}"
pilot,rejde-p5-halton,rejde,23,2,10,2,2000,2000,2.2312572672924853,,,3.7576122939367012,3.7576122939367012,2.2312572672924853,2.2312572672924853,0.116530433,0.005670793,55.42982,"{""init"":""halton"",""mutation"":[0.5,1.0],""popsize"":5,""recombination"":0.7}"
pilot,rejde-off-p5-halton,rejde,1,1,5,1,1000,1000,0.00013997204550264541,626,,5.4231829048471667,0.42808852040447221,0.029896481091697069,0.00013997204550264541,0.054551871,0.001016324,53.535547,"{""active"":false,""init"":""halton"",""mutation"":[0.5,1.0],""popsize"":5,""recombination"":0.7}"
pilot,rejde-off-p5-halton,rejde,1,1,5,2,1000,1000,0.00016011343042521275,519,,3.2850777625481697,0.26594542989306547,0.015796123389208105,0.00016011343042521275,0.053362732,0.001054078,52.308654,"{""active"":false,""init"":""halton"",""mutation"":[0.5,1.0],""popsize"":5,""recombination"":0.7}"
pilot,rejde-off-p5-halton,rejde,1,1,10,1,2000,2000,0.014239652293937866,,,11.535227671302493,2.1521694374095119,0.5248430467575389,0.014239652293937866,0.097336388,0.002469947,47.4332205,"{""active"":false,""init"":""halton"",""mutation"":[0.5,1.0],""popsize"":5,""recombination"":0.7}"
pilot,rejde-off-p5-halton,rejde,1,1,10,2,2000,2000,0.10794151898883797,,,18.505225907751068,6.0465883879406732,0.56833689543204002,0.10794151898883797,0.097922465,0.002512463,47.705001,"{""active"":false,""init"":""halton"",""mutation"":[0.5,1.0],""popsize"":5,""recombination"":0.7}"
pilot,rejde-off-p5-halton,rejde,1,2,5,1,1000,1000,0.00048289684963265245,693,,7.5710823819816255,1.4350531715434158,0.11256851938901491,0.00048289684963265245,0.057897338,0.00115341,56.743928,"{""active"":false,""init"":""halton"",""mutation"":[0.5,1.0],""popsize"":5,""recombination"":0.7}"
pilot,rejde-off-p5-halton,rejde,1,2,5,2,1000,1000,2.5635897372922045e-05,639,,1.5877140967731975,0.41312229512499243,0.015376179853490157,2.5635897372922045e-05,0.05379856,0.001057969,52.740591,"{""active"":false,""init"":""halton"",""mutation"":[0.5,1.0],""popsize"":5,""recombination"":0.7}"
pilot,rejde-off-p5-halton,rejde,1,2,10,1,2000,2000,0.083429653402731674,,,31.428690461155838,4.4826522096293502,2.1493039725183394,0.083429653402731674,0.096882505,0.002506507,47.187999,"{""active"":false,""init"":""halton"",""mutation"":[0.5,1.0],""popsize"":5,""recombination"":0.7}"
pilot,rejde-off-p5-halton,rejde,1,2,10,2,2000,2000,0.029640260347434833,,,17.319614028442913,4.4617513634892134,1.2558084917301358,0.029640260347434833,0.111074663,0.003000891,54.036886,"{""active"":false,""init"":""halton"",""mutation"":[0.5,1.0],""popsize"":5,""recombination"":0.7}"
pilot,rejde-off-p5-halton,rejde,3,1,5,1,1000,1000,4.6511825597565917,,,64.395738826299805,27.411229568677584,17.827463230228943,4.6511825597565917,0.055100069,0.002146172,52.953897,"{""active"":false,""init"":""halton"",""mutation"":[0.5,1.0],""popsize"":5,""recombination"":0.7}"
pilot,rejde-off-p5-halton,rejde,3,1,5,2,1000,1000,8.6829165436136009,,,47.462147226452657,13.36798020639884,10.349184373512344,8.6829165436136009,0.054456689,0.002090331,52.366358,"{""active"":false,""init"":""halton"",""mutation"":[0.5,1.0],""popsize"":5,""recombination"":0.7}"
pilot,rejde-off-p5-halton,rejde,3,1,10,1,2000,2000,44.252604487465533,,,136.79616759086497,66.696898085303189,58.008796268045842,44.252604487465533,0.10121907,0.005987684,47.615693,"{""active"":false,""init"":""halton"",""mutation"":[0.5,1.0],""popsize"":5,""recombination"":0.7}"
pilot,rejde-off-p5-halton,rejde,3,1,10,2,2000,2000,40.308048195109791,,,149.66856143332149,89.265860709580636,83.811888521384901,40.308048195109791,0.099697302,0.005894348,46.901477,"{""active"":false,""init"":""halton"",""mutation"":[0.5,1.0],""popsize"":5,""recombination"":0.7}"
pilot,rejde-off-p5-halton,rejde,3,2,5,1,1000,1000,5.6977428291932455,,,40.329534856081779,33.38780661222431,5.6977428291932455,5.6977428291932455,0.055615299,0.00212818,53.487119,"{""active"":false,""init"":""halton"",""mutation"":[0.5,1.0],""popsize"":5,""recombination"":0.7}"
pilot,rejde-off-p5-halton,rejde,3,2,5,2,1000,1000,7.5163262417606802,,,51.176207500878519,16.159762977744137,16.159762977744137,7.5163262417606802,0.05426285,0.002035951,52.226899,"{""active"":false,""init"":""halton"",""mutation"":[0.5,1.0],""popsize"":5,""recombination"":0.7}"
pilot,rejde-off-p5-halton,rejde,3,2,10,1,2000,2000,48.776617378455896,,,180.40672429222136,106.28720898327163,57.699617919448855,48.776617378455896,0.109451633,0.006655777,51.397928,"{""active"":false,""init"":""halton"",""mutation"":[0.5,1.0],""popsize"":5,""recombination"":0.7}"
pilot,rejde-off-p5-halton,rejde,3,2,10,2,2000,2000,52.713968775152722,,,129.34111334387097,82.279426550737895,77.112772337782275,52.713968775152722,0.101272913,0.006083655,47.594629,"{""active"":false,""init"":""halton"",""mutation"":[0.5,1.0],""popsize"":5,""recombination"":0.7}"
pilot,rejde-off-p5-halton,rejde,6,1,5,1,1000,1000,0.73337548133526553,,,53.299292844178872,12.990038887051703,12.580793321055026,0.73337548133526553,0.054528296,0.001458881,53.069415,"{""active"":false,""init"":""halton"",""mutation"":[0.5,1.0],""popsize"":5,""recombination"":0.7}"
pilot,rejde-off-p5-halton,rejde,6,1,5,2,1000,1000,0.55423314120577061,,,39.506964826090488,38.325974049465465,4.0412291056876057,0.55423314120577061,0.055222298,0.001476293,53.746005,"{""active"":false,""init"":""halton"",""mutation"":[0.5,1.0],""popsize"":5,""recombination"":0.7}"
pilot,rejde-off-p5-halton,rejde,6,1,10,1,2000,2000,23.360911142754752,,,1898.0201280559868,113.00216748267684,42.075442701521389,23.360911142754752,0.099219291,0.003457626,47.8808325,"{""active"":false,""init"":""halton"",""mutation"":[0.5,1.0],""popsize"":5,""recombination"":0.7}"
pilot,rejde-off-p5-halton,rejde,6,1,10,2,2000,2000,11.054725737312111,,,16904.902976920086,69.872415799213201,36.470251647427965,11.054725737312111,0.09842158,0.003287929,47.5668255,"{""active"":false,""init"":""halton"",""mutation"":[0.5,1.0],""popsize"":5,""recombination"":0.7}"
pilot,rejde-off-p5-halton,rejde,6,2,5,1,1000,1000,0.26818050863442977,,,51.872050153982912,7.2607685666440283,3.4800893926559517,0.26818050863442977,0.053853883,0.00145188,52.402003,"{""active"":false,""init"":""halton"",""mutation"":[0.5,1.0],""popsize"":5,""recombination"":0.7}"
pilot,rejde-off-p5-halton,rejde,6,2,5,2,1000,1000,0.043634924546708476,,,38.752796588668886,7.4261917699877706,3.340035140854706,0.043634924546708476,0.054465821,0.001410087,53.055734,"{""active"":false,""init"":""halton"",""mutation"":[0.5,1.0],""popsize"":5,""recombination"":0.7}"
pilot,rejde-off-p5-halton,rejde,6,2,10,1,2000,2000,9.5870107315629944,,,134.44837208069839,76.926678001146684,35.721991180884444,9.5870107315629944,0.097225666,0.003272423,46.9766215,"{""active"":false,""init"":""halton"",""mutation"":[0.5,1.0],""popsize"":5,""recombination"":0.7}"
pilot,rejde-off-p5-halton,rejde,6,2,10,2,2000,2000,12.853509391242429,,,202.99915220856843,47.226760010982687,29.612657121753333,12.853509391242429,0.096076276,0.003263225,46.4065255,"{""active"":false,""init"":""halton"",""mutation"":[0.5,1.0],""popsize"":5,""recombination"":0.7}"
pilot,rejde-off-p5-halton,rejde,8,1,5,1,1000,1000,8.1547926844868357,,,1032.2035580396962,175.95936545154299,39.793719106004232,8.1547926844868357,0.058683688,0.001171888,57.5118,"{""active"":false,""init"":""halton"",""mutation"":[0.5,1.0],""popsize"":5,""recombination"":0.7}"
pilot,rejde-off-p5-halton,rejde,8,1,5,2,1000,1000,7.7584066972737276,,,481.71130086691164,288.25543306878126,13.721203850373115,7.7584066972737276,0.053817202,0.001096077,52.721125,"{""active"":false,""init"":""halton"",""mutation"":[0.5,1.0],""popsize"":5,""recombination"":0.7}"
pilot,rejde-off-p5-halton,rejde,8,1,10,1,2000,2000,24.789276267958627,,,6006.4465321025928,1090.8146333273153,210.86591123107414,24.789276267958627,0.097694433,0.002571382,47.5615255,"{""active"":false,""init"":""halton"",""mutation"":[0.5,1.0],""popsize"":5,""recombination"":0.7}"
pilot,rejde-off-p5-halton,rejde,8,1,10,2,2000,2000,14.761846199912952,,,722.35236530821646,574.28259755554666,257.36966071963866,14.761846199912952,0.096045517,0.00256891,46.7383035,"{""active"":false,""init"":""halton"",""mutation"":[0.5,1.0],""popsize"":5,""recombination"":0.7}"
pilot,rejde-off-p5-halton,rejde,8,2,5,1,1000,1000,1.4790136419528608,,,161.86309543412244,161.86309543412244,18.601893020012199,1.4790136419528608,0.053995579,0.001107749,52.88783,"{""active"":false,""init"":""halton"",""mutation"":[0.5,1.0],""popsize"":5,""recombination"":0.7}"
pilot,rejde-off-p5-halton,rejde,8,2,5,2,1000,1000,1.514138164419478,,,366.00428484703104,111.20774945715527,11.639531491067942,1.514138164419478,0.054354459,0.001118815,53.235644,"{""active"":false,""init"":""halton"",""mutation"":[0.5,1.0],""popsize"":5,""recombination"":0.7}"
pilot,rejde-off-p5-halton,rejde,8,2,10,1,2000,2000,32.459074549316028,,,13796.85836516758,535.48980036573641,155.39511464314046,32.459074549316028,0.096969931,0.00258503,47.1924505,"{""active"":false,""init"":""halton"",""mutation"":[0.5,1.0],""popsize"":5,""recombination"":0.7}"
pilot,rejde-off-p5-halton,rejde,8,2,10,2,2000,2000,22.128371861683604,,,13351.423608299416,1048.5471798032302,696.89157167451833,22.128371861683604,0.096453155,0.002559124,46.9470155,"{""active"":false,""init"":""halton"",""mutation"":[0.5,1.0],""popsize"":5,""recombination"":0.7}"
pilot,rejde-off-p5-halton,rejde,10,1,5,1,1000,1000,113.6050577698727,,,64342.311601000307,25308.831016942051,3337.8498594248304,113.6050577698727,0.053926479,0.001793444,52.133035,"{""active"":false,""init"":""halton"",""mutation"":[0.5,1.0],""popsize"":5,""recombination"":0.7}"
pilot,rejde-off-p5-halton,rejde,10,1,5,2,1000,1000,573.38518240443045,,,36456.371871261399,13315.22000350561,3695.1714050951841,573.38518240443045,0.056120773,0.002010859,54.109914,"{""active"":false,""init"":""halton"",""mutation"":[0.5,1.0],""popsize"":5,""recombination"":0.7}"
pilot,rejde-off-p5-halton,rejde,10,1,10,1,2000,2000,9711.9326133643644,,,170489.12779321428,104392.85244797841,13403.228989650477,9711.9326133643644,0.097811172,0.00496474,46.423216,"{""active"":false,""init"":""halton"",""mutation"":[0.5,1.0],""popsize"":5,""recombination"":0.7}"
pilot,rejde-off-p5-halton,rejde,10,1,10,2,2000,2000,9646.0875391196223,,,61557.166585891107,61557.166585891107,39196.327419972862,9646.0875391196223,0.098984138,0.005121955,46.9310915,"{""active"":false,""init"":""halton"",""mutation"":[0.5,1.0],""popsize"":5,""recombination"":0.7}"
pilot,rejde-off-p5-halton,rejde,10,2,5,1,1000,1000,74.162429028424981,,,114786.46183471828,10455.895506189025,2985.9161235951856,74.162429028424981,0.055302341,0.001795216,53.507125,"{""active"":false,""init"":""halton"",""mutation"":[0.5,1.0],""popsize"":5,""recombination"":0.7}"
pilot,rejde-off-p5-halton,rejde,10,2,5,2,1000,1000,465.00426455855177,,,149169.51702346114,10272.654317920536,1844.1664627391472,465.00426455855177,0.058368802,0.001904187,56.464615,"{""active"":false,""init"":""halton"",""mutation"":[0.5,1.0],""popsize"":5,""recombination"":0.7}"
pilot,rejde-off-p5-halton,rejde,10,2,10,1,2000,2000,26075.314496127605,,,349995.98927111336,128243.66803072127,76129.008022169015,26075.314496127605,0.09836199,0.004954112,46.703939,"{""active"":false,""init"":""halton"",""mutation"":[0.5,1.0],""popsize"":5,""recombination"":0.7}"
pilot,rejde-off-p5-halton,rejde,10,2,10,2,2000,2000,17054.906948282507,,,141829.34384364111,102518.95708063044,47857.438584204639,17054.906948282507,0.098427549,0.005155061,46.636244,"{""active"":false,""init"":""halton"",""mutation"":[0.5,1.0],""popsize"":5,""recombination"":0.7}"
pilot,rejde-off-p5-halton,rejde,12,1,5,1,1000,1000,475.11327258904464,,,2359376.0267921789,494219.36959037482,30910.425951700621,475.11327258904464,0.053171719,0.001269258,51.902461,"{""active"":false,""init"":""halton"",""mutation"":[0.5,1.0],""popsize"":5,""recombination"":0.7}"
pilot,rejde-off-p5-halton,rejde,12,1,5,2,1000,1000,198.19524708602086,,,2133174.3780728239,3667.4068226927175,1849.7597409044811,198.19524708602086,0.052852284,0.001231198,51.621086,"{""active"":false,""init"":""halton"",""mutation"":[0.5,1.0],""popsize"":5,""recombination"":0.7}"
pilot,rejde-off-p5-halton,rejde,12,1,10,1,2000,2000,43619.684718939381,,,37213425.448299155,8012803.6519067604,772534.94679436111,43619.684718939381,0.096148646,0.003248185,46.4502305,"{""active"":false,""init"":""halton"",""mutation"":[0.5,1.0],""popsize"":5,""recombination"":0.7}"
pilot,rejde-off-p5-halton,rejde,12,1,10,2,2000,2000,197025.35720064287,,,20807280.107380122,12440878.630803563,1642770.8248643819,197025.35720064287,0.095954471,0.003203892,46.3752895,"{""active"":false,""init"":""halton"",""mutation"":[0.5,1.0],""popsize"":5,""recombination"":0.7}"
pilot,rejde-off-p5-halton,rejde,12,2,5,1,1000,1000,642.87122574902969,,,6118503.0927963797,643669.74397337227,14491.049341328529,642.87122574902969,0.057177324,0.001293606,55.883718,"{""active"":false,""init"":""halton"",""mutation"":[0.5,1.0],""popsize"":5,""recombination"":0.7}"
pilot,rejde-off-p5-halton,rejde,12,2,5,2,1000,1000,638.89414297100575,,,977018.01411534892,299070.61140027712,6671.4739261371433,638.89414297100575,0.053638917,0.00128166,52.357257,"{""active"":false,""init"":""halton"",""mutation"":[0.5,1.0],""popsize"":5,""recombination"":0.7}"
pilot,rejde-off-p5-halton,rejde,12,2,10,1,2000,2000,40381.862641118365,,,53756996.175504819,9630152.5873896405,3412403.2939808555,40381.862641118365,0.096460401,0.003282995,46.588703,"{""active"":false,""init"":""halton"",""mutation"":[0.5,1.0],""popsize"":5,""recombination"":0.7}"
pilot,rejde-off-p5-halton,rejde,12,2,10,2,2000,2000,31191.008515320751,,,8668241.4967662264,1860407.6732420044,1133071.6421577428,31191.008515320751,0.095660596,0.003241954,46.209321,"{""active"":false,""init"":""halton"",""mutation"":[0.5,1.0],""popsize"":5,""recombination"":0.7}"
pilot,rejde-off-p5-halton,rejde,15,1,5,1,1000,1000,9.6140916938352348,,,53.615546513842219,26.582150767917028,9.6140916938352348,9.6140916938352348,0.059255435,0.002305527,56.949908,"{""active"":false,""init"":""halton"",""mutation"":[0.5,1.0],""popsize"":5,""recombination"":0.7}"
pilot,rejde-off-p5-halton,rejde,15,1,5,2,1000,1000,14.426204154902166,,,70.652897342424012,24.66711074533896,24.66711074533896,14.426204154902166,0.054123584,0.002096547,52.027037,"{""active"":false,""init"":""halton"",""mutation"":[0.5,1.0],""popsize"":5,""recombination"":0.7}"
pilot,rejde-off-p5-halton,rejde,15,1,10,1,2000,2000,57.626265666257268,,,225.45565226100052,110.32838866563952,64.740795406778489,57.626265666257268,0.099315154,0.006158557,46.5782985,"{""active"":false,""init"":""halton"",""mutation"":[0.5,1.0],""popsize"":5,""recombination"":0.7}"
pilot,rejde-off-p5-halton,rejde,15,1,10,2,2000,2000,61.772061654999106,,,164.85297359197921,162.96465523253778,61.772061654999106,61.772061654999106,0.101251896,0.006288354,47.481771,"{""active"":false,""init"":""halton"",""mutation"":[0.5,1.0],""popsize"":5,""recombination"":0.7}"
pilot,rejde-off-p5-halton,rejde,15,2,5,1,1000,1000,23.466038810824699,,,63.325488235380789,44.487079034730684,26.270664916076697,23.466038810824699,0.054062914,0.002104277,51.958637,"{""active"":false,""init"":""halton"",""mutation"":[0.5,1.0],""popsize"":5,""recombination"":0.7}"
pilot,rejde-off-p5-halton,rejde,15,2,5,2,1000,1000,14.854748044725824,,,54.455903569942393,29.992569841003117,26.624568250639527,14.854748044725824,0.054807999,0.002121678,52.686321,"{""active"":false,""init"":""halton"",""mutation"":[0.5,1.0],""popsize"":5,""recombination"":0.7}"
pilot,rejde-off-p5-halton,rejde,15,2,10,1,2000,2000,64.535492879873743,,,237.69698792415048,131.43050888373739,85.478326124727886,64.535492879873743,0.100252635,0.006142942,47.0548465,"{""active"":false,""init"":""halton"",""mutation"":[0.5,1.0],""popsize"":5,""recombination"":0.7}"
pilot,rejde-off-p5-halton,rejde,15,2,10,2,2000,2000,49.557681555656956,,,157.45522009435672,119.21921637501575,79.4330771843386,49.557681555656956,0.099249612,0.00620384,46.522886,"{""active"":false,""init"":""halton"",""mutation"":[0.5,1.0],""popsize"":5,""recombination"":0.7}"
pilot,rejde-off-p5-halton,rejde,17,1,5,1,1000,1000,0.077776829927547197,,,3.9865686827604208,2.1204889316720461,0.41106537168222701,0.077776829927547197,0.068942002,0.002117172,66.82483,"{""active"":false,""init"":""halton"",""mutation"":[0.5,1.0],""popsize"":5,""recombination"":0.7}"
pilot,rejde-off-p5-halton,rejde,17,1,5,2,1000,1000,0.17310067230959092,,,2.7320862539832262,2.1263584431368674,1.684735213567091,0.17310067230959092,0.060059245,0.001812787,58.246458,"{""active"":false,""init"":""halton"",""mutation"":[0.5,1.0],""popsize"":5,""recombination"":0.7}"
pilot,rejde-off-p5-halton,rejde,17,1,10,1,2000,2000,0.66701575870709107,,,7.0431348013465147,2.2311256572606588,1.8337923722980563,0.66701575870709107,0.098808012,0.004857794,46.975109,"{""active"":false,""init"":""halton"",""mutation"":[0.5,1.0],""popsize"":5,""recombination"":0.7}"
pilot,rejde-off-p5-halton,rejde,17,1,10,2,2000,2000,0.86951641914894751,,,8.4985666594435667,3.476358976325038,1.8435926654372103,0.86951641914894751,0.09899416,0.004871143,47.0615085,"{""active"":false,""init"":""halton"",""mutation"":[0.5,1.0],""popsize"":5,""recombination"":0.7}"
pilot,rejde-off-p5-halton,rejde,17,2,5,1,1000,1000,0.15085855183356855,,,3.5264563987111899,1.205450281305712,0.62897716673839099,0.15085855183356855,0.060862163,0.001857273,59.00489,"{""active"":false,""init"":""halton"",""mutation"":[0.5,1.0],""popsize"":5,""recombination"":0.7}"
pilot,rejde-off-p5-halton,rejde,17,2,5,2,1000,1000,0.34422623799105168,,,4.5098992393198536,2.2225416883907023,0.58607688330128482,0.34422623799105168,0.054032144,0.001646626,52.385518,"{""active"":false,""init"":""halton"",""mutation"":[0.5,1.0],""popsize"":5,""recombination"":0.7}"
pilot,rejde-off-p5-halton,rejde,17,2,10,1,2000,2000,1.1750767587125637,,,6.9521730347264139,4.8809471945007381,3.5258634380402292,1.1750767587125637,0.0982219,0.004781898,46.720001,"{""active"":false,""init"":""halton"",""mutation"":[0.5,1.0],""popsize"":5,""recombination"":0.7}"
pilot,rejde-off-p5-halton,rejde,17,2,10,2,2000,2000,1.3083179340105353,,,6.1263159530695717,3.5634311529014759,2.8999928607398822,1.3083179340105353,0.099781086,0.004888113,47.4464865,"{""active"":false,""init"":""halton"",""mutation"":[0.5,1.0],""popsize"":5,""recombination"":0.7}"
pilot,rejde-off-p5-halton,rejde,20,1,5,1,1000,1000,1.7454467406994354,,,67.040890813660724,3.3503480634551579,2.5548911487308033,1.7454467406994354,0.054486198,0.002283842,52.202356,"{""active"":false,""init"":""halton"",""mutation"":[0.5,1.0],""popsize"":5,""recombination"":0.7}"
pilot,rejde-off-p5-halton,rejde,20,1,5,2,1000,1000,1.8728709688765548,,,21.91612364926209,2.3025256227634827,1.8728709688765548,1.8728709688765548,0.059209086,0.002480405,56.728681,"{""active"":false,""init"":""halton"",""mutation"":[0.5,1.0],""popsize"":5,""recombination"":0.7}"
pilot,rejde-off-p5-halton,rejde,20,1,10,1,2000,2000,2.2844103271032736,,,2852.3057106345991,48.587403042973676,2.6253076718686543,2.2844103271032736,0.120534079,0.006662752,56.9356635,"{""active"":false,""init"":""halton"",""mutation"":[0.5,1.0],""popsize"":5,""recombination"":0.7}"
pilot,rejde-off-p5-halton,rejde,20,1,10,2,2000,2000,2.4407514656128342,,,2304.0923154301577,53.373628888585529,3.2040213594742681,2.4407514656128342,0.100697383,0.005656393,47.520495,"{""active"":false,""init"":""halton"",""mutation"":[0.5,1.0],""popsize"":5,""recombination"":0.7}"
pilot,rejde-off-p5-halton,rejde,20,2,5,1,1000,1000,0.79118358774121589,,,8.619144997569947,3.6661218499665438,1.629357769632179,0.79118358774121589,0.054685074,0.002263954,52.42112,"{""active"":false,""init"":""halton"",""mutation"":[0.5,1.0],""popsize"":5,""recombination"":0.7}"
pilot,rejde-off-p5-halton,rejde,20,2,5,2,1000,1000,0.91521088933518513,,,148.07242661038799,3.3778659845095262,2.446187518417446,0.91521088933518513,0.059274654,0.002461089,56.813565,"{""active"":false,""init"":""halton"",""mutation"":[0.5,1.0],""popsize"":5,""recombination"":0.7}"
pilot,rejde-off-p5-halton,rejde,20,2,10,1,2000,2000,2.2472075620872829,,,5263.2185237741778,120.69369803440986,2.942063915087374,2.2472075620872829,0.099392925,0.005621172,46.8858765,"{""active"":false,""init"":""halton"",""mutation"":[0.5,1.0],""popsize"":5,""recombination"":0.7}"
pilot,rejde-off-p5-halton,rejde,20,2,10,2,2000,2000,2.1548189955344697,,,3780.3074528923426,83.627304207155703,2.1548189955344697,2.1548189955344697,0.098554704,0.005638225,46.4582395,"{""active"":false,""init"":""halton"",""mutation"":[0.5,1.0],""popsize"":5,""recombination"":0.7}"
pilot,rejde-off-p5-halton,rejde,23,1,5,1,1000,1000,1.9878175222265755,,,2.7893071466509509,2.5167419930978445,1.9878175222265755,1.9878175222265755,0.05418671,0.00175304,52.43367,"{""active"":false,""init"":""halton"",""mutation"":[0.5,1.0],""popsize"":5,""recombination"":0.7}"
pilot,rejde-off-p5-halton,rejde,23,1,5,2,1000,1000,0.89639742760795915,,,2.7565545905766102,2.7565545905766102,2.7565545905766102,0.89639742760795915,0.053109621,0.001710333,51.399288,"{""active"":false,""init"":""halton"",""mutation"":[0.5,1.0],""popsize"":5,""recombination"":0.7}"
pilot,rejde-off-p5-halton,rejde,23,1,10,1,2000,2000,2.6108637948401894,,,2.6108637948401894,2.6108637948401894,2.6108637948401894,2.6108637948401894,0.100435972,0.005342132,47.54692,"{""active"":false,""init"":""halton"",""mutation"":[0.5,1.0],""popsize"":5,""recombination"":0.7}"
pilot,rejde-off-p5-halton,rejde,23,1,10,2,2000,2000,2.8116099660610674,,,3.2167357009920599,3.2167357009920599,2.8116099660610674,2.8116099660610674,0.100339289,0.005361185,47.489052,"{""active"":false,""init"":""halton"",""mutation"":[0.5,1.0],""popsize"":5,""recombination"":0.7}"
pilot,rejde-off-p5-halton,rejde,23,2,5,1,1000,1000,1.8798250022478005,,,4.5491551588200805,4.5491551588200805,2.5967658341298754,1.8798250022478005,0.055046097,0.001815918,53.230179,"{""active"":false,""init"":""halton"",""mutation"":[0.5,1.0],""popsize"":5,""recombination"":0.7}"
pilot,rejde-off-p5-halton,rejde,23,2,5,2,1000,1000,2.4145554768533746,,,4.0210744309437656,4.0210744309437656,3.7243347307461527,2.4145554768533746,0.054815775,0.001796897,53.018878,"{""active"":false,""init"":""halton"",""mutation"":[0.5,1.0],""popsize"":5,""recombination"":0.7}"
pilot,rejde-off-p5-halton,rejde,23,2,10,1,2000,2000,2.9251739327054462,,,3.1540472015290137,3.1540472015290137,3.1540472015290137,2.9251739327054462,0.117372055,0.006255877,55.558089,"{""active"":false,""init"":""halton"",""mutation"":[0.5,1.0],""popsize"":5,""recombination"":0.7}"
pilot,rejde-off-p5-halton,rejde,23,2,10,2,2000,2000,1.7204081278617409,,,2.873614747299424,1.7204081278617409,1.7204081278617409,1.7204081278617409,0.099370754,0.005327236,47.021759,"{""active"":false,""init"":""halton"",""mutation"":[0.5,1.0],""popsize"":5,""recombination"":0.7}"
tune,scipy-best-p5-halton-cr1,scipy,1,1,5,1,1000,1000,3.3430514321253213e-06,423,861,2.6734107440999111,0.094295891083604033,0.0031368911278804035,3.3430514321253213e-06,0.056045671,0.002568149,53.477522,"{""init"":""halton"",""popsize"":5,""recombination"":1.0,""strategy"":""best1bin"",""updating"":""immediate""}"
tune,scipy-best-p5-halton-cr1,scipy,1,1,5,2,1000,1000,2.1393707640982029e-06,378,712,0.72053923482624782,0.046222184507314523,0.00052707149302477774,2.1393707640982029e-06,0.051428006,0.002297717,49.130289,"{""init"":""halton"",""popsize"":5,""recombination"":1.0,""strategy"":""best1bin"",""updating"":""immediate""}"
tune,scipy-best-p5-halton-cr1,scipy,1,1,10,1,2000,2000,0.83667947711215618,,,16.501289303909346,5.0505614072690008,0.9364685386202467,0.83667947711215618,0.070753536,0.003948594,33.402471,"{""init"":""halton"",""popsize"":5,""recombination"":1.0,""strategy"":""best1bin"",""updating"":""immediate""}"
tune,scipy-best-p5-halton-cr1,scipy,1,1,10,2,2000,2000,0.32829968284816857,,,5.5682875933887743,2.5622834596708657,0.7669442694139974,0.32829968284816857,0.094236826,0.005143042,44.546892,"{""init"":""halton"",""popsize"":5,""recombination"":1.0,""strategy"":""best1bin"",""updating"":""immediate""}"
tune,scipy-best-p5-halton-cr1,scipy,6,1,5,1,1000,1000,0.20144143383457447,,,65.670470856324044,22.101955348810108,6.3084205644256315,0.20144143383457447,0.036560298,0.002051735,34.508563,"{""init"":""halton"",""popsize"":5,""recombination"":1.0,""strategy"":""best1bin"",""updating"":""immediate""}"
tune,scipy-best-p5-halton-cr1,scipy,6,1,5,2,1000,1000,0.013008882423491741,,,24.959422661981115,9.7032789701988236,1.9286124191350211,0.013008882423491741,0.035779835,0.001960797,33.819038,"{""init"":""halton"",""popsize"":5,""recombination"":1.0,""strategy"":""best1bin"",""updating"":""immediate""}"
tune,scipy-best-p5-halton-cr1,scipy,6,1,10,1,2000,2000,5.170008526291447,,,93.69305945900885,52.777443016872262,12.626867897336417,5.170008526291447,0.071682863,0.004689105,33.496879,"{""init"":""halton"",""popsize"":5,""recombination"":1.0,""strategy"":""best1bin"",""updating"":""immediate""}"
tune,scipy-best-p5-halton-cr1,scipy,6,1,10,2,2000,2000,4.9056766598413475,,,172.053693053237,103.93800966075642,27.56289456200966,4.9056766598413475,0.079233465,0.005249342,36.9920615,"{""init"":""halton"",""popsize"":5,""recombination"":1.0,""strategy"":""best1bin"",""updating"":""immediate""}"
tune,scipy-best-p5-halton-cr1,scipy,10,1,5,1,1000,1000,100.419846478865,,,5188.3355904066957,233.62602876475631,100.71791369613939,100.419846478865,0.053154134,0.003320826,49.833308,"{""init"":""halton"",""popsize"":5,""recombination"":1.0,""strategy"":""best1bin"",""updating"":""immediate""}"
tune,scipy-best-p5-halton-cr1,scipy,10,1,5,2,1000,1000,20.299118220618098,,,39553.293078786039,7186.4906084375116,3970.3826022232697,20.299118220618098,0.039004611,0.002446411,36.5582,"{""init"":""halton"",""popsize"":5,""recombination"":1.0,""strategy"":""best1bin"",""updating"":""immediate""}"
tune,scipy-best-p5-halton-cr1,scipy,10,1,10,1,2000,2000,4186.8030191120579,,,56797.589625347035,55245.293601172722,11290.413683410165,4186.8030191120579,0.098473982,0.008500614,44.986684,"{""init"":""halton"",""popsize"":5,""recombination"":1.0,""strategy"":""best1bin"",""updating"":""immediate""}"
tune,scipy-best-p5-halton-cr1,scipy,10,1,10,2,2000,2000,4595.2725487438129,,,255713.72454880882,21204.195406130286,6637.9024605361119,4595.2725487438129,0.07594539,0.006538202,34.703594,"{""init"":""halton"",""popsize"":5,""recombination"":1.0,""strategy"":""best1bin"",""updating"":""immediate""}"
tune,scipy-best-p5-halton-cr1,scipy,15,1,5,1,1000,625,21.279311003267935,,,55.933527828315846,21.279311003267935,21.279311003267935,21.279311003267935,0.025771267,0.001716147,38.488192,"{""init"":""halton"",""popsize"":5,""recombination"":1.0,""strategy"":""best1bin"",""updating"":""immediate""}"
tune,scipy-best-p5-halton-cr1,scipy,15,1,5,2,1000,1000,20.366417052153565,,,54.070678129104408,31.837271404786634,25.132009577763938,20.366417052153565,0.037509446,0.00272598,34.783466,"{""init"":""halton"",""popsize"":5,""recombination"":1.0,""strategy"":""best1bin"",""updating"":""immediate""}"
tune,scipy-best-p5-halton-cr1,scipy,15,1,10,1,2000,2000,50.801802904641363,,,156.96082091463086,97.907504100179949,74.605423658907739,50.801802904641363,0.107578389,0.01120369,48.1873495,"{""init"":""halton"",""popsize"":5,""recombination"":1.0,""strategy"":""best1bin"",""updating"":""immediate""}"
tune,scipy-best-p5-halton-cr1,scipy,15,1,10,2,2000,2000,24.64151543237449,,,163.81641969403904,88.638746983454666,33.583207362201847,24.64151543237449,0.110497698,0.011509224,49.494237,"{""init"":""halton"",""popsize"":5,""recombination"":1.0,""strategy"":""best1bin"",""updating"":""immediate""}"
tune,scipy-best-p5-halton-cr1,scipy,20,1,5,1,1000,1000,1.338128946093434,,,4.7754697172973692,2.1688640650600064,2.1476048773490675,1.338128946093434,0.054638868,0.003880155,50.758713,"{""init"":""halton"",""popsize"":5,""recombination"":1.0,""strategy"":""best1bin"",""updating"":""immediate""}"
tune,scipy-best-p5-halton-cr1,scipy,20,1,5,2,1000,1000,0.72923322724125228,,,14.977276503887083,2.6812561782913917,2.2837147548916619,0.72923322724125228,0.064696095,0.004592102,60.103993,"{""init"":""halton"",""popsize"":5,""recombination"":1.0,""strategy"":""best1bin"",""updating"":""immediate""}"
tune,scipy-best-p5-halton-cr1,scipy,20,1,10,1,2000,2000,2.3475220964703567,,,790.96145290461141,2.7138625578043047,2.5427781611547289,2.3475220964703567,0.074042139,0.007353752,33.3441935,"{""init"":""halton"",""popsize"":5,""recombination"":1.0,""strategy"":""best1bin"",""updating"":""immediate""}"
tune,scipy-best-p5-halton-cr1,scipy,20,1,10,2,2000,2000,2.1237983615363873,,,250.85171957694428,2.8567115080844587,2.7947933960493856,2.1237983615363873,0.073551455,0.007072519,33.239468,"{""init"":""halton"",""popsize"":5,""recombination"":1.0,""strategy"":""best1bin"",""updating"":""immediate""}"
pilot,scipy-best-p5-halton-cr1,scipy,1,1,5,1,1000,1000,3.3430514321253213e-06,423,861,2.6734107440999111,0.094295891083604033,0.0031368911278804035,3.3430514321253213e-06,0.039328859,0.001681779,37.64708,"{""init"":""halton"",""popsize"":5,""recombination"":1.0,""strategy"":""best1bin"",""updating"":""immediate""}"
pilot,scipy-best-p5-halton-cr1,scipy,1,1,5,2,1000,1000,2.1393707640982029e-06,378,712,0.72053923482624782,0.046222184507314523,0.00052707149302477774,2.1393707640982029e-06,0.038717379,0.001692353,37.025026,"{""init"":""halton"",""popsize"":5,""recombination"":1.0,""strategy"":""best1bin"",""updating"":""immediate""}"
pilot,scipy-best-p5-halton-cr1,scipy,1,1,10,1,2000,2000,0.83667947711215618,,,16.501289303909346,5.0505614072690008,0.9364685386202467,0.83667947711215618,0.070237693,0.003836748,33.2004725,"{""init"":""halton"",""popsize"":5,""recombination"":1.0,""strategy"":""best1bin"",""updating"":""immediate""}"
pilot,scipy-best-p5-halton-cr1,scipy,1,1,10,2,2000,2000,0.32829968284816857,,,5.5682875933887743,2.5622834596708657,0.7669442694139974,0.32829968284816857,0.074110715,0.003931433,35.089641,"{""init"":""halton"",""popsize"":5,""recombination"":1.0,""strategy"":""best1bin"",""updating"":""immediate""}"
pilot,scipy-best-p5-halton-cr1,scipy,1,2,5,1,1000,1000,0.0064274484135466992,753,,2.4533548639379319,0.23633337519078168,0.055481174616261342,0.0064274484135466992,0.039047598,0.001679182,37.368416,"{""init"":""halton"",""popsize"":5,""recombination"":1.0,""strategy"":""best1bin"",""updating"":""immediate""}"
pilot,scipy-best-p5-halton-cr1,scipy,1,2,5,2,1000,1000,0.012264521486940794,,,1.1531058677254009,0.13653836537770303,0.020272667494054986,0.012264521486940794,0.040274898,0.001684593,38.590305,"{""init"":""halton"",""popsize"":5,""recombination"":1.0,""strategy"":""best1bin"",""updating"":""immediate""}"
pilot,scipy-best-p5-halton-cr1,scipy,1,2,10,1,2000,2000,0.072445141542800684,,,11.775807523967842,2.2538570532640847,0.43509038464503647,0.072445141542800684,0.073540333,0.003958544,34.7908945,"{""init"":""halton"",""popsize"":5,""recombination"":1.0,""strategy"":""best1bin"",""updating"":""immediate""}"
pilot,scipy-best-p5-halton-cr1,scipy,1,2,10,2,2000,2000,0.15535927258605398,,,16.167820937038584,4.2002693460700016,0.28481676061949202,0.15535927258605398,0.074110964,0.003925004,35.09298,"{""init"":""halton"",""popsize"":5,""recombination"":1.0,""strategy"":""best1bin"",""updating"":""immediate""}"
pilot,scipy-best-p5-halton-cr1,scipy,3,1,5,1,1000,1000,10.207412517342902,,,71.152848228426365,40.735143340984052,22.395209757904468,10.207412517342902,0.035708157,0.0026682,33.039957,"{""init"":""halton"",""popsize"":5,""recombination"":1.0,""strategy"":""best1bin"",""updating"":""immediate""}"
pilot,scipy-best-p5-halton-cr1,scipy,3,1,5,2,1000,1000,4.9543247062218256,,,47.462147226452657,18.795514844788443,16.082483163889492,4.9543247062218256,0.03664934,0.002707069,33.942271,"{""init"":""halton"",""popsize"":5,""recombination"":1.0,""strategy"":""best1bin"",""updating"":""immediate""}"
pilot,scipy-best-p5-halton-cr1,scipy,3,1,10,1,2000,2000,40.968496389073096,,,136.66834854109021,75.021077167947908,65.183984022794903,40.968496389073096,0.107113858,0.011481194,47.816332,"{""init"":""halton"",""popsize"":5,""recombination"":1.0,""strategy"":""best1bin"",""updating"":""immediate""}"
pilot,scipy-best-p5-halton-cr1,scipy,3,1,10,2,2000,2000,64.230423912354865,,,128.8411105581294,93.748986954424595,66.226322491019005,64.230423912354865,0.114068826,0.011642618,51.213104,"{""init"":""halton"",""popsize"":5,""recombination"":1.0,""strategy"":""best1bin"",""updating"":""immediate""}"
pilot,scipy-best-p5-halton-cr1,scipy,3,2,5,1,1000,1000,13.841411544650455,,,41.268416964128249,15.00476633595774,13.850926985112835,13.841411544650455,0.073592665,0.00516892,68.423745,"{""init"":""halton"",""popsize"":5,""recombination"":1.0,""strategy"":""best1bin"",""updating"":""immediate""}"
pilot,scipy-best-p5-halton-cr1,scipy,3,2,5,2,1000,1000,15.615902444220296,,,47.943929485518737,30.210358305883005,15.615931540726621,15.615902444220296,0.04333122,0.002864794,40.466426,"{""init"":""halton"",""popsize"":5,""recombination"":1.0,""strategy"":""best1bin"",""updating"":""immediate""}"
pilot,scipy-best-p5-halton-cr1,scipy,3,2,10,1,2000,2000,46.188309653133416,,,122.69892349385569,73.512688459356667,71.3511489649959,46.188309653133416,0.114919992,0.011535524,51.692234,"{""init"":""halton"",""popsize"":5,""recombination"":1.0,""strategy"":""best1bin"",""updating"":""immediate""}"
pilot,scipy-best-p5-halton-cr1,scipy,3,2,10,2,2000,2000,58.575082919261121,,,133.55905982314695,97.063764805044769,67.444261526794492,58.575082919261121,0.07536709,0.00774331,33.81189,"{""init"":""halton"",""popsize"":5,""recombination"":1.0,""strategy"":""best1bin"",""updating"":""immediate""}"
pilot,scipy-best-p5-halton-cr1,scipy,6,1,5,1,1000,1000,0.20144143383457447,,,65.670470856324044,22.101955348810108,6.3084205644256315,0.20144143383457447,0.036891207,0.001964482,34.926725,"{""init"":""halton"",""popsize"":5,""recombination"":1.0,""strategy"":""best1bin"",""updating"":""immediate""}"
pilot,scipy-best-p5-halton-cr1,scipy,6,1,5,2,1000,1000,0.013008882423491741,,,24.959422661981115,9.7032789701988236,1.9286124191350211,0.013008882423491741,0.037506528,0.00202672,35.479808,"{""init"":""halton"",""popsize"":5,""recombination"":1.0,""strategy"":""best1bin"",""updating"":""immediate""}"
pilot,scipy-best-p5-halton-cr1,scipy,6,1,10,1,2000,2000,5.170008526291447,,,93.69305945900885,52.777443016872262,12.626867897336417,5.170008526291447,0.072933268,0.004742932,34.095168,"{""init"":""halton"",""popsize"":5,""recombination"":1.0,""strategy"":""best1bin"",""updating"":""immediate""}"
pilot,scipy-best-p5-halton-cr1,scipy,6,1,10,2,2000,2000,4.9056766598413475,,,172.053693053237,103.93800966075642,27.56289456200966,4.9056766598413475,0.073053029,0.004755289,34.14887,"{""init"":""halton"",""popsize"":5,""recombination"":1.0,""strategy"":""best1bin"",""updating"":""immediate""}"
pilot,scipy-best-p5-halton-cr1,scipy,6,2,5,1,1000,1000,0.29502762360198531,,,27.664628420481716,13.188426694899686,0.76199313399731849,0.29502762360198531,0.044456714,0.002355659,42.101055,"{""init"":""halton"",""popsize"":5,""recombination"":1.0,""strategy"":""best1bin"",""updating"":""immediate""}"
pilot,scipy-best-p5-halton-cr1,scipy,6,2,5,2,1000,1000,4.1483688951963806,,,23.384366055682012,6.4318798414166132,4.1850703528062034,4.1483688951963806,0.043536369,0.002301289,41.23508,"{""init"":""halton"",""popsize"":5,""recombination"":1.0,""strategy"":""best1bin"",""updating"":""immediate""}"
pilot,scipy-best-p5-halton-cr1,scipy,6,2,10,1,2000,2000,12.567557881738072,,,930.15574574656046,72.088388730133985,22.214843980732187,12.567557881738072,0.072674177,0.004745477,33.96435,"{""init"":""halton"",""popsize"":5,""recombination"":1.0,""strategy"":""best1bin"",""updating"":""immediate""}"
pilot,scipy-best-p5-halton-cr1,scipy,6,2,10,2,2000,2000,6.6931898196579702,,,132.3198514208764,51.690859444060692,12.544526626596049,6.6931898196579702,0.070465931,0.004655123,32.905404,"{""init"":""halton"",""popsize"":5,""recombination"":1.0,""strategy"":""best1bin"",""updating"":""immediate""}"
pilot,scipy-best-p5-halton-cr1,scipy,8,1,5,1,1000,1000,4.1306030677866943,,,321.60754476004047,9.228224461093447,7.0809913231001644,4.1306030677866943,0.03977237,0.001749456,38.022914,"{""init"":""halton"",""popsize"":5,""recombination"":1.0,""strategy"":""best1bin"",""updating"":""immediate""}"
pilot,scipy-best-p5-halton-cr1,scipy,8,1,5,2,1000,1000,2.0688064715421604,,,424.93441157106452,32.977383592663188,2.5471175485991182,2.0688064715421604,0.037482032,0.001718581,35.763451,"{""init"":""halton"",""popsize"":5,""recombination"":1.0,""strategy"":""best1bin"",""updating"":""immediate""}"
pilot,scipy-best-p5-halton-cr1,scipy,8,1,10,1,2000,2000,14.248216653487447,,,791.38041604395119,237.30475673018773,38.750662654608476,14.248216653487447,0.072991657,0.00396819,34.5117335,"{""init"":""halton"",""popsize"":5,""recombination"":1.0,""strategy"":""best1bin"",""updating"":""immediate""}"
pilot,scipy-best-p5-halton-cr1,scipy,8,1,10,2,2000,2000,13.189957624506491,,,3670.9998961748588,728.45268789745023,74.491507355549373,13.189957624506491,0.074582938,0.004064316,35.259311,"{""init"":""halton"",""popsize"":5,""recombination"":1.0,""strategy"":""best1bin"",""updating"":""immediate""}"
pilot,scipy-best-p5-halton-cr1,scipy,8,2,5,1,1000,1000,2.4151940169740556,,,23.535199735345259,6.5605241016016862,3.4504159027081869,2.4151940169740556,0.040224988,0.001738731,38.486257,"{""init"":""halton"",""popsize"":5,""recombination"":1.0,""strategy"":""best1bin"",""updating"":""immediate""}"
pilot,scipy-best-p5-halton-cr1,scipy,8,2,5,2,1000,1000,4.0966589929442989,,,269.38930861332051,10.726608279781772,4.8983211719601059,4.0966589929442989,0.037727117,0.001677205,36.049912,"{""init"":""halton"",""popsize"":5,""recombination"":1.0,""strategy"":""best1bin"",""updating"":""immediate""}"
pilot,scipy-best-p5-halton-cr1,scipy,8,2,10,1,2000,2000,13.660359568561489,,,4794.2651970362858,947.71674066920662,141.71003558086966,13.660359568561489,0.071617949,0.004118078,33.7499355,"{""init"":""halton"",""popsize"":5,""recombination"":1.0,""strategy"":""best1bin"",""updating"":""immediate""}"
pilot,scipy-best-p5-halton-cr1,scipy,8,2,10,2,2000,2000,9.4338737938718396,,,4302.378561448234,1252.6966779800896,42.933872392513763,9.4338737938718396,0.073456606,0.003992268,34.732169,"{""init"":""halton"",""popsize"":5,""recombination"":1.0,""strategy"":""best1bin"",""updating"":""immediate""}"
pilot,scipy-best-p5-halton-cr1,scipy,10,1,5,1,1000,1000,100.419846478865,,,5188.3355904066957,233.62602876475631,100.71791369613939,100.419846478865,0.040317974,0.002473905,37.844069,"{""init"":""halton"",""popsize"":5,""recombination"":1.0,""strategy"":""best1bin"",""updating"":""immediate""}"
pilot,scipy-best-p5-halton-cr1,scipy,10,1,5,2,1000,1000,20.299118220618098,,,39553.293078786039,7186.4906084375116,3970.3826022232697,20.299118220618098,0.040163547,0.002464118,37.699429,"{""init"":""halton"",""popsize"":5,""recombination"":1.0,""strategy"":""best1bin"",""updating"":""immediate""}"
pilot,scipy-best-p5-halton-cr1,scipy,10,1,10,1,2000,2000,4186.8030191120579,,,56797.589625347035,55245.293601172722,11290.413683410165,4186.8030191120579,0.076106597,0.006580063,34.763267,"{""init"":""halton"",""popsize"":5,""recombination"":1.0,""strategy"":""best1bin"",""updating"":""immediate""}"
pilot,scipy-best-p5-halton-cr1,scipy,10,1,10,2,2000,2000,4595.2725487438129,,,255713.72454880882,21204.195406130286,6637.9024605361119,4595.2725487438129,0.076550963,0.00653644,35.0072615,"{""init"":""halton"",""popsize"":5,""recombination"":1.0,""strategy"":""best1bin"",""updating"":""immediate""}"
pilot,scipy-best-p5-halton-cr1,scipy,10,2,5,1,1000,1000,8.765248016145911,,,6475.1857348299927,1280.2757979262467,12.209585141429365,8.765248016145911,0.041550331,0.002520595,39.029736,"{""init"":""halton"",""popsize"":5,""recombination"":1.0,""strategy"":""best1bin"",""updating"":""immediate""}"
pilot,scipy-best-p5-halton-cr1,scipy,10,2,5,2,1000,1000,7.7225077251142338,,,62669.193278291765,13293.201332364653,70.477158033994499,7.7225077251142338,0.042189246,0.002519332,39.669914,"{""init"":""halton"",""popsize"":5,""recombination"":1.0,""strategy"":""best1bin"",""updating"":""immediate""}"
pilot,scipy-best-p5-halton-cr1,scipy,10,2,10,1,2000,2000,855.10214277235787,,,86736.133270953869,23135.84578381203,2151.8917416181462,855.10214277235787,0.077274698,0.006634135,35.3202815,"{""init"":""halton"",""popsize"":5,""recombination"":1.0,""strategy"":""best1bin"",""updating"":""immediate""}"
pilot,scipy-best-p5-halton-cr1,scipy,10,2,10,2,2000,2000,213.81723960041001,,,250715.05452895537,33301.737027995303,5360.1405296478479,213.81723960041001,0.074921911,0.006568471,34.17672,"{""init"":""halton"",""popsize"":5,""recombination"":1.0,""strategy"":""best1bin"",""updating"":""immediate""}"
pilot,scipy-best-p5-halton-cr1,scipy,12,1,5,1,1000,1000,6.7570764405172667,,,1056570.442183624,5172.245542014587,1850.2244444530484,6.7570764405172667,0.039309813,0.001963867,37.345946,"{""init"":""halton"",""popsize"":5,""recombination"":1.0,""strategy"":""best1bin"",""updating"":""immediate""}"
pilot,scipy-best-p5-halton-cr1,scipy,12,1,5,2,1000,1000,17.762372845462778,,,1139772.3189001256,22628.278681426797,21.58375506971629,17.762372845462778,0.040737566,0.002005058,38.732508,"{""init"":""halton"",""popsize"":5,""recombination"":1.0,""strategy"":""best1bin"",""updating"":""immediate""}"
pilot,scipy-best-p5-halton-cr1,scipy,12,1,10,1,2000,2000,7814.201312110763,,,18826285.413115591,1604295.0876746874,169179.088744048,7814.201312110763,0.073450255,0.004758709,34.345773,"{""init"":""halton"",""popsize"":5,""recombination"":1.0,""strategy"":""best1bin"",""updating"":""immediate""}"
pilot,scipy-best-p5-halton-cr1,scipy,12,1,10,2,2000,2000,40403.235004885879,,,16159730.833944684,5128317.3492694711,250018.14559895883,40403.235004885879,0.086465995,0.005511029,40.477483,"{""init"":""halton"",""popsize"":5,""recombination"":1.0,""strategy"":""best1bin"",""updating"":""immediate""}"
pilot,scipy-best-p5-halton-cr1,scipy,12,2,5,1,1000,1000,0.075406951168588421,,,506964.47539877292,1480.6409963268534,7.5442914392475586,0.075406951168588421,0.042872013,0.002101449,40.770564,"{""init"":""halton"",""popsize"":5,""recombination"":1.0,""strategy"":""best1bin"",""updating"":""immediate""}"
pilot,scipy-best-p5-halton-cr1,scipy,12,2,5,2,1000,1000,0.068854727257900095,,,464958.83101056097,23095.116196999388,121.86173239700366,0.068854727257900095,0.080633855,0.004324204,76.309651,"{""init"":""halton"",""popsize"":5,""recombination"":1.0,""strategy"":""best1bin"",""updating"":""immediate""}"
pilot,scipy-best-p5-halton-cr1,scipy,12,2,10,1,2000,2000,42202.567264419216,,,22620693.633927971,2289884.5349708055,72545.038740436648,42202.567264419216,0.138345494,0.008532667,64.9064135,"{""init"":""halton"",""popsize"":5,""recombination"":1.0,""strategy"":""best1bin"",""updating"":""immediate""}"
pilot,scipy-best-p5-halton-cr1,scipy,12,2,10,2,2000,2000,21253.434692412142,,,6881817.7220014334,598083.03611868888,47422.428039020677,21253.434692412142,0.084918131,0.005407294,39.7554185,"{""init"":""halton"",""popsize"":5,""recombination"":1.0,""strategy"":""best1bin"",""updating"":""immediate""}"
pilot,scipy-best-p5-halton-cr1,scipy,15,1,5,1,1000,625,21.279311003267935,,,55.933527828315846,21.279311003267935,21.279311003267935,21.279311003267935,0.057998405,0.004002761,86.3930304,"{""init"":""halton"",""popsize"":5,""recombination"":1.0,""strategy"":""best1bin"",""updating"":""immediate""}"
pilot,scipy-best-p5-halton-cr1,scipy,15,1,5,2,1000,1000,20.366417052153565,,,54.070678129104408,31.837271404786634,25.132009577763938,20.366417052153565,0.051153858,0.003768418,47.38544,"{""init"":""halton"",""popsize"":5,""recombination"":1.0,""strategy"":""best1bin"",""updating"":""immediate""}"
pilot,scipy-best-p5-halton-cr1,scipy,15,1,10,1,2000,2000,50.801802904641363,,,156.96082091463086,97.907504100179949,74.605423658907739,50.801802904641363,0.077724687,0.007887957,34.918365,"{""init"":""halton"",""popsize"":5,""recombination"":1.0,""strategy"":""best1bin"",""updating"":""immediate""}"
pilot,scipy-best-p5-halton-cr1,scipy,15,1,10,2,2000,2000,24.64151543237449,,,163.81641969403904,88.638746983454666,33.583207362201847,24.64151543237449,0.081620322,0.008257725,36.6812985,"{""init"":""halton"",""popsize"":5,""recombination"":1.0,""strategy"":""best1bin"",""updating"":""immediate""}"
pilot,scipy-best-p5-halton-cr1,scipy,15,2,5,1,1000,1000,6.9916291274086575,,,48.838310791296593,22.496828565162829,15.054921877462547,6.9916291274086575,0.038472895,0.002703055,35.76984,"{""init"":""halton"",""popsize"":5,""recombination"":1.0,""strategy"":""best1bin"",""updating"":""immediate""}"
pilot,scipy-best-p5-halton-cr1,scipy,15,2,5,2,1000,1000,12.395459944712044,,,90.265907587065101,37.761693941881632,24.375785531045452,12.395459944712044,0.039655355,0.002665549,36.989806,"{""init"":""halton"",""popsize"":5,""recombination"":1.0,""strategy"":""best1bin"",""updating"":""immediate""}"
pilot,scipy-best-p5-halton-cr1,scipy,15,2,10,1,2000,2000,34.352488715625412,,,137.40972927043077,89.625524099140677,58.789853472849245,34.352488715625412,0.081788442,0.008430039,36.6792015,"{""init"":""halton"",""popsize"":5,""recombination"":1.0,""strategy"":""best1bin"",""updating"":""immediate""}"
pilot,scipy-best-p5-halton-cr1,scipy,15,2,10,2,2000,2000,42.476526351495451,,,128.5292485188786,75.025545186006724,71.028469179187681,42.476526351495451,0.074753025,0.00777905,33.4869875,"{""init"":""halton"",""popsize"":5,""recombination"":1.0,""strategy"":""best1bin"",""updating"":""immediate""}"
pilot,scipy-best-p5-halton-cr1,scipy,17,1,5,1,1000,1000,1.8048537364698785,,,7.0206548775277575,3.6596807458388199,2.043649027228156,1.8048537364698785,0.046474301,0.002882861,43.59144,"{""init"":""halton"",""popsize"":5,""recombination"":1.0,""strategy"":""best1bin"",""updating"":""immediate""}"
pilot,scipy-best-p5-halton-cr1,scipy,17,1,5,2,1000,1000,0.48975308905683335,,,4.9029436340556138,4.9029436340556138,0.68369436280385187,0.48975308905683335,0.045213857,0.002882825,42.331032,"{""init"":""halton"",""popsize"":5,""recombination"":1.0,""strategy"":""best1bin"",""updating"":""immediate""}"
pilot,scipy-best-p5-halton-cr1,scipy,17,1,10,1,2000,2000,0.39952732490202081,,,5.8589342295144995,2.2373260328872142,1.0463034493817229,0.39952732490202081,0.075913282,0.006768913,34.5721845,"{""init"":""halton"",""popsize"":5,""recombination"":1.0,""strategy"":""best1bin"",""updating"":""immediate""}"
pilot,scipy-best-p5-halton-cr1,scipy,17,1,10,2,2000,2000,0.58773647544783358,,,3.5616325751168247,1.4512959257791529,0.89005577684564585,0.58773647544783358,0.072754284,0.006296063,33.2291105,"{""init"":""halton"",""popsize"":5,""recombination"":1.0,""strategy"":""best1bin"",""updating"":""immediate""}"
pilot,scipy-best-p5-halton-cr1,scipy,17,2,5,1,1000,1000,0.019414802675459697,,,3.663803334664717,0.55581487121266449,0.064554543795011909,0.019414802675459697,0.03777305,0.002393319,35.379731,"{""init"":""halton"",""popsize"":5,""recombination"":1.0,""strategy"":""best1bin"",""updating"":""immediate""}"
pilot,scipy-best-p5-halton-cr1,scipy,17,2,5,2,1000,1000,0.093585220743619857,,,2.2703148604758638,1.5098638764110675,0.3395573338533886,0.093585220743619857,0.041843176,0.002543514,39.299662,"{""init"":""halton"",""popsize"":5,""recombination"":1.0,""strategy"":""best1bin"",""updating"":""immediate""}"
pilot,scipy-best-p5-halton-cr1,scipy,17,2,10,1,2000,2000,0.40636611362401709,,,7.650152270867995,2.2799241330156761,0.74372496205582195,0.40636611362401709,0.117579353,0.009907669,53.835842,"{""init"":""halton"",""popsize"":5,""recombination"":1.0,""strategy"":""best1bin"",""updating"":""immediate""}"
pilot,scipy-best-p5-halton-cr1,scipy,17,2,10,2,2000,2000,0.80975325725216862,,,5.6426362003892194,3.3198615452938292,2.1670082451148147,0.80975325725216862,0.075551672,0.006501851,34.5249105,"{""init"":""halton"",""popsize"":5,""recombination"":1.0,""strategy"":""best1bin"",""updating"":""immediate""}"
pilot,scipy-best-p5-halton-cr1,scipy,20,1,5,1,1000,1000,1.338128946093434,,,4.7754697172973692,2.1688640650600064,2.1476048773490675,1.338128946093434,0.038068634,0.002822427,35.246207,"{""init"":""halton"",""popsize"":5,""recombination"":1.0,""strategy"":""best1bin"",""updating"":""immediate""}"
pilot,scipy-best-p5-halton-cr1,scipy,20,1,5,2,1000,1000,0.72923322724125228,,,14.977276503887083,2.6812561782913917,2.2837147548916619,0.72923322724125228,0.037409582,0.002804922,34.60466,"{""init"":""halton"",""popsize"":5,""recombination"":1.0,""strategy"":""best1bin"",""updating"":""immediate""}"
pilot,scipy-best-p5-halton-cr1,scipy,20,1,10,1,2000,2000,2.3475220964703567,,,790.96145290461141,2.7138625578043047,2.5427781611547289,2.3475220964703567,0.076763797,0.007545899,34.608949,"{""init"":""halton"",""popsize"":5,""recombination"":1.0,""strategy"":""best1bin"",""updating"":""immediate""}"
pilot,scipy-best-p5-halton-cr1,scipy,20,1,10,2,2000,2000,2.1237983615363873,,,250.85171957694428,2.8567115080844587,2.7947933960493856,2.1237983615363873,0.072260467,0.006932319,32.664074,"{""init"":""halton"",""popsize"":5,""recombination"":1.0,""strategy"":""best1bin"",""updating"":""immediate""}"
pilot,scipy-best-p5-halton-cr1,scipy,20,2,5,1,1000,1000,1.6148893129907265,,,140.16063576311467,3.0186796837706424,2.7387909060978473,1.6148893129907265,0.035532921,0.002802016,32.730905,"{""init"":""halton"",""popsize"":5,""recombination"":1.0,""strategy"":""best1bin"",""updating"":""immediate""}"
pilot,scipy-best-p5-halton-cr1,scipy,20,2,5,2,1000,1000,1.6651382535235371,,,2.5082493504506829,2.2958061085186046,1.7105120339529094,1.6651382535235371,0.039563658,0.002845158,36.7185,"{""init"":""halton"",""popsize"":5,""recombination"":1.0,""strategy"":""best1bin"",""updating"":""immediate""}"
pilot,scipy-best-p5-halton-cr1,scipy,20,2,10,1,2000,2000,1.369855943089533,,,1081.5909840357335,2.9597800252765865,2.4169463561024713,1.369855943089533,0.081362988,0.007458729,36.9521295,"{""init"":""halton"",""popsize"":5,""recombination"":1.0,""strategy"":""best1bin"",""updating"":""immediate""}"
pilot,scipy-best-p5-halton-cr1,scipy,20,2,10,2,2000,2000,1.6519427735088357,,,4916.530085797006,1350.7629296610485,3.3644123651924929,1.6519427735088357,0.074085163,0.006980755,33.552204,"{""init"":""halton"",""popsize"":5,""recombination"":1.0,""strategy"":""best1bin"",""updating"":""immediate""}"
pilot,scipy-best-p5-halton-cr1,scipy,23,1,5,1,1000,1000,2.0199024502060938,,,3.0219506462568981,2.0199024502060938,2.0199024502060938,2.0199024502060938,0.037024105,0.002481402,34.542703,"{""init"":""halton"",""popsize"":5,""recombination"":1.0,""strategy"":""best1bin"",""updating"":""immediate""}"
pilot,scipy-best-p5-halton-cr1,scipy,23,1,5,2,1000,1000,1.663612669028681,,,1.663612669028681,1.663612669028681,1.663612669028681,1.663612669028681,0.036327626,0.00239756,33.930066,"{""init"":""halton"",""popsize"":5,""recombination"":1.0,""strategy"":""best1bin"",""updating"":""immediate""}"
pilot,scipy-best-p5-halton-cr1,scipy,23,1,10,1,2000,2000,2.3794207740039033,,,2.6108637948401894,2.6108637948401894,2.6108637948401894,2.3794207740039033,0.073116774,0.006827089,33.1448425,"{""init"":""halton"",""popsize"":5,""recombination"":1.0,""strategy"":""best1bin"",""updating"":""immediate""}"
pilot,scipy-best-p5-halton-cr1,scipy,23,1,10,2,2000,2000,2.8868444177533492,,,3.2167357009920599,3.2167357009920599,3.1925684556683551,2.8868444177533492,0.087769613,0.007980509,39.894552,"{""init"":""halton"",""popsize"":5,""recombination"":1.0,""strategy"":""best1bin"",""updating"":""immediate""}"
pilot,scipy-best-p5-halton-cr1,scipy,23,2,5,1,1000,1000,2.2193979356089173,,,3.0905543775274533,2.9548626517708336,2.9548626517708336,2.2193979356089173,0.0363454,0.002357834,33.987566,"{""init"":""halton"",""popsize"":5,""recombination"":1.0,""strategy"":""best1bin"",""updating"":""immediate""}"
pilot,scipy-best-p5-halton-cr1,scipy,23,2,5,2,1000,1000,1.7407654082193063,,,4.6898031032493313,1.7407654082193063,1.7407654082193063,1.7407654082193063,0.036087317,0.002365132,33.722185,"{""init"":""halton"",""popsize"":5,""recombination"":1.0,""strategy"":""best1bin"",""updating"":""immediate""}"
pilot,scipy-best-p5-halton-cr1,scipy,23,2,10,1,2000,2000,3.455646973771751,,,4.0055198196034913,3.7044081219578473,3.455646973771751,3.455646973771751,0.080381172,0.007527621,36.4267755,"{""init"":""halton"",""popsize"":5,""recombination"":1.0,""strategy"":""best1bin"",""updating"":""immediate""}"
pilot,scipy-best-p5-halton-cr1,scipy,23,2,10,2,2000,2000,2.4180586624621001,,,4.3121311501017709,2.4180586624621001,2.4180586624621001,2.4180586624621001,0.073945729,0.006905616,33.5200565,"{""init"":""halton"",""popsize"":5,""recombination"":1.0,""strategy"":""best1bin"",""updating"":""immediate""}"
tune,scipy-best-p2-halton,scipy,1,1,5,1,1000,1000,7.8830879601810011e-09,227,384,0.458803419606852,0.0031451748361916998,3.2480278377988725e-07,7.8830879601810011e-09,0.047666171,0.001912415,45.753756,"{""init"":""halton"",""popsize"":2,""strategy"":""best1bin"",""updating"":""immediate""}"
tune,scipy-best-p2-halton,scipy,1,1,5,2,1000,1000,3.3493563478259603e-10,273,482,0.45924626648188394,0.015564607904622108,7.0567470515925379e-06,3.3493563478259603e-10,0.044886653,0.001856453,43.0302,"{""init"":""halton"",""popsize"":2,""strategy"":""best1bin"",""updating"":""immediate""}"
tune,scipy-best-p2-halton,scipy,1,1,10,1,2000,2000,1.3486256023043097e-07,940,1539,7.1959799701763956,0.11183185610939006,0.0040996130621664406,1.3486256023043097e-07,0.085195589,0.004446734,40.3744275,"{""init"":""halton"",""popsize"":2,""strategy"":""best1bin"",""updating"":""immediate""}"
tune,scipy-best-p2-halton,scipy,1,1,10,2,2000,2000,6.9094753030185529e-08,790,1531,6.6686757616454457,0.27601121804937634,0.0014130518597426089,6.9094753030185529e-08,0.075926262,0.004015665,35.9552985,"{""init"":""halton"",""popsize"":2,""strategy"":""best1bin"",""updating"":""immediate""}"
tune,scipy-best-p2-halton,scipy,6,1,5,1,1000,1000,0.1400978383500231,,,20.290508700710824,4.7340385953153117,1.3762339135004069,0.1400978383500231,0.059568237,0.003140398,56.427839,"{""init"":""halton"",""popsize"":2,""strategy"":""best1bin"",""updating"":""immediate""}"
tune,scipy-best-p2-halton,scipy,6,1,5,2,1000,1000,0.00093459946756269119,517,,21.253212959792684,0.21749013057159772,0.014654329180750381,0.00093459946756269119,0.049925347,0.002559584,47.365763,"{""init"":""halton"",""popsize"":2,""strategy"":""best1bin"",""updating"":""immediate""}"
tune,scipy-best-p2-halton,scipy,6,1,10,1,2000,2000,0.70685009376988006,,,119.79609833101878,40.781594501708661,7.9093073286059905,0.70685009376988006,0.08643812,0.005547719,40.4452005,"{""init"":""halton"",""popsize"":2,""strategy"":""best1bin"",""updating"":""immediate""}"
tune,scipy-best-p2-halton,scipy,6,1,10,2,2000,2000,0.81186995860119993,,,88.210283968457389,47.289593522341683,10.99554954970192,0.81186995860119993,0.078406156,0.004991623,36.7072665,"{""init"":""halton"",""popsize"":2,""strategy"":""best1bin"",""updating"":""immediate""}"
tune,scipy-best-p2-halton,scipy,10,1,5,1,1000,1000,8.7799682067014473,,,11509.987643861863,2154.369960933695,60.472829586383149,8.7799682067014473,0.043312576,0.002666469,40.646107,"{""init"":""halton"",""popsize"":2,""strategy"":""best1bin"",""updating"":""immediate""}"
tune,scipy-best-p2-halton,scipy,10,1,5,2,1000,1000,72.664630017704013,,,17959.30059574233,933.62063233554704,92.030021367018207,72.664630017704013,0.039892836,0.002492579,37.400257,"{""init"":""halton"",""popsize"":2,""strategy"":""best1bin"",""updating"":""immediate""}"
tune,scipy-best-p2-halton,scipy,10,1,10,1,2000,2000,5169.8608421112767,,,67080.942073782237,24661.348855104236,21457.033877217807,5169.8608421112767,0.074400642,0.006545482,33.92758,"{""init"":""halton"",""popsize"":2,""strategy"":""best1bin"",""updating"":""immediate""}"
tune,scipy-best-p2-halton,scipy,10,1,10,2,2000,2000,6765.8415369308177,,,43886.949249292898,30483.702384498352,10784.170509880285,6765.8415369308177,0.08303409,0.007292666,37.870712,"{""init"":""halton"",""popsize"":2,""strategy"":""best1bin"",""updating"":""immediate""}"
tune,scipy-best-p2-halton,scipy,15,1,5,1,1000,1000,7.1055542968242662,,,51.147348100300178,22.04657420692206,22.04657420692206,7.1055542968242662,0.040533163,0.002834387,37.698776,"{""init"":""halton"",""popsize"":2,""strategy"":""best1bin"",""updating"":""immediate""}"
tune,scipy-best-p2-halton,scipy,15,1,5,2,1000,1000,4.0037012359813389,,,30.309153625034696,26.47586637174004,19.271313487094517,4.0037012359813389,0.041967388,0.002857975,39.109413,"{""init"":""halton"",""popsize"":2,""strategy"":""best1bin"",""updating"":""immediate""}"
tune,scipy-best-p2-halton,scipy,15,1,10,1,2000,2000,52.086801590150799,,,95.214501256546782,84.252321344549728,73.174264178057456,52.086801590150799,0.089001591,0.009285336,39.8581275,"{""init"":""halton"",""popsize"":2,""strategy"":""best1bin"",""updating"":""immediate""}"
tune,scipy-best-p2-halton,scipy,15,1,10,2,2000,2000,63.541859569283815,,,119.72304974412032,70.907397984302406,70.907397984302406,63.541859569283815,0.108076679,0.011017668,48.5295055,"{""init"":""halton"",""popsize"":2,""strategy"":""best1bin"",""updating"":""immediate""}"
tune,scipy-best-p2-halton,scipy,20,1,5,1,1000,1000,1.1054450394003652,,,3.3547323698869604,2.1801740569862886,1.1479123215381151,1.1054450394003652,0.084717872,0.005496516,79.221356,"{""init"":""halton"",""popsize"":2,""strategy"":""best1bin"",""updating"":""immediate""}"
tune,scipy-best-p2-halton,scipy,20,1,5,2,1000,1000,1.1449095196378494,,,2.8728530652020936,1.6456337972565507,1.1525135306681022,1.1449095196378494,0.056533171,0.003685015,52.848156,"{""init"":""halton"",""popsize"":2,""strategy"":""best1bin"",""updating"":""immediate""}"
tune,scipy-best-p2-halton,scipy,20,1,10,1,2000,2000,0.91776720349844254,,,3.5707804217681769,3.2903996298028915,2.6106751568630671,0.91776720349844254,0.093864053,0.008577773,42.64314,"{""init"":""halton"",""popsize"":2,""strategy"":""best1bin"",""updating"":""immediate""}"
tune,scipy-best-p2-halton,scipy,20,1,10,2,2000,2000,1.7830069593451299,,,3.7389949137771055,2.9990547631728077,2.2556902452404302,1.7830069593451299,0.116113217,0.010511018,52.8010995,"{""init"":""halton"",""popsize"":2,""strategy"":""best1bin"",""updating"":""immediate""}"
tune,scipy-best-p3-halton,scipy,1,1,5,1,1000,1000,7.6440187513071578e-11,226,571,2.8343036362456218,0.0093492581026879407,6.7335749136532286e-05,7.6440187513071578e-11,0.042342673,0.001817555,40.525118,"{""init"":""halton"",""popsize"":3,""strategy"":""best1bin"",""updating"":""immediate""}"
tune,scipy-best-p3-halton,scipy,1,1,5,2,1000,1000,1.5738521597086219e-10,365,631,2.1527834751134094,0.063958478379845474,0.00085499896597696079,1.5738521597086219e-10,0.048188161,0.002114178,46.073983,"{""init"":""halton"",""popsize"":3,""strategy"":""best1bin"",""updating"":""immediate""}"
tune,scipy-best-p3-halton,scipy,1,1,10,1,2000,2000,3.2607665431783062e-05,1229,,4.9062358052989765,0.75931150934250979,0.033747003612404569,3.2607665431783062e-05,0.079380821,0.004522774,37.4290235,"{""init"":""halton"",""popsize"":3,""strategy"":""best1bin"",""updating"":""immediate""}"
tune,scipy-best-p3-halton,scipy,1,1,10,2,2000,2000,5.8021357219217862e-05,1343,,13.281126238967715,0.78419412501411045,0.1067786342132564,5.8021357219217862e-05,0.078707034,0.004630074,37.03848,"{""init"":""halton"",""popsize"":3,""strategy"":""best1bin"",""updating"":""immediate""}"
tune,scipy-best-p3-halton,scipy,6,1,5,1,1000,1000,0.0049452982210951291,862,,17.859183076642502,2.1860526622474055,0.095954268818374544,0.0049452982210951291,0.111892022,0.006454764,105.437258,"{""init"":""halton"",""popsize"":3,""strategy"":""best1bin"",""updating"":""immediate""}"
tune,scipy-best-p3-halton,scipy,6,1,5,2,1000,1000,0.0079318807835448979,871,,41.189025187078535,6.3043278894704287,0.68866754569505417,0.0079318807835448979,0.05398815,0.002909444,51.078706,"{""init"":""halton"",""popsize"":3,""strategy"":""best1bin"",""updating"":""immediate""}"
tune,scipy-best-p3-halton,scipy,6,1,10,1,2000,2000,2.4393129540923866,,,141.38345105599109,38.46771033156751,16.190450247128105,2.4393129540923866,0.08015932,0.005230811,37.4642545,"{""init"":""halton"",""popsize"":3,""strategy"":""best1bin"",""updating"":""immediate""}"
tune,scipy-best-p3-halton,scipy,6,1,10,2,2000,2000,5.8983797134997502,,,2049.1992383899683,53.679140691078835,23.649995213415806,5.8983797134997502,0.082190646,0.005677314,38.256666,"{""init"":""halton"",""popsize"":3,""strategy"":""best1bin"",""updating"":""immediate""}"
tune,scipy-best-p3-halton,scipy,10,1,5,1,1000,1000,21.523586909586868,,,10382.515520854609,5767.557250330733,202.19973306671551,21.523586909586868,0.052553624,0.003466548,49.087076,"{""init"":""halton"",""popsize"":3,""strategy"":""best1bin"",""updating"":""immediate""}"
tune,scipy-best-p3-halton,scipy,10,1,5,2,1000,1000,125.81335850860751,,,21863.152579540612,7639.4776850577373,2047.439431473872,125.81335850860751,0.04246268,0.00269435,39.76833,"{""init"":""halton"",""popsize"":3,""strategy"":""best1bin"",""updating"":""immediate""}"
tune,scipy-best-p3-halton,scipy,10,1,10,1,2000,2000,18733.660195766115,,,195478.1573694566,35356.992150010032,30053.719046994651,18733.660195766115,0.092218413,0.008078898,42.0697575,"{""init"":""halton"",""popsize"":3,""strategy"":""best1bin"",""updating"":""immediate""}"
tune,scipy-best-p3-halton,scipy,10,1,10,2,2000,2000,11363.511501017103,,,230620.44293201106,72668.920066721359,26162.495813784029,11363.511501017103,0.096661574,0.008511042,44.075266,"{""init"":""halton"",""popsize"":3,""strategy"":""best1bin"",""updating"":""immediate""}"
tune,scipy-best-p3-halton,scipy,15,1,5,1,1000,1000,10.202174261740311,,,75.976557685096168,27.373010353040172,23.301931194990175,10.202174261740311,0.055221063,0.003909214,51.311849,"{""init"":""halton"",""popsize"":3,""strategy"":""best1bin"",""updating"":""immediate""}"
tune,scipy-best-p3-halton,scipy,15,1,5,2,1000,1000,14.315733433707805,,,51.261907199717371,22.881313628880889,22.694519137470479,14.315733433707805,0.054418424,0.003931829,50.486595,"{""init"":""halton"",""popsize"":3,""strategy"":""best1bin"",""updating"":""immediate""}"
tune,scipy-best-p3-halton,scipy,15,1,10,1,2000,2000,65.27654341843413,,,175.69943037425332,89.846420493773621,69.622950866329802,65.27654341843413,0.080456623,0.008220552,36.1180355,"{""init"":""halton"",""popsize"":3,""strategy"":""best1bin"",""updating"":""immediate""}"
tune,scipy-best-p3-halton,scipy,15,1,10,2,2000,2000,57.186273514063259,,,112.59991246467416,72.000239539860559,71.33762287863965,57.186273514063259,0.078931493,0.008107011,35.412241,"{""init"":""halton"",""popsize"":3,""strategy"":""best1bin"",""updating"":""immediate""}"
tune,scipy-best-p3-halton,scipy,20,1,5,1,1000,1000,0.72467069710137366,,,3.7212606640114245,1.8619494855943231,1.6306215847708927,0.72467069710137366,0.042152271,0.00313738,39.014891,"{""init"":""halton"",""popsize"":3,""strategy"":""best1bin"",""updating"":""immediate""}"
tune,scipy-best-p3-halton,scipy,20,1,5,2,1000,1000,1.067066914547695,,,3.108708044042487,2.5372965361891602,1.9955709207938526,1.067066914547695,0.043894056,0.003292274,40.601782,"{""init"":""halton"",""popsize"":3,""strategy"":""best1bin"",""updating"":""immediate""}"
tune,scipy-best-p3-halton,scipy,20,1,10,1,2000,2000,1.7684242458807375,,,2008.1118221891736,3.305758495976761,2.1107504214941173,1.7684242458807375,0.077487282,0.007452231,35.0175255,"{""init"":""halton"",""popsize"":3,""strategy"":""best1bin"",""updating"":""immediate""}"
tune,scipy-best-p3-halton,scipy,20,1,10,2,2000,2000,1.6723179265239878,,,1156.974013005555,3.0802777844752427,2.4034028383865689,1.6723179265239878,0.090293519,0.008488497,40.902511,"{""init"":""halton"",""popsize"":3,""strategy"":""best1bin"",""updating"":""immediate""}"
tune,scipy-best-p2-halton-cr1,scipy,1,1,5,1,1000,1000,0.70706247688234214,,,0.73036497297638903,0.71005663690655751,0.70706247734825922,0.70706247688234214,0.057395544,0.002205631,55.189913,"{""init"":""halton"",""popsize"":2,""recombination"":1.0,""strategy"":""best1bin"",""updating"":""immediate""}"
tune,scipy-best-p2-halton-cr1,scipy,1,1,5,2,1000,390,2.5742705145899976,,,2.6090939668082598,2.5742705160817536,2.5742705145899976,2.5742705145899976,0.018180704,0.000737658,44.725759,"{""init"":""halton"",""popsize"":2,""recombination"":1.0,""strategy"":""best1bin"",""updating"":""immediate""}"
tune,scipy-best-p2-halton-cr1,scipy,1,1,10,1,2000,2000,6.8560333597787633,,,12.334230054198059,6.8827006007844176,6.8569315851757864,6.8560333597787633,0.091528472,0.00448854,43.519966,"{""init"":""halton"",""popsize"":2,""recombination"":1.0,""strategy"":""best1bin"",""updating"":""immediate""}"
tune,scipy-best-p2-halton-cr1,scipy,1,1,10,2,2000,2000,15.849377908735264,,,17.23495655546067,15.863429633911025,15.853837337740075,15.849377908735264,0.099818321,0.004991841,47.41324,"{""init"":""halton"",""popsize"":2,""recombination"":1.0,""strategy"":""best1bin"",""updating"":""immediate""}"
tune,scipy-best-p2-halton-cr1,scipy,6,1,5,1,1000,1000,1.4144776148275895,,,23.245086560018436,1.8577970673145714,1.4144776148678702,1.4144776148275895,0.053218439,0.002513165,50.705274,"{""init"":""halton"",""popsize"":2,""recombination"":1.0,""strategy"":""best1bin"",""updating"":""immediate""}"
tune,scipy-best-p2-halton-cr1,scipy,6,1,5,2,1000,1000,15.749512378560105,,,18.447248369279073,15.749517770166243,15.749512378571076,15.749512378560105,0.051578143,0.002383176,49.194967,"{""init"":""halton"",""popsize"":2,""recombination"":1.0,""strategy"":""best1bin"",""updating"":""immediate""}"
tune,scipy-best-p2-halton-cr1,scipy,6,1,10,1,2000,2000,36.44895263685968,,,64.781093842445273,38.30631987842731,36.448955082014315,36.44895263685968,0.089999583,0.005225951,42.386816,"{""init"":""halton"",""popsize"":2,""recombination"":1.0,""strategy"":""best1bin"",""updating"":""immediate""}"
tune,scipy-best-p2-halton-cr1,scipy,6,1,10,2,2000,2000,49.152935581076328,,,198.3861717982667,50.373878145951615,49.158682323568762,49.152935581076328,0.086093652,0.005125584,40.484034,"{""init"":""halton"",""popsize"":2,""recombination"":1.0,""strategy"":""best1bin"",""updating"":""immediate""}"
tune,scipy-best-p2-halton-cr1,scipy,10,1,5,1,1000,1000,4468.3360023809282,,,4478.8599727819737,4468.3374551300949,4468.3360025715283,4468.3360023809282,0.056857495,0.002984824,53.872671,"{""init"":""halton"",""popsize"":2,""recombination"":1.0,""strategy"":""best1bin"",""updating"":""immediate""}"
tune,scipy-best-p2-halton-cr1,scipy,10,1,5,2,1000,1000,23249.208587060599,,,23252.426385726296,23249.208589079812,23249.208587331785,23249.208587060599,0.0497001,0.002692015,47.008085,"{""init"":""halton"",""popsize"":2,""recombination"":1.0,""strategy"":""best1bin"",""updating"":""immediate""}"
tune,scipy-best-p2-halton-cr1,scipy,10,1,10,1,2000,2000,10345.022432274382,,,23070.518363329229,10410.074188188226,10345.025462613457,10345.022432274382,0.089534645,0.006558343,41.488151,"{""init"":""halton"",""popsize"":2,""recombination"":1.0,""strategy"":""best1bin"",""updating"":""immediate""}"
tune,scipy-best-p2-halton-cr1,scipy,10,1,10,2,2000,2000,6175.3167669266895,,,17216.101149515503,6707.8945817629556,6209.773317632571,6175.3167669266895,0.086860459,0.006536747,40.161856,"{""init"":""halton"",""popsize"":2,""recombination"":1.0,""strategy"":""best1bin"",""updating"":""immediate""}"
tune,scipy-best-p2-halton-cr1,scipy,15,1,5,1,1000,560,53.349191845413316,,,64.644459706685439,53.349341402976052,53.349191845413543,53.349191845413316,0.028100186,0.001637871,47.2541339,"{""init"":""halton"",""popsize"":2,""recombination"":1.0,""strategy"":""best1bin"",""updating"":""immediate""}"
tune,scipy-best-p2-halton-cr1,scipy,15,1,5,2,1000,1000,29.108116724014053,,,30.909914022028488,29.108116747640906,29.108116746882615,29.108116724014053,0.054812646,0.003056116,51.75653,"{""init"":""halton"",""popsize"":2,""recombination"":1.0,""strategy"":""best1bin"",""updating"":""immediate""}"
tune,scipy-best-p2-halton-cr1,scipy,15,1,10,1,2000,2000,102.49377857903596,,,121.32576744601852,102.50221950595301,102.4937785790969,102.49377857903596,0.08447031,0.007549216,38.460547,"{""init"":""halton"",""popsize"":2,""recombination"":1.0,""strategy"":""best1bin"",""updating"":""immediate""}"
tune,scipy-best-p2-halton-cr1,scipy,15,1,10,2,2000,2000,69.243731417919207,,,113.87948659548283,84.213601699618721,84.213598622029394,69.243731417919207,0.094339124,0.007724578,43.307273,"{""init"":""halton"",""popsize"":2,""recombination"":1.0,""strategy"":""best1bin"",""updating"":""immediate""}"
tune,scipy-best-p2-halton-cr1,scipy,20,1,5,1,1000,1000,404.29962389314431,,,422.81783403199336,404.29962505283186,404.29962389367518,404.29962389314431,0.053756748,0.003437704,50.319044,"{""init"":""halton"",""popsize"":2,""recombination"":1.0,""strategy"":""best1bin"",""updating"":""immediate""}"
tune,scipy-best-p2-halton-cr1,scipy,20,1,5,2,1000,500,2.426975601864001,,,2.8433702791288624,2.4271109239865609,2.426975601864001,2.426975601864001,0.030815797,0.00201496,57.601674,"{""init"":""halton"",""popsize"":2,""recombination"":1.0,""strategy"":""best1bin"",""updating"":""immediate""}"
tune,scipy-best-p2-halton-cr1,scipy,20,1,10,1,2000,2000,2.599444585653373,,,60.759346680450619,2.6027456632921258,2.5994446990573579,2.599444585653373,0.100416351,0.008038892,46.1887295,"{""init"":""halton"",""popsize"":2,""recombination"":1.0,""strategy"":""best1bin"",""updating"":""immediate""}"
tune,scipy-best-p2-halton-cr1,scipy,20,1,10,2,2000,2000,2.3554469683449497,,,282.09454010666559,2.6239476712747773,2.3566620854039684,2.3554469683449497,0.086458536,0.007259379,39.5995785,"{""init"":""halton"",""popsize"":2,""recombination"":1.0,""strategy"":""best1bin"",""updating"":""immediate""}"
tune,scipy-best-p3-halton-cr1,scipy,1,1,5,1,1000,1000,0.15975896407731227,,,0.8415840183912735,0.16017742801756185,0.15975897992338162,0.15975896407731227,0.047139771,0.001864761,45.27501,"{""init"":""halton"",""popsize"":3,""recombination"":1.0,""strategy"":""best1bin"",""updating"":""immediate""}"
tune,scipy-best-p3-halton-cr1,scipy,1,1,5,2,1000,795,0.1789951077562506,,,0.24657929832477521,0.17992304899716771,0.17899513553138036,0.1789951077562506,0.033598644,0.001477067,40.4044994,"{""init"":""halton"",""popsize"":3,""recombination"":1.0,""strategy"":""best1bin"",""updating"":""immediate""}"
tune,scipy-best-p3-halton-cr1,scipy,1,1,10,1,2000,2000,2.3232412053663865,,,9.0767301627824395,2.3794973486353825,2.3233159457143415,2.3232412053663865,0.147120741,0.007282882,69.9189295,"{""init"":""halton"",""popsize"":3,""recombination"":1.0,""strategy"":""best1bin"",""updating"":""immediate""}"
tune,scipy-best-p3-halton-cr1,scipy,1,1,10,2,2000,2000,3.6039483809974513,,,5.5292687304585684,4.0876339694734867,3.6209205627377088,3.6039483809974513,0.110564258,0.00592304,52.320609,"{""init"":""halton"",""popsize"":3,""recombination"":1.0,""strategy"":""best1bin"",""updating"":""immediate""}"
tune,scipy-best-p3-halton-cr1,scipy,6,1,5,1,1000,1000,4.4231349689701887,,,6.8608683544474474,4.4723683551891611,4.4231367249711155,4.4231349689701887,0.056843915,0.002766826,54.077089,"{""init"":""halton"",""popsize"":3,""recombination"":1.0,""strategy"":""best1bin"",""updating"":""immediate""}"
tune,scipy-best-p3-halton-cr1,scipy,6,1,5,2,1000,1000,9.9555329662522922,,,12.870590262014019,9.963030619622451,9.9555329672926192,9.9555329662522922,0.046801572,0.002313966,44.487606,"{""init"":""halton"",""popsize"":3,""recombination"":1.0,""strategy"":""best1bin"",""updating"":""immediate""}"
tune,scipy-best-p3-halton-cr1,scipy,6,1,10,1,2000,2000,40.546787750835584,,,137.78920857109438,101.7339373284648,43.132009010635421,40.546787750835584,0.087527392,0.005559583,40.9839045,"{""init"":""halton"",""popsize"":3,""recombination"":1.0,""strategy"":""best1bin"",""updating"":""immediate""}"
tune,scipy-best-p3-halton-cr1,scipy,6,1,10,2,2000,2000,23.135851290561554,,,110.27584203707568,43.331656226884498,23.196924613239084,23.135851290561554,0.078500102,0.004899341,36.8003805,"{""init"":""halton"",""popsize"":3,""recombination"":1.0,""strategy"":""best1bin"",""updating"":""immediate""}"
tune,scipy-best-p3-halton-cr1,scipy,10,1,5,1,1000,1000,24.157484346153922,,,15748.20431719746,153.32108827585415,24.157770304120465,24.157484346153922,0.046508509,0.002633927,43.874582,"{""init"":""halton"",""popsize"":3,""recombination"":1.0,""strategy"":""best1bin"",""updating"":""immediate""}"
tune,scipy-best-p3-halton-cr1,scipy,10,1,5,2,1000,1000,18782.357832657246,,,46094.420617851036,19050.867662892211,18782.436297504566,18782.357832657246,0.08293316,0.005312788,77.620372,"{""init"":""halton"",""popsize"":3,""recombination"":1.0,""strategy"":""best1bin"",""updating"":""immediate""}"
tune,scipy-best-p3-halton-cr1,scipy,10,1,10,1,2000,2000,5367.9675664217211,,,38733.458306365806,11831.679019762692,5406.7261374426162,5367.9675664217211,0.093546098,0.007491714,43.027192,"{""init"":""halton"",""popsize"":3,""recombination"":1.0,""strategy"":""best1bin"",""updating"":""immediate""}"
tune,scipy-best-p3-halton-cr1,scipy,10,1,10,2,2000,2000,330.14274863428335,,,65171.548089801348,1567.8613411223596,330.52714570329744,330.14274863428335,0.08770996,0.006928001,40.3909795,"{""init"":""halton"",""popsize"":3,""recombination"":1.0,""strategy"":""best1bin"",""updating"":""immediate""}"
tune,scipy-best-p3-halton-cr1,scipy,15,1,5,1,1000,1000,23.322163812181316,,,84.88804307622263,54.806144999323351,23.322872525459957,23.322163812181316,0.062206793,0.003878232,58.328561,"{""init"":""halton"",""popsize"":3,""recombination"":1.0,""strategy"":""best1bin"",""updating"":""immediate""}"
tune,scipy-best-p3-halton-cr1,scipy,15,1,5,2,1000,1000,13.669463160929013,,,33.128974329648145,29.294773615980603,13.702466551384532,13.669463160929013,0.092208286,0.005997142,86.211144,"{""init"":""halton"",""popsize"":3,""recombination"":1.0,""strategy"":""best1bin"",""updating"":""immediate""}"
tune,scipy-best-p3-halton-cr1,scipy,15,1,10,1,2000,2000,26.021850259793609,,,139.95383595087878,65.049022022201598,64.862660028960818,26.021850259793609,0.115859722,0.011820281,52.0197205,"{""init"":""halton"",""popsize"":3,""recombination"":1.0,""strategy"":""best1bin"",""updating"":""immediate""}"
tune,scipy-best-p3-halton-cr1,scipy,15,1,10,2,2000,2000,66.468568516160076,,,125.77261680668562,117.98387816166382,73.103598816169324,66.468568516160076,0.084427901,0.008285401,38.07125,"{""init"":""halton"",""popsize"":3,""recombination"":1.0,""strategy"":""best1bin"",""updating"":""immediate""}"
tune,scipy-best-p3-halton-cr1,scipy,20,1,5,1,1000,1000,0.75453420079395528,,,3.0670108119788893,2.1933691855455208,0.75462219377197925,0.75453420079395528,0.076520914,0.005311412,71.209502,"{""init"":""halton"",""popsize"":3,""recombination"":1.0,""strategy"":""best1bin"",""updating"":""immediate""}"
tune,scipy-best-p3-halton-cr1,scipy,20,1,5,2,1000,675,1.9672212636897939,,,2.095392016562414,1.9672501496504537,1.96722126379575,1.9672212636897939,0.036539424,0.002456794,50.4927852,"{""init"":""halton"",""popsize"":3,""recombination"":1.0,""strategy"":""best1bin"",""updating"":""immediate""}"
tune,scipy-best-p3-halton-cr1,scipy,20,1,10,1,2000,2000,1.7046872131219288,,,456.74065434629813,2.927762354663173,1.7598877921784606,1.7046872131219288,0.117892093,0.009929755,53.981169,"{""init"":""halton"",""popsize"":3,""recombination"":1.0,""strategy"":""best1bin"",""updating"":""immediate""}"
tune,scipy-best-p3-halton-cr1,scipy,20,1,10,2,2000,2000,2.1087058248024277,,,2.7574272921342526,2.2674509289079197,2.1087171694520066,2.1087058248024277,0.088222812,0.007687971,40.2674205,"{""init"":""halton"",""popsize"":3,""recombination"":1.0,""strategy"":""best1bin"",""updating"":""immediate""}"
tune,scipy-best-p5-halton-cr1-f35,scipy,1,1,5,1,1000,850,0.013647938054774045,,,0.14115702599509916,0.016443995221862906,0.013647938575289231,0.013647938054774045,0.043516673,0.001711446,49.18262,"{""init"":""halton"",""mutation"":0.35,""popsize"":5,""recombination"":1.0,""strategy"":""best1bin"",""updating"":""immediate""}"
tune,scipy-best-p5-halton-cr1-f35,scipy,1,1,5,2,1000,1000,0.94462570162608017,,,1.8808936333989408,0.9504848463378579,0.94473633244362532,0.94462570162608017,0.052635502,0.002067981,50.567521,"{""init"":""halton"",""mutation"":0.35,""popsize"":5,""recombination"":1.0,""strategy"":""best1bin"",""updating"":""immediate""}"
tune,scipy-best-p5-halton-cr1-f35,scipy,1,1,10,1,2000,2000,5.1818015459089111,,,6.7221976730754847,5.1909434227451214,5.1829993767130702,5.1818015459089111,0.098123732,0.004537221,46.7932555,"{""init"":""halton"",""mutation"":0.35,""popsize"":5,""recombination"":1.0,""strategy"":""best1bin"",""updating"":""immediate""}"
tune,scipy-best-p5-halton-cr1-f35,scipy,1,1,10,2,2000,2000,2.6746954084593426,,,3.5986649792822902,2.6857890464274163,2.6747326326074585,2.6746954084593426,0.113262459,0.005232281,54.015089,"{""init"":""halton"",""mutation"":0.35,""popsize"":5,""recombination"":1.0,""strategy"":""best1bin"",""updating"":""immediate""}"
tune,scipy-best-p5-halton-cr1-f35,scipy,6,1,5,1,1000,1000,40.28144275703881,,,42.187262350032462,40.424473769486163,40.281614643957504,40.28144275703881,0.111610095,0.005715653,105.894442,"{""init"":""halton"",""mutation"":0.35,""popsize"":5,""recombination"":1.0,""strategy"":""best1bin"",""updating"":""immediate""}"
tune,scipy-best-p5-halton-cr1-f35,scipy,6,1,5,2,1000,1000,7.2717972750600026,,,21.200222643905526,8.042264468867657,7.2745423050543678,7.2717972750600026,0.103658945,0.005392439,98.266506,"{""init"":""halton"",""mutation"":0.35,""popsize"":5,""recombination"":1.0,""strategy"":""best1bin"",""updating"":""immediate""}"
tune,scipy-best-p5-halton-cr1-f35,scipy,6,1,10,1,2000,2000,45.565306311898077,,,57.460125611083278,47.314756981613648,45.593045718248398,45.565306311898077,0.197822386,0.01177176,93.025313,"{""init"":""halton"",""mutation"":0.35,""popsize"":5,""recombination"":1.0,""strategy"":""best1bin"",""updating"":""immediate""}"
tune,scipy-best-p5-halton-cr1-f35,scipy,6,1,10,2,2000,2000,19.846701477172836,,,33.019401106747132,22.383425232093579,19.863383710054158,19.846701477172836,0.09428624,0.005384764,44.450738,"{""init"":""halton"",""mutation"":0.35,""popsize"":5,""recombination"":1.0,""strategy"":""best1bin"",""updating"":""immediate""}"
tune,scipy-best-p5-halton-cr1-f35,scipy,10,1,5,1,1000,1000,119.16661655171632,,,539.31051244606499,120.17296641406534,119.16752695454633,119.16661655171632,0.050859544,0.00279838,48.061164,"{""init"":""halton"",""mutation"":0.35,""popsize"":5,""recombination"":1.0,""strategy"":""best1bin"",""updating"":""immediate""}"
tune,scipy-best-p5-halton-cr1-f35,scipy,10,1,5,2,1000,1000,17058.239578731798,,,20125.300622648127,19392.908784692481,17516.336591837942,17058.239578731798,0.052963613,0.003080753,49.88286,"{""init"":""halton"",""mutation"":0.35,""popsize"":5,""recombination"":1.0,""strategy"":""best1bin"",""updating"":""immediate""}"
tune,scipy-best-p5-halton-cr1-f35,scipy,10,1,10,1,2000,2000,21040.07324950059,,,45867.252876983941,25198.855245522343,21040.333883539617,21040.07324950059,0.097945864,0.006952216,45.496824,"{""init"":""halton"",""mutation"":0.35,""popsize"":5,""recombination"":1.0,""strategy"":""best1bin"",""updating"":""immediate""}"
tune,scipy-best-p5-halton-cr1-f35,scipy,10,1,10,2,2000,2000,20453.068416181512,,,50996.457046353673,20732.617742440692,20476.173923438357,20453.068416181512,0.117638803,0.008357995,54.640404,"{""init"":""halton"",""mutation"":0.35,""popsize"":5,""recombination"":1.0,""strategy"":""best1bin"",""updating"":""immediate""}"
tune,scipy-best-p5-halton-cr1-f35,scipy,15,1,5,1,1000,1000,18.946813738434685,,,31.302569146274436,19.009845429588381,18.94734857265189,18.946813738434685,0.055290628,0.003127686,52.162942,"{""init"":""halton"",""mutation"":0.35,""popsize"":5,""recombination"":1.0,""strategy"":""best1bin"",""updating"":""immediate""}"
tune,scipy-best-p5-halton-cr1-f35,scipy,15,1,5,2,1000,1000,35.783561055756309,,,47.801770262983609,36.138157629472289,35.851690276695763,35.783561055756309,0.050625153,0.002960699,47.664454,"{""init"":""halton"",""mutation"":0.35,""popsize"":5,""recombination"":1.0,""strategy"":""best1bin"",""updating"":""immediate""}"
tune,scipy-best-p5-halton-cr1-f35,scipy,15,1,10,1,2000,2000,101.50313262941313,,,117.46047336023207,104.83657124964179,101.51531243269096,101.50313262941313,0.106109031,0.00832072,48.8941555,"{""init"":""halton"",""mutation"":0.35,""popsize"":5,""recombination"":1.0,""strategy"":""best1bin"",""updating"":""immediate""}"
tune,scipy-best-p5-halton-cr1-f35,scipy,15,1,10,2,2000,2000,84.205862877461641,,,152.67640963285839,84.634602394244894,84.208170780409546,84.205862877461641,0.09628488,0.007715322,44.284779,"{""init"":""halton"",""mutation"":0.35,""popsize"":5,""recombination"":1.0,""strategy"":""best1bin"",""updating"":""immediate""}"
tune,scipy-best-p5-halton-cr1-f35,scipy,20,1,5,1,1000,1000,0.95341844446670621,,,1.4184574463935178,0.95790707120204388,0.95352355940360667,0.95341844446670621,0.062777707,0.004029666,58.748041,"{""init"":""halton"",""mutation"":0.35,""popsize"":5,""recombination"":1.0,""strategy"":""best1bin"",""updating"":""immediate""}"
tune,scipy-best-p5-halton-cr1-f35,scipy,20,1,5,2,1000,1000,2.6928452032524319,,,3.1587479577045769,2.7069421087674073,2.6995382260179213,2.6928452032524319,0.056093369,0.003480294,52.613075,"{""init"":""halton"",""mutation"":0.35,""popsize"":5,""recombination"":1.0,""strategy"":""best1bin"",""updating"":""immediate""}"
tune,scipy-best-p5-halton-cr1-f35,scipy,20,1,10,1,2000,2000,2.3813976307020539,,,3.23170265676913,2.381895159334249,2.3814008166585836,2.3813976307020539,0.108923219,0.008263988,50.3296155,"{""init"":""halton"",""mutation"":0.35,""popsize"":5,""recombination"":1.0,""strategy"":""best1bin"",""updating"":""immediate""}"
tune,scipy-best-p5-halton-cr1-f35,scipy,20,1,10,2,2000,2000,2.4781888534502059,,,3.4304328560511976,2.5411716707948244,2.4782449621725391,2.4781888534502059,0.100178271,0.007642329,46.267971,"{""init"":""halton"",""mutation"":0.35,""popsize"":5,""recombination"":1.0,""strategy"":""best1bin"",""updating"":""immediate""}"
tune,scipy-best-p5-halton-cr1-f70,scipy,1,1,5,1,1000,1000,0.0028670440088234272,376,,3.0635068159788403,0.10747939037378273,0.0046844975989728255,0.0028670440088234272,0.042177696,0.00184789,40.329806,"{""init"":""halton"",""mutation"":0.7,""popsize"":5,""recombination"":1.0,""strategy"":""best1bin"",""updating"":""immediate""}"
tune,scipy-best-p5-halton-cr1-f70,scipy,1,1,5,2,1000,1000,0.00077610354688317784,446,,2.557732356721317,0.25917308102955872,0.0022747464730628053,0.00077610354688317784,0.040490872,0.001758031,38.732841,"{""init"":""halton"",""mutation"":0.7,""popsize"":5,""recombination"":1.0,""strategy"":""best1bin"",""updating"":""immediate""}"
tune,scipy-best-p5-halton-cr1-f70,scipy,1,1,10,1,2000,2000,0.019766796309752976,,,10.567820362068105,3.6272222230161475,0.43578361568195589,0.019766796309752976,0.074038154,0.003957629,35.0402625,"{""init"":""halton"",""mutation"":0.7,""popsize"":5,""recombination"":1.0,""strategy"":""best1bin"",""updating"":""immediate""}"
tune,scipy-best-p5-halton-cr1-f70,scipy,1,1,10,2,2000,2000,0.39441580289687295,,,12.820413488530207,1.4113743412197266,0.62156095143619439,0.39441580289687295,0.086538056,0.00452236,41.007848,"{""init"":""halton"",""mutation"":0.7,""popsize"":5,""recombination"":1.0,""strategy"":""best1bin"",""updating"":""immediate""}"
tune,scipy-best-p5-halton-cr1-f70,scipy,6,1,5,1,1000,1000,2.249908746822598,,,38.44514305792061,4.962681276951507,2.7244092955769901,2.249908746822598,0.039003598,0.002047159,36.956439,"{""init"":""halton"",""mutation"":0.7,""popsize"":5,""recombination"":1.0,""strategy"":""best1bin"",""updating"":""immediate""}"
tune,scipy-best-p5-halton-cr1-f70,scipy,6,1,5,2,1000,1000,0.0090016360764764158,982,,33.925535551285428,10.363329268429979,1.0740523063589293,0.0090016360764764158,0.039021429,0.002114259,36.90717,"{""init"":""halton"",""mutation"":0.7,""popsize"":5,""recombination"":1.0,""strategy"":""best1bin"",""updating"":""immediate""}"
tune,scipy-best-p5-halton-cr1-f70,scipy,6,1,10,1,2000,2000,0.9283721396308664,,,148.13237897865341,43.801749487768355,8.6400306779235549,0.9283721396308664,0.08265298,0.005377911,38.6375345,"{""init"":""halton"",""mutation"":0.7,""popsize"":5,""recombination"":1.0,""strategy"":""best1bin"",""updating"":""immediate""}"
tune,scipy-best-p5-halton-cr1-f70,scipy,6,1,10,2,2000,2000,5.2715736301721918,,,74.850126413796431,45.083701784269643,21.044987958341899,5.2715736301721918,0.071745585,0.004731074,33.5072555,"{""init"":""halton"",""mutation"":0.7,""popsize"":5,""recombination"":1.0,""strategy"":""best1bin"",""updating"":""immediate""}"
tune,scipy-best-p5-halton-cr1-f70,scipy,10,1,5,1,1000,1000,0.098074850687424941,,,17253.335481437567,312.08903284294115,0.7765998974371513,0.098074850687424941,0.046679056,0.002889476,43.78958,"{""init"":""halton"",""mutation"":0.7,""popsize"":5,""recombination"":1.0,""strategy"":""best1bin"",""updating"":""immediate""}"
tune,scipy-best-p5-halton-cr1-f70,scipy,10,1,5,2,1000,1000,0.0036859071548320799,806,,58542.171169195048,431.5268107170171,37.821066036595809,0.0036859071548320799,0.044718327,0.002797794,41.920533,"{""init"":""halton"",""mutation"":0.7,""popsize"":5,""recombination"":1.0,""strategy"":""best1bin"",""updating"":""immediate""}"
tune,scipy-best-p5-halton-cr1-f70,scipy,10,1,10,1,2000,2000,780.89320033439367,,,253191.42724033989,131465.95490258696,5786.6807638834143,780.89320033439367,0.080300637,0.006958439,36.671099,"{""init"":""halton"",""mutation"":0.7,""popsize"":5,""recombination"":1.0,""strategy"":""best1bin"",""updating"":""immediate""}"
tune,scipy-best-p5-halton-cr1-f70,scipy,10,1,10,2,2000,2000,1419.1425008628169,,,236496.3333115438,51221.722329807089,9416.6807425777824,1419.1425008628169,0.079246739,0.006803735,36.221502,"{""init"":""halton"",""mutation"":0.7,""popsize"":5,""recombination"":1.0,""strategy"":""best1bin"",""updating"":""immediate""}"
tune,scipy-best-p5-halton-cr1-f70,scipy,15,1,5,1,1000,1000,5.0023100756587837,,,26.235363437091337,5.4430877912318465,5.0881319775802467,5.0023100756587837,0.038826541,0.002614375,36.212166,"{""init"":""halton"",""mutation"":0.7,""popsize"":5,""recombination"":1.0,""strategy"":""best1bin"",""updating"":""immediate""}"
tune,scipy-best-p5-halton-cr1-f70,scipy,15,1,5,2,1000,1000,16.594679280882815,,,35.771623116724186,16.931670372150847,16.931670372150847,16.594679280882815,0.038157531,0.002648081,35.50945,"{""init"":""halton"",""mutation"":0.7,""popsize"":5,""recombination"":1.0,""strategy"":""best1bin"",""updating"":""immediate""}"
tune,scipy-best-p5-halton-cr1-f70,scipy,15,1,10,1,2000,2000,73.702592100078618,,,133.21112026856554,95.863762562427382,78.074265014700359,73.702592100078618,0.081438343,0.008460071,36.489136,"{""init"":""halton"",""mutation"":0.7,""popsize"":5,""recombination"":1.0,""strategy"":""best1bin"",""updating"":""immediate""}"
tune,scipy-best-p5-halton-cr1-f70,scipy,15,1,10,2,2000,2000,86.787083760235646,,,206.6240761719655,117.79418838724519,93.91426962563628,86.787083760235646,0.074023887,0.007769009,33.127439,"{""init"":""halton"",""mutation"":0.7,""popsize"":5,""recombination"":1.0,""strategy"":""best1bin"",""updating"":""immediate""}"
tune,scipy-best-p5-halton-cr1-f70,scipy,20,1,5,1,1000,1000,2.0208267276980223,,,8.2197852654252301,2.4199291654700801,2.0986884766332423,2.0208267276980223,0.03901986,0.002959974,36.059886,"{""init"":""halton"",""mutation"":0.7,""popsize"":5,""recombination"":1.0,""strategy"":""best1bin"",""updating"":""immediate""}"
tune,scipy-best-p5-halton-cr1-f70,scipy,20,1,5,2,1000,1000,0.7111741310573052,,,3.4315417282626868,2.3017205451562859,0.80397235965108393,0.7111741310573052,0.046158436,0.003253994,42.904442,"{""init"":""halton"",""mutation"":0.7,""popsize"":5,""recombination"":1.0,""strategy"":""best1bin"",""updating"":""immediate""}"
tune,scipy-best-p5-halton-cr1-f70,scipy,20,1,10,1,2000,2000,1.5921742294732439,,,687.06872707908803,3.0402422096411783,2.7600125121629162,1.5921742294732439,0.07917455,0.007829805,35.6723725,"{""init"":""halton"",""mutation"":0.7,""popsize"":5,""recombination"":1.0,""strategy"":""best1bin"",""updating"":""immediate""}"
tune,scipy-best-p5-halton-cr1-f70,scipy,20,1,10,2,2000,2000,0.91970061676386194,,,351.44248862273542,3.1424919627569352,2.1211587770281994,0.91970061676386194,0.081348041,0.007653629,36.847206,"{""init"":""halton"",""mutation"":0.7,""popsize"":5,""recombination"":1.0,""strategy"":""best1bin"",""updating"":""immediate""}"
pilot,scipy-best-p2-halton,scipy,1,1,5,1,1000,1000,7.8830879601810011e-09,227,384,0.458803419606852,0.0031451748361916998,3.2480278377988725e-07,7.8830879601810011e-09,0.047379843,0.001892773,45.48707,"{""init"":""halton"",""popsize"":2,""strategy"":""best1bin"",""updating"":""immediate""}"
pilot,scipy-best-p2-halton,scipy,1,1,5,2,1000,1000,3.3493563478259603e-10,273,482,0.45924626648188394,0.015564607904622108,7.0567470515925379e-06,3.3493563478259603e-10,0.045154902,0.001846727,43.308175,"{""init"":""halton"",""popsize"":2,""strategy"":""best1bin"",""updating"":""immediate""}"
pilot,scipy-best-p2-halton,scipy,1,1,10,1,2000,2000,1.3486256023043097e-07,940,1539,7.1959799701763956,0.11183185610939006,0.0040996130621664406,1.3486256023043097e-07,0.077719747,0.004065964,36.8268915,"{""init"":""halton"",""popsize"":2,""strategy"":""best1bin"",""updating"":""immediate""}"
pilot,scipy-best-p2-halton,scipy,1,1,10,2,2000,2000,6.9094753030185529e-08,790,1531,6.6686757616454457,0.27601121804937634,0.0014130518597426089,6.9094753030185529e-08,0.083684759,0.004363958,39.6604005,"{""init"":""halton"",""popsize"":2,""strategy"":""best1bin"",""updating"":""immediate""}"
pilot,scipy-best-p2-halton,scipy,1,2,5,1,1000,960,5.6843418860808015e-14,246,379,0.26033706728179595,0.009952072918849808,1.1193037607881706e-08,5.6843418860808015e-14,0.042840036,0.001766472,42.7849625,"{""init"":""halton"",""popsize"":2,""strategy"":""best1bin"",""updating"":""immediate""}"
pilot,scipy-best-p2-halton,scipy,1,2,5,2,1000,1000,9.5496943686157465e-12,238,456,0.72512999015003743,0.0090279912138839791,2.3774924784447649e-06,9.5496943686157465e-12,0.049515517,0.00201621,47.499307,"{""init"":""halton"",""popsize"":2,""strategy"":""best1bin"",""updating"":""immediate""}"
pilot,scipy-best-p2-halton,scipy,1,2,10,1,2000,2000,4.2178101011813851e-08,823,1452,9.8488147826960244,0.24970565445096327,0.0011825032567003291,4.2178101011813851e-08,0.08169776,0.004066269,38.8157455,"{""init"":""halton"",""popsize"":2,""strategy"":""best1bin"",""updating"":""immediate""}"
pilot,scipy-best-p2-halton,scipy,1,2,10,2,2000,2000,4.8235284566544578e-07,1009,1780,17.110462618971724,0.80566559401916038,0.013694044772876168,4.8235284566544578e-07,0.081641186,0.004082638,38.779274,"{""init"":""halton"",""popsize"":2,""strategy"":""best1bin"",""updating"":""immediate""}"
pilot,scipy-best-p2-halton,scipy,3,1,5,1,1000,1000,4.9747919058269758,,,27.368187906057415,10.76140754607195,5.0632408782953462,4.9747919058269758,0.047850604,0.002853104,44.9975,"{""init"":""halton"",""popsize"":2,""strategy"":""best1bin"",""updating"":""immediate""}"
pilot,scipy-best-p2-halton,scipy,3,1,5,2,1000,1000,2.984896342807474,,,43.393373636816989,26.196181379001246,14.752059110307471,2.984896342807474,0.04829845,0.00310098,45.19747,"{""init"":""halton"",""popsize"":2,""strategy"":""best1bin"",""updating"":""immediate""}"
pilot,scipy-best-p2-halton,scipy,3,1,10,1,2000,2000,14.461069714120583,,,130.85603044703186,95.609732702332053,45.00384013817353,14.461069714120583,0.079420727,0.007537854,35.9414365,"{""init"":""halton"",""popsize"":2,""strategy"":""best1bin"",""updating"":""immediate""}"
pilot,scipy-best-p2-halton,scipy,3,1,10,2,2000,2000,33.512319114231786,,,108.62161500099631,71.466783934009243,54.768515186579748,33.512319114231786,0.097131051,0.008761971,44.18454,"{""init"":""halton"",""popsize"":2,""strategy"":""best1bin"",""updating"":""immediate""}"
pilot,scipy-best-p2-halton,scipy,3,2,5,1,1000,1000,1.989918116956801,,,15.568945356128864,10.964820783599947,2.0508782445396747,1.989918116956801,0.049600123,0.00305072,46.549403,"{""init"":""halton"",""popsize"":2,""strategy"":""best1bin"",""updating"":""immediate""}"
pilot,scipy-best-p2-halton,scipy,3,2,5,2,1000,1000,4.9747902748262476,,,40.836663033499349,7.9637192795724161,5.0466879807624565,4.9747902748262476,0.048066128,0.002888994,45.177134,"{""init"":""halton"",""popsize"":2,""strategy"":""best1bin"",""updating"":""immediate""}"
pilot,scipy-best-p2-halton,scipy,3,2,10,1,2000,2000,5.4608388638952903,,,59.791886464359635,29.181619880130768,20.432408473859908,5.4608388638952903,0.087966648,0.008434679,39.7659845,"{""init"":""halton"",""popsize"":2,""strategy"":""best1bin"",""updating"":""immediate""}"
pilot,scipy-best-p2-halton,scipy,3,2,10,2,2000,2000,37.396685715861054,,,139.49958146923058,72.877400434223318,56.002593187443409,37.396685715861054,0.094495109,0.009378948,42.5580805,"{""init"":""halton"",""popsize"":2,""strategy"":""best1bin"",""updating"":""immediate""}"
pilot,scipy-best-p2-halton,scipy,6,1,5,1,1000,1000,0.1400978383500231,,,20.290508700710824,4.7340385953153117,1.3762339135004069,0.1400978383500231,0.045385051,0.002288166,43.096885,"{""init"":""halton"",""popsize"":2,""strategy"":""best1bin"",""updating"":""immediate""}"
pilot,scipy-best-p2-halton,scipy,6,1,5,2,1000,1000,0.00093459946756269119,517,,21.253212959792684,0.21749013057159772,0.014654329180750381,0.00093459946756269119,0.045832436,0.002320093,43.512343,"{""init"":""halton"",""popsize"":2,""strategy"":""best1bin"",""updating"":""immediate""}"
pilot,scipy-best-p2-halton,scipy,6,1,10,1,2000,2000,0.70685009376988006,,,119.79609833101878,40.781594501708661,7.9093073286059905,0.70685009376988006,0.078045473,0.004899276,36.5730985,"{""init"":""halton"",""popsize"":2,""strategy"":""best1bin"",""updating"":""immediate""}"
pilot,scipy-best-p2-halton,scipy,6,1,10,2,2000,2000,0.81186995860119993,,,88.210283968457389,47.289593522341683,10.99554954970192,0.81186995860119993,0.085032376,0.005303749,39.8643135,"{""init"":""halton"",""popsize"":2,""strategy"":""best1bin"",""updating"":""immediate""}"
pilot,scipy-best-p2-halton,scipy,6,2,5,1,1000,1000,0.0046997149463550159,891,,13.155782905197189,3.9208867431567533,0.28944247730938244,0.0046997149463550159,0.044565181,0.002228541,42.33664,"{""init"":""halton"",""popsize"":2,""strategy"":""best1bin"",""updating"":""immediate""}"
pilot,scipy-best-p2-halton,scipy,6,2,5,2,1000,1000,0.0015495770504685424,868,,49.327163337714708,6.8643052651682588,0.46830098837229883,0.0015495770504685424,0.044427099,0.00221095,42.216149,"{""init"":""halton"",""popsize"":2,""strategy"":""best1bin"",""updating"":""immediate""}"
pilot,scipy-best-p2-halton,scipy,6,2,10,1,2000,2000,0.76488985514450647,,,126.32825456002843,22.898560518720931,6.487950682314473,0.76488985514450647,0.077870706,0.004950496,36.460105,"{""init"":""halton"",""popsize"":2,""strategy"":""best1bin"",""updating"":""immediate""}"
pilot,scipy-best-p2-halton,scipy,6,2,10,2,2000,2000,1.3570603502114444,,,79.417536945904928,29.34548482800496,12.203440675014011,1.3570603502114444,0.084352202,0.005297321,39.5274405,"{""init"":""halton"",""popsize"":2,""strategy"":""best1bin"",""updating"":""immediate""}"
pilot,scipy-best-p2-halton,scipy,8,1,5,1,1000,1000,1.1578411338605861,,,202.38517101495572,3.9101035964116875,1.5111006892687726,1.1578411338605861,0.045761375,0.001847178,43.914197,"{""init"":""halton"",""popsize"":2,""strategy"":""best1bin"",""updating"":""immediate""}"
pilot,scipy-best-p2-halton,scipy,8,1,5,2,1000,1000,0.51557109156848924,,,52.788587756505649,16.078087380230102,1.6101689916363853,0.51557109156848924,0.050032643,0.002163282,47.869361,"{""init"":""halton"",""popsize"":2,""strategy"":""best1bin"",""updating"":""immediate""}"
pilot,scipy-best-p2-halton,scipy,8,1,10,1,2000,2000,3.7770660474831175,,,1199.127402272384,102.70626965545716,7.7438472368113764,3.7770660474831175,0.087132162,0.004479053,41.3265545,"{""init"":""halton"",""popsize"":2,""strategy"":""best1bin"",""updating"":""immediate""}"
pilot,scipy-best-p2-halton,scipy,8,1,10,2,2000,2000,1.6755434095347823,,,717.57637792531159,179.56424001612569,12.201014704045036,1.6755434095347823,0.081563223,0.004260636,38.6512935,"{""init"":""halton"",""popsize"":2,""strategy"":""best1bin"",""updating"":""immediate""}"
pilot,scipy-best-p2-halton,scipy,8,2,5,1,1000,1000,4.2246987956987141,,,26.332132430872207,4.7691266147633087,4.5338072139599035,4.2246987956987141,0.056832272,0.002582064,54.250208,"{""init"":""halton"",""popsize"":2,""strategy"":""best1bin"",""updating"":""immediate""}"
pilot,scipy-best-p2-halton,scipy,8,2,5,2,1000,1000,0.46327154546861493,,,34.599724555892749,1.1505350059262582,0.51647352200188834,0.46327154546861493,0.089017226,0.003829804,85.187422,"{""init"":""halton"",""popsize"":2,""strategy"":""best1bin"",""updating"":""immediate""}"
pilot,scipy-best-p2-halton,scipy,8,2,10,1,2000,2000,0.073848419799105613,,,7155.5536025569627,149.5152125500897,35.499318211120567,0.073848419799105613,0.09563872,0.005064171,45.2872745,"{""init"":""halton"",""popsize"":2,""strategy"":""best1bin"",""updating"":""immediate""}"
pilot,scipy-best-p2-halton,scipy,8,2,10,2,2000,2000,5.441641821678104,,,506.17767785720633,87.693227134642825,7.837385969384286,5.441641821678104,0.120716587,0.006275961,57.220313,"{""init"":""halton"",""popsize"":2,""strategy"":""best1bin"",""updating"":""immediate""}"
pilot,scipy-best-p2-halton,scipy,10,1,5,1,1000,1000,8.7799682067014473,,,11509.987643861863,2154.369960933695,60.472829586383149,8.7799682067014473,0.063891028,0.004038163,59.852865,"{""init"":""halton"",""popsize"":2,""strategy"":""best1bin"",""updating"":""immediate""}"
pilot,scipy-best-p2-halton,scipy,10,1,5,2,1000,1000,72.664630017704013,,,17959.30059574233,933.62063233554704,92.030021367018207,72.664630017704013,0.046210431,0.002783577,43.426854,"{""init"":""halton"",""popsize"":2,""strategy"":""best1bin"",""updating"":""immediate""}"
pilot,scipy-best-p2-halton,scipy,10,1,10,1,2000,2000,5169.8608421112767,,,67080.942073782237,24661.348855104236,21457.033877217807,5169.8608421112767,0.120618914,0.010136465,55.2412245,"{""init"":""halton"",""popsize"":2,""strategy"":""best1bin"",""updating"":""immediate""}"
pilot,scipy-best-p2-halton,scipy,10,1,10,2,2000,2000,6765.8415369308177,,,43886.949249292898,30483.702384498352,10784.170509880285,6765.8415369308177,0.075737725,0.006680338,34.5286935,"{""init"":""halton"",""popsize"":2,""strategy"":""best1bin"",""updating"":""immediate""}"
pilot,scipy-best-p2-halton,scipy,10,2,5,1,1000,1000,75.445646161860225,,,16674.898633494122,3010.442773588763,134.17318779129715,75.445646161860225,0.041941486,0.00256798,39.373506,"{""init"":""halton"",""popsize"":2,""strategy"":""best1bin"",""updating"":""immediate""}"
pilot,scipy-best-p2-halton,scipy,10,2,5,2,1000,1000,10.654256796895957,,,1354.6032930126084,169.11794718186312,19.09494441114439,10.654256796895957,0.046017853,0.00274111,43.276743,"{""init"":""halton"",""popsize"":2,""strategy"":""best1bin"",""updating"":""immediate""}"
pilot,scipy-best-p2-halton,scipy,10,2,10,1,2000,2000,742.05705077489574,,,34625.124785639222,16673.604919169888,7605.4480692355537,742.05705077489574,0.084290966,0.007304407,38.4932795,"{""init"":""halton"",""popsize"":2,""strategy"":""best1bin"",""updating"":""immediate""}"
pilot,scipy-best-p2-halton,scipy,10,2,10,2,2000,2000,2190.4976401514218,,,108349.98290830635,28991.343696476484,6626.1282839878959,2190.4976401514218,0.078467067,0.00702914,35.7189635,"{""init"":""halton"",""popsize"":2,""strategy"":""best1bin"",""updating"":""immediate""}"
pilot,scipy-best-p2-halton,scipy,12,1,5,1,1000,1000,0.60473986767556198,,,296361.55530766258,853.42278214283613,0.60846891979178963,0.60473986767556198,0.05017915,0.002313597,47.865553,"{""init"":""halton"",""popsize"":2,""strategy"":""best1bin"",""updating"":""immediate""}"
pilot,scipy-best-p2-halton,scipy,12,1,5,2,1000,1000,9.8550105837783804,,,881859.34560292633,1195.508786208009,9.9707144899994091,9.8550105837783804,0.046988213,0.002128905,44.859308,"{""init"":""halton"",""popsize"":2,""strategy"":""best1bin"",""updating"":""immediate""}"
pilot,scipy-best-p2-halton,scipy,12,1,10,1,2000,2000,69.734785242225826,,,14225069.295687461,1157927.4221996563,24655.711737997673,69.734785242225826,0.086834164,0.005389564,40.7223,"{""init"":""halton"",""popsize"":2,""strategy"":""best1bin"",""updating"":""immediate""}"
pilot,scipy-best-p2-halton,scipy,12,1,10,2,2000,2000,5.479068058491066,,,6049984.9017194044,253294.24743091653,2785.5546475343344,5.479068058491066,0.08070085,0.004935619,37.8826155,"{""init"":""halton"",""popsize"":2,""strategy"":""best1bin"",""updating"":""immediate""}"
pilot,scipy-best-p2-halton,scipy,12,2,5,1,1000,1000,4.3760492044155797,,,790083.07806877652,4598.7676426513826,4.7747812011493238,4.3760492044155797,0.049518333,0.002210794,47.307539,"{""init"":""halton"",""popsize"":2,""strategy"":""best1bin"",""updating"":""immediate""}"
pilot,scipy-best-p2-halton,scipy,12,2,5,2,1000,1000,1.4178320211419759,,,561272.51618169248,915.69681864172048,13.341609519415982,1.4178320211419759,0.043405465,0.00212303,41.282435,"{""init"":""halton"",""popsize"":2,""strategy"":""best1bin"",""updating"":""immediate""}"
pilot,scipy-best-p2-halton,scipy,12,2,10,1,2000,2000,119.11089342660486,,,12057111.986490849,1893583.0497527258,10471.109360166769,119.11089342660486,0.076955018,0.004846978,36.05402,"{""init"":""halton"",""popsize"":2,""strategy"":""best1bin"",""updating"":""immediate""}"
pilot,scipy-best-p2-halton,scipy,12,2,10,2,2000,2000,3.947431806424504,,,8943862.5013318993,272036.13211284031,5340.0983414688435,3.947431806424504,0.087601746,0.005415085,41.0933305,"{""init"":""halton"",""popsize"":2,""strategy"":""best1bin"",""updating"":""immediate""}"
pilot,scipy-best-p2-halton,scipy,15,1,5,1,1000,1000,7.1055542968242662,,,51.147348100300178,22.04657420692206,22.04657420692206,7.1055542968242662,0.042216875,0.002925671,39.291204,"{""init"":""halton"",""popsize"":2,""strategy"":""best1bin"",""updating"":""immediate""}"
pilot,scipy-best-p2-halton,scipy,15,1,5,2,1000,1000,4.0037012359813389,,,30.309153625034696,26.47586637174004,19.271313487094517,4.0037012359813389,0.04612991,0.003084046,43.045864,"{""init"":""halton"",""popsize"":2,""strategy"":""best1bin"",""updating"":""immediate""}"
pilot,scipy-best-p2-halton,scipy,15,1,10,1,2000,2000,52.086801590150799,,,95.214501256546782,84.252321344549728,73.174264178057456,52.086801590150799,0.07941704,0.008158847,35.6290965,"{""init"":""halton"",""popsize"":2,""strategy"":""best1bin"",""updating"":""immediate""}"
pilot,scipy-best-p2-halton,scipy,15,1,10,2,2000,2000,63.541859569283815,,,119.72304974412032,70.907397984302406,70.907397984302406,63.541859569283815,0.085207237,0.008588619,38.309309,"{""init"":""halton"",""popsize"":2,""strategy"":""best1bin"",""updating"":""immediate""}"
pilot,scipy-best-p2-halton,scipy,15,2,5,1,1000,1000,5.9697596710222598,,,33.468271184325488,13.052066419456992,7.1119725561122777,5.9697596710222598,0.047572082,0.002823394,44.748688,"{""init"":""halton"",""popsize"":2,""strategy"":""best1bin"",""updating"":""immediate""}"
pilot,scipy-best-p2-halton,scipy,15,2,5,2,1000,1000,2.0831155558694405,,,30.392778585986235,20.890863446250648,20.890863446250648,2.0831155558694405,0.045848012,0.00305121,42.796802,"{""init"":""halton"",""popsize"":2,""strategy"":""best1bin"",""updating"":""immediate""}"
pilot,scipy-best-p2-halton,scipy,15,2,10,1,2000,2000,71.476912539686651,,,163.77844652300874,80.082175045897316,80.082175045897316,71.476912539686651,0.078074513,0.007796564,35.1389745,"{""init"":""halton"",""popsize"":2,""strategy"":""best1bin"",""updating"":""immediate""}"
pilot,scipy-best-p2-halton,scipy,15,2,10,2,2000,2000,55.917629119140798,,,123.90341971299145,55.917629119140798,55.917629119140798,55.917629119140798,0.0849931,0.008576617,38.2082415,"{""init"":""halton"",""popsize"":2,""strategy"":""best1bin"",""updating"":""immediate""}"
pilot,scipy-best-p2-halton,scipy,17,1,5,1,1000,1000,0.16029536470379568,,,4.5750316848405461,0.99850384355703703,0.49282536496780693,0.16029536470379568,0.043713553,0.002536006,41.177547,"{""init"":""halton"",""popsize"":2,""strategy"":""best1bin"",""updating"":""immediate""}"
pilot,scipy-best-p2-halton,scipy,17,1,5,2,1000,1000,0.042718958797124174,,,2.0456834397617456,1.3378418662055225,0.52034510024068581,0.042718958797124174,0.0449569,0.002628307,42.328593,"{""init"":""halton"",""popsize"":2,""strategy"":""best1bin"",""updating"":""immediate""}"
pilot,scipy-best-p2-halton,scipy,17,1,10,1,2000,2000,0.088674370256725865,,,5.9966816145499813,2.916329032600693,0.84889911560270193,0.088674370256725865,0.078210614,0.006511513,35.8495505,"{""init"":""halton"",""popsize"":2,""strategy"":""best1bin"",""updating"":""immediate""}"
pilot,scipy-best-p2-halton,scipy,17,1,10,2,2000,2000,0.23049137641868356,,,4.5099184932173699,3.524216057774364,1.0117561430314179,0.23049137641868356,0.086670797,0.007183342,39.7437275,"{""init"":""halton"",""popsize"":2,""strategy"":""best1bin"",""updating"":""immediate""}"
pilot,scipy-best-p2-halton,scipy,17,2,5,1,1000,1000,0.59324998156768771,,,3.0153218563286934,1.0596654956262306,0.59366785717860537,0.59324998156768771,0.045633673,0.002528184,43.105489,"{""init"":""halton"",""popsize"":2,""strategy"":""best1bin"",""updating"":""immediate""}"
pilot,scipy-best-p2-halton,scipy,17,2,5,2,1000,1000,0.46699831759805832,,,3.8157073413333684,2.071605181263223,1.1602371757708418,0.46699831759805832,0.044710741,0.002675721,42.03502,"{""init"":""halton"",""popsize"":2,""strategy"":""best1bin"",""updating"":""immediate""}"
pilot,scipy-best-p2-halton,scipy,17,2,10,1,2000,2000,0.17147210689610048,,,4.5289723315253063,1.8487866136666256,0.74090567886749881,0.17147210689610048,0.077466418,0.006515113,35.4756525,"{""init"":""halton"",""popsize"":2,""strategy"":""best1bin"",""updating"":""immediate""}"
pilot,scipy-best-p2-halton,scipy,17,2,10,2,2000,2000,0.10207626725518537,,,2.6507421838321186,1.4464797738275692,0.52250159225941317,0.10207626725518537,0.088089896,0.007258598,40.415649,"{""init"":""halton"",""popsize"":2,""strategy"":""best1bin"",""updating"":""immediate""}"
pilot,scipy-best-p2-halton,scipy,20,1,5,1,1000,1000,1.1054450394003652,,,3.3547323698869604,2.1801740569862886,1.1479123215381151,1.1054450394003652,0.05613386,0.00349849,52.63537,"{""init"":""halton"",""popsize"":2,""strategy"":""best1bin"",""updating"":""immediate""}"
pilot,scipy-best-p2-halton,scipy,20,1,5,2,1000,1000,1.1449095196378494,,,2.8728530652020936,1.6456337972565507,1.1525135306681022,1.1449095196378494,0.047703195,0.003103017,44.600178,"{""init"":""halton"",""popsize"":2,""strategy"":""best1bin"",""updating"":""immediate""}"
pilot,scipy-best-p2-halton,scipy,20,1,10,1,2000,2000,0.91776720349844254,,,3.5707804217681769,3.2903996298028915,2.6106751568630671,0.91776720349844254,0.078379324,0.007128792,35.625266,"{""init"":""halton"",""popsize"":2,""strategy"":""best1bin"",""updating"":""immediate""}"
pilot,scipy-best-p2-halton,scipy,20,1,10,2,2000,2000,1.7830069593451299,,,3.7389949137771055,2.9990547631728077,2.2556902452404302,1.7830069593451299,0.083811548,0.007845465,37.9830415,"{""init"":""halton"",""popsize"":2,""strategy"":""best1bin"",""updating"":""immediate""}"
pilot,scipy-best-p2-halton,scipy,20,2,5,1,1000,1000,0.4737541130172076,,,2.4240690318221141,0.95447771730971454,0.47417916506390156,0.4737541130172076,0.04749333,0.003070327,44.423003,"{""init"":""halton"",""popsize"":2,""strategy"":""best1bin"",""updating"":""immediate""}"
pilot,scipy-best-p2-halton,scipy,20,2,5,2,1000,1000,0.67115601364525901,,,2.7822379723061204,0.78081684649691852,0.67169391406264367,0.67115601364525901,0.053043136,0.003480058,49.563078,"{""init"":""halton"",""popsize"":2,""strategy"":""best1bin"",""updating"":""immediate""}"
pilot,scipy-best-p2-halton,scipy,20,2,10,1,2000,2000,1.0913251894944551,,,3.7160899816186657,3.0426129644522462,2.2216401810887874,1.0913251894944551,0.078778952,0.007166293,35.8063295,"{""init"":""halton"",""popsize"":2,""strategy"":""best1bin"",""updating"":""immediate""}"
pilot,scipy-best-p2-halton,scipy,20,2,10,2,2000,2000,0.77900786975851588,,,41.208145134004553,2.8176906519075828,1.7752895227599765,0.77900786975851588,0.079276101,0.007250422,36.0128395,"{""init"":""halton"",""popsize"":2,""strategy"":""best1bin"",""updating"":""immediate""}"
pilot,scipy-best-p2-halton,scipy,23,1,5,1,1000,1000,1.859987668398932,,,4.7492264052561017,4.7492264052561017,1.859987668398932,1.859987668398932,0.041654611,0.002629513,39.025098,"{""init"":""halton"",""popsize"":2,""strategy"":""best1bin"",""updating"":""immediate""}"
pilot,scipy-best-p2-halton,scipy,23,1,5,2,1000,1000,2.739090378974347,,,2.988188343456339,2.988188343456339,2.8518462818670356,2.739090378974347,0.044313569,0.002779614,41.533955,"{""init"":""halton"",""popsize"":2,""strategy"":""best1bin"",""updating"":""immediate""}"
pilot,scipy-best-p2-halton,scipy,23,1,10,1,2000,2000,1.953872890480711,,,2.6108637948401894,1.953872890480711,1.953872890480711,1.953872890480711,0.081144345,0.007099894,37.0222255,"{""init"":""halton"",""popsize"":2,""strategy"":""best1bin"",""updating"":""immediate""}"
pilot,scipy-best-p2-halton,scipy,23,1,10,2,2000,2000,2.0463026732470775,,,2.6328013878180636,2.4673427502141161,2.4673427502141161,2.0463026732470775,0.087316251,0.00765179,39.8322305,"{""init"":""halton"",""popsize"":2,""strategy"":""best1bin"",""updating"":""immediate""}"
pilot,scipy-best-p2-halton,scipy,23,2,5,1,1000,1000,2.5659607600335139,,,3.0932267327114289,2.9436336931084535,2.9436336931084535,2.5659607600335139,0.040423215,0.002523211,37.900004,"{""init"":""halton"",""popsize"":2,""strategy"":""best1bin"",""updating"":""immediate""}"
pilot,scipy-best-p2-halton,scipy,23,2,5,2,1000,1000,1.3127464230075505,,,2.4538055458074068,2.4538055458074068,1.7654057719908911,1.3127464230075505,0.044436597,0.002751619,41.684978,"{""init"":""halton"",""popsize"":2,""strategy"":""best1bin"",""updating"":""immediate""}"
pilot,scipy-best-p2-halton,scipy,23,2,10,1,2000,2000,1.2297357561489233,,,5.3110390555732145,4.0487989542933907,3.3923158095188159,1.2297357561489233,0.081149106,0.006968285,37.0904105,"{""init"":""halton"",""popsize"":2,""strategy"":""best1bin"",""updating"":""immediate""}"
pilot,scipy-best-p2-halton,scipy,23,2,10,2,2000,2000,2.6518517225774652,,,4.4611731963794448,2.927043594099402,2.927043594099402,2.6518517225774652,0.088123848,0.007585267,40.2692905,"{""init"":""halton"",""popsize"":2,""strategy"":""best1bin"",""updating"":""immediate""}"
pilot,scipy-best-p3-halton,scipy,1,1,5,1,1000,1000,7.6440187513071578e-11,226,571,2.8343036362456218,0.0093492581026879407,6.7335749136532286e-05,7.6440187513071578e-11,0.041464259,0.001752063,39.712196,"{""init"":""halton"",""popsize"":3,""strategy"":""best1bin"",""updating"":""immediate""}"
pilot,scipy-best-p3-halton,scipy,1,1,5,2,1000,1000,1.5738521597086219e-10,365,631,2.1527834751134094,0.063958478379845474,0.00085499896597696079,1.5738521597086219e-10,0.044291737,0.001826201,42.465536,"{""init"":""halton"",""popsize"":3,""strategy"":""best1bin"",""updating"":""immediate""}"
pilot,scipy-best-p3-halton,scipy,1,1,10,1,2000,2000,3.2607665431783062e-05,1229,,4.9062358052989765,0.75931150934250979,0.033747003612404569,3.2607665431783062e-05,0.084722663,0.004296116,40.2132735,"{""init"":""halton"",""popsize"":3,""strategy"":""best1bin"",""updating"":""immediate""}"
pilot,scipy-best-p3-halton,scipy,1,1,10,2,2000,2000,5.8021357219217862e-05,1343,,13.281126238967715,0.78419412501411045,0.1067786342132564,5.8021357219217862e-05,0.079028461,0.003992744,37.5178585,"{""init"":""halton"",""popsize"":3,""strategy"":""best1bin"",""updating"":""immediate""}"
pilot,scipy-best-p3-halton,scipy,1,2,5,1,1000,1000,2.1594814825220965e-10,278,580,0.83723987563951141,0.024977931635305595,0.00010682901734071493,2.1594814825220965e-10,0.04440555,0.001857141,42.548409,"{""init"":""halton"",""popsize"":3,""strategy"":""best1bin"",""updating"":""immediate""}"
pilot,scipy-best-p3-halton,scipy,1,2,5,2,1000,1000,1.4529746295011137e-09,459,730,5.0785579832444796,0.25264979362651729,0.0038462973124637756,1.4529746295011137e-09,0.044765664,0.001872587,42.893077,"{""init"":""halton"",""popsize"":3,""strategy"":""best1bin"",""updating"":""immediate""}"
pilot,scipy-best-p3-halton,scipy,1,2,10,1,2000,2000,0.00015481919461990401,1073,,9.2172108541729472,0.6581898842292162,0.033144759793174217,0.00015481919461990401,0.078547941,0.003957386,37.2952775,"{""init"":""halton"",""popsize"":3,""strategy"":""best1bin"",""updating"":""immediate""}"
pilot,scipy-best-p3-halton,scipy,1,2,10,2,2000,2000,0.00091394348265794179,1327,,6.9415024529484981,2.3646839568428391,0.14084842758194327,0.00091394348265794179,0.07915951,0.004042087,37.5587115,"{""init"":""halton"",""popsize"":3,""strategy"":""best1bin"",""updating"":""immediate""}"
pilot,scipy-best-p3-halton,scipy,3,1,5,1,1000,1000,1.6205185904694872,,,41.03929067218337,27.168599737026511,17.107500884660851,1.6205185904694872,0.04033536,0.002800349,37.535011,"{""init"":""halton"",""popsize"":3,""strategy"":""best1bin"",""updating"":""immediate""}"
pilot,scipy-best-p3-halton,scipy,3,1,5,2,1000,1000,5.0455390787839178,,,60.244299914183955,20.102345244325875,11.726287719996094,5.0455390787839178,0.038851972,0.00282398,36.027992,"{""init"":""halton"",""popsize"":3,""strategy"":""best1bin"",""updating"":""immediate""}"
pilot,scipy-best-p3-halton,scipy,3,1,10,1,2000,2000,50.917011431067806,,,158.59593283315218,85.850389632417262,53.239783956523183,50.917011431067806,0.086403359,0.008286185,39.058587,"{""init"":""halton"",""popsize"":3,""strategy"":""best1bin"",""updating"":""immediate""}"
pilot,scipy-best-p3-halton,scipy,3,1,10,2,2000,2000,42.037535317070763,,,131.06305078888897,79.721018208660837,59.388834293208276,42.037535317070763,0.079773755,0.007824378,35.9746885,"{""init"":""halton"",""popsize"":3,""strategy"":""best1bin"",""updating"":""immediate""}"
pilot,scipy-best-p3-halton,scipy,3,2,5,1,1000,1000,7.8724532070407776,,,37.69007400180044,27.208177187888936,12.321154934461831,7.8724532070407776,0.039434459,0.002718599,36.71586,"{""init"":""halton"",""popsize"":3,""strategy"":""best1bin"",""updating"":""immediate""}"
pilot,scipy-best-p3-halton,scipy,3,2,5,2,1000,1000,1.9955268006958278,,,34.946157464868065,18.264373210926863,7.9750295723631837,1.9955268006958278,0.043533178,0.002934791,40.598387,"{""init"":""halton"",""popsize"":3,""strategy"":""best1bin"",""updating"":""immediate""}"
pilot,scipy-best-p3-halton,scipy,3,2,10,1,2000,2000,33.821393895040217,,,122.83680759760668,79.538763198854696,67.438742501032806,33.821393895040217,0.083280378,0.008317578,37.4814,"{""init"":""halton"",""popsize"":3,""strategy"":""best1bin"",""updating"":""immediate""}"
pilot,scipy-best-p3-halton,scipy,3,2,10,2,2000,2000,29.612371733253184,,,123.9119935248315,80.742769263347981,53.338428622807385,29.612371733253184,0.079027616,0.007862737,35.5824395,"{""init"":""halton"",""popsize"":3,""strategy"":""best1bin"",""updating"":""immediate""}"
pilot,scipy-best-p3-halton,scipy,6,1,5,1,1000,1000,0.0049452982210951291,862,,17.859183076642502,2.1860526622474055,0.095954268818374544,0.0049452982210951291,0.042670013,0.00228943,40.380583,"{""init"":""halton"",""popsize"":3,""strategy"":""best1bin"",""updating"":""immediate""}"
pilot,scipy-best-p3-halton,scipy,6,1,5,2,1000,1000,0.0079318807835448979,871,,41.189025187078535,6.3043278894704287,0.68866754569505417,0.0079318807835448979,0.042087161,0.002234683,39.852478,"{""init"":""halton"",""popsize"":3,""strategy"":""best1bin"",""updating"":""immediate""}"
pilot,scipy-best-p3-halton,scipy,6,1,10,1,2000,2000,2.4393129540923866,,,141.38345105599109,38.46771033156751,16.190450247128105,2.4393129540923866,0.075263582,0.004869347,35.1971175,"{""init"":""halton"",""popsize"":3,""strategy"":""best1bin"",""updating"":""immediate""}"
pilot,scipy-best-p3-halton,scipy,6,1,10,2,2000,2000,5.8983797134997502,,,2049.1992383899683,53.679140691078835,23.649995213415806,5.8983797134997502,0.077327325,0.004972265,36.17753,"{""init"":""halton"",""popsize"":3,""strategy"":""best1bin"",""updating"":""immediate""}"
pilot,scipy-best-p3-halton,scipy,6,2,5,1,1000,1000,0.0046537738051881661,843,,14.570079578247441,4.052446866519066,0.14865630931303642,0.0046537738051881661,0.042480523,0.002298754,40.181769,"{""init"":""halton"",""popsize"":3,""strategy"":""best1bin"",""updating"":""immediate""}"
pilot,scipy-best-p3-halton,scipy,6,2,5,2,1000,1000,0.0080256589789122756,1000,,49.894701904242538,16.450079092891517,1.3718069524336762,0.0080256589789122756,0.04145251,0.002175559,39.276951,"{""init"":""halton"",""popsize"":3,""strategy"":""best1bin"",""updating"":""immediate""}"
pilot,scipy-best-p3-halton,scipy,6,2,10,1,2000,2000,2.7658305940198211,,,163.99051223682875,63.579461112873389,19.652950779188028,2.7658305940198211,0.076812486,0.004954203,35.9291415,"{""init"":""halton"",""popsize"":3,""strategy"":""best1bin"",""updating"":""immediate""}"
pilot,scipy-best-p3-halton,scipy,6,2,10,2,2000,2000,6.2082214527531328,,,98.296460799864462,41.894003036708511,23.253534885282665,6.2082214527531328,0.082824676,0.005296414,38.764131,"{""init"":""halton"",""popsize"":3,""strategy"":""best1bin"",""updating"":""immediate""}"
pilot,scipy-best-p3-halton,scipy,8,1,5,1,1000,1000,1.5799729751846314,,,133.63678640121176,103.41790414999019,3.0243207542100095,1.5799729751846314,0.040224008,0.001786758,38.43725,"{""init"":""halton"",""popsize"":3,""strategy"":""best1bin"",""updating"":""immediate""}"
pilot,scipy-best-p3-halton,scipy,8,1,5,2,1000,1000,3.9340507042141439,,,9.1389775990097348,4.2488285088584234,4.2488285088584234,3.9340507042141439,0.039794242,0.001823681,37.970561,"{""init"":""halton"",""popsize"":3,""strategy"":""best1bin"",""updating"":""immediate""}"
pilot,scipy-best-p3-halton,scipy,8,1,10,1,2000,2000,6.5328895104071876,,,721.81634518618694,148.35272131432563,15.861335462286405,6.5328895104071876,0.076884439,0.003997803,36.443318,"{""init"":""halton"",""popsize"":3,""strategy"":""best1bin"",""updating"":""immediate""}"
pilot,scipy-best-p3-halton,scipy,8,1,10,2,2000,2000,12.091066989520186,,,4678.1870680610327,225.40988485121895,90.211528137510783,12.091066989520186,0.076206044,0.004068741,36.0686515,"{""init"":""halton"",""popsize"":3,""strategy"":""best1bin"",""updating"":""immediate""}"
pilot,scipy-best-p3-halton,scipy,8,2,5,1,1000,1000,1.6907388191502832,,,162.85478464489177,119.02716404350053,6.1290598091038646,1.6907388191502832,0.042195115,0.001793971,40.401144,"{""init"":""halton"",""popsize"":3,""strategy"":""best1bin"",""updating"":""immediate""}"
pilot,scipy-best-p3-halton,scipy,8,2,5,2,1000,1000,0.31856296721343824,,,441.77061944312277,19.334354780397916,1.7693360987722144,0.31856296721343824,0.043871028,0.001954175,41.916853,"{""init"":""halton"",""popsize"":3,""strategy"":""best1bin"",""updating"":""immediate""}"
pilot,scipy-best-p3-halton,scipy,8,2,10,1,2000,2000,7.3560687155857067,,,1098.6706845402009,93.92920097273975,13.365932963400041,7.3560687155857067,0.080271112,0.004164943,38.0530845,"{""init"":""halton"",""popsize"":3,""strategy"":""best1bin"",""updating"":""immediate""}"
pilot,scipy-best-p3-halton,scipy,8,2,10,2,2000,2000,6.1246367070426686,,,3812.2708414256376,146.86386150765702,39.91886864413334,6.1246367070426686,0.136841203,0.007383724,64.7287395,"{""init"":""halton"",""popsize"":3,""strategy"":""best1bin"",""updating"":""immediate""}"
pilot,scipy-best-p3-halton,scipy,10,1,5,1,1000,1000,21.523586909586868,,,10382.515520854609,5767.557250330733,202.19973306671551,21.523586909586868,0.040426184,0.002552858,37.873326,"{""init"":""halton"",""popsize"":3,""strategy"":""best1bin"",""updating"":""immediate""}"
pilot,scipy-best-p3-halton,scipy,10,1,5,2,1000,1000,125.81335850860751,,,21863.152579540612,7639.4776850577373,2047.439431473872,125.81335850860751,0.043155765,0.002699277,40.456488,"{""init"":""halton"",""popsize"":3,""strategy"":""best1bin"",""updating"":""immediate""}"
pilot,scipy-best-p3-halton,scipy,10,1,10,1,2000,2000,18733.660195766115,,,195478.1573694566,35356.992150010032,30053.719046994651,18733.660195766115,0.081707901,0.006994617,37.356642,"{""init"":""halton"",""popsize"":3,""strategy"":""best1bin"",""updating"":""immediate""}"
pilot,scipy-best-p3-halton,scipy,10,1,10,2,2000,2000,11363.511501017103,,,230620.44293201106,72668.920066721359,26162.495813784029,11363.511501017103,0.078202095,0.006699196,35.7514495,"{""init"":""halton"",""popsize"":3,""strategy"":""best1bin"",""updating"":""immediate""}"
pilot,scipy-best-p3-halton,scipy,10,2,5,1,1000,1000,74.625981440967848,,,8142.2694412102146,3211.2494324617533,165.86905663235981,74.625981440967848,0.041788903,0.002892889,38.896014,"{""init"":""halton"",""popsize"":3,""strategy"":""best1bin"",""updating"":""immediate""}"
pilot,scipy-best-p3-halton,scipy,10,2,5,2,1000,1000,30.909466292534965,,,18493.56681321908,8580.0100495579954,719.36044929646619,30.909466292534965,0.054917983,0.003369971,51.548012,"{""init"":""halton"",""popsize"":3,""strategy"":""best1bin"",""updating"":""immediate""}"
pilot,scipy-best-p3-halton,scipy,10,2,10,1,2000,2000,4208.2166673890242,,,191721.31467676669,8048.7760425614197,8048.7760425614197,4208.2166673890242,0.080624096,0.007247055,36.6885205,"{""init"":""halton"",""popsize"":3,""strategy"":""best1bin"",""updating"":""immediate""}"
pilot,scipy-best-p3-halton,scipy,10,2,10,2,2000,2000,1406.5002487132883,,,86509.510379855012,86509.510379855012,32437.321464907171,1406.5002487132883,0.08060715,0.00729488,36.656135,"{""init"":""halton"",""popsize"":3,""strategy"":""best1bin"",""updating"":""immediate""}"
pilot,scipy-best-p3-halton,scipy,12,1,5,1,1000,1000,1.8230967173979025,,,718528.05598835112,7675.8238860236306,45.421530665788737,1.8230967173979025,0.044287192,0.002464701,41.822491,"{""init"":""halton"",""popsize"":3,""strategy"":""best1bin"",""updating"":""immediate""}"
pilot,scipy-best-p3-halton,scipy,12,1,5,2,1000,1000,30.731925426247244,,,717907.11629303067,6914.1954718123498,197.3525256218087,30.731925426247244,0.041607851,0.002080848,39.527003,"{""init"":""halton"",""popsize"":3,""strategy"":""best1bin"",""updating"":""immediate""}"
pilot,scipy-best-p3-halton,scipy,12,1,10,1,2000,2000,18.99600078836886,,,15754183.968630916,1328226.3796391739,51635.349749224857,18.99600078836886,0.086190796,0.00537442,40.408188,"{""init"":""halton"",""popsize"":3,""strategy"":""best1bin"",""updating"":""immediate""}"
pilot,scipy-best-p3-halton,scipy,12,1,10,2,2000,2000,125.35688208533912,,,4738198.8336433247,1814515.0614642585,57962.221762742025,125.35688208533912,0.087214522,0.005559756,40.827383,"{""init"":""halton"",""popsize"":3,""strategy"":""best1bin"",""updating"":""immediate""}"
pilot,scipy-best-p3-halton,scipy,12,2,5,1,1000,1000,0.45872431366640853,,,685272.04705643095,66948.172173730112,416.55975847517783,0.45872431366640853,0.041114885,0.00209669,39.018195,"{""init"":""halton"",""popsize"":3,""strategy"":""best1bin"",""updating"":""immediate""}"
pilot,scipy-best-p3-halton,scipy,12,2,5,2,1000,1000,0.99609737709155866,,,914348.27198047203,23523.088265549432,87.864396767786388,0.99609737709155866,0.041962876,0.002019963,39.942913,"{""init"":""halton"",""popsize"":3,""strategy"":""best1bin"",""updating"":""immediate""}"
pilot,scipy-best-p3-halton,scipy,12,2,10,1,2000,2000,664.07230511772843,,,16086948.489489142,1030270.6978071064,47375.545251547701,664.07230511772843,0.078812341,0.004951896,36.9302225,"{""init"":""halton"",""popsize"":3,""strategy"":""best1bin"",""updating"":""immediate""}"
pilot,scipy-best-p3-halton,scipy,12,2,10,2,2000,2000,148.77768002904594,,,5247157.171764221,788480.1325471648,38140.611604579957,148.77768002904594,0.083890665,0.005338456,39.2761045,"{""init"":""halton"",""popsize"":3,""strategy"":""best1bin"",""updating"":""immediate""}"
pilot,scipy-best-p3-halton,scipy,15,1,5,1,1000,1000,10.202174261740311,,,75.976557685096168,27.373010353040172,23.301931194990175,10.202174261740311,0.039448706,0.002855993,36.592713,"{""init"":""halton"",""popsize"":3,""strategy"":""best1bin"",""updating"":""immediate""}"
pilot,scipy-best-p3-halton,scipy,15,1,5,2,1000,1000,14.315733433707805,,,51.261907199717371,22.881313628880889,22.694519137470479,14.315733433707805,0.039950616,0.002854767,37.095849,"{""init"":""halton"",""popsize"":3,""strategy"":""best1bin"",""updating"":""immediate""}"
pilot,scipy-best-p3-halton,scipy,15,1,10,1,2000,2000,65.27654341843413,,,175.69943037425332,89.846420493773621,69.622950866329802,65.27654341843413,0.079611014,0.008303541,35.6537365,"{""init"":""halton"",""popsize"":3,""strategy"":""best1bin"",""updating"":""immediate""}"
pilot,scipy-best-p3-halton,scipy,15,1,10,2,2000,2000,57.186273514063259,,,112.59991246467416,72.000239539860559,71.33762287863965,57.186273514063259,0.080079675,0.008106599,35.986538,"{""init"":""halton"",""popsize"":3,""strategy"":""best1bin"",""updating"":""immediate""}"
pilot,scipy-best-p3-halton,scipy,15,2,5,1,1000,1000,2.0293551444006255,,,43.392784000780608,14.970026517441838,12.816654285473533,2.0293551444006255,0.043895415,0.003043386,40.852029,"{""init"":""halton"",""popsize"":3,""strategy"":""best1bin"",""updating"":""immediate""}"
pilot,scipy-best-p3-halton,scipy,15,2,5,2,1000,1000,4.2773095112998334,,,27.226076161978909,19.933962756653983,7.311702639383455,4.2773095112998334,0.041295909,0.002914411,38.381498,"{""init"":""halton"",""popsize"":3,""strategy"":""best1bin"",""updating"":""immediate""}"
pilot,scipy-best-p3-halton,scipy,15,2,10,1,2000,2000,62.103055941233293,,,156.12993708621181,99.778706044861195,65.204235890423604,62.103055941233293,0.082401349,0.008192324,37.1045125,"{""init"":""halton"",""popsize"":3,""strategy"":""best1bin"",""updating"":""immediate""}"
pilot,scipy-best-p3-halton,scipy,15,2,10,2,2000,2000,57.551718295406161,,,131.11960440324316,97.888128742182687,67.404506097116752,57.551718295406161,0.089410177,0.008826504,40.2918365,"{""init"":""halton"",""popsize"":3,""strategy"":""best1bin"",""updating"":""immediate""}"
pilot,scipy-best-p3-halton,scipy,17,1,5,1,1000,1000,0.86536819423125166,,,5.9525896743217466,2.4808172007024858,1.7640295552123675,0.86536819423125166,0.042009813,0.002493846,39.515967,"{""init"":""halton"",""popsize"":3,""strategy"":""best1bin"",""updating"":""immediate""}"
pilot,scipy-best-p3-halton,scipy,17,1,5,2,1000,1000,0.037068756810437975,,,3.9222002753305745,2.2508369887196107,0.27081539844575886,0.037068756810437975,0.045808577,0.002768138,43.040439,"{""init"":""halton"",""popsize"":3,""strategy"":""best1bin"",""updating"":""immediate""}"
pilot,scipy-best-p3-halton,scipy,17,1,10,1,2000,2000,0.47031858168519491,,,4.1607372534605123,3.1937454602099322,1.9124824757622889,0.47031858168519491,0.088109158,0.007385408,40.361875,"{""init"":""halton"",""popsize"":3,""strategy"":""best1bin"",""updating"":""immediate""}"
pilot,scipy-best-p3-halton,scipy,17,1,10,2,2000,2000,0.34654805167737734,,,2.526948037877947,1.6540977433360329,0.83370703443954497,0.34654805167737734,0.080011151,0.006762495,36.624328,"{""init"":""halton"",""popsize"":3,""strategy"":""best1bin"",""updating"":""immediate""}"
pilot,scipy-best-p3-halton,scipy,17,2,5,1,1000,1000,0.052143017212245013,,,5.9627838268946221,2.2605178169484823,0.22434236170406763,0.052143017212245013,0.043399741,0.002590946,40.808795,"{""init"":""halton"",""popsize"":3,""strategy"":""best1bin"",""updating"":""immediate""}"
pilot,scipy-best-p3-halton,scipy,17,2,5,2,1000,1000,0.0050640229330483066,772,,0.53467343757459318,0.1458688128953689,0.043362954761754224,0.0050640229330483066,0.043136973,0.002565958,40.571015,"{""init"":""halton"",""popsize"":3,""strategy"":""best1bin"",""updating"":""immediate""}"
pilot,scipy-best-p3-halton,scipy,17,2,10,1,2000,2000,0.37161694498816189,,,6.5020092360646267,3.8970958895867263,2.9816014274597649,0.37161694498816189,0.083412836,0.007068661,38.1720875,"{""init"":""halton"",""popsize"":3,""strategy"":""best1bin"",""updating"":""immediate""}"
pilot,scipy-best-p3-halton,scipy,17,2,10,2,2000,2000,0.49860822721423048,,,6.8760794375387704,1.9664804934416118,1.2187822436934681,0.49860822721423048,0.078633258,0.006653323,35.9899675,"{""init"":""halton"",""popsize"":3,""strategy"":""best1bin"",""updating"":""immediate""}"
pilot,scipy-best-p3-halton,scipy,20,1,5,1,1000,1000,0.72467069710137366,,,3.7212606640114245,1.8619494855943231,1.6306215847708927,0.72467069710137366,0.041559284,0.00305367,38.505614,"{""init"":""halton"",""popsize"":3,""strategy"":""best1bin"",""updating"":""immediate""}"
pilot,scipy-best-p3-halton,scipy,20,1,5,2,1000,1000,1.067066914547695,,,3.108708044042487,2.5372965361891602,1.9955709207938526,1.067066914547695,0.080039767,0.005554595,74.485172,"{""init"":""halton"",""popsize"":3,""strategy"":""best1bin"",""updating"":""immediate""}"
pilot,scipy-best-p3-halton,scipy,20,1,10,1,2000,2000,1.7684242458807375,,,2008.1118221891736,3.305758495976761,2.1107504214941173,1.7684242458807375,0.084458566,0.008274089,38.0922385,"{""init"":""halton"",""popsize"":3,""strategy"":""best1bin"",""updating"":""immediate""}"
pilot,scipy-best-p3-halton,scipy,20,1,10,2,2000,2000,1.6723179265239878,,,1156.974013005555,3.0802777844752427,2.4034028383865689,1.6723179265239878,0.08513365,0.00791001,38.61182,"{""init"":""halton"",""popsize"":3,""strategy"":""best1bin"",""updating"":""immediate""}"
pilot,scipy-best-p3-halton,scipy,20,2,5,1,1000,1000,1.6068371373819446,,,3.2588698858477301,2.6537050031520266,1.6068371373819446,1.6068371373819446,0.039078051,0.003021053,36.056998,"{""init"":""halton"",""popsize"":3,""strategy"":""best1bin"",""updating"":""immediate""}"
pilot,scipy-best-p3-halton,scipy,20,2,5,2,1000,1000,0.47571531102448716,,,3.0031822063026539,1.2280422572654288,1.0715448999043247,0.47571531102448716,0.054133063,0.003904964,50.228099,"{""init"":""halton"",""popsize"":3,""strategy"":""best1bin"",""updating"":""immediate""}"
pilot,scipy-best-p3-halton,scipy,20,2,10,1,2000,2000,1.5115730848676776,,,606.20964950722987,3.1317743224759624,2.4166697443746443,1.5115730848676776,0.083195718,0.00749723,37.849244,"{""init"":""halton"",""popsize"":3,""strategy"":""best1bin"",""updating"":""immediate""}"
pilot,scipy-best-p3-halton,scipy,20,2,10,2,2000,2000,1.9199946867742028,,,2169.702168074753,3.4765392441080394,2.5898360326519878,1.9199946867742028,0.13349673,0.011144079,61.1763255,"{""init"":""halton"",""popsize"":3,""strategy"":""best1bin"",""updating"":""immediate""}"
pilot,scipy-best-p3-halton,scipy,23,1,5,1,1000,1000,2.003097151308828,,,3.1302027859639407,3.1302027859639407,3.1302027859639407,2.003097151308828,0.091749262,0.005991342,85.75792,"{""init"":""halton"",""popsize"":3,""strategy"":""best1bin"",""updating"":""immediate""}"
pilot,scipy-best-p3-halton,scipy,23,1,5,2,1000,1000,2.6438211866186387,,,4.0365960166230943,2.9243996554711638,2.9243996554711638,2.6438211866186387,0.042932544,0.002616207,40.316337,"{""init"":""halton"",""popsize"":3,""strategy"":""best1bin"",""updating"":""immediate""}"
pilot,scipy-best-p3-halton,scipy,23,1,10,1,2000,2000,1.9346442549831897,,,1.9346442549831897,1.9346442549831897,1.9346442549831897,1.9346442549831897,0.138655735,0.011810783,63.422476,"{""init"":""halton"",""popsize"":3,""strategy"":""best1bin"",""updating"":""immediate""}"
pilot,scipy-best-p3-halton,scipy,23,1,10,2,2000,2000,1.4062241538337323,,,2.9002410882294827,2.9002410882294827,2.9002410882294827,1.4062241538337323,0.110872182,0.009719704,50.576239,"{""init"":""halton"",""popsize"":3,""strategy"":""best1bin"",""updating"":""immediate""}"
pilot,scipy-best-p3-halton,scipy,23,2,5,1,1000,1000,2.21146532190809,,,2.4564877965971057,2.21146532190809,2.21146532190809,2.21146532190809,0.048306214,0.003135025,45.171189,"{""init"":""halton"",""popsize"":3,""strategy"":""best1bin"",""updating"":""immediate""}"
pilot,scipy-best-p3-halton,scipy,23,2,5,2,1000,1000,2.1572376590129925,,,3.2604814956726864,3.1177043522931118,2.9649551622098254,2.1572376590129925,0.047481418,0.002999917,44.481501,"{""init"":""halton"",""popsize"":3,""strategy"":""best1bin"",""updating"":""immediate""}"
pilot,scipy-best-p3-halton,scipy,23,2,10,1,2000,2000,2.2511217004263413,,,4.2762170639193675,4.052065146225039,2.9025887704907185,2.2511217004263413,0.098494757,0.008398907,45.047925,"{""init"":""halton"",""popsize"":3,""strategy"":""best1bin"",""updating"":""immediate""}"
pilot,scipy-best-p3-halton,scipy,23,2,10,2,2000,2000,1.6901791117245679,,,3.4492047844537952,3.4492047844537952,2.8181035990517818,1.6901791117245679,0.083764754,0.00723536,38.264697,"{""init"":""halton"",""popsize"":3,""strategy"":""best1bin"",""updating"":""immediate""}"
pilot,scipy-best-p5-halton-cr1-f70,scipy,1,1,5,1,1000,1000,0.0028670440088234272,376,,3.0635068159788403,0.10747939037378273,0.0046844975989728255,0.0028670440088234272,0.045181896,0.001847773,43.334123,"{""init"":""halton"",""mutation"":0.7,""popsize"":5,""recombination"":1.0,""strategy"":""best1bin"",""updating"":""immediate""}"
pilot,scipy-best-p5-halton-cr1-f70,scipy,1,1,5,2,1000,1000,0.00077610354688317784,446,,2.557732356721317,0.25917308102955872,0.0022747464730628053,0.00077610354688317784,0.045519293,0.001895952,43.623341,"{""init"":""halton"",""mutation"":0.7,""popsize"":5,""recombination"":1.0,""strategy"":""best1bin"",""updating"":""immediate""}"
pilot,scipy-best-p5-halton-cr1-f70,scipy,1,1,10,1,2000,2000,0.019766796309752976,,,10.567820362068105,3.6272222230161475,0.43578361568195589,0.019766796309752976,0.089740808,0.004417758,42.661525,"{""init"":""halton"",""mutation"":0.7,""popsize"":5,""recombination"":1.0,""strategy"":""best1bin"",""updating"":""immediate""}"
pilot,scipy-best-p5-halton-cr1-f70,scipy,1,1,10,2,2000,2000,0.39441580289687295,,,12.820413488530207,1.4113743412197266,0.62156095143619439,0.39441580289687295,0.095827017,0.004356141,45.735438,"{""init"":""halton"",""mutation"":0.7,""popsize"":5,""recombination"":1.0,""strategy"":""best1bin"",""updating"":""immediate""}"
pilot,scipy-best-p5-halton-cr1-f70,scipy,1,2,5,1,1000,1000,0.00054906786931496754,411,,3.2199913989301763,0.060240997931316542,0.0019716074407369888,0.00054906786931496754,0.04622502,0.001920427,44.304593,"{""init"":""halton"",""mutation"":0.7,""popsize"":5,""recombination"":1.0,""strategy"":""best1bin"",""updating"":""immediate""}"
pilot,scipy-best-p5-halton-cr1-f70,scipy,1,2,5,2,1000,1000,1.9750388560169085e-06,305,556,1.5877140967731975,0.052170054071098093,4.0084836598452966e-05,1.9750388560169085e-06,0.04213103,0.001798865,40.332165,"{""init"":""halton"",""mutation"":0.7,""popsize"":5,""recombination"":1.0,""strategy"":""best1bin"",""updating"":""immediate""}"
pilot,scipy-best-p5-halton-cr1-f70,scipy,1,2,10,1,2000,2000,0.0096912846297527722,1698,,22.79202549718832,2.2009615408231298,0.030748334981581138,0.0096912846297527722,0.102421948,0.004770699,48.8256245,"{""init"":""halton"",""mutation"":0.7,""popsize"":5,""recombination"":1.0,""strategy"":""best1bin"",""updating"":""immediate""}"
pilot,scipy-best-p5-halton-cr1-f70,scipy,1,2,10,2,2000,2000,0.20590220344678301,,,11.836076280757709,4.1825117174176967,0.84188764687633011,0.20590220344678301,0.084889448,0.004162215,40.3636165,"{""init"":""halton"",""mutation"":0.7,""popsize"":5,""recombination"":1.0,""strategy"":""best1bin"",""updating"":""immediate""}"
pilot,scipy-best-p5-halton-cr1-f70,scipy,3,1,5,1,1000,1000,10.364528439432036,,,40.850794507006242,12.036391137894611,10.379517402091381,10.364528439432036,0.045520208,0.003030512,42.489696,"{""init"":""halton"",""mutation"":0.7,""popsize"":5,""recombination"":1.0,""strategy"":""best1bin"",""updating"":""immediate""}"
pilot,scipy-best-p5-halton-cr1-f70,scipy,3,1,5,2,1000,1000,18.966308817809136,,,37.124859929885076,36.695029528292196,25.399066191222005,18.966308817809136,0.040101137,0.002937,37.164137,"{""init"":""halton"",""mutation"":0.7,""popsize"":5,""recombination"":1.0,""strategy"":""best1bin"",""updating"":""immediate""}"
pilot,scipy-best-p5-halton-cr1-f70,scipy,3,1,10,1,2000,2000,25.901267807682757,,,100.11502510951385,86.974733605047334,45.081108980899899,25.901267807682757,0.077624711,0.007814932,34.9048895,"{""init"":""halton"",""mutation"":0.7,""popsize"":5,""recombination"":1.0,""strategy"":""best1bin"",""updating"":""immediate""}"
pilot,scipy-best-p5-halton-cr1-f70,scipy,3,1,10,2,2000,2000,36.105628461166873,,,115.23604231549319,74.430568724197371,65.802317140237221,36.105628461166873,0.08486886,0.008943397,37.9627315,"{""init"":""halton"",""mutation"":0.7,""popsize"":5,""recombination"":1.0,""strategy"":""best1bin"",""updating"":""immediate""}"
pilot,scipy-best-p5-halton-cr1-f70,scipy,3,2,5,1,1000,1000,3.2547862199966318,,,28.766335371561894,23.356816217659912,12.093616072943036,3.2547862199966318,0.039170264,0.00271035,36.459914,"{""init"":""halton"",""mutation"":0.7,""popsize"":5,""recombination"":1.0,""strategy"":""best1bin"",""updating"":""immediate""}"
pilot,scipy-best-p5-halton-cr1-f70,scipy,3,2,5,2,1000,1000,1.4322399332348823,,,49.91843977044293,23.135793490525828,3.2380392398060707,1.4322399332348823,0.038817549,0.002671466,36.146083,"{""init"":""halton"",""mutation"":0.7,""popsize"":5,""recombination"":1.0,""strategy"":""best1bin"",""updating"":""immediate""}"
pilot,scipy-best-p5-halton-cr1-f70,scipy,3,2,10,1,2000,2000,57.379637366120079,,,152.73726837489002,83.508166101546607,63.653457932490596,57.379637366120079,0.074086675,0.007580866,33.2529045,"{""init"":""halton"",""mutation"":0.7,""popsize"":5,""recombination"":1.0,""strategy"":""best1bin"",""updating"":""immediate""}"
pilot,scipy-best-p5-halton-cr1-f70,scipy,3,2,10,2,2000,2000,54.840936224279375,,,147.27356612473926,69.654605947783551,67.026148620532268,54.840936224279375,0.082568768,0.008327997,37.1203855,"{""init"":""halton"",""mutation"":0.7,""popsize"":5,""recombination"":1.0,""strategy"":""best1bin"",""updating"":""immediate""}"
pilot,scipy-best-p5-halton-cr1-f70,scipy,6,1,5,1,1000,1000,2.249908746822598,,,38.44514305792061,4.962681276951507,2.7244092955769901,2.249908746822598,0.064187626,0.003877147,60.310479,"{""init"":""halton"",""mutation"":0.7,""popsize"":5,""recombination"":1.0,""strategy"":""best1bin"",""updating"":""immediate""}"
pilot,scipy-best-p5-halton-cr1-f70,scipy,6,1,5,2,1000,1000,0.0090016360764764158,982,,33.925535551285428,10.363329268429979,1.0740523063589293,0.0090016360764764158,0.052508644,0.002766725,49.741919,"{""init"":""halton"",""mutation"":0.7,""popsize"":5,""recombination"":1.0,""strategy"":""best1bin"",""updating"":""immediate""}"
pilot,scipy-best-p5-halton-cr1-f70,scipy,6,1,10,1,2000,2000,0.9283721396308664,,,148.13237897865341,43.801749487768355,8.6400306779235549,0.9283721396308664,0.074965656,0.004834929,35.0653635,"{""init"":""halton"",""mutation"":0.7,""popsize"":5,""recombination"":1.0,""strategy"":""best1bin"",""updating"":""immediate""}"
pilot,scipy-best-p5-halton-cr1-f70,scipy,6,1,10,2,2000,2000,5.2715736301721918,,,74.850126413796431,45.083701784269643,21.044987958341899,5.2715736301721918,0.073983665,0.004882574,34.5505455,"{""init"":""halton"",""mutation"":0.7,""popsize"":5,""recombination"":1.0,""strategy"":""best1bin"",""updating"":""immediate""}"
pilot,scipy-best-p5-halton-cr1-f70,scipy,6,2,5,1,1000,1000,0.011857777058370544,,,6.4929288698395418,5.7343948843165968,0.042748959237460582,0.011857777058370544,0.043040082,0.002274722,40.76536,"{""init"":""halton"",""mutation"":0.7,""popsize"":5,""recombination"":1.0,""strategy"":""best1bin"",""updating"":""immediate""}"
pilot,scipy-best-p5-halton-cr1-f70,scipy,6,2,5,2,1000,1000,0.042063072582454453,,,72.196308440877374,12.22243794502317,2.4469776131685883,0.042063072582454453,0.049634875,0.002610199,47.024676,"{""init"":""halton"",""mutation"":0.7,""popsize"":5,""recombination"":1.0,""strategy"":""best1bin"",""updating"":""immediate""}"
pilot,scipy-best-p5-halton-cr1-f70,scipy,6,2,10,1,2000,2000,22.072639247902867,,,358.70738707755982,63.87819467629285,34.449144086084971,22.072639247902867,0.09126244,0.005664083,42.7991785,"{""init"":""halton"",""mutation"":0.7,""popsize"":5,""recombination"":1.0,""strategy"":""best1bin"",""updating"":""immediate""}"
pilot,scipy-best-p5-halton-cr1-f70,scipy,6,2,10,2,2000,2000,12.36319667668111,,,81.276217353901501,43.179649271762443,21.873105827520892,12.36319667668111,0.095716248,0.00596645,44.874899,"{""init"":""halton"",""mutation"":0.7,""popsize"":5,""recombination"":1.0,""strategy"":""best1bin"",""updating"":""immediate""}"
pilot,scipy-best-p5-halton-cr1-f70,scipy,8,1,5,1,1000,1000,0.62457709680941775,,,648.11903413920652,20.663133364072507,3.0659233418870997,0.62457709680941775,0.041512187,0.001755794,39.756393,"{""init"":""halton"",""mutation"":0.7,""popsize"":5,""recombination"":1.0,""strategy"":""best1bin"",""updating"":""immediate""}"
pilot,scipy-best-p5-halton-cr1-f70,scipy,8,1,5,2,1000,1000,5.2909588969336028,,,2519.7169237866292,861.75816640715061,18.438806077943923,5.2909588969336028,0.043124919,0.001837817,41.287102,"{""init"":""halton"",""mutation"":0.7,""popsize"":5,""recombination"":1.0,""strategy"":""best1bin"",""updating"":""immediate""}"
pilot,scipy-best-p5-halton-cr1-f70,scipy,8,1,10,1,2000,2000,13.276324355476333,,,934.63052045654024,268.39841243707815,53.935693071529101,13.276324355476333,0.086151298,0.004341309,40.9049945,"{""init"":""halton"",""mutation"":0.7,""popsize"":5,""recombination"":1.0,""strategy"":""best1bin"",""updating"":""immediate""}"
pilot,scipy-best-p5-halton-cr1-f70,scipy,8,1,10,2,2000,2000,4.6405198157034704,,,2337.8001853490855,462.45785551129848,27.651989844497422,4.6405198157034704,0.140897585,0.007292797,66.802394,"{""init"":""halton"",""mutation"":0.7,""popsize"":5,""recombination"":1.0,""strategy"":""best1bin"",""updating"":""immediate""}"
pilot,scipy-best-p5-halton-cr1-f70,scipy,8,2,5,1,1000,1000,3.9318565534128993,,,278.26943967891316,54.101370905352042,4.2997975657169718,3.9318565534128993,0.041772622,0.001849662,39.92296,"{""init"":""halton"",""mutation"":0.7,""popsize"":5,""recombination"":1.0,""strategy"":""best1bin"",""updating"":""immediate""}"
pilot,scipy-best-p5-halton-cr1-f70,scipy,8,2,5,2,1000,1000,0.61315455466365165,,,1470.9921255235672,21.438563267205154,3.0042048432189858,0.61315455466365165,0.045526738,0.001996293,43.530445,"{""init"":""halton"",""mutation"":0.7,""popsize"":5,""recombination"":1.0,""strategy"":""best1bin"",""updating"":""immediate""}"
pilot,scipy-best-p5-halton-cr1-f70,scipy,8,2,10,1,2000,2000,55.678141338513569,,,2362.1075547275218,166.55269189651585,69.742557704957562,55.678141338513569,0.082555461,0.004189956,39.1827525,"{""init"":""halton"",""mutation"":0.7,""popsize"":5,""recombination"":1.0,""strategy"":""best1bin"",""updating"":""immediate""}"
pilot,scipy-best-p5-halton-cr1-f70,scipy,8,2,10,2,2000,2000,8.2812952768553032,,,2143.8742648728962,406.84315031232018,22.965385402551306,8.2812952768553032,0.079995541,0.004155104,37.9202185,"{""init"":""halton"",""mutation"":0.7,""popsize"":5,""recombination"":1.0,""strategy"":""best1bin"",""updating"":""immediate""}"
pilot,scipy-best-p5-halton-cr1-f70,scipy,10,1,5,1,1000,1000,0.098074850687424941,,,17253.335481437567,312.08903284294115,0.7765998974371513,0.098074850687424941,0.052710352,0.003203394,49.506958,"{""init"":""halton"",""mutation"":0.7,""popsize"":5,""recombination"":1.0,""strategy"":""best1bin"",""updating"":""immediate""}"
pilot,scipy-best-p5-halton-cr1-f70,scipy,10,1,5,2,1000,1000,0.0036859071548320799,806,,58542.171169195048,431.5268107170171,37.821066036595809,0.0036859071548320799,0.071132397,0.004607518,66.524879,"{""init"":""halton"",""mutation"":0.7,""popsize"":5,""recombination"":1.0,""strategy"":""best1bin"",""updating"":""immediate""}"
pilot,scipy-best-p5-halton-cr1-f70,scipy,10,1,10,1,2000,2000,780.89320033439367,,,253191.42724033989,131465.95490258696,5786.6807638834143,780.89320033439367,0.088353235,0.007324199,40.514518,"{""init"":""halton"",""mutation"":0.7,""popsize"":5,""recombination"":1.0,""strategy"":""best1bin"",""updating"":""immediate""}"
pilot,scipy-best-p5-halton-cr1-f70,scipy,10,1,10,2,2000,2000,1419.1425008628169,,,236496.3333115438,51221.722329807089,9416.6807425777824,1419.1425008628169,0.094785746,0.007807272,43.489237,"{""init"":""halton"",""mutation"":0.7,""popsize"":5,""recombination"":1.0,""strategy"":""best1bin"",""updating"":""immediate""}"
pilot,scipy-best-p5-halton-cr1-f70,scipy,10,2,5,1,1000,1000,9.7270236025792656e-05,787,,29372.864980666036,472.60509415539741,4.7451948871041907,9.7270236025792656e-05,0.046742974,0.002859903,43.883071,"{""init"":""halton"",""mutation"":0.7,""popsize"":5,""recombination"":1.0,""strategy"":""best1bin"",""updating"":""immediate""}"
pilot,scipy-best-p5-halton-cr1-f70,scipy,10,2,5,2,1000,1000,106.97926811296338,,,6213.5623143238299,785.67006250469308,253.31641030054755,106.97926811296338,0.046364821,0.002903379,43.461442,"{""init"":""halton"",""mutation"":0.7,""popsize"":5,""recombination"":1.0,""strategy"":""best1bin"",""updating"":""immediate""}"
pilot,scipy-best-p5-halton-cr1-f70,scipy,10,2,10,1,2000,2000,257.99382575525868,,,67654.879147727595,17478.813056677773,2688.4738873405672,257.99382575525868,0.08730503,0.007288785,40.0081225,"{""init"":""halton"",""mutation"":0.7,""popsize"":5,""recombination"":1.0,""strategy"":""best1bin"",""updating"":""immediate""}"
pilot,scipy-best-p5-halton-cr1-f70,scipy,10,2,10,2,2000,2000,1298.8590304378924,,,148832.22698815394,77310.433533597083,3815.1013358638097,1298.8590304378924,0.097747838,0.007830845,44.9584965,"{""init"":""halton"",""mutation"":0.7,""popsize"":5,""recombination"":1.0,""strategy"":""best1bin"",""updating"":""immediate""}"
pilot,scipy-best-p5-halton-cr1-f70,scipy,12,1,5,1,1000,1000,3.0716541932504242,,,714213.0147006216,79044.621006970643,2524.8631964582787,3.0716541932504242,0.044623721,0.002215517,42.408204,"{""init"":""halton"",""mutation"":0.7,""popsize"":5,""recombination"":1.0,""strategy"":""best1bin"",""updating"":""immediate""}"
pilot,scipy-best-p5-halton-cr1-f70,scipy,12,1,5,2,1000,1000,25.891659663165683,,,2530683.8244067892,112285.11644285219,2065.654733685607,25.891659663165683,0.041469764,0.002057337,39.412427,"{""init"":""halton"",""mutation"":0.7,""popsize"":5,""recombination"":1.0,""strategy"":""best1bin"",""updating"":""immediate""}"
pilot,scipy-best-p5-halton-cr1-f70,scipy,12,1,10,1,2000,2000,189320.7325532817,,,18050920.285235412,3928002.0186182377,349929.55945539603,189320.7325532817,0.081789765,0.005143342,38.3232115,"{""init"":""halton"",""mutation"":0.7,""popsize"":5,""recombination"":1.0,""strategy"":""best1bin"",""updating"":""immediate""}"
pilot,scipy-best-p5-halton-cr1-f70,scipy,12,1,10,2,2000,2000,1894.903630563414,,,10464873.949285246,1671337.7372637582,55232.021324331916,1894.903630563414,0.077328051,0.004926049,36.201001,"{""init"":""halton"",""mutation"":0.7,""popsize"":5,""recombination"":1.0,""strategy"":""best1bin"",""updating"":""immediate""}"
pilot,scipy-best-p5-halton-cr1-f70,scipy,12,2,5,1,1000,1000,4.5498177747708155,,,683833.49957345601,130351.49541146605,7577.5268504175292,4.5498177747708155,0.04096791,0.002055571,38.912339,"{""init"":""halton"",""mutation"":0.7,""popsize"":5,""recombination"":1.0,""strategy"":""best1bin"",""updating"":""immediate""}"
pilot,scipy-best-p5-halton-cr1-f70,scipy,12,2,5,2,1000,1000,3.4213685111221537,,,673878.43193363457,19258.184903464557,245.81126959380475,3.4213685111221537,0.038786685,0.001888659,36.898026,"{""init"":""halton"",""mutation"":0.7,""popsize"":5,""recombination"":1.0,""strategy"":""best1bin"",""updating"":""immediate""}"
pilot,scipy-best-p5-halton-cr1-f70,scipy,12,2,10,1,2000,2000,496015.00451855175,,,10790372.712439662,1824391.4715288871,1488878.156817605,496015.00451855175,0.077291265,0.00492862,36.1813225,"{""init"":""halton"",""mutation"":0.7,""popsize"":5,""recombination"":1.0,""strategy"":""best1bin"",""updating"":""immediate""}"
pilot,scipy-best-p5-halton-cr1-f70,scipy,12,2,10,2,2000,2000,302128.27621245006,,,13194532.235530272,1658401.8225770851,849762.33328385605,302128.27621245006,0.082130378,0.005050386,38.539996,"{""init"":""halton"",""mutation"":0.7,""popsize"":5,""recombination"":1.0,""strategy"":""best1bin"",""updating"":""immediate""}"
pilot,scipy-best-p5-halton-cr1-f70,scipy,15,1,5,1,1000,1000,5.0023100756587837,,,26.235363437091337,5.4430877912318465,5.0881319775802467,5.0023100756587837,0.04040898,0.002651013,37.757967,"{""init"":""halton"",""mutation"":0.7,""popsize"":5,""recombination"":1.0,""strategy"":""best1bin"",""updating"":""immediate""}"
pilot,scipy-best-p5-halton-cr1-f70,scipy,15,1,5,2,1000,1000,16.594679280882815,,,35.771623116724186,16.931670372150847,16.931670372150847,16.594679280882815,0.04310239,0.002938168,40.164222,"{""init"":""halton"",""mutation"":0.7,""popsize"":5,""recombination"":1.0,""strategy"":""best1bin"",""updating"":""immediate""}"
pilot,scipy-best-p5-halton-cr1-f70,scipy,15,1,10,1,2000,2000,73.702592100078618,,,133.21112026856554,95.863762562427382,78.074265014700359,73.702592100078618,0.085086567,0.008459315,38.313626,"{""init"":""halton"",""mutation"":0.7,""popsize"":5,""recombination"":1.0,""strategy"":""best1bin"",""updating"":""immediate""}"
pilot,scipy-best-p5-halton-cr1-f70,scipy,15,1,10,2,2000,2000,86.787083760235646,,,206.6240761719655,117.79418838724519,93.91426962563628,86.787083760235646,0.096376242,0.009414018,43.481112,"{""init"":""halton"",""mutation"":0.7,""popsize"":5,""recombination"":1.0,""strategy"":""best1bin"",""updating"":""immediate""}"
pilot,scipy-best-p5-halton-cr1-f70,scipy,15,2,5,1,1000,1000,10.000137565566519,,,50.589057584516212,32.871571640566103,20.396708279082972,10.000137565566519,0.046634976,0.00325197,43.383006,"{""init"":""halton"",""mutation"":0.7,""popsize"":5,""recombination"":1.0,""strategy"":""best1bin"",""updating"":""immediate""}"
pilot,scipy-best-p5-halton-cr1-f70,scipy,15,2,5,2,1000,1000,2.0835008857306008,,,66.697670109654013,66.697670109654013,22.684648797809771,2.0835008857306008,0.041378583,0.002881308,38.497275,"{""init"":""halton"",""mutation"":0.7,""popsize"":5,""recombination"":1.0,""strategy"":""best1bin"",""updating"":""immediate""}"
pilot,scipy-best-p5-halton-cr1-f70,scipy,15,2,10,1,2000,2000,62.806303871595816,,,114.29893060969377,82.949168624603516,65.996227829471707,62.806303871595816,0.080214255,0.007676122,36.2690665,"{""init"":""halton"",""mutation"":0.7,""popsize"":5,""recombination"":1.0,""strategy"":""best1bin"",""updating"":""immediate""}"
pilot,scipy-best-p5-halton-cr1-f70,scipy,15,2,10,2,2000,2000,57.08600677716035,,,154.15582598381616,99.987494116914633,57.08600677716035,57.08600677716035,0.087345092,0.008980855,39.1821185,"{""init"":""halton"",""mutation"":0.7,""popsize"":5,""recombination"":1.0,""strategy"":""best1bin"",""updating"":""immediate""}"
pilot,scipy-best-p5-halton-cr1-f70,scipy,17,1,5,1,1000,1000,0.14912139092804111,,,5.6463147729332857,1.6377610171492289,0.35098470181681307,0.14912139092804111,0.039217056,0.002483496,36.73356,"{""init"":""halton"",""mutation"":0.7,""popsize"":5,""recombination"":1.0,""strategy"":""best1bin"",""updating"":""immediate""}"
pilot,scipy-best-p5-halton-cr1-f70,scipy,17,1,5,2,1000,1000,0.011630074721914241,,,5.1586254901993627,1.491349371001137,0.1135624645800597,0.011630074721914241,0.038752281,0.002412276,36.340005,"{""init"":""halton"",""mutation"":0.7,""popsize"":5,""recombination"":1.0,""strategy"":""best1bin"",""updating"":""immediate""}"
pilot,scipy-best-p5-halton-cr1-f70,scipy,17,1,10,1,2000,2000,0.63237338813643262,,,3.4143482933733758,2.1241860044151579,0.77179473974829094,0.63237338813643262,0.089918531,0.0074998,41.2093655,"{""init"":""halton"",""mutation"":0.7,""popsize"":5,""recombination"":1.0,""strategy"":""best1bin"",""updating"":""immediate""}"
pilot,scipy-best-p5-halton-cr1-f70,scipy,17,1,10,2,2000,2000,0.77425879769436889,,,7.0369446022588846,3.967736054036477,1.7014043262621108,0.77425879769436889,0.083061018,0.007072282,37.994368,"{""init"":""halton"",""mutation"":0.7,""popsize"":5,""recombination"":1.0,""strategy"":""best1bin"",""updating"":""immediate""}"
pilot,scipy-best-p5-halton-cr1-f70,scipy,17,2,5,1,1000,1000,0.030313673873926916,,,3.9227284090331729,0.84242068454533126,0.11731816545864504,0.030313673873926916,0.038918589,0.002396803,36.521786,"{""init"":""halton"",""mutation"":0.7,""popsize"":5,""recombination"":1.0,""strategy"":""best1bin"",""updating"":""immediate""}"
pilot,scipy-best-p5-halton-cr1-f70,scipy,17,2,5,2,1000,1000,0.4175672906372121,,,1.8280700798919121,1.3820495537463486,0.58659316539812423,0.4175672906372121,0.039456001,0.002423885,37.032116,"{""init"":""halton"",""mutation"":0.7,""popsize"":5,""recombination"":1.0,""strategy"":""best1bin"",""updating"":""immediate""}"
pilot,scipy-best-p5-halton-cr1-f70,scipy,17,2,10,1,2000,2000,0.75317346554926345,,,5.3605160777740686,2.1591132041828551,1.1573029644570525,0.75317346554926345,0.075481149,0.006562517,34.459316,"{""init"":""halton"",""mutation"":0.7,""popsize"":5,""recombination"":1.0,""strategy"":""best1bin"",""updating"":""immediate""}"
pilot,scipy-best-p5-halton-cr1-f70,scipy,17,2,10,2,2000,2000,0.64260872178076767,,,6.4683372867055873,3.8100495615246679,1.3376217980164604,0.64260872178076767,0.084043083,0.007132271,38.455406,"{""init"":""halton"",""mutation"":0.7,""popsize"":5,""recombination"":1.0,""strategy"":""best1bin"",""updating"":""immediate""}"
pilot,scipy-best-p5-halton-cr1-f70,scipy,20,1,5,1,1000,1000,2.0208267276980223,,,8.2197852654252301,2.4199291654700801,2.0986884766332423,2.0208267276980223,0.041589397,0.003000799,38.588598,"{""init"":""halton"",""mutation"":0.7,""popsize"":5,""recombination"":1.0,""strategy"":""best1bin"",""updating"":""immediate""}"
pilot,scipy-best-p5-halton-cr1-f70,scipy,20,1,5,2,1000,1000,0.7111741310573052,,,3.4315417282626868,2.3017205451562859,0.80397235965108393,0.7111741310573052,0.041598414,0.002953034,38.64538,"{""init"":""halton"",""mutation"":0.7,""popsize"":5,""recombination"":1.0,""strategy"":""best1bin"",""updating"":""immediate""}"
pilot,scipy-best-p5-halton-cr1-f70,scipy,20,1,10,1,2000,2000,1.5921742294732439,,,687.06872707908803,3.0402422096411783,2.7600125121629162,1.5921742294732439,0.102454458,0.009106703,46.6738775,"{""init"":""halton"",""mutation"":0.7,""popsize"":5,""recombination"":1.0,""strategy"":""best1bin"",""updating"":""immediate""}"
pilot,scipy-best-p5-halton-cr1-f70,scipy,20,1,10,2,2000,2000,0.91970061676386194,,,351.44248862273542,3.1424919627569352,2.1211587770281994,0.91970061676386194,0.080302735,0.007193616,36.5545595,"{""init"":""halton"",""mutation"":0.7,""popsize"":5,""recombination"":1.0,""strategy"":""best1bin"",""updating"":""immediate""}"
pilot,scipy-best-p5-halton-cr1-f70,scipy,20,2,5,1,1000,1000,1.308864522191584,,,2.9998869104807682,2.1759511971918073,1.319016280056303,1.308864522191584,0.04445113,0.003185099,41.266031,"{""init"":""halton"",""mutation"":0.7,""popsize"":5,""recombination"":1.0,""strategy"":""best1bin"",""updating"":""immediate""}"
pilot,scipy-best-p5-halton-cr1-f70,scipy,20,2,5,2,1000,1000,1.1800792611403494,,,124.84151038098821,1.8686514017144873,1.5744936470765651,1.1800792611403494,0.044281339,0.003087723,41.193616,"{""init"":""halton"",""mutation"":0.7,""popsize"":5,""recombination"":1.0,""strategy"":""best1bin"",""updating"":""immediate""}"
pilot,scipy-best-p5-halton-cr1-f70,scipy,20,2,10,1,2000,2000,1.4875452307752539,,,668.44704917434865,2.9009552821096349,1.8549725161368542,1.4875452307752539,0.082808888,0.00731341,37.747739,"{""init"":""halton"",""mutation"":0.7,""popsize"":5,""recombination"":1.0,""strategy"":""best1bin"",""updating"":""immediate""}"
pilot,scipy-best-p5-halton-cr1-f70,scipy,20,2,10,2,2000,2000,2.1427587769929914,,,2678.4497705051244,8.7047563630243303,2.9956217917200547,2.1427587769929914,0.078499897,0.007328106,35.5858955,"{""init"":""halton"",""mutation"":0.7,""popsize"":5,""recombination"":1.0,""strategy"":""best1bin"",""updating"":""immediate""}"
pilot,scipy-best-p5-halton-cr1-f70,scipy,23,1,5,1,1000,1000,2.8492475153619852,,,3.0617749058290871,3.0617749058290871,3.0289413272518422,2.8492475153619852,0.038235802,0.002492039,35.743763,"{""init"":""halton"",""mutation"":0.7,""popsize"":5,""recombination"":1.0,""strategy"":""best1bin"",""updating"":""immediate""}"
pilot,scipy-best-p5-halton-cr1-f70,scipy,23,1,5,2,1000,1000,2.1945693058716786,,,2.7565545905766102,2.7565545905766102,2.7565545905766102,2.1945693058716786,0.037457056,0.002458423,34.998633,"{""init"":""halton"",""mutation"":0.7,""popsize"":5,""recombination"":1.0,""strategy"":""best1bin"",""updating"":""immediate""}"
pilot,scipy-best-p5-halton-cr1-f70,scipy,23,1,10,1,2000,2000,2.6108637948401894,,,2.6108637948401894,2.6108637948401894,2.6108637948401894,2.6108637948401894,0.078801089,0.006983524,35.9087825,"{""init"":""halton"",""mutation"":0.7,""popsize"":5,""recombination"":1.0,""strategy"":""best1bin"",""updating"":""immediate""}"
pilot,scipy-best-p5-halton-cr1-f70,scipy,23,1,10,2,2000,2000,2.6207330890450153,,,3.2167357009920599,2.6207330890450153,2.6207330890450153,2.6207330890450153,0.078355952,0.00696168,35.697136,"{""init"":""halton"",""mutation"":0.7,""popsize"":5,""recombination"":1.0,""strategy"":""best1bin"",""updating"":""immediate""}"
pilot,scipy-best-p5-halton-cr1-f70,scipy,23,2,5,1,1000,850,1.6910730362601685,,,5.0201477174769895,1.6910730362601685,1.6910730362601685,1.6910730362601685,0.034147931,0.002153,37.6410953,"{""init"":""halton"",""mutation"":0.7,""popsize"":5,""recombination"":1.0,""strategy"":""best1bin"",""updating"":""immediate""}"
pilot,scipy-best-p5-halton-cr1-f70,scipy,23,2,5,2,1000,1000,2.7693726980376732,,,3.0962231245194101,3.0962231245194101,2.7693726980376732,2.7693726980376732,0.040501255,0.002580781,37.920474,"{""init"":""halton"",""mutation"":0.7,""popsize"":5,""recombination"":1.0,""strategy"":""best1bin"",""updating"":""immediate""}"
pilot,scipy-best-p5-halton-cr1-f70,scipy,23,2,10,1,2000,2000,2.196598984612693,,,2.196598984612693,2.196598984612693,2.196598984612693,2.196598984612693,0.078478122,0.006945808,35.766157,"{""init"":""halton"",""mutation"":0.7,""popsize"":5,""recombination"":1.0,""strategy"":""best1bin"",""updating"":""immediate""}"
pilot,scipy-best-p5-halton-cr1-f70,scipy,23,2,10,2,2000,2000,2.8346035509539087,,,3.8119511108606674,3.0302985309775501,3.0035592456909783,2.8346035509539087,0.078279395,0.006919922,35.6797365,"{""init"":""halton"",""mutation"":0.7,""popsize"":5,""recombination"":1.0,""strategy"":""best1bin"",""updating"":""immediate""}"
tune,cma-s10,cma,1,1,5,1,1000,1000,5.5990767577895895e-12,232,514,2.1215095674165525,0.0060192303030675021,5.7500966562429312e-05,5.5990767577895895e-12,0.08557656,0.001462529,84.114031,"{""popsize_mult"":1.0,""sigma_frac"":0.1}"
tune,cma-s10,cma,1,1,5,2,1000,1000,5.6630256040079985e-11,367,647,2.8240484276069537,0.27041353847843652,0.00055683686282748113,5.6630256040079985e-11,0.104424827,0.001818162,102.606665,"{""popsize_mult"":1.0,""sigma_frac"":0.1}"
tune,cma-s10,cma,1,1,10,1,2000,2000,3.2969182939268649e-12,598,944,3.1171517648337073,0.020106120420479101,5.1599157444570665e-06,3.2969182939268649e-12,0.20232588,0.004555178,98.885351,"{""popsize_mult"":1.0,""sigma_frac"":0.1}"
tune,cma-s10,cma,1,1,10,2,2000,2000,1.7905676941154525e-12,583,1054,1.4611223913718874,0.052262812660657687,1.531876498006568e-05,1.7905676941154525e-12,0.209064698,0.003686355,102.689171,"{""popsize_mult"":1.0,""sigma_frac"":0.1}"
tune,cma-s10,cma,6,1,5,1,1000,1000,1.0262384890324938e-05,587,,41.888809422809565,3.705669802845712,0.072481757295882687,1.0262384890324938e-05,0.100640777,0.002097712,98.543065,"{""popsize_mult"":1.0,""sigma_frac"":0.1}"
tune,cma-s10,cma,6,1,5,2,1000,1000,0.00076161274757424735,788,,23.313917257354781,20.4288102242298,0.85733310732371137,0.00076161274757424735,0.118349901,0.002003572,116.346329,"{""popsize_mult"":1.0,""sigma_frac"":0.1}"
tune,cma-s10,cma,6,1,10,1,2000,2000,0.0046734991782884094,1851,,43.945318833656451,23.47041956389284,2.4971870621848851,0.0046734991782884094,0.19854734,0.00477417,96.886585,"{""popsize_mult"":1.0,""sigma_frac"":0.1}"
tune,cma-s10,cma,6,1,10,2,2000,2000,0.0096026447662822534,1999,,51.79407451260662,27.683078928084406,1.3689809356116314,0.0096026447662822534,0.202548031,0.004937741,98.805145,"{""popsize_mult"":1.0,""sigma_frac"":0.1}"
tune,cma-s10,cma,10,1,5,1,1000,1000,2.3611060011785696,,,41134.704215945974,17140.950871821613,354.79518007849202,2.3611060011785696,0.088920095,0.002310866,86.609229,"{""popsize_mult"":1.0,""sigma_frac"":0.1}"
tune,cma-s10,cma,10,1,5,2,1000,1000,24.299390061882093,,,16771.498857284983,1942.1948311595156,1536.9613619809297,24.299390061882093,0.10829157,0.00254002,105.75155,"{""popsize_mult"":1.0,""sigma_frac"":0.1}"
tune,cma-s10,cma,10,1,10,1,2000,2000,10.164810641863426,,,180588.28722040731,14586.146675708211,7611.0129854612769,10.164810641863426,0.211437159,0.006758275,102.339442,"{""popsize_mult"":1.0,""sigma_frac"":0.1}"
tune,cma-s10,cma,10,1,10,2,2000,2000,228.66568394195548,,,16198.354795607062,6771.5709488094253,3485.6141041028809,228.66568394195548,0.192316895,0.00661291,92.8519925,"{""popsize_mult"":1.0,""sigma_frac"":0.1}"
tune,cma-s10,cma,15,1,5,1,1000,1000,23.353041684710774,,,39.542968453159801,27.533742152453215,27.533742152453215,23.353041684710774,0.104040726,0.002494362,101.546364,"{""popsize_mult"":1.0,""sigma_frac"":0.1}"
tune,cma-s10,cma,15,1,5,2,1000,1000,15.328160777467019,,,41.954302388591032,28.424075130739993,16.446704500084707,15.328160777467019,0.094274033,0.002474871,91.799162,"{""popsize_mult"":1.0,""sigma_frac"":0.1}"
tune,cma-s10,cma,15,1,10,1,2000,2000,9.9496603716468144,,,115.54216075917429,69.283003708018896,32.230744270660807,9.9496603716468144,0.178467654,0.006610595,85.9285295,"{""popsize_mult"":1.0,""sigma_frac"":0.1}"
tune,cma-s10,cma,15,1,10,2,2000,2000,10.944544810282082,,,71.110805223625903,58.853981032462571,11.032400682565367,10.944544810282082,0.157611363,0.006438801,75.586281,"{""popsize_mult"":1.0,""sigma_frac"":0.1}"
tune,cma-s10,cma,20,1,5,1,1000,1000,2.092547667534518,,,4.672912025697201,2.2714112913678264,2.1027272746833887,2.092547667534518,0.086076023,0.002585564,83.490459,"{""popsize_mult"":1.0,""sigma_frac"":0.1}"
tune,cma-s10,cma,20,1,5,2,1000,1000,1.5002461047704401,,,2.2081073421031761,2.0214914509288064,1.5006345753154164,1.5002461047704401,0.084407631,0.002526898,81.880733,"{""popsize_mult"":1.0,""sigma_frac"":0.1}"
tune,cma-s10,cma,20,1,10,1,2000,2000,2.1912968148866412,,,164.17577590123733,3.0025138895725831,2.3275495516087403,2.1912968148866412,0.189090977,0.006374059,91.358459,"{""popsize_mult"":1.0,""sigma_frac"":0.1}"
tune,cma-s10,cma,20,1,10,2,2000,2000,1.5989831048698306,,,3.4738642793674899,2.6432045813697869,1.7847477718862592,1.5989831048698306,0.173541453,0.007191229,83.175112,"{""popsize_mult"":1.0,""sigma_frac"":0.1}"
tune,cma-s50,cma,1,1,5,1,1000,1000,8.8817841970012523e-12,291,521,0.31380737031560102,0.060195479379942185,2.9181702586811298e-05,8.8817841970012523e-12,0.103029409,0.001445474,101.583935,"{""popsize_mult"":1.0,""sigma_frac"":0.5}"
tune,cma-s50,cma,1,1,5,2,1000,1000,1.3073986337985843e-11,363,576,3.9623884434005276,0.13502023826012532,0.00017131776986900604,1.3073986337985843e-11,0.095949347,0.001437345,94.512002,"{""popsize_mult"":1.0,""sigma_frac"":0.5}"
tune,cma-s50,cma,1,1,10,1,2000,2000,2.7273472369415686e-10,751,1289,19.073587294252519,0.76949240287252962,0.00033007357265546489,2.7273472369415686e-10,0.224608031,0.003798005,110.405013,"{""popsize_mult"":1.0,""sigma_frac"":0.5}"
tune,cma-s50,cma,1,1,10,2,2000,2000,8.3701934272539802e-12,654,1083,8.1903599689501476,0.064946187346748729,2.1200083963890393e-05,8.3701934272539802e-12,0.187381133,0.003838355,91.771389,"{""popsize_mult"":1.0,""sigma_frac"":0.5}"
tune,cma-s50,cma,6,1,5,1,1000,1000,9.3920448705375748e-05,672,,23.350266476402801,6.1518389772760358,0.30117025526652696,9.3920448705375748e-05,0.104478977,0.001778469,102.700508,"{""popsize_mult"":1.0,""sigma_frac"":0.5}"
tune,cma-s50,cma,6,1,5,2,1000,1000,0.00025803412629699096,833,,39.499426301658055,8.9005991217665112,0.42769098762968127,0.00025803412629699096,0.091603298,0.001750289,89.853009,"{""popsize_mult"":1.0,""sigma_frac"":0.5}"
tune,cma-s50,cma,6,1,10,1,2000,2000,0.0093910798758756187,1966,,134.97594891653267,39.037034064555023,2.8581777043602798,0.0093910798758756187,0.168585466,0.004201434,82.192016,"{""popsize_mult"":1.0,""sigma_frac"":0.5}"
tune,cma-s50,cma,6,1,10,2,2000,2000,0.0080428503644967009,1916,,57.293223440428655,11.488492933153395,1.3051856994087743,0.0080428503644967009,0.199200212,0.00423361,97.483301,"{""popsize_mult"":1.0,""sigma_frac"":0.5}"
tune,cma-s50,cma,10,1,5,1,1000,1000,2.1798931529219345,,,11057.23607817214,110.79822425155844,30.939085292018781,2.1798931529219345,0.111916588,0.002206315,109.710273,"{""popsize_mult"":1.0,""sigma_frac"":0.5}"
tune,cma-s50,cma,10,1,5,2,1000,1000,2.8181699205645856,,,38629.160503304432,8768.1302416723047,256.81430185963666,2.8181699205645856,0.087630091,0.002203122,85.426969,"{""popsize_mult"":1.0,""sigma_frac"":0.5}"
tune,cma-s50,cma,10,1,10,1,2000,2000,231.28007723111656,,,333438.7465296773,20833.264395370203,9847.3088936020722,231.28007723111656,0.236032629,0.006737255,114.647687,"{""popsize_mult"":1.0,""sigma_frac"":0.5}"
tune,cma-s50,cma,10,1,10,2,2000,2000,191.5705762400064,,,152689.70301617205,13006.422656785411,3421.1519697627718,191.5705762400064,0.20823766,0.006001816,101.117922,"{""popsize_mult"":1.0,""sigma_frac"":0.5}"
tune,cma-s50,cma,15,1,5,1,1000,1000,4.9748127693861761,,,46.79518672814811,23.332807260531695,12.224109082897257,4.9748127693861761,0.110073003,0.002398835,107.674168,"{""popsize_mult"":1.0,""sigma_frac"":0.5}"
tune,cma-s50,cma,15,1,5,2,1000,1000,8.3435116801902041,,,31.90548849131028,23.002112048476533,8.4411007810750789,8.3435116801902041,0.127856466,0.002775808,125.080658,"{""popsize_mult"":1.0,""sigma_frac"":0.5}"
tune,cma-s50,cma,15,1,10,1,2000,2000,14.93076759785049,,,77.364367969062414,51.839393915782239,31.916674859380009,14.93076759785049,0.203410851,0.00754715,97.9318505,"{""popsize_mult"":1.0,""sigma_frac"":0.5}"
tune,cma-s50,cma,15,1,10,2,2000,2000,8.9548092680922764,,,95.3159733341638,54.764811970117989,45.570393504953472,8.9548092680922764,0.21462203,0.006713668,103.954181,"{""popsize_mult"":1.0,""sigma_frac"":0.5}"
tune,cma-s50,cma,20,1,5,1,1000,1000,1.9742498730612397,,,32.384023502154719,2.9909229571421747,2.583894319265255,1.9742498730612397,0.104511559,0.002684854,101.826705,"{""popsize_mult"":1.0,""sigma_frac"":0.5}"
tune,cma-s50,cma,20,1,5,2,1000,1000,1.9345254699726411,,,2.9704927661965712,2.1552688694005155,1.9422498176423915,1.9345254699726411,0.092431044,0.002576947,89.854097,"{""popsize_mult"":1.0,""sigma_frac"":0.5}"
tune,cma-s50,cma,20,1,10,1,2000,2000,1.4410160624112223,,,752.80339549625182,3.1658724068156516,1.4434681376648086,1.4410160624112223,0.204711567,0.006469885,99.120841,"{""popsize_mult"":1.0,""sigma_frac"":0.5}"
tune,cma-s50,cma,20,1,10,2,2000,2000,1.7570074643168709,,,4333.979856823652,350.39434908754868,2.1442419996584476,1.7570074643168709,0.235029773,0.007516469,113.756652,"{""popsize_mult"":1.0,""sigma_frac"":0.5}"
tune,modde-lshade-p3,lshade,1,1,5,1,1000,1000,5.553303736860471e-07,344,731,2.8333039963288513,0.25247464690262689,0.0028267062457700831,5.553303736860471e-07,0.046807965,0.001324695,45.48327,"{""bound_correction"":""saturate"",""lambda_per_d"":3}"
tune,modde-lshade-p3,lshade,1,1,5,2,1000,1000,1.0239631365038804e-09,480,724,2.8225573903035439,0.53923378916832121,0.005753360306513855,1.0239631365038804e-09,0.045033076,0.001346538,43.686538,"{""bound_correction"":""saturate"",""lambda_per_d"":3}"
tune,modde-lshade-p3,lshade,1,1,10,1,2000,2000,1.978122507750868e-05,1207,,14.336802012982474,2.4508954236883937,0.071407827295146831,1.978122507750868e-05,0.06554277,0.002927111,31.3078295,"{""bound_correction"":""saturate"",""lambda_per_d"":3}"
tune,modde-lshade-p3,lshade,1,1,10,2,2000,2000,1.764315271657324e-06,1188,1938,14.737729629977281,5.0648485565282613,0.18132888883580733,1.764315271657324e-06,0.073298869,0.003322714,34.9880775,"{""bound_correction"":""saturate"",""lambda_per_d"":3}"
tune,modde-lshade-p3,lshade,6,1,5,1,1000,1000,0.007401690130159011,771,,49.91575569997908,6.6248587836568049,0.41142446279515354,0.007401690130159011,0.045934449,0.001703955,44.230494,"{""bound_correction"":""saturate"",""lambda_per_d"":3}"
tune,modde-lshade-p3,lshade,6,1,5,2,1000,1000,0.68548500021262981,,,46.538375982205487,24.020958510074628,6.4163635794818035,0.68548500021262981,0.052446639,0.001840572,50.606067,"{""bound_correction"":""saturate"",""lambda_per_d"":3}"
tune,modde-lshade-p3,lshade,6,1,10,1,2000,2000,1.0053187554579708,,,92.773265151820254,50.550743410058921,12.406357573509354,1.0053187554579708,0.066544054,0.003622473,31.4607905,"{""bound_correction"":""saturate"",""lambda_per_d"":3}"
tune,modde-lshade-p3,lshade,6,1,10,2,2000,2000,1.3447851805191462,,,217.29346240883314,51.095018329070122,11.605767891580861,1.3447851805191462,0.06742535,0.003655483,31.8849335,"{""bound_correction"":""saturate"",""lambda_per_d"":3}"
tune,modde-lshade-p3,lshade,10,1,5,1,1000,1000,179.08513398142384,,,8541.2896826943997,5031.0683998593449,1174.3127276950488,179.08513398142384,0.051548453,0.002243553,49.3049,"{""bound_correction"":""saturate"",""lambda_per_d"":3}"
tune,modde-lshade-p3,lshade,10,1,5,2,1000,1000,612.04203977468455,,,63318.695856302918,2980.4408457937129,1647.4027890181708,612.04203977468455,0.047061135,0.002026873,45.034262,"{""bound_correction"":""saturate"",""lambda_per_d"":3}"
tune,modde-lshade-p3,lshade,10,1,10,1,2000,2000,58.573827265040741,,,128683.31667087319,20562.985079701302,5616.3169232540504,58.573827265040741,0.074793338,0.005760898,34.51622,"{""bound_correction"":""saturate"",""lambda_per_d"":3}"
tune,modde-lshade-p3,lshade,10,1,10,2,2000,2000,776.25842960131786,,,87082.853839574454,82615.329287365166,26323.894752328328,776.25842960131786,0.071553753,0.005426943,33.063405,"{""bound_correction"":""saturate"",""lambda_per_d"":3}"
tune,modde-lshade-p3,lshade,15,1,5,1,1000,1000,3.8107014847842038,,,42.754726022751356,41.286615906902625,25.125569179938338,3.8107014847842038,0.049206181,0.002534798,46.671383,"{""bound_correction"":""saturate"",""lambda_per_d"":3}"
tune,modde-lshade-p3,lshade,15,1,5,2,1000,1000,1.7834525696840728,,,39.906800543011741,33.818489108509311,13.628110555307558,1.7834525696840728,0.045062523,0.0023744,42.688123,"{""bound_correction"":""saturate"",""lambda_per_d"":3}"
tune,modde-lshade-p3,lshade,15,1,10,1,2000,2000,30.687157227037005,,,165.89175953975837,59.640967706842048,49.447388942414818,30.687157227037005,0.075308628,0.007200476,34.054076,"{""bound_correction"":""saturate"",""lambda_per_d"":3}"
tune,modde-lshade-p3,lshade,15,1,10,2,2000,2000,22.940816043754808,,,152.55164709923088,102.73728529141067,64.253227624893498,22.940816043754808,0.071509735,0.006720389,32.394673,"{""bound_correction"":""saturate"",""lambda_per_d"":3}"
tune,modde-lshade-p3,lshade,20,1,5,1,1000,1000,1.0189879670588198,,,5.8172211342943001,2.5534917062628892,1.8820655029254567,1.0189879670588198,0.043882058,0.002488157,41.393901,"{""bound_correction"":""saturate"",""lambda_per_d"":3}"
tune,modde-lshade-p3,lshade,20,1,5,2,1000,1000,0.6717484695324174,,,45.584702458071092,1.7482742435892078,1.5047080000049391,0.6717484695324174,0.046050605,0.002474704,43.575901,"{""bound_correction"":""saturate"",""lambda_per_d"":3}"
tune,modde-lshade-p3,lshade,20,1,10,1,2000,2000,1.3654000473455881,,,1435.9956852014573,3.6664336787014236,2.5568006106611847,1.3654000473455881,0.074718451,0.006540069,34.089191,"{""bound_correction"":""saturate"",""lambda_per_d"":3}"
tune,modde-lshade-p3,lshade,20,1,10,2,2000,2000,1.3359877298637457,,,2563.598140960356,5.573043984376568,2.3560266893226753,1.3359877298637457,0.067165038,0.005942474,30.611282,"{""bound_correction"":""saturate"",""lambda_per_d"":3}"
tune,modde-lshade-p4,lshade,1,1,5,1,1000,1000,2.2136384814075427e-06,628,948,3.319797063398255,1.1971203518349824,0.077225364451678047,2.2136384814075427e-06,0.039004595,0.001245821,37.758774,"{""bound_correction"":""saturate"",""lambda_per_d"":4}"
tune,modde-lshade-p4,lshade,1,1,5,2,1000,1000,3.3195915989381319e-06,537,914,5.4691832685685284,1.4015393760664381,0.0268196178483322,3.3195915989381319e-06,0.044317842,0.001430462,42.88738,"{""bound_correction"":""saturate"",""lambda_per_d"":4}"
tune,modde-lshade-p4,lshade,1,1,10,1,2000,2000,1.5382358313331679e-05,1461,,11.512798468553129,3.3365436666931743,0.43159523624039764,1.5382358313331679e-05,0.112988339,0.006266303,53.361018,"{""bound_correction"":""saturate"",""lambda_per_d"":4}"
tune,modde-lshade-p4,lshade,1,1,10,2,2000,2000,2.5529688755909774e-05,1460,,11.06096785375226,3.2752179586218801,0.26994702312629215,2.5529688755909774e-05,0.096582941,0.005049305,45.766818,"{""bound_correction"":""saturate"",""lambda_per_d"":4}"
tune,modde-lshade-p4,lshade,6,1,5,1,1000,1000,0.013493903216932779,,,61.340382870217688,32.94972232425372,6.4325930327898178,0.013493903216932779,0.051154421,0.002237064,48.917357,"{""bound_correction"":""saturate"",""lambda_per_d"":4}"
tune,modde-lshade-p4,lshade,6,1,5,2,1000,1000,0.0046368332103412513,864,,41.932799687634123,7.4751417942959435,1.3780884968725786,0.0046368332103412513,0.04389387,0.001749411,42.144459,"{""bound_correction"":""saturate"",""lambda_per_d"":4}"
tune,modde-lshade-p4,lshade,6,1,10,1,2000,2000,0.1157756203769722,,,131.70137486620354,70.673531965784406,23.539124552463115,0.1157756203769722,0.07632378,0.004738007,35.7928865,"{""bound_correction"":""saturate"",""lambda_per_d"":4}"
tune,modde-lshade-p4,lshade,6,1,10,2,2000,2000,0.28717568013342287,,,166.93684445306303,88.627022099933242,28.761294332646095,0.28717568013342287,0.067442254,0.003918352,31.761951,"{""bound_correction"":""saturate"",""lambda_per_d"":4}"
tune,modde-lshade-p4,lshade,10,1,5,1,1000,1000,29.716098634505062,,,27989.579094655644,3943.6382996817479,1409.4376193249684,29.716098634505062,0.045611963,0.002224909,43.387054,"{""bound_correction"":""saturate"",""lambda_per_d"":4}"
tune,modde-lshade-p4,lshade,10,1,5,2,1000,1000,1365.1363289263788,,,68243.04547656537,13646.244336174219,5793.0738325352804,1365.1363289263788,0.046190216,0.002268522,43.921694,"{""bound_correction"":""saturate"",""lambda_per_d"":4}"
tune,modde-lshade-p4,lshade,10,1,10,1,2000,2000,135.22411158662814,,,128683.31667087319,65840.461514239112,11844.597893035556,135.22411158662814,0.066193381,0.005560862,30.3162595,"{""bound_correction"":""saturate"",""lambda_per_d"":4}"
tune,modde-lshade-p4,lshade,10,1,10,2,2000,2000,785.45635864167525,,,39555.592144068629,39555.592144068629,19753.805643871696,785.45635864167525,0.073565743,0.00620421,33.6807665,"{""bound_correction"":""saturate"",""lambda_per_d"":4}"
tune,modde-lshade-p4,lshade,15,1,5,1,1000,1000,4.1879282232755486,,,42.326683077153575,22.90445849757657,22.90445849757657,4.1879282232755486,0.040980503,0.002323908,38.656595,"{""bound_correction"":""saturate"",""lambda_per_d"":4}"
tune,modde-lshade-p4,lshade,15,1,5,2,1000,1000,12.598638496862122,,,59.966877464034269,46.282388249868518,30.22313986218137,12.598638496862122,0.044336405,0.002611466,41.724939,"{""bound_correction"":""saturate"",""lambda_per_d"":4}"
tune,modde-lshade-p4,lshade,15,1,10,1,2000,2000,21.90252992781393,,,158.91906602725476,112.76009527821248,56.585607766798603,21.90252992781393,0.067347532,0.006618733,30.3643995,"{""bound_correction"":""saturate"",""lambda_per_d"":4}"
tune,modde-lshade-p4,lshade,15,1,10,2,2000,2000,30.262959969616986,,,157.0133896971447,67.813096861777694,37.867219103838352,30.262959969616986,0.073282482,0.007327541,32.9774705,"{""bound_correction"":""saturate"",""lambda_per_d"":4}"
tune,modde-lshade-p4,lshade,20,1,5,1,1000,1000,1.3512366465884043,,,384.74055017149942,2.2769358298679663,1.8552790427009995,1.3512366465884043,0.037858853,0.002449778,35.409075,"{""bound_correction"":""saturate"",""lambda_per_d"":4}"
tune,modde-lshade-p4,lshade,20,1,5,2,1000,1000,0.79897795218107603,,,4.3274691294226386,2.574378588630907,2.4097566451056309,0.79897795218107603,0.039542228,0.002457413,37.084815,"{""bound_correction"":""saturate"",""lambda_per_d"":4}"
tune,modde-lshade-p4,lshade,20,1,10,1,2000,2000,1.3473925200687518,,,86.049748885861959,9.714935392538564,2.4363783763201354,1.3473925200687518,0.065884363,0.00650765,29.6883565,"{""bound_correction"":""saturate"",""lambda_per_d"":4}"
tune,modde-lshade-p4,lshade,20,1,10,2,2000,2000,0.99655152876141528,,,42.725169125183413,4.681238020615865,2.3517906445109702,0.99655152876141528,0.061263797,0.00607477,27.5945135,"{""bound_correction"":""saturate"",""lambda_per_d"":4}"
tune,scipy-best-p2-halton-cr05,scipy,1,1,5,1,1000,1000,0.39561910058081651,,,1.7106784001915969,0.39759357212710711,0.39561921254332333,0.39561910058081651,0.042337914,0.001806042,40.531872,"{""init"":""halton"",""popsize"":2,""recombination"":0.5,""strategy"":""best1bin"",""updating"":""immediate""}"
tune,scipy-best-p2-halton-cr05,scipy,1,1,5,2,1000,1000,8.7680973592796363e-12,197,478,0.28244382113285837,0.0092730691664115739,9.9446884860299178e-06,8.7680973592796363e-12,0.046054027,0.002010071,44.043956,"{""init"":""halton"",""popsize"":2,""recombination"":0.5,""strategy"":""best1bin"",""updating"":""immediate""}"
tune,scipy-best-p2-halton-cr05,scipy,1,1,10,1,2000,2000,3.880188060634282e-06,961,1935,5.9230412407370778,1.5144635899033148,0.0097754795545768047,3.880188060634282e-06,0.075928266,0.004126055,35.9011055,"{""init"":""halton"",""popsize"":2,""recombination"":0.5,""strategy"":""best1bin"",""updating"":""immediate""}"
tune,scipy-best-p2-halton-cr05,scipy,1,1,10,2,2000,2000,7.8446080991056988e-05,1352,,5.4544396784336726,0.57513542859413747,0.060971344539012762,7.8446080991056988e-05,0.072751213,0.00402038,34.3654165,"{""init"":""halton"",""popsize"":2,""recombination"":0.5,""strategy"":""best1bin"",""updating"":""immediate""}"
tune,scipy-best-p2-halton-cr05,scipy,6,1,5,1,1000,1000,0.14265331692262606,,,13.393754307468065,9.5999336854068318,0.7292197618398788,0.14265331692262606,0.042153275,0.002279685,39.87359,"{""init"":""halton"",""popsize"":2,""recombination"":0.5,""strategy"":""best1bin"",""updating"":""immediate""}"
tune,scipy-best-p2-halton-cr05,scipy,6,1,5,2,1000,1000,0.0010584014348822279,661,,12.487042526563748,1.7068275054478619,0.25039537899876763,0.0010584014348822279,0.040455197,0.002087283,38.367914,"{""init"":""halton"",""popsize"":2,""recombination"":0.5,""strategy"":""best1bin"",""updating"":""immediate""}"
tune,scipy-best-p2-halton-cr05,scipy,6,1,10,1,2000,2000,12.321695819951209,,,205.30414037309322,47.345911891348727,24.1215845778136,12.321695819951209,0.071104405,0.004761349,33.171528,"{""init"":""halton"",""popsize"":2,""recombination"":0.5,""strategy"":""best1bin"",""updating"":""immediate""}"
tune,scipy-best-p2-halton-cr05,scipy,6,1,10,2,2000,2000,4.6134740410573301,,,82.407942499227374,36.353600578289125,17.036149763316665,4.6134740410573301,0.071857775,0.004803153,33.527311,"{""init"":""halton"",""popsize"":2,""recombination"":0.5,""strategy"":""best1bin"",""updating"":""immediate""}"
tune,scipy-best-p2-halton-cr05,scipy,10,1,5,1,1000,1000,355.0912813240638,,,7311.6693246462146,4712.0195577493751,621.48292684842204,355.0912813240638,0.041466049,0.002704194,38.761855,"{""init"":""halton"",""popsize"":2,""recombination"":0.5,""strategy"":""best1bin"",""updating"":""immediate""}"
tune,scipy-best-p2-halton-cr05,scipy,10,1,5,2,1000,1000,808.86574693401599,,,11266.047473900735,6165.3809302638538,4496.0827371668674,808.86574693401599,0.03886877,0.002473702,36.395068,"{""init"":""halton"",""popsize"":2,""recombination"":0.5,""strategy"":""best1bin"",""updating"":""immediate""}"
tune,scipy-best-p2-halton-cr05,scipy,10,1,10,1,2000,2000,17012.608817911867,,,228011.57138492895,63229.644144293379,55936.914019031166,17012.608817911867,0.085329372,0.007494259,38.9175565,"{""init"":""halton"",""popsize"":2,""recombination"":0.5,""strategy"":""best1bin"",""updating"":""immediate""}"
tune,scipy-best-p2-halton-cr05,scipy,10,1,10,2,2000,2000,9854.0699063438406,,,155049.25262768989,74654.858329585171,35939.308140804562,9854.0699063438406,0.078086302,0.006899706,35.593298,"{""init"":""halton"",""popsize"":2,""recombination"":0.5,""strategy"":""best1bin"",""updating"":""immediate""}"
tune,scipy-best-p2-halton-cr05,scipy,15,1,5,1,1000,1000,21.536561794365184,,,59.312879954936079,26.219573591797598,25.485001876100114,21.536561794365184,0.039369978,0.00281093,36.559048,"{""init"":""halton"",""popsize"":2,""recombination"":0.5,""strategy"":""best1bin"",""updating"":""immediate""}"
tune,scipy-best-p2-halton-cr05,scipy,15,1,5,2,1000,1000,4.374935813113666,,,37.415947805200631,19.847604680434983,13.821748517807123,4.374935813113666,0.039807369,0.00291246,36.894909,"{""init"":""halton"",""popsize"":2,""recombination"":0.5,""strategy"":""best1bin"",""updating"":""immediate""}"
tune,scipy-best-p2-halton-cr05,scipy,15,1,10,1,2000,2000,46.08822549536012,,,99.345159687206888,46.08822549536012,46.08822549536012,46.08822549536012,0.080747724,0.008699887,36.0239185,"{""init"":""halton"",""popsize"":2,""recombination"":0.5,""strategy"":""best1bin"",""updating"":""immediate""}"
tune,scipy-best-p2-halton-cr05,scipy,15,1,10,2,2000,2000,58.687397463545949,,,138.84968620840573,106.44916102262187,77.066940240263648,58.687397463545949,0.076308252,0.008042875,34.1326885,"{""init"":""halton"",""popsize"":2,""recombination"":0.5,""strategy"":""best1bin"",""updating"":""immediate""}"
tune,scipy-best-p2-halton-cr05,scipy,20,1,5,1,1000,1000,0.82909189277381756,,,3.6063069603961821,2.290187610728367,0.91039905116099362,0.82909189277381756,0.051347036,0.003568798,47.778238,"{""init"":""halton"",""popsize"":2,""recombination"":0.5,""strategy"":""best1bin"",""updating"":""immediate""}"
tune,scipy-best-p2-halton-cr05,scipy,20,1,5,2,1000,1000,0.6711568692783203,,,3.2531690872395984,0.93919842456773495,0.76373724774498442,0.6711568692783203,0.053040008,0.003680304,49.359704,"{""init"":""halton"",""popsize"":2,""recombination"":0.5,""strategy"":""best1bin"",""updating"":""immediate""}"
tune,scipy-best-p2-halton-cr05,scipy,20,1,10,1,2000,2000,0.85210375243002545,,,17.327403557369507,2.7613779585511793,2.0050709883577156,0.85210375243002545,0.083424068,0.007887716,37.768176,"{""init"":""halton"",""popsize"":2,""recombination"":0.5,""strategy"":""best1bin"",""updating"":""immediate""}"
tune,scipy-best-p2-halton-cr05,scipy,20,1,10,2,2000,2000,1.1077471739261,,,20.103646902842911,3.1241172550895726,1.4672263085519717,1.1077471739261,0.14565539,0.013108153,66.2736185,"{""init"":""halton"",""popsize"":2,""recombination"":0.5,""strategy"":""best1bin"",""updating"":""immediate""}"
tune,scipy-best-p2-halton-cr09,scipy,1,1,5,1,1000,1000,8.4774853803537553e-10,372,597,2.1129916540134985,1.2634607790780166,3.6253967806487708e-05,8.4774853803537553e-10,0.063129053,0.002564522,60.564531,"{""init"":""halton"",""popsize"":2,""recombination"":0.9,""strategy"":""best1bin"",""updating"":""immediate""}"
tune,scipy-best-p2-halton-cr09,scipy,1,1,5,2,1000,1000,3.2542857297812589e-12,254,502,0.31233566392711509,0.017000044268968395,1.4610706600137746e-05,3.2542857297812589e-12,0.047415833,0.001981622,45.434211,"{""init"":""halton"",""popsize"":2,""recombination"":0.9,""strategy"":""best1bin"",""updating"":""immediate""}"
tune,scipy-best-p2-halton-cr09,scipy,1,1,10,1,2000,2000,2.1841985358150851e-06,1019,1863,8.0469361745555119,0.44120897147665517,0.010359763861657711,2.1841985358150851e-06,0.207279551,0.010891864,98.1938435,"{""init"":""halton"",""popsize"":2,""recombination"":0.9,""strategy"":""best1bin"",""updating"":""immediate""}"
tune,scipy-best-p2-halton-cr09,scipy,1,1,10,2,2000,2000,8.2691845193494373e-07,999,1701,2.9825569053015641,0.41190955067489199,0.0096639428550560069,8.2691845193494373e-07,0.095967341,0.00502661,45.4703655,"{""init"":""halton"",""popsize"":2,""recombination"":0.9,""strategy"":""best1bin"",""updating"":""immediate""}"
tune,scipy-best-p2-halton-cr09,scipy,6,1,5,1,1000,1000,1.9061458178244095,,,25.05306477025038,6.2301569583614196,3.2685823478819103,1.9061458178244095,0.047714945,0.002438598,45.276347,"{""init"":""halton"",""popsize"":2,""recombination"":0.9,""strategy"":""best1bin"",""updating"":""immediate""}"
tune,scipy-best-p2-halton-cr09,scipy,6,1,5,2,1000,1000,0.07991304101287966,,,23.975022945288934,1.6640970446837926,0.97049736644888895,0.07991304101287966,0.044549324,0.002207213,42.342111,"{""init"":""halton"",""popsize"":2,""recombination"":0.9,""strategy"":""best1bin"",""updating"":""immediate""}"
tune,scipy-best-p2-halton-cr09,scipy,6,1,10,1,2000,2000,0.86031988442820762,,,79.688811812370403,27.122905161626001,12.997745650039057,0.86031988442820762,0.082350987,0.005269275,38.540856,"{""init"":""halton"",""popsize"":2,""recombination"":0.9,""strategy"":""best1bin"",""updating"":""immediate""}"
tune,scipy-best-p2-halton-cr09,scipy,6,1,10,2,2000,2000,0.033796284216855099,,,159.15369709958802,7.4685171178274885,1.3232485749294298,0.033796284216855099,0.077490775,0.004952454,36.2691605,"{""init"":""halton"",""popsize"":2,""recombination"":0.9,""strategy"":""best1bin"",""updating"":""immediate""}"
tune,scipy-best-p2-halton-cr09,scipy,10,1,5,1,1000,1000,206.20335535580972,,,18937.127984698491,1092.895888718876,286.75331846421437,206.20335535580972,0.049191713,0.002781087,46.410626,"{""init"":""halton"",""popsize"":2,""recombination"":0.9,""strategy"":""best1bin"",""updating"":""immediate""}"
tune,scipy-best-p2-halton-cr09,scipy,10,1,5,2,1000,1000,92.030994157208681,,,11803.489575267698,9944.0525405199824,7816.6110404781948,92.030994157208681,0.048209819,0.002651668,45.558151,"{""init"":""halton"",""popsize"":2,""recombination"":0.9,""strategy"":""best1bin"",""updating"":""immediate""}"
tune,scipy-best-p2-halton-cr09,scipy,10,1,10,1,2000,2000,801.63518681384903,,,15772.679926614826,5926.505815320721,2344.3373185591145,801.63518681384903,0.086338951,0.007280586,39.5291825,"{""init"":""halton"",""popsize"":2,""recombination"":0.9,""strategy"":""best1bin"",""updating"":""immediate""}"
tune,scipy-best-p2-halton-cr09,scipy,10,1,10,2,2000,2000,641.55351274223176,,,166486.22143413484,11816.211933507646,3453.6351400290437,641.55351274223176,0.076902871,0.006727232,35.0878195,"{""init"":""halton"",""popsize"":2,""recombination"":0.9,""strategy"":""best1bin"",""updating"":""immediate""}"
tune,scipy-best-p2-halton-cr09,scipy,15,1,5,1,1000,1000,43.87222844970438,,,44.35659583113079,43.872229016742722,43.87222844970438,43.87222844970438,0.054748495,0.003073838,51.674657,"{""init"":""halton"",""popsize"":2,""recombination"":0.9,""strategy"":""best1bin"",""updating"":""immediate""}"
tune,scipy-best-p2-halton-cr09,scipy,15,1,5,2,1000,1000,2.9875607876207368,,,23.880662315941095,13.140453108400152,4.3912067684293561,2.9875607876207368,0.049203262,0.002978413,46.224849,"{""init"":""halton"",""popsize"":2,""recombination"":0.9,""strategy"":""best1bin"",""updating"":""immediate""}"
tune,scipy-best-p2-halton-cr09,scipy,15,1,10,1,2000,2000,30.84802605704931,,,127.26429206776538,75.884933724792972,41.06213941951205,30.84802605704931,0.07957253,0.007514041,36.0292445,"{""init"":""halton"",""popsize"":2,""recombination"":0.9,""strategy"":""best1bin"",""updating"":""immediate""}"
tune,scipy-best-p2-halton-cr09,scipy,15,1,10,2,2000,2000,49.927318196254419,,,116.44734886636388,95.372388406425216,59.616831538658971,49.927318196254419,0.088898197,0.008057163,40.420517,"{""init"":""halton"",""popsize"":2,""recombination"":0.9,""strategy"":""best1bin"",""updating"":""immediate""}"
tune,scipy-best-p2-halton-cr09,scipy,20,1,5,1,1000,1000,0.70220118796942188,,,39.203431109491817,1.6857420589980165,0.7180057912077018,0.70220118796942188,0.048403002,0.003065979,45.337023,"{""init"":""halton"",""popsize"":2,""recombination"":0.9,""strategy"":""best1bin"",""updating"":""immediate""}"
tune,scipy-best-p2-halton-cr09,scipy,20,1,5,2,1000,1000,2.1158916297995347,,,3.6944815912539752,2.6912901815984469,2.176773547564153,2.1158916297995347,0.051443434,0.003317025,48.126409,"{""init"":""halton"",""popsize"":2,""recombination"":0.9,""strategy"":""best1bin"",""updating"":""immediate""}"
tune,scipy-best-p2-halton-cr09,scipy,20,1,10,1,2000,2000,2.0333801576446149,,,3.5776812031098189,2.8223927348109328,2.0581918008516595,2.0333801576446149,0.081137157,0.006988675,37.074241,"{""init"":""halton"",""popsize"":2,""recombination"":0.9,""strategy"":""best1bin"",""updating"":""immediate""}"
tune,scipy-best-p2-halton-cr09,scipy,20,1,10,2,2000,2000,0.59081187930394208,,,5.0355988054860745,1.9403882056984685,0.64014718635166901,0.59081187930394208,0.090318327,0.007894633,41.211847,"{""init"":""halton"",""popsize"":2,""recombination"":0.9,""strategy"":""best1bin"",""updating"":""immediate""}"
tune,scipy-best-p2-halton-f70,scipy,1,1,5,1,1000,1000,7.0650685302098282e-10,387,591,1.7584305909040268,0.077126474731102235,0.00038579236624514124,7.0650685302098282e-10,0.043610783,0.001841863,41.76892,"{""init"":""halton"",""mutation"":0.7,""popsize"":2,""strategy"":""best1bin"",""updating"":""immediate""}"
tune,scipy-best-p2-halton-f70,scipy,1,1,5,2,1000,1000,1.7568282828506199e-08,413,611,1.2354652941892539,0.030244287717437146,0.00016838003342911634,1.7568282828506199e-08,0.042544645,0.001821875,40.72277,"{""init"":""halton"",""mutation"":0.7,""popsize"":2,""strategy"":""best1bin"",""updating"":""immediate""}"
tune,scipy-best-p2-halton-f70,scipy,1,1,10,1,2000,2000,1.4976151874179777e-07,1017,1550,9.7124694387433124,0.54912924501191185,0.012994282794821288,1.4976151874179777e-07,0.076230667,0.004156084,36.0372915,"{""init"":""halton"",""mutation"":0.7,""popsize"":2,""strategy"":""best1bin"",""updating"":""immediate""}"
tune,scipy-best-p2-halton-f70,scipy,1,1,10,2,2000,2000,2.7494621690493659e-08,824,1486,6.2235350541516539,0.3671675384159272,0.002027400640102428,2.7494621690493659e-08,0.074690459,0.004072859,35.3088,"{""init"":""halton"",""mutation"":0.7,""popsize"":2,""strategy"":""best1bin"",""updating"":""immediate""}"
tune,scipy-best-p2-halton-f70,scipy,6,1,5,1,1000,1000,0.00019545645169927184,749,,19.656410790726738,5.7070058808946555,0.27433127698955673,0.00019545645169927184,0.044327026,0.002278846,42.04818,"{""init"":""halton"",""mutation"":0.7,""popsize"":2,""strategy"":""best1bin"",""updating"":""immediate""}"
tune,scipy-best-p2-halton-f70,scipy,6,1,5,2,1000,1000,0.0065954787178412744,952,,14.226690941310103,9.1698832335642564,2.4374455116793854,0.0065954787178412744,0.042631552,0.002173656,40.457896,"{""init"":""halton"",""mutation"":0.7,""popsize"":2,""strategy"":""best1bin"",""updating"":""immediate""}"
tune,scipy-best-p2-halton-f70,scipy,6,1,10,1,2000,2000,2.0935217566369673,,,201.68850185537755,54.351972106203483,12.563538817125604,2.0935217566369673,0.073045826,0.004830995,34.1074155,"{""init"":""halton"",""mutation"":0.7,""popsize"":2,""strategy"":""best1bin"",""updating"":""immediate""}"
tune,scipy-best-p2-halton-f70,scipy,6,1,10,2,2000,2000,0.42145382546868859,,,115.10195214540309,57.566631879190062,12.353456424530272,0.42145382546868859,0.078880195,0.005197708,36.8412435,"{""init"":""halton"",""mutation"":0.7,""popsize"":2,""strategy"":""best1bin"",""updating"":""immediate""}"
tune,scipy-best-p2-halton-f70,scipy,10,1,5,1,1000,1000,104.98788849015584,,,6573.489727844064,822.31594122203614,240.94919784209031,104.98788849015584,0.041329579,0.002583718,38.745861,"{""init"":""halton"",""mutation"":0.7,""popsize"":2,""strategy"":""best1bin"",""updating"":""immediate""}"
tune,scipy-best-p2-halton-f70,scipy,10,1,5,2,1000,1000,243.95858197132432,,,4575.3559480459407,1109.2305711152769,337.98808201594767,243.95858197132432,0.046260407,0.002865351,43.395056,"{""init"":""halton"",""mutation"":0.7,""popsize"":2,""strategy"":""best1bin"",""updating"":""immediate""}"
tune,scipy-best-p2-halton-f70,scipy,10,1,10,1,2000,2000,4401.4606626402656,,,184625.82802308677,95869.814886916094,35286.597292668521,4401.4606626402656,0.074444245,0.006667046,33.8885995,"{""init"":""halton"",""mutation"":0.7,""popsize"":2,""strategy"":""best1bin"",""updating"":""immediate""}"
tune,scipy-best-p2-halton-f70,scipy,10,1,10,2,2000,2000,3010.4481481219455,,,128087.35275348458,39909.140082144426,11979.957964684125,3010.4481481219455,0.078602669,0.007087137,35.757766,"{""init"":""halton"",""mutation"":0.7,""popsize"":2,""strategy"":""best1bin"",""updating"":""immediate""}"
tune,scipy-best-p2-halton-f70,scipy,15,1,5,1,1000,1000,13.164494715484125,,,32.058168323661675,25.144083788705302,17.933512771186543,13.164494715484125,0.03850864,0.002886196,35.622444,"{""init"":""halton"",""mutation"":0.7,""popsize"":2,""strategy"":""best1bin"",""updating"":""immediate""}"
tune,scipy-best-p2-halton-f70,scipy,15,1,5,2,1000,1000,16.96408176259024,,,47.22027398573664,28.095457980742367,25.117419368589481,16.96408176259024,0.043140889,0.00304825,40.092639,"{""init"":""halton"",""mutation"":0.7,""popsize"":2,""strategy"":""best1bin"",""updating"":""immediate""}"
tune,scipy-best-p2-halton-f70,scipy,15,1,10,1,2000,2000,50.153568818518124,,,120.87180908865503,77.829451761317841,55.237790912032096,50.153568818518124,0.073562983,0.007805462,32.8787605,"{""init"":""halton"",""mutation"":0.7,""popsize"":2,""strategy"":""best1bin"",""updating"":""immediate""}"
tune,scipy-best-p2-halton-f70,scipy,15,1,10,2,2000,2000,57.936475806399358,,,104.99987480480331,71.207214520978141,71.207214520978141,57.936475806399358,0.073711344,0.007836665,32.9373395,"{""init"":""halton"",""mutation"":0.7,""popsize"":2,""strategy"":""best1bin"",""updating"":""immediate""}"
tune,scipy-best-p2-halton-f70,scipy,20,1,5,1,1000,1000,0.47375334225830557,,,3.3341012762904256,1.856788566916066,0.51157173344438434,0.47375334225830557,0.042790429,0.00298146,39.808969,"{""init"":""halton"",""mutation"":0.7,""popsize"":2,""strategy"":""best1bin"",""updating"":""immediate""}"
tune,scipy-best-p2-halton-f70,scipy,20,1,5,2,1000,1000,1.3101966711876685,,,3.1586425304826662,2.3612399377714155,2.1872783589357141,1.3101966711876685,0.043690145,0.003208154,40.481991,"{""init"":""halton"",""mutation"":0.7,""popsize"":2,""strategy"":""best1bin"",""updating"":""immediate""}"
tune,scipy-best-p2-halton-f70,scipy,20,1,10,1,2000,2000,1.1657426428422468,,,339.04306783087515,2.850951196664937,2.0869307173271636,1.1657426428422468,0.07474162,0.006993917,33.8738515,"{""init"":""halton"",""mutation"":0.7,""popsize"":2,""strategy"":""best1bin"",""updating"":""immediate""}"
tune,scipy-best-p2-halton-f70,scipy,20,1,10,2,2000,2000,1.4506820028396987,,,11.913388775724343,2.45741512708139,2.3932077138755403,1.4506820028396987,0.076906968,0.007573221,34.6668735,"{""init"":""halton"",""mutation"":0.7,""popsize"":2,""strategy"":""best1bin"",""updating"":""immediate""}"
pilot,modde-lshade-p4,lshade,1,1,5,1,1000,1000,2.2136384814075427e-06,628,948,3.319797063398255,1.1971203518349824,0.077225364451678047,2.2136384814075427e-06,0.039573471,0.001304767,38.268704,"{""bound_correction"":""saturate"",""lambda_per_d"":4}"
pilot,modde-lshade-p4,lshade,1,1,5,2,1000,1000,3.3195915989381319e-06,537,914,5.4691832685685284,1.4015393760664381,0.0268196178483322,3.3195915989381319e-06,0.072108531,0.002786967,69.321564,"{""bound_correction"":""saturate"",""lambda_per_d"":4}"
pilot,modde-lshade-p4,lshade,1,1,10,1,2000,2000,1.5382358313331679e-05,1461,,11.512798468553129,3.3365436666931743,0.43159523624039764,1.5382358313331679e-05,0.078966249,0.003711803,37.627223,"{""bound_correction"":""saturate"",""lambda_per_d"":4}"
pilot,modde-lshade-p4,lshade,1,1,10,2,2000,2000,2.5529688755909774e-05,1460,,11.06096785375226,3.2752179586218801,0.26994702312629215,2.5529688755909774e-05,0.067235807,0.003270333,31.982737,"{""bound_correction"":""saturate"",""lambda_per_d"":4}"
pilot,modde-lshade-p4,lshade,1,2,5,1,1000,1000,3.5454151543490298e-06,556,893,7.685715135015073,0.8235458777244844,0.011749059139788187,3.5454151543490298e-06,0.045884414,0.001758788,44.125626,"{""bound_correction"":""saturate"",""lambda_per_d"":4}"
pilot,modde-lshade-p4,lshade,1,2,5,2,1000,1000,1.654718175814196e-07,540,822,8.4476275287625526,0.35460811509091172,0.048164948005933184,1.654718175814196e-07,0.038616655,0.001279546,37.337109,"{""bound_correction"":""saturate"",""lambda_per_d"":4}"
pilot,modde-lshade-p4,lshade,1,2,10,1,2000,2000,5.9184214933338808e-05,1420,,12.580324948077248,4.7045183921084686,0.2616089403804267,5.9184214933338808e-05,0.065747286,0.003178818,31.284234,"{""bound_correction"":""saturate"",""lambda_per_d"":4}"
pilot,modde-lshade-p4,lshade,1,2,10,2,2000,2000,4.0973643365305179e-05,1421,,13.019024314228261,5.0139322199823937,0.31287260208881662,4.0973643365305179e-05,0.05622234,0.002779148,26.721596,"{""bound_correction"":""saturate"",""lambda_per_d"":4}"
pilot,modde-lshade-p4,lshade,3,1,5,1,1000,1000,2.9080152291681429,,,58.572441066692193,23.830987927520766,13.712275307458356,2.9080152291681429,0.048570242,0.002606752,45.96349,"{""bound_correction"":""saturate"",""lambda_per_d"":4}"
pilot,modde-lshade-p4,lshade,3,1,5,2,1000,1000,1.2839932180546043,,,63.59858150863829,12.972990426323804,9.4021818833079465,1.2839932180546043,0.053962815,0.003164334,50.798481,"{""bound_correction"":""saturate"",""lambda_per_d"":4}"
pilot,modde-lshade-p4,lshade,3,1,10,1,2000,2000,11.640470398374021,,,126.20739791422227,116.58023418567319,60.289899762076232,11.640470398374021,0.062926949,0.006515605,28.205672,"{""bound_correction"":""saturate"",""lambda_per_d"":4}"
pilot,modde-lshade-p4,lshade,3,1,10,2,2000,2000,18.952942035750993,,,175.41916575076363,91.253199387005509,52.370738702326491,18.952942035750993,0.093033683,0.009670098,41.6817925,"{""bound_correction"":""saturate"",""lambda_per_d"":4}"
pilot,modde-lshade-p4,lshade,3,2,5,1,1000,1000,0.74673744788469776,,,35.518284321340744,34.568440849204762,12.861907839169078,0.74673744788469776,0.04390728,0.00260413,41.30315,"{""bound_correction"":""saturate"",""lambda_per_d"":4}"
pilot,modde-lshade-p4,lshade,3,2,5,2,1000,1000,2.0810961775477637,,,33.195105363269562,29.215605628260988,11.698265037995242,2.0810961775477637,0.047465449,0.002726864,44.738585,"{""bound_correction"":""saturate"",""lambda_per_d"":4}"
pilot,modde-lshade-p4,lshade,3,2,10,1,2000,2000,5.8292193828581418,,,149.00556817943311,78.137045854249777,43.270397920374336,5.8292193828581418,0.064032092,0.006605968,28.713062,"{""bound_correction"":""saturate"",""lambda_per_d"":4}"
pilot,modde-lshade-p4,lshade,3,2,10,2,2000,2000,10.125806851199897,,,100.93796479731162,71.295159294225215,34.563437561111357,10.125806851199897,0.065038995,0.006777148,29.1309235,"{""bound_correction"":""saturate"",""lambda_per_d"":4}"
pilot,modde-lshade-p4,lshade,6,1,5,1,1000,1000,0.013493903216932779,,,61.340382870217688,32.94972232425372,6.4325930327898178,0.013493903216932779,0.040236713,0.001684551,38.552162,"{""bound_correction"":""saturate"",""lambda_per_d"":4}"
pilot,modde-lshade-p4,lshade,6,1,5,2,1000,1000,0.0046368332103412513,864,,41.932799687634123,7.4751417942959435,1.3780884968725786,0.0046368332103412513,0.04294333,0.001713054,41.230276,"{""bound_correction"":""saturate"",""lambda_per_d"":4}"
pilot,modde-lshade-p4,lshade,6,1,10,1,2000,2000,0.1157756203769722,,,131.70137486620354,70.673531965784406,23.539124552463115,0.1157756203769722,0.059547714,0.003660655,27.9435295,"{""bound_correction"":""saturate"",""lambda_per_d"":4}"
pilot,modde-lshade-p4,lshade,6,1,10,2,2000,2000,0.28717568013342287,,,166.93684445306303,88.627022099933242,28.761294332646095,0.28717568013342287,0.05871382,0.003551288,27.581266,"{""bound_correction"":""saturate"",""lambda_per_d"":4}"
pilot,modde-lshade-p4,lshade,6,2,5,1,1000,1000,0.0086729963822129719,993,,71.798763851791705,8.6949345454879428,0.30253753108429038,0.0086729963822129719,0.043330151,0.001729106,41.601045,"{""bound_correction"":""saturate"",""lambda_per_d"":4}"
pilot,modde-lshade-p4,lshade,6,2,5,2,1000,1000,0.093537770219523253,,,64.690175946651024,5.971473571367941,3.4791587154117529,0.093537770219523253,0.042073176,0.001683849,40.389327,"{""bound_correction"":""saturate"",""lambda_per_d"":4}"
pilot,modde-lshade-p4,lshade,6,2,10,1,2000,2000,1.2916567541013926,,,196.74009124744165,122.78177033095307,25.558452366293405,1.2916567541013926,0.0646675,0.003857013,30.4052435,"{""bound_correction"":""saturate"",""lambda_per_d"":4}"
pilot,modde-lshade-p4,lshade,6,2,10,2,2000,2000,0.35099621796701186,,,365.39538383810475,51.30637054910828,32.37144666705467,0.35099621796701186,0.058528435,0.003552119,27.488158,"{""bound_correction"":""saturate"",""lambda_per_d"":4}"
pilot,modde-lshade-p4,lshade,8,1,5,1,1000,1000,1.4881664233731158,,,459.19285559726734,120.20572860431579,4.7747755893938688,1.4881664233731158,0.042404441,0.001388716,41.015725,"{""bound_correction"":""saturate"",""lambda_per_d"":4}"
pilot,modde-lshade-p4,lshade,8,1,5,2,1000,1000,0.16784310360318955,,,489.33333093913711,89.863654516220379,27.309754373643699,0.16784310360318955,0.037893455,0.001282051,36.611404,"{""bound_correction"":""saturate"",""lambda_per_d"":4}"
pilot,modde-lshade-p4,lshade,8,1,10,1,2000,2000,6.4579158228153233,,,6186.8892316611718,706.5750581165654,41.825949493873424,6.4579158228153233,0.064411793,0.003108939,30.651427,"{""bound_correction"":""saturate"",""lambda_per_d"":4}"
pilot,modde-lshade-p4,lshade,8,1,10,2,2000,2000,7.6415709327523018,,,13375.084150673678,2555.7214563719949,42.944521284985029,7.6415709327523018,0.057366771,0.002807103,27.279834,"{""bound_correction"":""saturate"",""lambda_per_d"":4}"
pilot,modde-lshade-p4,lshade,8,2,5,1,1000,1000,2.838634172048387,,,473.4264593449368,63.161517252209478,14.875438133006128,2.838634172048387,0.042362826,0.001379285,40.983541,"{""bound_correction"":""saturate"",""lambda_per_d"":4}"
pilot,modde-lshade-p4,lshade,8,2,5,2,1000,1000,0.46517073476911719,,,1744.1721707446957,66.509497476052047,12.177708861655788,0.46517073476911719,0.040778195,0.001307168,39.471027,"{""bound_correction"":""saturate"",""lambda_per_d"":4}"
pilot,modde-lshade-p4,lshade,8,2,10,1,2000,2000,7.9364702314576334,,,9062.1509710671817,766.3857966283515,80.262974643086181,7.9364702314576334,0.065788414,0.003210508,31.288953,"{""bound_correction"":""saturate"",""lambda_per_d"":4}"
pilot,modde-lshade-p4,lshade,8,2,10,2,2000,2000,7.9519103051876527,,,5288.7109009629321,1076.9818370583293,95.967992227449827,7.9519103051876527,0.058836084,0.00294987,27.943107,"{""bound_correction"":""saturate"",""lambda_per_d"":4}"
pilot,modde-lshade-p4,lshade,10,1,5,1,1000,1000,29.716098634505062,,,27989.579094655644,3943.6382996817479,1409.4376193249684,29.716098634505062,0.046594622,0.002287762,44.30686,"{""bound_correction"":""saturate"",""lambda_per_d"":4}"
pilot,modde-lshade-p4,lshade,10,1,5,2,1000,1000,1365.1363289263788,,,68243.04547656537,13646.244336174219,5793.0738325352804,1365.1363289263788,0.040263422,0.00201912,38.244302,"{""bound_correction"":""saturate"",""lambda_per_d"":4}"
pilot,modde-lshade-p4,lshade,10,1,10,1,2000,2000,135.22411158662814,,,128683.31667087319,65840.461514239112,11844.597893035556,135.22411158662814,0.06162557,0.005353417,28.1360765,"{""bound_correction"":""saturate"",""lambda_per_d"":4}"
pilot,modde-lshade-p4,lshade,10,1,10,2,2000,2000,785.45635864167525,,,39555.592144068629,39555.592144068629,19753.805643871696,785.45635864167525,0.069975211,0.006138469,31.918371,"{""bound_correction"":""saturate"",""lambda_per_d"":4}"
pilot,modde-lshade-p4,lshade,10,2,5,1,1000,1000,44.000923228448919,,,19096.907516867519,7510.6329086559299,1020.9497423110616,44.000923228448919,0.041023984,0.002031789,38.992195,"{""bound_correction"":""saturate"",""lambda_per_d"":4}"
pilot,modde-lshade-p4,lshade,10,2,5,2,1000,1000,7.2268956110719458,,,75870.577936286369,7442.8279018355333,2227.7961648033529,7.2268956110719458,0.045307451,0.002251793,43.055658,"{""bound_correction"":""saturate"",""lambda_per_d"":4}"
pilot,modde-lshade-p4,lshade,10,2,10,1,2000,2000,389.6574596902264,,,55540.515308003451,44008.594153484861,7705.2484453712987,389.6574596902264,0.062073149,0.005504444,28.2843525,"{""bound_correction"":""saturate"",""lambda_per_d"":4}"
pilot,modde-lshade-p4,lshade,10,2,10,2,2000,2000,1910.6132888201009,,,18447.472729942088,18447.472729942088,15015.811743501194,1910.6132888201009,0.068861854,0.005956515,31.4526695,"{""bound_correction"":""saturate"",""lambda_per_d"":4}"
pilot,modde-lshade-p4,lshade,12,1,5,1,1000,1000,31.689279637129403,,,2269954.2100933027,88316.138350520938,18129.744016772845,31.689279637129403,0.04013182,0.001547612,38.584208,"{""bound_correction"":""saturate"",""lambda_per_d"":4}"
pilot,modde-lshade-p4,lshade,12,1,5,2,1000,1000,38.541874585005758,,,221104.71954845975,184004.93344470338,23593.314529428004,38.541874585005758,0.044375977,0.001761309,42.614668,"{""bound_correction"":""saturate"",""lambda_per_d"":4}"
pilot,modde-lshade-p4,lshade,12,1,10,1,2000,2000,25.274027139789837,,,18374943.370316047,1740035.5655318142,124888.25057991082,25.274027139789837,0.059816977,0.00376648,28.0252485,"{""bound_correction"":""saturate"",""lambda_per_d"":4}"
pilot,modde-lshade-p4,lshade,12,1,10,2,2000,2000,19.412833916750856,,,10704353.758351473,3662286.4633537186,351043.17735543643,19.412833916750856,0.060491064,0.003738956,28.376054,"{""bound_correction"":""saturate"",""lambda_per_d"":4}"
pilot,modde-lshade-p4,lshade,12,2,5,1,1000,1000,8.2603261080433867,,,2150542.2247015689,2039676.8408327459,33232.889881082599,8.2603261080433867,0.039686235,0.001452776,38.233459,"{""bound_correction"":""saturate"",""lambda_per_d"":4}"
pilot,modde-lshade-p4,lshade,12,2,5,2,1000,1000,1.9003171705672344,,,2962814.3294384433,551691.3189494973,18636.134746198568,1.9003171705672344,0.042616517,0.00167214,40.944377,"{""bound_correction"":""saturate"",""lambda_per_d"":4}"
pilot,modde-lshade-p4,lshade,12,2,10,1,2000,2000,79.568218913411897,,,16646833.026625635,4009718.5480395551,189679.30488599616,79.568218913411897,0.058887986,0.003610124,27.638931,"{""bound_correction"":""saturate"",""lambda_per_d"":4}"
pilot,modde-lshade-p4,lshade,12,2,10,2,2000,2000,42.77876572292837,,,6269276.9442461738,3545877.3478157292,296536.39901599946,42.77876572292837,0.064435424,0.003848626,30.293399,"{""bound_correction"":""saturate"",""lambda_per_d"":4}"
pilot,modde-lshade-p4,lshade,15,1,5,1,1000,1000,4.1879282232755486,,,42.326683077153575,22.90445849757657,22.90445849757657,4.1879282232755486,0.039616164,0.002343477,37.272687,"{""bound_correction"":""saturate"",""lambda_per_d"":4}"
pilot,modde-lshade-p4,lshade,15,1,5,2,1000,1000,12.598638496862122,,,59.966877464034269,46.282388249868518,30.22313986218137,12.598638496862122,0.042036053,0.002600213,39.43584,"{""bound_correction"":""saturate"",""lambda_per_d"":4}"
pilot,modde-lshade-p4,lshade,15,1,10,1,2000,2000,21.90252992781393,,,158.91906602725476,112.76009527821248,56.585607766798603,21.90252992781393,0.064372437,0.00652885,28.9217935,"{""bound_correction"":""saturate"",""lambda_per_d"":4}"
pilot,modde-lshade-p4,lshade,15,1,10,2,2000,2000,30.262959969616986,,,157.0133896971447,67.813096861777694,37.867219103838352,30.262959969616986,0.067238753,0.007080933,30.07891,"{""bound_correction"":""saturate"",""lambda_per_d"":4}"
pilot,modde-lshade-p4,lshade,15,2,5,1,1000,1000,7.5122910717990834,,,84.189724804907286,51.506979631866855,29.39621651959402,7.5122910717990834,0.040147742,0.00232987,37.817872,"{""bound_correction"":""saturate"",""lambda_per_d"":4}"
pilot,modde-lshade-p4,lshade,15,2,5,2,1000,1000,14.001170061544826,,,63.590701473132242,32.492710248868093,24.13170156046391,14.001170061544826,0.04538765,0.002595164,42.792486,"{""bound_correction"":""saturate"",""lambda_per_d"":4}"
pilot,modde-lshade-p4,lshade,15,2,10,1,2000,2000,22.92298064655111,,,166.84053951303889,101.41404723822191,61.916274554854823,22.92298064655111,0.071374258,0.007069308,32.152475,"{""bound_correction"":""saturate"",""lambda_per_d"":4}"
pilot,modde-lshade-p4,lshade,15,2,10,2,2000,2000,26.777777078772374,,,129.15016716622031,77.242346036781925,66.768215479175041,26.777777078772374,0.066353545,0.006838767,29.757389,"{""bound_correction"":""saturate"",""lambda_per_d"":4}"
pilot,modde-lshade-p4,lshade,17,1,5,1,1000,1000,0.086569882505962426,,,3.6002823227852581,2.4981201752035744,0.59951628988581618,0.086569882505962426,0.042192054,0.002072501,40.119553,"{""bound_correction"":""saturate"",""lambda_per_d"":4}"
pilot,modde-lshade-p4,lshade,17,1,5,2,1000,1000,0.077623968880235594,,,2.7614619427018621,1.8119644463593083,1.0268259794042756,0.077623968880235594,0.038267929,0.001845278,36.422651,"{""bound_correction"":""saturate"",""lambda_per_d"":4}"
pilot,modde-lshade-p4,lshade,17,1,10,1,2000,2000,0.16668112107341315,,,7.9391196348188089,2.8734894388979981,1.2490070782785825,0.16668112107341315,0.064042859,0.005621248,29.2108055,"{""bound_correction"":""saturate"",""lambda_per_d"":4}"
pilot,modde-lshade-p4,lshade,17,1,10,2,2000,2000,0.4150838611523362,,,5.5342639065232149,2.2988350795335375,1.9962327562174629,0.4150838611523362,0.059636113,0.005306982,27.1645655,"{""bound_correction"":""saturate"",""lambda_per_d"":4}"
pilot,modde-lshade-p4,lshade,17,2,5,1,1000,1000,0.091780665699754849,,,5.6107749451142901,3.1959747783967138,1.8501870049951812,0.091780665699754849,0.043679256,0.002213166,41.46609,"{""bound_correction"":""saturate"",""lambda_per_d"":4}"
pilot,modde-lshade-p4,lshade,17,2,5,2,1000,1000,0.12567527232369713,,,2.0100221031008516,1.246899007616495,0.76580151526313145,0.12567527232369713,0.036932873,0.001889661,35.043212,"{""bound_correction"":""saturate"",""lambda_per_d"":4}"
pilot,modde-lshade-p4,lshade,17,2,10,1,2000,2000,0.19796000061306884,,,4.7586704463408651,4.0771775800114085,1.6020388856242747,0.19796000061306884,0.064661727,0.005583417,29.539155,"{""bound_correction"":""saturate"",""lambda_per_d"":4}"
pilot,modde-lshade-p4,lshade,17,2,10,2,2000,2000,0.24090917219009356,,,6.1057802418921518,4.0961619787348589,2.6366809611926705,0.24090917219009356,0.064947818,0.005759712,29.594053,"{""bound_correction"":""saturate"",""lambda_per_d"":4}"
pilot,modde-lshade-p4,lshade,20,1,5,1,1000,1000,1.3512366465884043,,,384.74055017149942,2.2769358298679663,1.8552790427009995,1.3512366465884043,0.044504569,0.002832025,41.672544,"{""bound_correction"":""saturate"",""lambda_per_d"":4}"
pilot,modde-lshade-p4,lshade,20,1,5,2,1000,1000,0.79897795218107603,,,4.3274691294226386,2.574378588630907,2.4097566451056309,0.79897795218107603,0.042277898,0.002648616,39.629282,"{""bound_correction"":""saturate"",""lambda_per_d"":4}"
pilot,modde-lshade-p4,lshade,20,1,10,1,2000,2000,1.3473925200687518,,,86.049748885861959,9.714935392538564,2.4363783763201354,1.3473925200687518,0.065494611,0.006596162,29.4492245,"{""bound_correction"":""saturate"",""lambda_per_d"":4}"
pilot,modde-lshade-p4,lshade,20,1,10,2,2000,2000,0.99655152876141528,,,42.725169125183413,4.681238020615865,2.3517906445109702,0.99655152876141528,0.061020272,0.006128862,27.445705,"{""bound_correction"":""saturate"",""lambda_per_d"":4}"
pilot,modde-lshade-p4,lshade,20,2,5,1,1000,1000,0.98363836746977995,,,6.138995962966078,3.0128971869401084,2.1733798073926209,0.98363836746977995,0.041184973,0.002540948,38.644025,"{""bound_correction"":""saturate"",""lambda_per_d"":4}"
pilot,modde-lshade-p4,lshade,20,2,5,2,1000,1000,0.27438267882632772,,,85.415263425294597,2.7682399378004447,1.0290829554796801,0.27438267882632772,0.049199727,0.002926059,46.273668,"{""bound_correction"":""saturate"",""lambda_per_d"":4}"
pilot,modde-lshade-p4,lshade,20,2,10,1,2000,2000,1.2035545484060322,,,249.40631278340447,4.1520648692630857,2.887931521839846,1.2035545484060322,0.061570702,0.006082098,27.744302,"{""bound_correction"":""saturate"",""lambda_per_d"":4}"
pilot,modde-lshade-p4,lshade,20,2,10,2,2000,2000,1.2090297424196024,,,5110.2563522266837,442.06063766224179,2.5061364168271894,1.2090297424196024,0.058975118,0.005942891,26.5161135,"{""bound_correction"":""saturate"",""lambda_per_d"":4}"
pilot,modde-lshade-p4,lshade,23,1,5,1,1000,1000,2.4493102434996574,,,5.4470906637816734,2.8881030019471661,2.818469831225884,2.4493102434996574,0.034740866,0.002046553,32.694313,"{""bound_correction"":""saturate"",""lambda_per_d"":4}"
pilot,modde-lshade-p4,lshade,23,1,5,2,1000,1000,1.689708043535231,,,3.6066370234819578,3.339567796820984,1.689708043535231,1.689708043535231,0.038829349,0.002285704,36.543645,"{""bound_correction"":""saturate"",""lambda_per_d"":4}"
pilot,modde-lshade-p4,lshade,23,1,10,1,2000,2000,2.833352210525363,,,2.8533289083872075,2.8533289083872075,2.8533289083872075,2.833352210525363,0.055401741,0.005670931,24.865405,"{""bound_correction"":""saturate"",""lambda_per_d"":4}"
pilot,modde-lshade-p4,lshade,23,1,10,2,2000,2000,2.0756050423879211,,,3.0274139120971428,2.231765057686796,2.231765057686796,2.0756050423879211,0.071916691,0.007056983,32.429854,"{""bound_correction"":""saturate"",""lambda_per_d"":4}"
pilot,modde-lshade-p4,lshade,23,2,5,1,1000,1000,2.3811635617477367,,,3.0548932737986245,3.0548932737986245,2.3811635617477367,2.3811635617477367,0.043084064,0.002482639,40.601425,"{""bound_correction"":""saturate"",""lambda_per_d"":4}"
pilot,modde-lshade-p4,lshade,23,2,5,2,1000,1000,1.9884467426983523,,,3.4074967157613139,1.9884467426983523,1.9884467426983523,1.9884467426983523,0.037717757,0.002197118,35.520639,"{""bound_correction"":""saturate"",""lambda_per_d"":4}"
pilot,modde-lshade-p4,lshade,23,2,10,1,2000,2000,2.6361988867366453,,,2.7037191754429148,2.7037191754429148,2.7037191754429148,2.6361988867366453,0.061311641,0.006230636,27.5405025,"{""bound_correction"":""saturate"",""lambda_per_d"":4}"
pilot,modde-lshade-p4,lshade,23,2,10,2,2000,2000,1.5922139091847261,,,4.2902767045423467,1.5922139091847261,1.5922139091847261,1.5922139091847261,0.056587515,0.005839868,25.3738235,"{""bound_correction"":""saturate"",""lambda_per_d"":4}"
tune,seqde-off-p2-halton,seqde,1,1,5,1,1000,1000,7.8017592386459e-12,224,507,0.90257205893895787,0.0088869184077680075,1.1570614248057609e-05,7.8017592386459e-12,0.038335005,0.001995422,36.339583,"{""active"":false,""mutation"":[0.5,1.0],""pop_per_d"":2,""recombination"":0.7}"
tune,seqde-off-p2-halton,seqde,1,1,5,2,1000,1000,5.1159076974727213e-13,275,566,0.59256703594154203,0.047810313250735703,0.00014617999737254195,5.1159076974727213e-13,0.039880393,0.002105237,37.775156,"{""active"":false,""mutation"":[0.5,1.0],""pop_per_d"":2,""recombination"":0.7}"
tune,seqde-off-p2-halton,seqde,1,1,10,1,2000,2000,2.9986510696744517e-07,1118,1810,9.5273143159423057,1.0624375755650277,0.014405943479943062,2.9986510696744517e-07,0.076542044,0.004523123,36.0094605,"{""active"":false,""mutation"":[0.5,1.0],""pop_per_d"":2,""recombination"":0.7}"
tune,seqde-off-p2-halton,seqde,1,1,10,2,2000,2000,9.8170318096890696e-08,797,1460,6.8398913105374533,0.38635047146432555,0.0010362150411538096,9.8170318096890696e-08,0.073119218,0.004437622,34.340798,"{""active"":false,""mutation"":[0.5,1.0],""pop_per_d"":2,""recombination"":0.7}"
tune,seqde-off-p2-halton,seqde,6,1,5,1,1000,1000,3.2767272990009246,,,50.59723344178078,12.250951147649026,3.5771671500221274,3.2767272990009246,0.037625286,0.002296874,35.328412,"{""active"":false,""mutation"":[0.5,1.0],""pop_per_d"":2,""recombination"":0.7}"
tune,seqde-off-p2-halton,seqde,6,1,5,2,1000,1000,0.001316364338165954,691,,26.951244076063759,4.4091572896570952,0.15797105539646594,0.001316364338165954,0.038041457,0.002283485,35.757972,"{""active"":false,""mutation"":[0.5,1.0],""pop_per_d"":2,""recombination"":0.7}"
tune,seqde-off-p2-halton,seqde,6,1,10,1,2000,2000,0.29746912178271145,,,73.687043765498771,14.01760230174861,6.3009670523196135,0.29746912178271145,0.081574877,0.005674319,37.950279,"{""active"":false,""mutation"":[0.5,1.0],""pop_per_d"":2,""recombination"":0.7}"
tune,seqde-off-p2-halton,seqde,6,1,10,2,2000,2000,2.1075419236793849,,,116.99675268156275,37.703325909547353,15.212791485331842,2.1075419236793849,0.090885817,0.006030194,42.4278115,"{""active"":false,""mutation"":[0.5,1.0],""pop_per_d"":2,""recombination"":0.7}"
tune,seqde-off-p2-halton,seqde,10,1,5,1,1000,1000,172.76518450491912,,,80383.559837279769,17339.752997807642,1304.4555544012835,172.76518450491912,0.041886517,0.002836528,39.049989,"{""active"":false,""mutation"":[0.5,1.0],""pop_per_d"":2,""recombination"":0.7}"
tune,seqde-off-p2-halton,seqde,10,1,5,2,1000,1000,2.7941315882749578,,,6639.0799504820143,374.247590306132,6.060053154175236,2.7941315882749578,0.039262553,0.002803334,36.459219,"{""active"":false,""mutation"":[0.5,1.0],""pop_per_d"":2,""recombination"":0.7}"
tune,seqde-off-p2-halton,seqde,10,1,10,1,2000,2000,3174.7911239046298,,,118803.39568240763,75779.198420723405,7837.370783863249,3174.7911239046298,0.088512584,0.007754615,40.3789845,"{""active"":false,""mutation"":[0.5,1.0],""pop_per_d"":2,""recombination"":0.7}"
tune,seqde-off-p2-halton,seqde,10,1,10,2,2000,2000,1270.717795016119,,,120283.07491474216,19552.671961269745,10334.867515282051,1270.717795016119,0.095403266,0.007899899,43.7516835,"{""active"":false,""mutation"":[0.5,1.0],""pop_per_d"":2,""recombination"":0.7}"
tune,seqde-off-p2-halton,seqde,15,1,5,1,1000,1000,2.9848775875440197,,,31.557204479726124,6.557473548386497,3.2258865429225807,2.9848775875440197,0.039204528,0.002862162,36.342366,"{""active"":false,""mutation"":[0.5,1.0],""pop_per_d"":2,""recombination"":0.7}"
tune,seqde-off-p2-halton,seqde,15,1,5,2,1000,1000,4.9750270687100056,,,29.808761101122172,29.808761101122172,6.0867686371022955,4.9750270687100056,0.041222152,0.002940558,38.281594,"{""active"":false,""mutation"":[0.5,1.0],""pop_per_d"":2,""recombination"":0.7}"
tune,seqde-off-p2-halton,seqde,15,1,10,1,2000,2000,43.971633306640342,,,92.420118491150561,56.800898443181495,47.476818484979958,43.971633306640342,0.082289454,0.008535906,36.876774,"{""active"":false,""mutation"":[0.5,1.0],""pop_per_d"":2,""recombination"":0.7}"
tune,seqde-off-p2-halton,seqde,15,1,10,2,2000,2000,57.471184787697439,,,131.91884944618869,84.638621133839933,57.471184787697439,57.471184787697439,0.082482407,0.008432533,37.024937,"{""active"":false,""mutation"":[0.5,1.0],""pop_per_d"":2,""recombination"":0.7}"
tune,seqde-off-p2-halton,seqde,20,1,5,1,1000,1000,0.45978252818599685,,,2.4999841597360728,2.1630328013470717,1.7769318277414641,0.45978252818599685,0.039025764,0.003239135,35.786629,"{""active"":false,""mutation"":[0.5,1.0],""pop_per_d"":2,""recombination"":0.7}"
tune,seqde-off-p2-halton,seqde,20,1,5,2,1000,1000,1.3423120582531283,,,2.802152480890868,1.8267348413854734,1.3461250431196277,1.3423120582531283,0.042213784,0.003390146,38.823638,"{""active"":false,""mutation"":[0.5,1.0],""pop_per_d"":2,""recombination"":0.7}"
tune,seqde-off-p2-halton,seqde,20,1,10,1,2000,2000,0.88866834061593636,,,25.18609825947533,2.5519613014621427,1.5648127832339469,0.88866834061593636,0.090402983,0.008641819,40.880582,"{""active"":false,""mutation"":[0.5,1.0],""pop_per_d"":2,""recombination"":0.7}"
tune,seqde-off-p2-halton,seqde,20,1,10,2,2000,2000,0.9918900836217972,,,3.642898750583754,2.4034623762094043,2.1112209665054706,0.9918900836217972,0.076566889,0.007477809,34.54454,"{""active"":false,""mutation"":[0.5,1.0],""pop_per_d"":2,""recombination"":0.7}"
tune,seqde-quarter-p2-halton,seqde,1,1,5,1,1000,1000,3.9392489270539954e-11,287,516,0.90257205893895787,0.017058750646597787,2.7333011829000498e-05,3.9392489270539954e-11,0.037184811,0.001979436,35.205375,"{""abort_fraction"":0.25,""active"":true,""mutation"":[0.5,1.0],""pop_per_d"":2,""recombination"":0.7}"
tune,seqde-quarter-p2-halton,seqde,1,1,5,2,1000,1000,1.4210854715202004e-14,246,407,0.49063639653540747,0.0046839910924063588,2.5554065530286607e-07,1.4210854715202004e-14,0.039159422,0.002049955,37.109467,"{""abort_fraction"":0.25,""active"":true,""mutation"":[0.5,1.0],""pop_per_d"":2,""recombination"":0.7}"
tune,seqde-quarter-p2-halton,seqde,1,1,10,1,2000,2000,2.1167309256497902e-06,986,1932,9.5273143159423057,0.83856987303751396,0.0086799064274742932,2.1167309256497902e-06,0.076084255,0.004671482,35.7063865,"{""abort_fraction"":0.25,""active"":true,""mutation"":[0.5,1.0],""pop_per_d"":2,""recombination"":0.7}"
tune,seqde-quarter-p2-halton,seqde,1,1,10,2,2000,2000,9.2727877643028478e-07,1023,1899,6.8398913105374533,0.74034021762678037,0.018232041522821874,9.2727877643028478e-07,0.074172775,0.004463247,34.854764,"{""abort_fraction"":0.25,""active"":true,""mutation"":[0.5,1.0],""pop_per_d"":2,""recombination"":0.7}"
tune,seqde-quarter-p2-halton,seqde,6,1,5,1,1000,1000,0.0025524441650688345,931,,44.500004299028582,6.2400007979675962,0.22988268360845154,0.0025524441650688345,0.03953143,0.002389177,37.142253,"{""abort_fraction"":0.25,""active"":true,""mutation"":[0.5,1.0],""pop_per_d"":2,""recombination"":0.7}"
tune,seqde-quarter-p2-halton,seqde,6,1,5,2,1000,1000,0.0098016739783517437,966,,26.951244076063759,6.9100434997959965,0.41018867379754198,0.0098016739783517437,0.039812981,0.002386152,37.426829,"{""abort_fraction"":0.25,""active"":true,""mutation"":[0.5,1.0],""pop_per_d"":2,""recombination"":0.7}"
tune,seqde-quarter-p2-halton,seqde,6,1,10,1,2000,2000,0.73723408625743048,,,70.581447554865008,60.722826782152616,21.235431032742675,0.73723408625743048,0.08276891,0.005732324,38.518293,"{""abort_fraction"":0.25,""active"":true,""mutation"":[0.5,1.0],""pop_per_d"":2,""recombination"":0.7}"
tune,seqde-quarter-p2-halton,seqde,6,1,10,2,2000,2000,0.3553590235000712,,,863.94308357508783,44.547233515762052,6.1605813668741192,0.3553590235000712,0.079590098,0.005357536,37.116281,"{""abort_fraction"":0.25,""active"":true,""mutation"":[0.5,1.0],""pop_per_d"":2,""recombination"":0.7}"
tune,seqde-quarter-p2-halton,seqde,10,1,5,1,1000,1000,4724.4654598073203,,,33131.977235437844,9836.1430573220059,9020.6747394473896,4724.4654598073203,0.044794794,0.002990266,41.804528,"{""abort_fraction"":0.25,""active"":true,""mutation"":[0.5,1.0],""pop_per_d"":2,""recombination"":0.7}"
tune,seqde-quarter-p2-halton,seqde,10,1,5,2,1000,1000,98.251017151587249,,,33841.96774236799,1147.3899002240173,121.59790783967388,98.251017151587249,0.051707555,0.00371708,47.990475,"{""abort_fraction"":0.25,""active"":true,""mutation"":[0.5,1.0],""pop_per_d"":2,""recombination"":0.7}"
tune,seqde-quarter-p2-halton,seqde,10,1,10,1,2000,2000,1920.0561737701712,,,90155.066095287228,44440.481707763356,5235.6032491606902,1920.0561737701712,0.094230296,0.008005359,43.1124685,"{""abort_fraction"":0.25,""active"":true,""mutation"":[0.5,1.0],""pop_per_d"":2,""recombination"":0.7}"
tune,seqde-quarter-p2-halton,seqde,10,1,10,2,2000,2000,8739.5782170926759,,,69762.689478115499,19091.811946101887,13471.590125703562,8739.5782170926759,0.092327627,0.007599618,42.3640045,"{""abort_fraction"":0.25,""active"":true,""mutation"":[0.5,1.0],""pop_per_d"":2,""recombination"":0.7}"
tune,seqde-quarter-p2-halton,seqde,15,1,5,1,1000,1000,13.943471555260885,,,42.455713999260979,32.099504077189295,19.578709345740549,13.943471555260885,0.041238855,0.002975621,38.263234,"{""abort_fraction"":0.25,""active"":true,""mutation"":[0.5,1.0],""pop_per_d"":2,""recombination"":0.7}"
tune,seqde-quarter-p2-halton,seqde,15,1,5,2,1000,1000,16.195430127576287,,,29.808761101122172,23.237994552789587,17.929272662925769,16.195430127576287,0.045650825,0.003297686,42.353139,"{""abort_fraction"":0.25,""active"":true,""mutation"":[0.5,1.0],""pop_per_d"":2,""recombination"":0.7}"
tune,seqde-quarter-p2-halton,seqde,15,1,10,1,2000,2000,49.414918460367062,,,92.420118491150561,81.537934589566021,63.388456543529173,49.414918460367062,0.094259048,0.008964926,42.647061,"{""abort_fraction"":0.25,""active"":true,""mutation"":[0.5,1.0],""pop_per_d"":2,""recombination"":0.7}"
tune,seqde-quarter-p2-halton,seqde,15,1,10,2,2000,2000,53.447911786182203,,,131.91884944618869,72.872519256152373,70.131568530254754,53.447911786182203,0.086072007,0.008615464,38.7282715,"{""abort_fraction"":0.25,""active"":true,""mutation"":[0.5,1.0],""pop_per_d"":2,""recombination"":0.7}"
tune,seqde-quarter-p2-halton,seqde,20,1,5,1,1000,1000,1.5397859078541387,,,3.0401017805619404,1.9350705704372331,1.5455839168803323,1.5397859078541387,0.039815129,0.003221798,36.593331,"{""abort_fraction"":0.25,""active"":true,""mutation"":[0.5,1.0],""pop_per_d"":2,""recombination"":0.7}"
tune,seqde-quarter-p2-halton,seqde,20,1,5,2,1000,1000,0.6711560222230446,,,2.802152480890868,1.8005614865801363,0.68958437703838626,0.6711560222230446,0.039501953,0.003226239,36.275714,"{""abort_fraction"":0.25,""active"":true,""mutation"":[0.5,1.0],""pop_per_d"":2,""recombination"":0.7}"
tune,seqde-quarter-p2-halton,seqde,20,1,10,1,2000,2000,1.7367237694538744,,,4.1929759921389405,2.8514023519832108,2.4586027903640115,1.7367237694538744,0.079439193,0.00778225,35.8284715,"{""abort_fraction"":0.25,""active"":true,""mutation"":[0.5,1.0],""pop_per_d"":2,""recombination"":0.7}"
tune,seqde-quarter-p2-halton,seqde,20,1,10,2,2000,2000,1.1535697898528952,,,3.642898750583754,3.2211747445456922,2.4192759082574185,1.1535697898528952,0.078793327,0.007693616,35.5498555,"{""abort_fraction"":0.25,""active"":true,""mutation"":[0.5,1.0],""pop_per_d"":2,""recombination"":0.7}"
tune,switchf-off-p2-halton,switchf,1,1,5,1,1000,1000,9.3055518846085761e-10,297,559,1.4120080162691409,0.033891899314156149,6.7043217114814979e-05,9.3055518846085761e-10,0.082451721,0.002697575,79.754146,"{""active"":false,""init"":""halton"",""mutation"":[0.5,1.0],""popsize"":2,""recombination"":0.7}"
tune,switchf-off-p2-halton,switchf,1,1,5,2,1000,1000,9.9475983006414026e-14,236,422,2.8031095050103403,0.0059984794771281713,8.7572411189285049e-07,9.9475983006414026e-14,0.080539963,0.002663332,77.876631,"{""active"":false,""init"":""halton"",""mutation"":[0.5,1.0],""popsize"":2,""recombination"":0.7}"
tune,switchf-off-p2-halton,switchf,1,1,10,1,2000,2000,5.7120590213344258e-07,951,1535,8.3947760281582049,0.57500967370891942,0.0066258372222165463,5.7120590213344258e-07,0.173134032,0.006877233,83.1283995,"{""active"":false,""init"":""halton"",""mutation"":[0.5,1.0],""popsize"":2,""recombination"":0.7}"
tune,switchf-off-p2-halton,switchf,1,1,10,2,2000,2000,1.7267905150220031e-07,1023,1608,18.409489228276485,0.95463788677885475,0.012700062794436917,1.7267905150220031e-07,0.153127029,0.005659519,73.733755,"{""active"":false,""init"":""halton"",""mutation"":[0.5,1.0],""popsize"":2,""recombination"":0.7}"
tune,switchf-off-p2-halton,switchf,6,1,5,1,1000,1000,8.8347005224420627e-05,573,,5.3047992136037578,1.0177211343603929,0.025443205243298905,8.8347005224420627e-05,0.088964014,0.003505468,85.458546,"{""active"":false,""init"":""halton"",""mutation"":[0.5,1.0],""popsize"":2,""recombination"":0.7}"
tune,switchf-off-p2-halton,switchf,6,1,5,2,1000,1000,0.00025149368514121306,715,,21.4921032422778,2.5181014930596746,0.1689684812765222,0.00025149368514121306,0.080987526,0.003301145,77.686381,"{""active"":false,""init"":""halton"",""mutation"":[0.5,1.0],""popsize"":2,""recombination"":0.7}"
tune,switchf-off-p2-halton,switchf,6,1,10,1,2000,2000,1.8148604468204468,,,75.84370521686148,36.869990869534071,7.7383508412758246,1.8148604468204468,0.149574193,0.006554097,71.510048,"{""active"":false,""init"":""halton"",""mutation"":[0.5,1.0],""popsize"":2,""recombination"":0.7}"
tune,switchf-off-p2-halton,switchf,6,1,10,2,2000,2000,0.71279060355438872,,,94.173000737823742,25.058771690247688,7.061703423190778,0.71279060355438872,0.163492962,0.00757568,77.958641,"{""active"":false,""init"":""halton"",""mutation"":[0.5,1.0],""popsize"":2,""recombination"":0.7}"
tune,switchf-off-p2-halton,switchf,10,1,5,1,1000,1000,38.972215476950751,,,1211.2952946949893,138.30233097673297,68.210329216957618,38.972215476950751,0.081810147,0.003786206,78.023941,"{""active"":false,""init"":""halton"",""mutation"":[0.5,1.0],""popsize"":2,""recombination"":0.7}"
tune,switchf-off-p2-halton,switchf,10,1,5,2,1000,1000,5.9263754914461657,,,15249.153434798718,1874.0639269784308,1533.716552990071,5.9263754914461657,0.078473442,0.003478721,74.994721,"{""active"":false,""init"":""halton"",""mutation"":[0.5,1.0],""popsize"":2,""recombination"":0.7}"
tune,switchf-off-p2-halton,switchf,10,1,10,1,2000,2000,2392.7940452526459,,,156751.27366275046,42182.332750495894,12162.711145458385,2392.7940452526459,0.153899792,0.008915936,72.491928,"{""active"":false,""init"":""halton"",""mutation"":[0.5,1.0],""popsize"":2,""recombination"":0.7}"
tune,switchf-off-p2-halton,switchf,10,1,10,2,2000,2000,10104.5085445726,,,189742.66038486385,13722.729531790757,11786.959909967634,10104.5085445726,0.153368908,0.008967729,72.2005895,"{""active"":false,""init"":""halton"",""mutation"":[0.5,1.0],""popsize"":2,""recombination"":0.7}"
tune,switchf-off-p2-halton,switchf,15,1,5,1,1000,1000,1.9899214298344532,,,31.600723362625331,11.824873423179952,2.4010637203866736,1.9899214298344532,0.090164411,0.004105848,86.058563,"{""active"":false,""init"":""halton"",""mutation"":[0.5,1.0],""popsize"":2,""recombination"":0.7}"
tune,switchf-off-p2-halton,switchf,15,1,5,2,1000,1000,3.0196926036815057,,,38.874485692157577,22.875337946814511,13.960377495009652,3.0196926036815057,0.077298075,0.003784232,73.513843,"{""active"":false,""init"":""halton"",""mutation"":[0.5,1.0],""popsize"":2,""recombination"":0.7}"
tune,switchf-off-p2-halton,switchf,15,1,10,1,2000,2000,48.374012351870306,,,169.37690598501945,73.729366307999726,73.729366307999726,48.374012351870306,0.168448236,0.010790206,78.829015,"{""active"":false,""init"":""halton"",""mutation"":[0.5,1.0],""popsize"":2,""recombination"":0.7}"
tune,switchf-off-p2-halton,switchf,15,1,10,2,2000,2000,62.149345982929844,,,159.71174067302263,108.51617142351392,84.906127911463727,62.149345982929844,0.156128994,0.010337325,72.8958345,"{""active"":false,""init"":""halton"",""mutation"":[0.5,1.0],""popsize"":2,""recombination"":0.7}"
tune,switchf-off-p2-halton,switchf,20,1,5,1,1000,1000,0.9080326898599651,,,2.6365333223686775,2.2418077990409984,0.91183057571947757,0.9080326898599651,0.081454813,0.003993372,77.461441,"{""active"":false,""init"":""halton"",""mutation"":[0.5,1.0],""popsize"":2,""recombination"":0.7}"
tune,switchf-off-p2-halton,switchf,20,1,5,2,1000,1000,1.5706585100973598,,,2.7917487375246992,1.9158664872134068,1.6035985036037346,1.5706585100973598,0.087762573,0.004367442,83.395131,"{""active"":false,""init"":""halton"",""mutation"":[0.5,1.0],""popsize"":2,""recombination"":0.7}"
tune,switchf-off-p2-halton,switchf,20,1,10,1,2000,2000,0.59276901133125648,,,96.40243607304609,2.7922186238705535,1.1079975144632499,0.59276901133125648,0.156504593,0.009055358,73.7246175,"{""active"":false,""init"":""halton"",""mutation"":[0.5,1.0],""popsize"":2,""recombination"":0.7}"
tune,switchf-off-p2-halton,switchf,20,1,10,2,2000,2000,1.4298360200670004,,,219.0999125482698,2.6653927835351396,2.3064835507834687,1.4298360200670004,0.149836993,0.009036741,70.400126,"{""active"":false,""init"":""halton"",""mutation"":[0.5,1.0],""popsize"":2,""recombination"":0.7}"
tune,switchf-quarter-p2-halton,switchf,1,1,5,1,1000,1000,7.2475359047530219e-13,236,456,1.7579434415586377,0.0062679456713254922,1.7902903408639759e-06,7.2475359047530219e-13,0.094718332,0.003143844,91.574488,"{""active"":true,""init"":""halton"",""mutation"":[0.5,1.0],""popsize"":2,""recombination"":0.7,""switch_fraction"":0.25}"
tune,switchf-quarter-p2-halton,switchf,1,1,5,2,1000,1000,8.2422957348171622e-13,273,457,1.1026105698494604,0.011532606811186952,3.2010005668325903e-06,8.2422957348171622e-13,0.081571938,0.002685294,78.886644,"{""active"":true,""init"":""halton"",""mutation"":[0.5,1.0],""popsize"":2,""recombination"":0.7,""switch_fraction"":0.25}"
tune,switchf-quarter-p2-halton,switchf,1,1,10,1,2000,2000,9.5431488489339245e-08,824,1516,8.3947760281582049,1.0442819594794202,0.0018042139310949779,9.5431488489339245e-08,0.156212779,0.006334016,74.9393815,"{""active"":true,""init"":""halton"",""mutation"":[0.5,1.0],""popsize"":2,""recombination"":0.7,""switch_fraction"":0.25}"
tune,switchf-quarter-p2-halton,switchf,1,1,10,2,2000,2000,8.196439864605054e-07,984,1900,8.2348802987488341,2.7098147669508847,0.008963175008219082,8.196439864605054e-07,0.170209287,0.006441427,81.88393,"{""active"":true,""init"":""halton"",""mutation"":[0.5,1.0],""popsize"":2,""recombination"":0.7,""switch_fraction"":0.25}"
tune,switchf-quarter-p2-halton,switchf,6,1,5,1,1000,1000,0.00015932027561404993,698,,12.977378385014887,3.1465018960029099,0.20118261969037121,0.00015932027561404993,0.079480859,0.003242781,76.238078,"{""active"":true,""init"":""halton"",""mutation"":[0.5,1.0],""popsize"":2,""recombination"":0.7,""switch_fraction"":0.25}"
tune,switchf-quarter-p2-halton,switchf,6,1,5,2,1000,1000,0.01261413137080325,,,21.4921032422778,4.3738050881059181,0.34479906124971649,0.01261413137080325,0.089047357,0.003385462,85.661895,"{""active"":true,""init"":""halton"",""mutation"":[0.5,1.0],""popsize"":2,""recombination"":0.7,""switch_fraction"":0.25}"
tune,switchf-quarter-p2-halton,switchf,6,1,10,1,2000,2000,0.56907700732428879,,,55.317685745053758,12.377874998535354,3.0750041278109634,0.56907700732428879,0.147491152,0.006499186,70.495983,"{""active"":true,""init"":""halton"",""mutation"":[0.5,1.0],""popsize"":2,""recombination"":0.7,""switch_fraction"":0.25}"
tune,switchf-quarter-p2-halton,switchf,6,1,10,2,2000,2000,2.5594679663165749,,,140.06645376997105,54.177356914559958,22.536621340618147,2.5594679663165749,0.162984624,0.007188489,77.8980675,"{""active"":true,""init"":""halton"",""mutation"":[0.5,1.0],""popsize"":2,""recombination"":0.7,""switch_fraction"":0.25}"
tune,switchf-quarter-p2-halton,switchf,10,1,5,1,1000,1000,4.5994941748802134,,,2399.3428912569207,86.870985224905411,5.9124303500519133,4.5994941748802134,0.078179959,0.003488838,74.691121,"{""active"":true,""init"":""halton"",""mutation"":[0.5,1.0],""popsize"":2,""recombination"":0.7,""switch_fraction"":0.25}"
tune,switchf-quarter-p2-halton,switchf,10,1,5,2,1000,1000,8.6743991372943725,,,38401.288823568735,1834.2651624551154,182.30738236015242,8.6743991372943725,0.084756052,0.00382473,80.931322,"{""active"":true,""init"":""halton"",""mutation"":[0.5,1.0],""popsize"":2,""recombination"":0.7,""switch_fraction"":0.25}"
tune,switchf-quarter-p2-halton,switchf,10,1,10,1,2000,2000,3609.6751376980192,,,172188.03794828587,66499.542109465474,8460.507722110855,3609.6751376980192,0.155605273,0.00893096,73.3371565,"{""active"":true,""init"":""halton"",""mutation"":[0.5,1.0],""popsize"":2,""recombination"":0.7,""switch_fraction"":0.25}"
tune,switchf-quarter-p2-halton,switchf,10,1,10,2,2000,2000,9084.7672039097979,,,32278.591766433758,26492.488169490771,19491.122808697412,9084.7672039097979,0.14962336,0.008332464,70.645448,"{""active"":true,""init"":""halton"",""mutation"":[0.5,1.0],""popsize"":2,""recombination"":0.7,""switch_fraction"":0.25}"
tune,switchf-quarter-p2-halton,switchf,15,1,5,1,1000,1000,4.9748928115552644,,,47.690754816125263,17.880794742453986,11.760613927625627,4.9748928115552644,0.080284634,0.003779578,76.505056,"{""active"":true,""init"":""halton"",""mutation"":[0.5,1.0],""popsize"":2,""recombination"":0.7,""switch_fraction"":0.25}"
tune,switchf-quarter-p2-halton,switchf,15,1,5,2,1000,1000,5.9697597761055476,,,42.280679084648909,18.760844961488942,6.8044521670218501,5.9697597761055476,0.080602047,0.003704588,76.897459,"{""active"":true,""init"":""halton"",""mutation"":[0.5,1.0],""popsize"":2,""recombination"":0.7,""switch_fraction"":0.25}"
tune,switchf-quarter-p2-halton,switchf,15,1,10,1,2000,2000,48.887886118690858,,,169.37690598501945,70.871886296552475,48.887886118690858,48.887886118690858,0.168780627,0.011171421,78.804603,"{""active"":true,""init"":""halton"",""mutation"":[0.5,1.0],""popsize"":2,""recombination"":0.7,""switch_fraction"":0.25}"
tune,switchf-quarter-p2-halton,switchf,15,1,10,2,2000,2000,47.630836691388595,,,171.52088203196195,93.12399287900962,63.381170510743686,47.630836691388595,0.151763976,0.009555223,71.1043765,"{""active"":true,""init"":""halton"",""mutation"":[0.5,1.0],""popsize"":2,""recombination"":0.7,""switch_fraction"":0.25}"
tune,switchf-quarter-p2-halton,switchf,20,1,5,1,1000,1000,0.47699908243214395,,,2.0931134001606324,1.6174210691616508,0.57683775712587249,0.47699908243214395,0.091456879,0.004258332,87.198547,"{""active"":true,""init"":""halton"",""mutation"":[0.5,1.0],""popsize"":2,""recombination"":0.7,""switch_fraction"":0.25}"
tune,switchf-quarter-p2-halton,switchf,20,1,5,2,1000,1000,0.47375333885281634,,,2.5128833472350607,1.9251710343613695,0.4827822003600204,0.47375333885281634,0.082623468,0.003920373,78.703095,"{""active"":true,""init"":""halton"",""mutation"":[0.5,1.0],""popsize"":2,""recombination"":0.7,""switch_fraction"":0.25}"
tune,switchf-quarter-p2-halton,switchf,20,1,10,1,2000,2000,0.93100759548531187,,,4.0903619874392234,2.0816311610293496,1.9252787576855326,0.93100759548531187,0.154298951,0.008950555,72.674198,"{""active"":true,""init"":""halton"",""mutation"":[0.5,1.0],""popsize"":2,""recombination"":0.7,""switch_fraction"":0.25}"
tune,switchf-quarter-p2-halton,switchf,20,1,10,2,2000,2000,2.0307145007046756,,,219.0999125482698,3.1328947961080758,2.481609279203667,2.0307145007046756,0.169726856,0.010432435,79.6472105,"{""active"":true,""init"":""halton"",""mutation"":[0.5,1.0],""popsize"":2,""recombination"":0.7,""switch_fraction"":0.25}"
pilot,switchf-off-p2-halton,switchf,1,1,5,1,1000,1000,9.3055518846085761e-10,297,559,1.4120080162691409,0.033891899314156149,6.7043217114814979e-05,9.3055518846085761e-10,0.114709009,0.003823414,110.885595,"{""active"":false,""init"":""halton"",""mutation"":[0.5,1.0],""popsize"":2,""recombination"":0.7}"
pilot,switchf-off-p2-halton,switchf,1,1,5,2,1000,1000,9.9475983006414026e-14,236,422,2.8031095050103403,0.0059984794771281713,8.7572411189285049e-07,9.9475983006414026e-14,0.094210994,0.003126383,91.084611,"{""active"":false,""init"":""halton"",""mutation"":[0.5,1.0],""popsize"":2,""recombination"":0.7}"
pilot,switchf-off-p2-halton,switchf,1,1,10,1,2000,2000,5.7120590213344258e-07,951,1535,8.3947760281582049,0.57500967370891942,0.0066258372222165463,5.7120590213344258e-07,0.161640022,0.00591529,77.862366,"{""active"":false,""init"":""halton"",""mutation"":[0.5,1.0],""popsize"":2,""recombination"":0.7}"
pilot,switchf-off-p2-halton,switchf,1,1,10,2,2000,2000,1.7267905150220031e-07,1023,1608,18.409489228276485,0.95463788677885475,0.012700062794436917,1.7267905150220031e-07,0.163622798,0.006315733,78.6535325,"{""active"":false,""init"":""halton"",""mutation"":[0.5,1.0],""popsize"":2,""recombination"":0.7}"
pilot,switchf-off-p2-halton,switchf,1,2,5,1,1000,1000,1.1425527191022411e-11,343,634,2.4650622228377301,0.53545156471864175,0.00011645937934190442,1.1425527191022411e-11,0.083360687,0.00272848,80.632207,"{""active"":false,""init"":""halton"",""mutation"":[0.5,1.0],""popsize"":2,""recombination"":0.7}"
pilot,switchf-off-p2-halton,switchf,1,2,5,2,1000,1000,2.8773570193152409e-09,320,527,3.0328460014567327,0.056747844235303546,3.7278465242707171e-05,2.8773570193152409e-09,0.080557843,0.002605849,77.951994,"{""active"":false,""init"":""halton"",""mutation"":[0.5,1.0],""popsize"":2,""recombination"":0.7}"
pilot,switchf-off-p2-halton,switchf,1,2,10,1,2000,2000,4.4111402530688792e-07,915,1698,10.188810198565477,1.1110426222303431,0.006779424048772853,4.4111402530688792e-07,0.167675855,0.006150001,80.762927,"{""active"":false,""init"":""halton"",""mutation"":[0.5,1.0],""popsize"":2,""recombination"":0.7}"
pilot,switchf-off-p2-halton,switchf,1,2,10,2,2000,2000,7.6672620252793422e-08,857,1456,13.206515075717903,0.24550595678454101,0.0021198858441380253,7.6672620252793422e-08,0.153019536,0.005609913,73.7048115,"{""active"":false,""init"":""halton"",""mutation"":[0.5,1.0],""popsize"":2,""recombination"":0.7}"
pilot,switchf-off-p2-halton,switchf,3,1,5,1,1000,1000,3.9798380689825876,,,22.114153972662734,14.183616879916485,4.0919681794882194,3.9798380689825876,0.087408878,0.003878605,83.530273,"{""active"":false,""init"":""halton"",""mutation"":[0.5,1.0],""popsize"":2,""recombination"":0.7}"
pilot,switchf-off-p2-halton,switchf,3,1,5,2,1000,1000,2.0021219609283776,,,30.575432706358754,22.411376759295536,9.9844909486565143,2.0021219609283776,0.077161954,0.003572303,73.589651,"{""active"":false,""init"":""halton"",""mutation"":[0.5,1.0],""popsize"":2,""recombination"":0.7}"
pilot,switchf-off-p2-halton,switchf,3,1,10,1,2000,2000,17.664407236626289,,,98.99832131687748,62.721739461288735,45.938915839062531,17.664407236626289,0.15576924,0.009509176,73.130032,"{""active"":false,""init"":""halton"",""mutation"":[0.5,1.0],""popsize"":2,""recombination"":0.7}"
pilot,switchf-off-p2-halton,switchf,3,1,10,2,2000,2000,26.603295711987357,,,100.04014826694868,75.534846088728443,43.251025020710983,26.603295711987357,0.15633391,0.010001774,73.166068,"{""active"":false,""init"":""halton"",""mutation"":[0.5,1.0],""popsize"":2,""recombination"":0.7}"
pilot,switchf-off-p2-halton,switchf,3,2,5,1,1000,1000,1.9899181143681091,,,27.445419809493217,3.5854247378460116,2.0006111075294939,1.9899181143681091,0.087127325,0.003888524,83.238801,"{""active"":false,""init"":""halton"",""mutation"":[0.5,1.0],""popsize"":2,""recombination"":0.7}"
pilot,switchf-off-p2-halton,switchf,3,2,5,2,1000,1000,3.9798437811503931,,,25.341215597257701,16.646245363791166,5.0382754586896823,3.9798437811503931,0.080408718,0.003492165,76.916553,"{""active"":false,""init"":""halton"",""mutation"":[0.5,1.0],""popsize"":2,""recombination"":0.7}"
pilot,switchf-off-p2-halton,switchf,3,2,10,1,2000,2000,25.974431963204623,,,118.93688238811225,53.690072021660228,53.218676121415939,25.974431963204623,0.173082935,0.010581082,81.2509265,"{""active"":false,""init"":""halton"",""mutation"":[0.5,1.0],""popsize"":2,""recombination"":0.7}"
pilot,switchf-off-p2-halton,switchf,3,2,10,2,2000,2000,16.536270718185193,,,110.95111070645763,70.418004287242098,53.716478360213927,16.536270718185193,0.14802073,0.009228657,69.3960365,"{""active"":false,""init"":""halton"",""mutation"":[0.5,1.0],""popsize"":2,""recombination"":0.7}"
pilot,switchf-off-p2-halton,switchf,6,1,5,1,1000,1000,8.8347005224420627e-05,573,,5.3047992136037578,1.0177211343603929,0.025443205243298905,8.8347005224420627e-05,0.082692952,0.003185126,79.507826,"{""active"":false,""init"":""halton"",""mutation"":[0.5,1.0],""popsize"":2,""recombination"":0.7}"
pilot,switchf-off-p2-halton,switchf,6,1,5,2,1000,1000,0.00025149368514121306,715,,21.4921032422778,2.5181014930596746,0.1689684812765222,0.00025149368514121306,0.080027793,0.003082637,76.945156,"{""active"":false,""init"":""halton"",""mutation"":[0.5,1.0],""popsize"":2,""recombination"":0.7}"
pilot,switchf-off-p2-halton,switchf,6,1,10,1,2000,2000,1.8148604468204468,,,75.84370521686148,36.869990869534071,7.7383508412758246,1.8148604468204468,0.161649616,0.007026438,77.311589,"{""active"":false,""init"":""halton"",""mutation"":[0.5,1.0],""popsize"":2,""recombination"":0.7}"
pilot,switchf-off-p2-halton,switchf,6,1,10,2,2000,2000,0.71279060355438872,,,94.173000737823742,25.058771690247688,7.061703423190778,0.71279060355438872,0.144890776,0.006408653,69.2410615,"{""active"":false,""init"":""halton"",""mutation"":[0.5,1.0],""popsize"":2,""recombination"":0.7}"
pilot,switchf-off-p2-halton,switchf,6,2,5,1,1000,1000,0.0050612669618885775,876,,54.845037481626292,12.433950528302265,0.73415508404218954,0.0050612669618885775,0.087750753,0.003313879,84.436874,"{""active"":false,""init"":""halton"",""mutation"":[0.5,1.0],""popsize"":2,""recombination"":0.7}"
pilot,switchf-off-p2-halton,switchf,6,2,5,2,1000,1000,0.012208432774528433,,,31.592982818823319,1.9863321769263216,0.73553039194662162,0.012208432774528433,0.079109314,0.002983481,76.125833,"{""active"":false,""init"":""halton"",""mutation"":[0.5,1.0],""popsize"":2,""recombination"":0.7}"
pilot,switchf-off-p2-halton,switchf,6,2,10,1,2000,2000,0.47797745749048559,,,214.28506079260558,47.11391015730112,18.158939201802045,0.47797745749048559,0.15387956,0.006919362,73.480099,"{""active"":false,""init"":""halton"",""mutation"":[0.5,1.0],""popsize"":2,""recombination"":0.7}"
pilot,switchf-off-p2-halton,switchf,6,2,10,2,2000,2000,1.6797252830033962,,,58.204912078871402,27.443516748105186,12.7191887579629,1.6797252830033962,0.150843023,0.006397877,72.222573,"{""active"":false,""init"":""halton"",""mutation"":[0.5,1.0],""popsize"":2,""recombination"":0.7}"
pilot,switchf-off-p2-halton,switchf,8,1,5,1,1000,1000,4.0717985195641972,,,315.15301745146235,9.4273256894948929,4.4753268489287166,4.0717985195641972,0.084055148,0.002834244,81.220904,"{""active"":false,""init"":""halton"",""mutation"":[0.5,1.0],""popsize"":2,""recombination"":0.7}"
pilot,switchf-off-p2-halton,switchf,8,1,5,2,1000,1000,4.0577731416871643,,,81.852256395032811,7.0817650156981529,4.3641488328809146,4.0577731416871643,0.077093949,0.00257138,74.522569,"{""active"":false,""init"":""halton"",""mutation"":[0.5,1.0],""popsize"":2,""recombination"":0.7}"
pilot,switchf-off-p2-halton,switchf,8,1,10,1,2000,2000,7.176043558550532,,,1625.77265962397,103.63469065473143,16.013325180907401,7.176043558550532,0.148198204,0.005862347,71.1679285,"{""active"":false,""init"":""halton"",""mutation"":[0.5,1.0],""popsize"":2,""recombination"":0.7}"
pilot,switchf-off-p2-halton,switchf,8,1,10,2,2000,2000,5.4002746011131535,,,597.69602194495735,175.16853464556314,10.776288516443913,5.4002746011131535,0.148914653,0.005419446,71.7476035,"{""active"":false,""init"":""halton"",""mutation"":[0.5,1.0],""popsize"":2,""recombination"":0.7}"
pilot,switchf-off-p2-halton,switchf,8,2,5,1,1000,1000,2.4901761550212314,,,73.791143314675764,5.0225497976005045,3.6347269478878843,2.4901761550212314,0.085320731,0.002745583,82.575148,"{""active"":false,""init"":""halton"",""mutation"":[0.5,1.0],""popsize"":2,""recombination"":0.7}"
pilot,switchf-off-p2-halton,switchf,8,2,5,2,1000,1000,0.25620170455624702,,,133.22303195370409,2.426576474901367,1.3205003931919919,0.25620170455624702,0.108912058,0.003654612,105.257446,"{""active"":false,""init"":""halton"",""mutation"":[0.5,1.0],""popsize"":2,""recombination"":0.7}"
pilot,switchf-off-p2-halton,switchf,8,2,10,1,2000,2000,6.7112303638405137,,,1475.5088779438338,257.93705438392976,11.421193137878959,6.7112303638405137,0.158464548,0.005796616,76.333966,"{""active"":false,""init"":""halton"",""mutation"":[0.5,1.0],""popsize"":2,""recombination"":0.7}"
pilot,switchf-off-p2-halton,switchf,8,2,10,2,2000,2000,5.5482939791149875,,,237.26698566040432,16.718859260422391,7.8846336195387039,5.5482939791149875,0.158055877,0.005888169,76.083854,"{""active"":false,""init"":""halton"",""mutation"":[0.5,1.0],""popsize"":2,""recombination"":0.7}"
pilot,switchf-off-p2-halton,switchf,10,1,5,1,1000,1000,38.972215476950751,,,1211.2952946949893,138.30233097673297,68.210329216957618,38.972215476950751,0.088801555,0.00379438,85.007175,"{""active"":false,""init"":""halton"",""mutation"":[0.5,1.0],""popsize"":2,""recombination"":0.7}"
pilot,switchf-off-p2-halton,switchf,10,1,5,2,1000,1000,5.9263754914461657,,,15249.153434798718,1874.0639269784308,1533.716552990071,5.9263754914461657,0.112916418,0.004862575,108.053843,"{""active"":false,""init"":""halton"",""mutation"":[0.5,1.0],""popsize"":2,""recombination"":0.7}"
pilot,switchf-off-p2-halton,switchf,10,1,10,1,2000,2000,2392.7940452526459,,,156751.27366275046,42182.332750495894,12162.711145458385,2392.7940452526459,0.159221415,0.008729634,75.2458905,"{""active"":false,""init"":""halton"",""mutation"":[0.5,1.0],""popsize"":2,""recombination"":0.7}"
pilot,switchf-off-p2-halton,switchf,10,1,10,2,2000,2000,10104.5085445726,,,189742.66038486385,13722.729531790757,11786.959909967634,10104.5085445726,0.160791625,0.008805916,75.9928545,"{""active"":false,""init"":""halton"",""mutation"":[0.5,1.0],""popsize"":2,""recombination"":0.7}"
pilot,switchf-off-p2-halton,switchf,10,2,5,1,1000,1000,70.26031163480846,,,23527.134125224438,6243.431912535847,743.18528766059444,70.26031163480846,0.087238408,0.003772365,83.466043,"{""active"":false,""init"":""halton"",""mutation"":[0.5,1.0],""popsize"":2,""recombination"":0.7}"
pilot,switchf-off-p2-halton,switchf,10,2,5,2,1000,1000,321.50737652684364,,,2827.7234006125068,510.07585442189304,365.89781715181113,321.50737652684364,0.076223365,0.003283548,72.939817,"{""active"":false,""init"":""halton"",""mutation"":[0.5,1.0],""popsize"":2,""recombination"":0.7}"
pilot,switchf-off-p2-halton,switchf,10,2,10,1,2000,2000,3123.08156650502,,,62334.29890353667,62334.29890353667,7701.4198502307863,3123.08156650502,0.149142283,0.008180865,70.480709,"{""active"":false,""init"":""halton"",""mutation"":[0.5,1.0],""popsize"":2,""recombination"":0.7}"
pilot,switchf-off-p2-halton,switchf,10,2,10,2,2000,2000,1843.6385774301323,,,97912.303493134532,39950.115509379437,5972.9845796808258,1843.6385774301323,0.146101984,0.008125429,68.9882775,"{""active"":false,""init"":""halton"",""mutation"":[0.5,1.0],""popsize"":2,""recombination"":0.7}"
pilot,switchf-off-p2-halton,switchf,12,1,5,1,1000,1000,3.0277618100743666,,,88969.950440964662,7521.5275579577628,16.180825974469371,3.0277618100743666,0.081680695,0.003017402,78.663293,"{""active"":false,""init"":""halton"",""mutation"":[0.5,1.0],""popsize"":2,""recombination"":0.7}"
pilot,switchf-off-p2-halton,switchf,12,1,5,2,1000,1000,18.545073327620571,,,314397.3440503286,256.1577962112089,19.914034648635834,18.545073327620571,0.075555092,0.002669886,72.885206,"{""active"":false,""init"":""halton"",""mutation"":[0.5,1.0],""popsize"":2,""recombination"":0.7}"
pilot,switchf-off-p2-halton,switchf,12,1,10,1,2000,2000,21.258153335638667,,,13442655.665751876,1014721.642614429,22807.477002086256,21.258153335638667,0.162623005,0.006973865,77.82457,"{""active"":false,""init"":""halton"",""mutation"":[0.5,1.0],""popsize"":2,""recombination"":0.7}"
pilot,switchf-off-p2-halton,switchf,12,1,10,2,2000,2000,0.48639331188860524,,,2744298.4102763226,130132.30620117066,43.580722520078439,0.48639331188860524,0.148494797,0.006639693,70.927552,"{""active"":false,""init"":""halton"",""mutation"":[0.5,1.0],""popsize"":2,""recombination"":0.7}"
pilot,switchf-off-p2-halton,switchf,12,2,5,1,1000,1000,6.9582139536641421,,,311154.32954368152,1189.6794600411013,8.0263973878233799,6.9582139536641421,0.083483565,0.002933859,80.549706,"{""active"":false,""init"":""halton"",""mutation"":[0.5,1.0],""popsize"":2,""recombination"":0.7}"
pilot,switchf-off-p2-halton,switchf,12,2,5,2,1000,1000,0.91880481805040404,,,1121472.0065360731,1923.0409188092287,1.9895216144606707,0.91880481805040404,0.080897777,0.002764286,78.133491,"{""active"":false,""init"":""halton"",""mutation"":[0.5,1.0],""popsize"":2,""recombination"":0.7}"
pilot,switchf-off-p2-halton,switchf,12,2,10,1,2000,2000,0.32443620146997887,,,7988388.33370924,752051.99422165193,4210.0623245218721,0.32443620146997887,0.150005501,0.006319529,71.842986,"{""active"":false,""init"":""halton"",""mutation"":[0.5,1.0],""popsize"":2,""recombination"":0.7}"
pilot,switchf-off-p2-halton,switchf,12,2,10,2,2000,2000,3.0977045582994549,,,4930000.2525231782,241620.64240485369,3035.865693240718,3.0977045582994549,0.153535496,0.006559503,73.4879965,"{""active"":false,""init"":""halton"",""mutation"":[0.5,1.0],""popsize"":2,""recombination"":0.7}"
pilot,switchf-off-p2-halton,switchf,15,1,5,1,1000,1000,1.9899214298344532,,,31.600723362625331,11.824873423179952,2.4010637203866736,1.9899214298344532,0.087259188,0.003893577,83.365611,"{""active"":false,""init"":""halton"",""mutation"":[0.5,1.0],""popsize"":2,""recombination"":0.7}"
pilot,switchf-off-p2-halton,switchf,15,1,5,2,1000,1000,3.0196926036815057,,,38.874485692157577,22.875337946814511,13.960377495009652,3.0196926036815057,0.076308094,0.003720539,72.587555,"{""active"":false,""init"":""halton"",""mutation"":[0.5,1.0],""popsize"":2,""recombination"":0.7}"
pilot,switchf-off-p2-halton,switchf,15,1,10,1,2000,2000,48.374012351870306,,,169.37690598501945,73.729366307999726,73.729366307999726,48.374012351870306,0.150155172,0.009728371,70.2134005,"{""active"":false,""init"":""halton"",""mutation"":[0.5,1.0],""popsize"":2,""recombination"":0.7}"
pilot,switchf-off-p2-halton,switchf,15,1,10,2,2000,2000,62.149345982929844,,,159.71174067302263,108.51617142351392,84.906127911463727,62.149345982929844,0.152033738,0.010019153,71.0072925,"{""active"":false,""init"":""halton"",""mutation"":[0.5,1.0],""popsize"":2,""recombination"":0.7}"
pilot,switchf-off-p2-halton,switchf,15,2,5,1,1000,1000,3.0604468470091319,,,33.340194894892633,15.147544634891815,7.8552589003902256,3.0604468470091319,0.080340617,0.003660504,76.680113,"{""active"":false,""init"":""halton"",""mutation"":[0.5,1.0],""popsize"":2,""recombination"":0.7}"
pilot,switchf-off-p2-halton,switchf,15,2,5,2,1000,1000,33.833290406018889,,,41.051123619253701,41.051123619253701,34.451158598017869,33.833290406018889,0.089158983,0.003896998,85.261985,"{""active"":false,""init"":""halton"",""mutation"":[0.5,1.0],""popsize"":2,""recombination"":0.7}"
pilot,switchf-off-p2-halton,switchf,15,2,10,1,2000,2000,43.528073018305719,,,107.15098407689817,80.882434848167321,64.220544608159315,43.528073018305719,0.151131533,0.009670593,70.73047,"{""active"":false,""init"":""halton"",""mutation"":[0.5,1.0],""popsize"":2,""recombination"":0.7}"
pilot,switchf-off-p2-halton,switchf,15,2,10,2,2000,2000,56.970785446802438,,,139.2764101778404,94.943919471952711,88.260522855950882,56.970785446802438,0.154912413,0.009727182,72.5926155,"{""active"":false,""init"":""halton"",""mutation"":[0.5,1.0],""popsize"":2,""recombination"":0.7}"
pilot,switchf-off-p2-halton,switchf,17,1,5,1,1000,1000,1.0094595503360644,,,5.5303781886878092,1.364975370378497,1.0610097289342697,1.0094595503360644,0.076747242,0.003231353,73.515889,"{""active"":false,""init"":""halton"",""mutation"":[0.5,1.0],""popsize"":2,""recombination"":0.7}"
pilot,switchf-off-p2-halton,switchf,17,1,5,2,1000,1000,0.05270069242369857,,,1.7612361423983227,0.79000604531871943,0.17828615993224162,0.05270069242369857,0.098925441,0.004322596,94.602845,"{""active"":false,""init"":""halton"",""mutation"":[0.5,1.0],""popsize"":2,""recombination"":0.7}"
pilot,switchf-off-p2-halton,switchf,17,1,10,1,2000,2000,0.3154112341899129,,,4.9007985588359428,2.696816963647624,0.98671031669663023,0.3154112341899129,0.160466354,0.00894124,75.762557,"{""active"":false,""init"":""halton"",""mutation"":[0.5,1.0],""popsize"":2,""recombination"":0.7}"
pilot,switchf-off-p2-halton,switchf,17,1,10,2,2000,2000,0.076727403267987881,,,2.962383181765615,1.3315476382786375,0.15142192490979056,0.076727403267987881,0.156467209,0.008730015,73.868597,"{""active"":false,""init"":""halton"",""mutation"":[0.5,1.0],""popsize"":2,""recombination"":0.7}"
pilot,switchf-off-p2-halton,switchf,17,2,5,1,1000,1000,0.014449561686625145,,,2.4846331683264147,0.41218933404123703,0.073494880934433127,0.014449561686625145,0.084338669,0.003640427,80.698242,"{""active"":false,""init"":""halton"",""mutation"":[0.5,1.0],""popsize"":2,""recombination"":0.7}"
pilot,switchf-off-p2-halton,switchf,17,2,5,2,1000,1000,0.040888153549431649,,,3.7177353494593355,0.2199345981905374,0.061575384533838928,0.040888153549431649,0.076056821,0.003303812,72.753009,"{""active"":false,""init"":""halton"",""mutation"":[0.5,1.0],""popsize"":2,""recombination"":0.7}"
pilot,switchf-off-p2-halton,switchf,17,2,10,1,2000,2000,0.20012305732142366,,,4.6621979186336446,1.8690302926306934,0.44575061224883328,0.20012305732142366,0.148707948,0.008258192,70.224878,"{""active"":false,""init"":""halton"",""mutation"":[0.5,1.0],""popsize"":2,""recombination"":0.7}"
pilot,switchf-off-p2-halton,switchf,17,2,10,2,2000,2000,0.10752543906628631,,,4.6222433944153565,2.3364779130612696,1.0771837175770678,0.10752543906628631,0.151412878,0.008595872,71.408503,"{""active"":false,""init"":""halton"",""mutation"":[0.5,1.0],""popsize"":2,""recombination"":0.7}"
pilot,switchf-off-p2-halton,switchf,20,1,5,1,1000,1000,0.9080326898599651,,,2.6365333223686775,2.2418077990409984,0.91183057571947757,0.9080326898599651,0.080146073,0.003860397,76.285676,"{""active"":false,""init"":""halton"",""mutation"":[0.5,1.0],""popsize"":2,""recombination"":0.7}"
pilot,switchf-off-p2-halton,switchf,20,1,5,2,1000,1000,1.5706585100973598,,,2.7917487375246992,1.9158664872134068,1.6035985036037346,1.5706585100973598,0.084971546,0.004025165,80.946381,"{""active"":false,""init"":""halton"",""mutation"":[0.5,1.0],""popsize"":2,""recombination"":0.7}"
pilot,switchf-off-p2-halton,switchf,20,1,10,1,2000,2000,0.59276901133125648,,,96.40243607304609,2.7922186238705535,1.1079975144632499,0.59276901133125648,0.173007923,0.00972062,81.6436515,"{""active"":false,""init"":""halton"",""mutation"":[0.5,1.0],""popsize"":2,""recombination"":0.7}"
pilot,switchf-off-p2-halton,switchf,20,1,10,2,2000,2000,1.4298360200670004,,,219.0999125482698,2.6653927835351396,2.3064835507834687,1.4298360200670004,0.15293199,0.009264738,71.833626,"{""active"":false,""init"":""halton"",""mutation"":[0.5,1.0],""popsize"":2,""recombination"":0.7}"
pilot,switchf-off-p2-halton,switchf,20,2,5,1,1000,1000,0.82909013294965916,,,3.6773120628201923,1.5193916017739184,0.83135895776842972,0.82909013294965916,0.088995936,0.00420058,84.795356,"{""active"":false,""init"":""halton"",""mutation"":[0.5,1.0],""popsize"":2,""recombination"":0.7}"
pilot,switchf-off-p2-halton,switchf,20,2,5,2,1000,1000,0.23687668284219399,,,2.9534224938225861,1.8671512959501797,0.26823308543714575,0.23687668284219399,0.080957114,0.003835015,77.122099,"{""active"":false,""init"":""halton"",""mutation"":[0.5,1.0],""popsize"":2,""recombination"":0.7}"
pilot,switchf-off-p2-halton,switchf,20,2,10,1,2000,2000,1.581146053345833,,,16.061473314303839,2.9794177011614238,2.797092030088379,1.581146053345833,0.162622303,0.009691793,76.465255,"{""active"":false,""init"":""halton"",""mutation"":[0.5,1.0],""popsize"":2,""recombination"":0.7}"
pilot,switchf-off-p2-halton,switchf,20,2,10,2,2000,2000,1.0285351342078002,,,4.115733281398775,2.1869767442382226,1.5947980469310323,1.0285351342078002,0.156694443,0.00903111,73.8316665,"{""active"":false,""init"":""halton"",""mutation"":[0.5,1.0],""popsize"":2,""recombination"":0.7}"
pilot,switchf-off-p2-halton,switchf,23,1,5,1,1000,1000,1.2338205207051844,,,3.2464663529676452,1.2338205207051844,1.2338205207051844,1.2338205207051844,0.077459994,0.003571415,73.888579,"{""active"":false,""init"":""halton"",""mutation"":[0.5,1.0],""popsize"":2,""recombination"":0.7}"
pilot,switchf-off-p2-halton,switchf,23,1,5,2,1000,1000,1.6741441902451184,,,6.0164499008713124,2.9193909416450436,1.8568652289823726,1.6741441902451184,0.079497003,0.003562637,75.934366,"{""active"":false,""init"":""halton"",""mutation"":[0.5,1.0],""popsize"":2,""recombination"":0.7}"
pilot,switchf-off-p2-halton,switchf,23,1,10,1,2000,2000,2.6108637948401894,,,2.6108637948401894,2.6108637948401894,2.6108637948401894,2.6108637948401894,0.153792862,0.008666781,72.5630405,"{""active"":false,""init"":""halton"",""mutation"":[0.5,1.0],""popsize"":2,""recombination"":0.7}"
pilot,switchf-off-p2-halton,switchf,23,1,10,2,2000,2000,2.3790925941125698,,,3.2167357009920599,2.7892215848487973,2.7892215848487973,2.3790925941125698,0.155517407,0.008749122,73.3841425,"{""active"":false,""init"":""halton"",""mutation"":[0.5,1.0],""popsize"":2,""recombination"":0.7}"
pilot,switchf-off-p2-halton,switchf,23,2,5,1,1000,1000,2.3939720732486935,,,3.6222124397346755,2.3939720732486935,2.3939720732486935,2.3939720732486935,0.075171674,0.003276819,71.894855,"{""active"":false,""init"":""halton"",""mutation"":[0.5,1.0],""popsize"":2,""recombination"":0.7}"
pilot,switchf-off-p2-halton,switchf,23,2,5,2,1000,1000,1.8326167792772396,,,5.6644801306442272,1.8326167792772396,1.8326167792772396,1.8326167792772396,0.077149605,0.003534495,73.61511,"{""active"":false,""init"":""halton"",""mutation"":[0.5,1.0],""popsize"":2,""recombination"":0.7}"
pilot,switchf-off-p2-halton,switchf,23,2,10,1,2000,2000,2.4491470046036934,,,3.0379654198555102,3.0379654198555102,3.0379654198555102,2.4491470046036934,0.165861838,0.009650108,78.105865,"{""active"":false,""init"":""halton"",""mutation"":[0.5,1.0],""popsize"":2,""recombination"":0.7}"
pilot,switchf-off-p2-halton,switchf,23,2,10,2,2000,2000,2.1420039713525929,,,3.1003936557570309,2.9007261710517089,2.9007261710517089,2.1420039713525929,0.169567585,0.00985089,79.8583475,"{""active"":false,""init"":""halton"",""mutation"":[0.5,1.0],""popsize"":2,""recombination"":0.7}"
pilot,switchf-quarter-p2-halton,switchf,1,1,5,1,1000,1000,7.2475359047530219e-13,236,456,1.7579434415586377,0.0062679456713254922,1.7902903408639759e-06,7.2475359047530219e-13,0.080437198,0.00257061,77.866588,"{""active"":true,""init"":""halton"",""mutation"":[0.5,1.0],""popsize"":2,""recombination"":0.7,""switch_fraction"":0.25}"
pilot,switchf-quarter-p2-halton,switchf,1,1,5,2,1000,1000,8.2422957348171622e-13,273,457,1.1026105698494604,0.011532606811186952,3.2010005668325903e-06,8.2422957348171622e-13,0.087885482,0.002809566,85.075916,"{""active"":true,""init"":""halton"",""mutation"":[0.5,1.0],""popsize"":2,""recombination"":0.7,""switch_fraction"":0.25}"
pilot,switchf-quarter-p2-halton,switchf,1,1,10,1,2000,2000,9.5431488489339245e-08,824,1516,8.3947760281582049,1.0442819594794202,0.0018042139310949779,9.5431488489339245e-08,0.164225437,0.00635483,78.9353035,"{""active"":true,""init"":""halton"",""mutation"":[0.5,1.0],""popsize"":2,""recombination"":0.7,""switch_fraction"":0.25}"
pilot,switchf-quarter-p2-halton,switchf,1,1,10,2,2000,2000,8.196439864605054e-07,984,1900,8.2348802987488341,2.7098147669508847,0.008963175008219082,8.196439864605054e-07,0.152909097,0.005955162,73.4769675,"{""active"":true,""init"":""halton"",""mutation"":[0.5,1.0],""popsize"":2,""recombination"":0.7,""switch_fraction"":0.25}"
pilot,switchf-quarter-p2-halton,switchf,1,2,5,1,1000,1000,2.2964741219766438e-11,234,395,2.4650622228377301,0.0017488440752231327,2.9674606594198849e-07,2.2964741219766438e-11,0.092220068,0.002902518,89.31755,"{""active"":true,""init"":""halton"",""mutation"":[0.5,1.0],""popsize"":2,""recombination"":0.7,""switch_fraction"":0.25}"
pilot,switchf-quarter-p2-halton,switchf,1,2,5,2,1000,930,0,217,331,0.71006551868345014,0.0040093599154147341,3.6808842196478508e-08,0,0.074158375,0.002360293,77.2022387,"{""active"":true,""init"":""halton"",""mutation"":[0.5,1.0],""popsize"":2,""recombination"":0.7,""switch_fraction"":0.25}"
pilot,switchf-quarter-p2-halton,switchf,1,2,10,1,2000,2000,1.8641950418896158e-06,985,1749,9.3793606836403569,0.71553509146099259,0.0082362416264913918,1.8641950418896158e-06,0.153294814,0.005856572,73.719121,"{""active"":true,""init"":""halton"",""mutation"":[0.5,1.0],""popsize"":2,""recombination"":0.7,""switch_fraction"":0.25}"
pilot,switchf-quarter-p2-halton,switchf,1,2,10,2,2000,2000,9.5609402706031688e-07,998,1761,10.764899883055932,0.2589948620087057,0.0083592266304890472,9.5609402706031688e-07,0.151747157,0.005749155,72.999001,"{""active"":true,""init"":""halton"",""mutation"":[0.5,1.0],""popsize"":2,""recombination"":0.7,""switch_fraction"":0.25}"
pilot,switchf-quarter-p2-halton,switchf,3,1,5,1,1000,1000,8.954621438427921,,,38.314728470824662,11.19191271787048,8.955401181663774,8.954621438427921,0.080611868,0.003489641,77.122227,"{""active"":true,""init"":""halton"",""mutation"":[0.5,1.0],""popsize"":2,""recombination"":0.7,""switch_fraction"":0.25}"
pilot,switchf-quarter-p2-halton,switchf,3,1,5,2,1000,1000,8.9546215103661098,,,29.355143566708989,20.036877553363126,9.4658778687148697,8.9546215103661098,0.087319144,0.003787582,83.531562,"{""active"":true,""init"":""halton"",""mutation"":[0.5,1.0],""popsize"":2,""recombination"":0.7,""switch_fraction"":0.25}"
pilot,switchf-quarter-p2-halton,switchf,3,1,10,1,2000,2000,9.0585345952888474,,,98.99832131687748,73.668931186177701,38.300509627885674,9.0585345952888474,0.14924569,0.009103735,70.0709775,"{""active"":true,""init"":""halton"",""mutation"":[0.5,1.0],""popsize"":2,""recombination"":0.7,""switch_fraction"":0.25}"
pilot,switchf-quarter-p2-halton,switchf,3,1,10,2,2000,2000,29.091700260307903,,,100.04014826694868,59.953305375132345,50.647430228454994,29.091700260307903,0.151932743,0.009362385,71.285179,"{""active"":true,""init"":""halton"",""mutation"":[0.5,1.0],""popsize"":2,""recombination"":0.7,""switch_fraction"":0.25}"
pilot,switchf-quarter-p2-halton,switchf,3,2,5,1,1000,1000,5.9703456741121954,,,32.084365534396895,11.730554254688059,6.9792734894302697,5.9703456741121954,0.089387261,0.003843447,85.543814,"{""active"":true,""init"":""halton"",""mutation"":[0.5,1.0],""popsize"":2,""recombination"":0.7,""switch_fraction"":0.25}"
pilot,switchf-quarter-p2-halton,switchf,3,2,5,2,1000,1000,0.99495912008654841,,,32.566380393435338,15.169354243431343,2.2735801658580357,0.99495912008654841,0.078724943,0.003544164,75.180779,"{""active"":true,""init"":""halton"",""mutation"":[0.5,1.0],""popsize"":2,""recombination"":0.7,""switch_fraction"":0.25}"
pilot,switchf-quarter-p2-halton,switchf,3,2,10,1,2000,2000,17.022550189456609,,,118.93688238811225,46.652839256174914,42.957702648485849,17.022550189456609,0.162456289,0.01038121,76.0375395,"{""active"":true,""init"":""halton"",""mutation"":[0.5,1.0],""popsize"":2,""recombination"":0.7,""switch_fraction"":0.25}"
pilot,switchf-quarter-p2-halton,switchf,3,2,10,2,2000,2000,38.212028533558851,,,110.95111070645763,81.097992943691537,66.528012143966947,38.212028533558851,0.163523845,0.01002374,76.7500525,"{""active"":true,""init"":""halton"",""mutation"":[0.5,1.0],""popsize"":2,""recombination"":0.7,""switch_fraction"":0.25}"
pilot,switchf-quarter-p2-halton,switchf,6,1,5,1,1000,1000,0.00015932027561404993,698,,12.977378385014887,3.1465018960029099,0.20118261969037121,0.00015932027561404993,0.080668945,0.003125518,77.543427,"{""active"":true,""init"":""halton"",""mutation"":[0.5,1.0],""popsize"":2,""recombination"":0.7,""switch_fraction"":0.25}"
pilot,switchf-quarter-p2-halton,switchf,6,1,5,2,1000,1000,0.01261413137080325,,,21.4921032422778,4.3738050881059181,0.34479906124971649,0.01261413137080325,0.08020152,0.002967578,77.233942,"{""active"":true,""init"":""halton"",""mutation"":[0.5,1.0],""popsize"":2,""recombination"":0.7,""switch_fraction"":0.25}"
pilot,switchf-quarter-p2-halton,switchf,6,1,10,1,2000,2000,0.56907700732428879,,,55.317685745053758,12.377874998535354,3.0750041278109634,0.56907700732428879,0.149125623,0.006660599,71.232512,"{""active"":true,""init"":""halton"",""mutation"":[0.5,1.0],""popsize"":2,""recombination"":0.7,""switch_fraction"":0.25}"
pilot,switchf-quarter-p2-halton,switchf,6,1,10,2,2000,2000,2.5594679663165749,,,140.06645376997105,54.177356914559958,22.536621340618147,2.5594679663165749,0.150755587,0.006637357,72.059115,"{""active"":true,""init"":""halton"",""mutation"":[0.5,1.0],""popsize"":2,""recombination"":0.7,""switch_fraction"":0.25}"
pilot,switchf-quarter-p2-halton,switchf,6,2,5,1,1000,1000,0.0021280783779644707,779,,25.679581571346358,1.4041057828055266,0.10156208364479014,0.0021280783779644707,0.097577945,0.003629897,93.948048,"{""active"":true,""init"":""halton"",""mutation"":[0.5,1.0],""popsize"":2,""recombination"":0.7,""switch_fraction"":0.25}"
pilot,switchf-quarter-p2-halton,switchf,6,2,5,2,1000,1000,0.00088295370332147627,855,,51.710807147649376,12.679323113286781,0.40882045005233891,0.00088295370332147627,0.085473849,0.003228968,82.244881,"{""active"":true,""init"":""halton"",""mutation"":[0.5,1.0],""popsize"":2,""recombination"":0.7,""switch_fraction"":0.25}"
pilot,switchf-quarter-p2-halton,switchf,6,2,10,1,2000,2000,0.33494989084788429,,,108.72706476342722,60.441235541973015,10.887323020572584,0.33494989084788429,0.1509422,0.006304352,72.318924,"{""active"":true,""init"":""halton"",""mutation"":[0.5,1.0],""popsize"":2,""recombination"":0.7,""switch_fraction"":0.25}"
pilot,switchf-quarter-p2-halton,switchf,6,2,10,2,2000,2000,2.7262028323298857,,,58.204912078871402,45.906098908078661,23.800641236586099,2.7262028323298857,0.180098562,0.008005043,86.0467595,"{""active"":true,""init"":""halton"",""mutation"":[0.5,1.0],""popsize"":2,""recombination"":0.7,""switch_fraction"":0.25}"
pilot,switchf-quarter-p2-halton,switchf,8,1,5,1,1000,1000,1.9229742413153588,,,143.7331219115151,26.606888202894879,4.0577830505578447,1.9229742413153588,0.081214246,0.002583871,78.630375,"{""active"":true,""init"":""halton"",""mutation"":[0.5,1.0],""popsize"":2,""recombination"":0.7,""switch_fraction"":0.25}"
pilot,switchf-quarter-p2-halton,switchf,8,1,5,2,1000,1000,4.1684683638662534,,,25.494695050847554,14.530208759743971,4.2766190005044677,4.1684683638662534,0.085195042,0.002747656,82.447386,"{""active"":true,""init"":""halton"",""mutation"":[0.5,1.0],""popsize"":2,""recombination"":0.7,""switch_fraction"":0.25}"
pilot,switchf-quarter-p2-halton,switchf,8,1,10,1,2000,2000,2.3112644047368178,,,1625.77265962397,237.16501543339356,12.92276840167645,2.3112644047368178,0.150067636,0.005808316,72.12966,"{""active"":true,""init"":""halton"",""mutation"":[0.5,1.0],""popsize"":2,""recombination"":0.7,""switch_fraction"":0.25}"
pilot,switchf-quarter-p2-halton,switchf,8,1,10,2,2000,2000,6.623082593699877,,,836.89066478139227,267.98747709981899,24.505265360029625,6.623082593699877,0.161443125,0.006011979,77.715573,"{""active"":true,""init"":""halton"",""mutation"":[0.5,1.0],""popsize"":2,""recombination"":0.7,""switch_fraction"":0.25}"
pilot,switchf-quarter-p2-halton,switchf,8,2,5,1,1000,1000,0.24614860092390245,,,263.44130102295185,7.5258728743997381,1.3201276948689156,0.24614860092390245,0.077112887,0.002525178,74.587709,"{""active"":true,""init"":""halton"",""mutation"":[0.5,1.0],""popsize"":2,""recombination"":0.7,""switch_fraction"":0.25}"
pilot,switchf-quarter-p2-halton,switchf,8,2,5,2,1000,1000,0.5427390326465229,,,121.52009173792135,8.4094542709049165,2.2067122139513913,0.5427390326465229,0.07715038,0.002530389,74.619991,"{""active"":true,""init"":""halton"",""mutation"":[0.5,1.0],""popsize"":2,""recombination"":0.7,""switch_fraction"":0.25}"
pilot,switchf-quarter-p2-halton,switchf,8,2,10,1,2000,2000,8.8469362863756942,,,467.49690238321841,108.63504737885842,10.453586018108695,8.8469362863756942,0.149298122,0.005881336,71.708393,"{""active"":true,""init"":""halton"",""mutation"":[0.5,1.0],""popsize"":2,""recombination"":0.7,""switch_fraction"":0.25}"
pilot,switchf-quarter-p2-halton,switchf,8,2,10,2,2000,2000,6.1843860465392027,,,237.26698566040432,15.443483193157931,8.3934466635488434,6.1843860465392027,0.151843149,0.00591271,72.9652195,"{""active"":true,""init"":""halton"",""mutation"":[0.5,1.0],""popsize"":2,""recombination"":0.7,""switch_fraction"":0.25}"
pilot,switchf-quarter-p2-halton,switchf,10,1,5,1,1000,1000,4.5994941748802134,,,2399.3428912569207,86.870985224905411,5.9124303500519133,4.5994941748802134,0.091836429,0.0043718,87.464629,"{""active"":true,""init"":""halton"",""mutation"":[0.5,1.0],""popsize"":2,""recombination"":0.7,""switch_fraction"":0.25}"
pilot,switchf-quarter-p2-halton,switchf,10,1,5,2,1000,1000,8.6743991372943725,,,38401.288823568735,1834.2651624551154,182.30738236015242,8.6743991372943725,0.078034137,0.003459405,74.574732,"{""active"":true,""init"":""halton"",""mutation"":[0.5,1.0],""popsize"":2,""recombination"":0.7,""switch_fraction"":0.25}"
pilot,switchf-quarter-p2-halton,switchf,10,1,10,1,2000,2000,3609.6751376980192,,,172188.03794828587,66499.542109465474,8460.507722110855,3609.6751376980192,0.150427796,0.008476771,70.9755125,"{""active"":true,""init"":""halton"",""mutation"":[0.5,1.0],""popsize"":2,""recombination"":0.7,""switch_fraction"":0.25}"
pilot,switchf-quarter-p2-halton,switchf,10,1,10,2,2000,2000,9084.7672039097979,,,32278.591766433758,26492.488169490771,19491.122808697412,9084.7672039097979,0.16166031,0.008904321,76.3779945,"{""active"":true,""init"":""halton"",""mutation"":[0.5,1.0],""popsize"":2,""recombination"":0.7,""switch_fraction"":0.25}"
pilot,switchf-quarter-p2-halton,switchf,10,2,5,1,1000,1000,693.93271742558375,,,26822.328210113435,12261.518720534878,4241.6370631411364,693.93271742558375,0.078613708,0.003310405,75.303303,"{""active"":true,""init"":""halton"",""mutation"":[0.5,1.0],""popsize"":2,""recombination"":0.7,""switch_fraction"":0.25}"
pilot,switchf-quarter-p2-halton,switchf,10,2,5,2,1000,1000,111.04726785123384,,,1705.3087627200157,730.95284698358444,161.06407231430558,111.04726785123384,0.08310216,0.003674501,79.427659,"{""active"":true,""init"":""halton"",""mutation"":[0.5,1.0],""popsize"":2,""recombination"":0.7,""switch_fraction"":0.25}"
pilot,switchf-quarter-p2-halton,switchf,10,2,10,1,2000,2000,2058.7628410613534,,,62334.29890353667,21314.458459350742,3832.0135356065425,2058.7628410613534,0.147710539,0.008464861,69.622839,"{""active"":true,""init"":""halton"",""mutation"":[0.5,1.0],""popsize"":2,""recombination"":0.7,""switch_fraction"":0.25}"
pilot,switchf-quarter-p2-halton,switchf,10,2,10,2,2000,2000,3138.3738492668581,,,40042.941711069405,19950.196138918072,7364.0327055410944,3138.3738492668581,0.162146892,0.008843829,76.6515315,"{""active"":true,""init"":""halton"",""mutation"":[0.5,1.0],""popsize"":2,""recombination"":0.7,""switch_fraction"":0.25}"
pilot,switchf-quarter-p2-halton,switchf,12,1,5,1,1000,1000,0.99367169613492479,,,121257.02984492248,10350.695407127583,23.149306716937303,0.99367169613492479,0.077288758,0.002781148,74.50761,"{""active"":true,""init"":""halton"",""mutation"":[0.5,1.0],""popsize"":2,""recombination"":0.7,""switch_fraction"":0.25}"
pilot,switchf-quarter-p2-halton,switchf,12,1,5,2,1000,1000,7.3456556770601082,,,285068.73499064526,6193.9594318691998,10.137383444467446,7.3456556770601082,0.082999052,0.002989485,80.009567,"{""active"":true,""init"":""halton"",""mutation"":[0.5,1.0],""popsize"":2,""recombination"":0.7,""switch_fraction"":0.25}"
pilot,switchf-quarter-p2-halton,switchf,12,1,10,1,2000,2000,8.0537814928986791,,,13442655.665751876,347050.38300627883,2733.2713852154702,8.0537814928986791,0.149892164,0.006282794,71.804685,"{""active"":true,""init"":""halton"",""mutation"":[0.5,1.0],""popsize"":2,""recombination"":0.7,""switch_fraction"":0.25}"
pilot,switchf-quarter-p2-halton,switchf,12,1,10,2,2000,2000,1.6440189214681595,,,3557406.2711693975,518609.99928580062,2829.9351299142209,1.6440189214681595,0.173472258,0.007591775,82.9402415,"{""active"":true,""init"":""halton"",""mutation"":[0.5,1.0],""popsize"":2,""recombination"":0.7,""switch_fraction"":0.25}"
pilot,switchf-quarter-p2-halton,switchf,12,2,5,1,1000,1000,7.380432493201738,,,443330.52697469317,250.4223628444993,8.866673414054759,7.380432493201738,0.078539745,0.002716888,75.822857,"{""active"":true,""init"":""halton"",""mutation"":[0.5,1.0],""popsize"":2,""recombination"":0.7,""switch_fraction"":0.25}"
pilot,switchf-quarter-p2-halton,switchf,12,2,5,2,1000,1000,0.74860777633773523,,,100812.38465198829,319.75785345599422,4.3575361314883025,0.74860777633773523,0.077193618,0.002700653,74.492965,"{""active"":true,""init"":""halton"",""mutation"":[0.5,1.0],""popsize"":2,""recombination"":0.7,""switch_fraction"":0.25}"
pilot,switchf-quarter-p2-halton,switchf,12,2,10,1,2000,2000,1.0789789970508821,,,8720192.7346621193,213821.33668855572,6186.4717429691473,1.0789789970508821,0.153808247,0.006455165,73.676541,"{""active"":true,""init"":""halton"",""mutation"":[0.5,1.0],""popsize"":2,""recombination"":0.7,""switch_fraction"":0.25}"
pilot,switchf-quarter-p2-halton,switchf,12,2,10,2,2000,2000,49.93375211718967,,,5732227.9480611915,489138.71432631335,11353.481560343913,49.93375211718967,0.149569153,0.006678529,71.445312,"{""active"":true,""init"":""halton"",""mutation"":[0.5,1.0],""popsize"":2,""recombination"":0.7,""switch_fraction"":0.25}"
pilot,switchf-quarter-p2-halton,switchf,15,1,5,1,1000,1000,4.9748928115552644,,,47.690754816125263,17.880794742453986,11.760613927625627,4.9748928115552644,0.078046074,0.0035277,74.518374,"{""active"":true,""init"":""halton"",""mutation"":[0.5,1.0],""popsize"":2,""recombination"":0.7,""switch_fraction"":0.25}"
pilot,switchf-quarter-p2-halton,switchf,15,1,5,2,1000,1000,5.9697597761055476,,,42.280679084648909,18.760844961488942,6.8044521670218501,5.9697597761055476,0.07905035,0.003599149,75.451201,"{""active"":true,""init"":""halton"",""mutation"":[0.5,1.0],""popsize"":2,""recombination"":0.7,""switch_fraction"":0.25}"
pilot,switchf-quarter-p2-halton,switchf,15,1,10,1,2000,2000,48.887886118690858,,,169.37690598501945,70.871886296552475,48.887886118690858,48.887886118690858,0.150118781,0.009419305,70.349738,"{""active"":true,""init"":""halton"",""mutation"":[0.5,1.0],""popsize"":2,""recombination"":0.7,""switch_fraction"":0.25}"
pilot,switchf-quarter-p2-halton,switchf,15,1,10,2,2000,2000,47.630836691388595,,,171.52088203196195,93.12399287900962,63.381170510743686,47.630836691388595,0.150893476,0.009498589,70.6974435,"{""active"":true,""init"":""halton"",""mutation"":[0.5,1.0],""popsize"":2,""recombination"":0.7,""switch_fraction"":0.25}"
pilot,switchf-quarter-p2-halton,switchf,15,2,5,1,1000,1000,6.9647249444985277,,,33.767721951664214,12.164447787850946,8.9790839096656327,6.9647249444985277,0.09018566,0.004036904,86.148756,"{""active"":true,""init"":""halton"",""mutation"":[0.5,1.0],""popsize"":2,""recombination"":0.7,""switch_fraction"":0.25}"
pilot,switchf-quarter-p2-halton,switchf,15,2,5,2,1000,1000,9.7286376148343692,,,36.390306012758401,31.189783027359283,24.10893780918579,9.7286376148343692,0.076521969,0.003621998,72.899971,"{""active"":true,""init"":""halton"",""mutation"":[0.5,1.0],""popsize"":2,""recombination"":0.7,""switch_fraction"":0.25}"
pilot,switchf-quarter-p2-halton,switchf,15,2,10,1,2000,2000,62.119078183699429,,,107.15098407689817,82.555726987036877,64.934053506619648,62.119078183699429,0.149618365,0.009368554,70.1249055,"{""active"":true,""init"":""halton"",""mutation"":[0.5,1.0],""popsize"":2,""recombination"":0.7,""switch_fraction"":0.25}"
pilot,switchf-quarter-p2-halton,switchf,15,2,10,2,2000,2000,46.853957137059126,,,136.86959740724186,105.66178321310329,55.664115087694441,46.853957137059126,0.152148377,0.009566188,71.2910945,"{""active"":true,""init"":""halton"",""mutation"":[0.5,1.0],""popsize"":2,""recombination"":0.7,""switch_fraction"":0.25}"
pilot,switchf-quarter-p2-halton,switchf,17,1,5,1,1000,1000,0.096204649840384349,,,5.4589925757837392,1.091956729181037,0.23999510305988991,0.096204649840384349,0.08001132,0.003372033,76.639287,"{""active"":true,""init"":""halton"",""mutation"":[0.5,1.0],""popsize"":2,""recombination"":0.7,""switch_fraction"":0.25}"
pilot,switchf-quarter-p2-halton,switchf,17,1,5,2,1000,1000,0.0068659251496150375,809,,3.3253297322534667,0.61940479324117703,0.044269061358189532,0.0068659251496150375,0.07666445,0.003432152,73.232298,"{""active"":true,""init"":""halton"",""mutation"":[0.5,1.0],""popsize"":2,""recombination"":0.7,""switch_fraction"":0.25}"
pilot,switchf-quarter-p2-halton,switchf,17,1,10,1,2000,2000,0.12870510375022093,,,3.8445901659113559,1.5775339634049139,0.73259150313205978,0.12870510375022093,0.16277054,0.009002172,76.884184,"{""active"":true,""init"":""halton"",""mutation"":[0.5,1.0],""popsize"":2,""recombination"":0.7,""switch_fraction"":0.25}"
pilot,switchf-quarter-p2-halton,switchf,17,1,10,2,2000,2000,0.080195088445517371,,,2.962383181765615,1.0580989040469504,0.37104093541419303,0.080195088445517371,0.1633983,0.009312491,77.0429045,"{""active"":true,""init"":""halton"",""mutation"":[0.5,1.0],""popsize"":2,""recombination"":0.7,""switch_fraction"":0.25}"
pilot,switchf-quarter-p2-halton,switchf,17,2,5,1,1000,1000,0.34990075611277405,,,3.2235046508472784,1.5812082686344233,0.48833675295780665,0.34990075611277405,0.083359813,0.00357757,79.782243,"{""active"":true,""init"":""halton"",""mutation"":[0.5,1.0],""popsize"":2,""recombination"":0.7,""switch_fraction"":0.25}"
pilot,switchf-quarter-p2-halton,switchf,17,2,5,2,1000,1000,0.043803525026493872,,,3.7962218024481587,0.53734174124415901,0.063349808124261386,0.043803525026493872,0.076902425,0.003336934,73.565491,"{""active"":true,""init"":""halton"",""mutation"":[0.5,1.0],""popsize"":2,""recombination"":0.7,""switch_fraction"":0.25}"
pilot,switchf-quarter-p2-halton,switchf,17,2,10,1,2000,2000,0.11449105704475571,,,4.1774344140351438,2.7117481802647205,0.49397360727233419,0.11449105704475571,0.155929229,0.008475361,73.726934,"{""active"":true,""init"":""halton"",""mutation"":[0.5,1.0],""popsize"":2,""recombination"":0.7,""switch_fraction"":0.25}"
pilot,switchf-quarter-p2-halton,switchf,17,2,10,2,2000,2000,0.19243107304863472,,,4.0205464564872422,2.2418320612403768,0.58031020817774248,0.19243107304863472,0.147686286,0.008385838,69.650224,"{""active"":true,""init"":""halton"",""mutation"":[0.5,1.0],""popsize"":2,""recombination"":0.7,""switch_fraction"":0.25}"
pilot,switchf-quarter-p2-halton,switchf,20,1,5,1,1000,1000,0.47699908243214395,,,2.0931134001606324,1.6174210691616508,0.57683775712587249,0.47699908243214395,0.082450512,0.003839007,78.611505,"{""active"":true,""init"":""halton"",""mutation"":[0.5,1.0],""popsize"":2,""recombination"":0.7,""switch_fraction"":0.25}"
pilot,switchf-quarter-p2-halton,switchf,20,1,5,2,1000,1000,0.47375333885281634,,,2.5128833472350607,1.9251710343613695,0.4827822003600204,0.47375333885281634,0.089445555,0.004122844,85.322711,"{""active"":true,""init"":""halton"",""mutation"":[0.5,1.0],""popsize"":2,""recombination"":0.7,""switch_fraction"":0.25}"
pilot,switchf-quarter-p2-halton,switchf,20,1,10,1,2000,2000,0.93100759548531187,,,4.0903619874392234,2.0816311610293496,1.9252787576855326,0.93100759548531187,0.152638404,0.008670828,71.983788,"{""active"":true,""init"":""halton"",""mutation"":[0.5,1.0],""popsize"":2,""recombination"":0.7,""switch_fraction"":0.25}"
pilot,switchf-quarter-p2-halton,switchf,20,1,10,2,2000,2000,2.0307145007046756,,,219.0999125482698,3.1328947961080758,2.481609279203667,2.0307145007046756,0.162516275,0.009816101,76.350087,"{""active"":true,""init"":""halton"",""mutation"":[0.5,1.0],""popsize"":2,""recombination"":0.7,""switch_fraction"":0.25}"
pilot,switchf-quarter-p2-halton,switchf,20,2,5,1,1000,1000,2.092547629555952,,,3.4783103461901419,2.2761180715280034,2.0943604068737613,2.092547629555952,0.088161014,0.004123963,84.037051,"{""active"":true,""init"":""halton"",""mutation"":[0.5,1.0],""popsize"":2,""recombination"":0.7,""switch_fraction"":0.25}"
pilot,switchf-quarter-p2-halton,switchf,20,2,5,2,1000,1000,0.43427933942132313,,,2.2425412082121738,0.69564729705962236,0.45376323690425124,0.43427933942132313,0.08814694,0.004202852,83.944088,"{""active"":true,""init"":""halton"",""mutation"":[0.5,1.0],""popsize"":2,""recombination"":0.7,""switch_fraction"":0.25}"
pilot,switchf-quarter-p2-halton,switchf,20,2,10,1,2000,2000,0.6909824383283194,,,7.7771647238932928,2.4233986546886399,1.2074607071116361,0.6909824383283194,0.153088294,0.00864793,72.220182,"{""active"":true,""init"":""halton"",""mutation"":[0.5,1.0],""popsize"":2,""recombination"":0.7,""switch_fraction"":0.25}"
pilot,switchf-quarter-p2-halton,switchf,20,2,10,2,2000,2000,1.2913782253474437,,,4.2343856127016579,2.6370620195129959,2.1039099658477198,1.2913782253474437,0.148738925,0.009013388,69.8627685,"{""active"":true,""init"":""halton"",""mutation"":[0.5,1.0],""popsize"":2,""recombination"":0.7,""switch_fraction"":0.25}"
pilot,switchf-quarter-p2-halton,switchf,23,1,5,1,1000,1000,2.3159490136838246,,,4.0858756813105943,4.008502435690164,3.4867305413419869,2.3159490136838246,0.075656613,0.003356875,72.299738,"{""active"":true,""init"":""halton"",""mutation"":[0.5,1.0],""popsize"":2,""recombination"":0.7,""switch_fraction"":0.25}"
pilot,switchf-quarter-p2-halton,switchf,23,1,5,2,1000,1000,2.1829763106093543,,,4.0327842918678085,2.1829763106093543,2.1829763106093543,2.1829763106093543,0.075422098,0.003420361,72.001737,"{""active"":true,""init"":""halton"",""mutation"":[0.5,1.0],""popsize"":2,""recombination"":0.7,""switch_fraction"":0.25}"
pilot,switchf-quarter-p2-halton,switchf,23,1,10,1,2000,2000,2.4921601327312688,,,2.6108637948401894,2.6108637948401894,2.6108637948401894,2.4921601327312688,0.165032541,0.00958414,77.7242005,"{""active"":true,""init"":""halton"",""mutation"":[0.5,1.0],""popsize"":2,""recombination"":0.7,""switch_fraction"":0.25}"
pilot,switchf-quarter-p2-halton,switchf,23,1,10,2,2000,2000,2.334037084924101,,,3.2167357009920599,2.334037084924101,2.334037084924101,2.334037084924101,0.152362942,0.008806545,71.7781985,"{""active"":true,""init"":""halton"",""mutation"":[0.5,1.0],""popsize"":2,""recombination"":0.7,""switch_fraction"":0.25}"
pilot,switchf-quarter-p2-halton,switchf,23,2,5,1,1000,1000,1.5513562641312373,,,3.4002671881335007,2.8378642945394539,2.5986276219471227,1.5513562641312373,0.088643995,0.003873168,84.770827,"{""active"":true,""init"":""halton"",""mutation"":[0.5,1.0],""popsize"":2,""recombination"":0.7,""switch_fraction"":0.25}"
pilot,switchf-quarter-p2-halton,switchf,23,2,5,2,1000,1000,3.0320957068672048,,,3.6630660289409556,3.3803730070005198,3.0320957068672048,3.0320957068672048,0.082681869,0.003692092,78.989777,"{""active"":true,""init"":""halton"",""mutation"":[0.5,1.0],""popsize"":2,""recombination"":0.7,""switch_fraction"":0.25}"
pilot,switchf-quarter-p2-halton,switchf,23,2,10,1,2000,2000,2.0237646251199428,,,2.5725755554996748,2.5725755554996748,2.4068351332322857,2.0237646251199428,0.154592034,0.008860133,72.8659505,"{""active"":true,""init"":""halton"",""mutation"":[0.5,1.0],""popsize"":2,""recombination"":0.7,""switch_fraction"":0.25}"
pilot,switchf-quarter-p2-halton,switchf,23,2,10,2,2000,2000,2.6647392105097798,,,3.1003936557570309,3.1003936557570309,2.6647392105097798,2.6647392105097798,0.164314463,0.009279682,77.5173905,"{""active"":true,""init"":""halton"",""mutation"":[0.5,1.0],""popsize"":2,""recombination"":0.7,""switch_fraction"":0.25}"
tune,scipy-best-p1-halton,scipy,1,1,5,1,1000,1000,0.2446434738587584,,,0.47095340993712398,0.24499425800797781,0.24489930334247845,0.2446434738587584,0.058166176,0.002210532,55.955644,"{""init"":""halton"",""popsize"":1,""strategy"":""best1bin"",""updating"":""immediate""}"
tune,scipy-best-p1-halton,scipy,1,1,5,2,1000,1000,0.66774583151401146,,,0.97344560021589643,0.67207228372605243,0.66775316571214205,0.66774583151401146,0.066021471,0.002453168,63.568303,"{""init"":""halton"",""popsize"":1,""strategy"":""best1bin"",""updating"":""immediate""}"
tune,scipy-best-p1-halton,scipy,1,1,10,1,2000,2000,7.4725254677332487e-06,976,1964,6.1963214539450604,0.21852231876923156,0.0049909814267721231,7.4725254677332487e-06,0.093396816,0.00431348,44.541668,"{""init"":""halton"",""popsize"":1,""strategy"":""best1bin"",""updating"":""immediate""}"
tune,scipy-best-p1-halton,scipy,1,1,10,2,2000,2000,3.5380951089791779e-05,724,,2.6195893924393658,0.13278915496137245,0.0028751602178687108,3.5380951089791779e-05,0.093862642,0.004554394,44.654124,"{""init"":""halton"",""popsize"":1,""strategy"":""best1bin"",""updating"":""immediate""}"
tune,scipy-best-p1-halton,scipy,6,1,5,1,1000,1000,12.783833765322662,,,16.696433726400493,13.00430375974004,12.813548164683318,12.783833765322662,0.059639832,0.002436191,57.203641,"{""init"":""halton"",""popsize"":1,""strategy"":""best1bin"",""updating"":""immediate""}"
tune,scipy-best-p1-halton,scipy,6,1,5,2,1000,1000,23.374626570330271,,,23.521319084014117,23.376818109900753,23.375159740103911,23.374626570330271,0.059900106,0.002391395,57.508711,"{""init"":""halton"",""popsize"":1,""strategy"":""best1bin"",""updating"":""immediate""}"
tune,scipy-best-p1-halton,scipy,6,1,10,1,2000,2000,7.6966537922898155,,,132.09709209167491,47.835354164670399,22.637500148365774,7.6966537922898155,0.09129069,0.005046791,43.1219495,"{""init"":""halton"",""popsize"":1,""strategy"":""best1bin"",""updating"":""immediate""}"
tune,scipy-best-p1-halton,scipy,6,1,10,2,2000,2000,0.90662407764934727,,,53.132393229367615,13.291556125932956,6.2265454210046016,0.90662407764934727,0.094905501,0.00518819,44.8586555,"{""init"":""halton"",""popsize"":1,""strategy"":""best1bin"",""updating"":""immediate""}"
tune,scipy-best-p1-halton,scipy,10,1,5,1,1000,1000,7927.5660151307848,,,17177.579997599223,11797.538815963253,8386.4212260653585,7927.5660151307848,0.057741044,0.002801234,54.93981,"{""init"":""halton"",""popsize"":1,""strategy"":""best1bin"",""updating"":""immediate""}"
tune,scipy-best-p1-halton,scipy,10,1,5,2,1000,1000,22896.332763528455,,,23503.567061085498,23028.59657012306,22896.383194019094,22896.332763528455,0.056966615,0.002702871,54.263744,"{""init"":""halton"",""popsize"":1,""strategy"":""best1bin"",""updating"":""immediate""}"
tune,scipy-best-p1-halton,scipy,10,1,10,1,2000,2000,2420.487048107821,,,52583.366513857254,6340.382123996329,3033.4356367248529,2420.487048107821,0.083578396,0.006444597,38.5668995,"{""init"":""halton"",""popsize"":1,""strategy"":""best1bin"",""updating"":""immediate""}"
tune,scipy-best-p1-halton,scipy,10,1,10,2,2000,2000,2995.5935257745668,,,112771.96411541587,25998.47307261849,7403.4482117217221,2995.5935257745668,0.084711911,0.006465867,39.123022,"{""init"":""halton"",""popsize"":1,""strategy"":""best1bin"",""updating"":""immediate""}"
tune,scipy-best-p1-halton,scipy,15,1,5,1,1000,1000,61.059895235206795,,,91.943028969501484,62.180696307805647,61.893340240214229,61.059895235206795,0.057555182,0.002870958,54.684224,"{""init"":""halton"",""popsize"":1,""strategy"":""best1bin"",""updating"":""immediate""}"
tune,scipy-best-p1-halton,scipy,15,1,5,2,1000,1000,16.686099681127189,,,21.665410172565203,16.691714069069576,16.686625247471511,16.686099681127189,0.058488435,0.002950498,55.537937,"{""init"":""halton"",""popsize"":1,""strategy"":""best1bin"",""updating"":""immediate""}"
tune,scipy-best-p1-halton,scipy,15,1,10,1,2000,2000,60.078131248367981,,,84.049039180269119,73.289397844101359,60.078131248367981,60.078131248367981,0.080685276,0.007543584,36.570846,"{""init"":""halton"",""popsize"":1,""strategy"":""best1bin"",""updating"":""immediate""}"
tune,scipy-best-p1-halton,scipy,15,1,10,2,2000,2000,58.745426816159807,,,103.66013184962526,101.77913532945604,86.680543920216905,58.745426816159807,0.088029285,0.008258498,39.8853935,"{""init"":""halton"",""popsize"":1,""strategy"":""best1bin"",""updating"":""immediate""}"
tune,scipy-best-p1-halton,scipy,20,1,5,1,1000,1000,1.1360635306792801,,,2.0471181370609202,1.3012203606800767,1.289294191150816,1.1360635306792801,0.059834466,0.00342867,56.405796,"{""init"":""halton"",""popsize"":1,""strategy"":""best1bin"",""updating"":""immediate""}"
tune,scipy-best-p1-halton,scipy,20,1,5,2,1000,1000,1.5475369449627578,,,1.750741478150303,1.5953731844966796,1.5564413019396852,1.5475369449627578,0.060547029,0.003324678,57.222351,"{""init"":""halton"",""popsize"":1,""strategy"":""best1bin"",""updating"":""immediate""}"
tune,scipy-best-p1-halton,scipy,20,1,10,1,2000,2000,1.9311125525476882,,,391.917434258117,3.604136616525011,2.0286047595978971,1.9311125525476882,0.101852499,0.007947736,46.9523815,"{""init"":""halton"",""popsize"":1,""strategy"":""best1bin"",""updating"":""immediate""}"
tune,scipy-best-p1-halton,scipy,20,1,10,2,2000,2000,0.90805199181738772,,,3.8998173127753262,1.107673140029874,0.91697251152243098,0.90805199181738772,0.094683532,0.007277311,43.7031105,"{""init"":""halton"",""popsize"":1,""strategy"":""best1bin"",""updating"":""immediate""}"
tune,modde-lshade-p1,lshade,1,1,5,1,1000,1000,9.1120000433875248e-11,305,656,0.1515650902700969,0.010751632446755366,8.643764391536024e-05,9.1120000433875248e-11,0.064049533,0.00164635,62.403183,"{""bound_correction"":""saturate"",""lambda_per_d"":1}"
tune,modde-lshade-p1,lshade,1,1,5,2,1000,1000,5.928768587182276e-11,298,624,0.10251997402090751,0.013846883121189535,4.9875783815878094e-05,5.928768587182276e-11,0.067594893,0.001784612,65.810281,"{""bound_correction"":""saturate"",""lambda_per_d"":1}"
tune,modde-lshade-p1,lshade,1,1,10,1,2000,2000,2.5551116777933203e-10,750,1180,2.7923969799728212,0.16905832586148506,0.00032400391067710643,2.5551116777933203e-10,0.114191673,0.003575362,55.3081555,"{""bound_correction"":""saturate"",""lambda_per_d"":1}"
tune,modde-lshade-p1,lshade,1,1,10,2,2000,2000,5.2747161589650204e-06,814,1809,3.2563349592870594,0.6374966856228923,0.0020599486677497225,5.2747161589650204e-06,0.118082076,0.003760142,57.160967,"{""bound_correction"":""saturate"",""lambda_per_d"":1}"
tune,modde-lshade-p1,lshade,6,1,5,1,1000,1000,0.51025679104711941,,,48.014710342819804,15.578494341776725,1.1797912300243283,0.51025679104711941,0.06294251,0.002009672,60.932838,"{""bound_correction"":""saturate"",""lambda_per_d"":1}"
tune,modde-lshade-p1,lshade,6,1,5,2,1000,1000,0.0045161598275313963,684,,19.171355178629433,0.73691133893446903,0.1001739372331798,0.0045161598275313963,0.065187467,0.002019485,63.167982,"{""bound_correction"":""saturate"",""lambda_per_d"":1}"
tune,modde-lshade-p1,lshade,6,1,10,1,2000,2000,3.561281631359428,,,63.302133137509692,13.124624934005837,7.445914271972498,3.561281631359428,0.118715174,0.004724925,56.9951245,"{""bound_correction"":""saturate"",""lambda_per_d"":1}"
tune,modde-lshade-p1,lshade,6,1,10,2,2000,2000,27.661154630596606,,,77.088165645609166,42.29928413109463,29.855996833894814,27.661154630596606,0.111555341,0.004359302,53.5980195,"{""bound_correction"":""saturate"",""lambda_per_d"":1}"
tune,modde-lshade-p1,lshade,10,1,5,1,1000,1000,193.94761975832836,,,50679.02784228426,37162.664506915782,10313.107085544982,193.94761975832836,0.065082593,0.002367536,62.715057,"{""bound_correction"":""saturate"",""lambda_per_d"":1}"
tune,modde-lshade-p1,lshade,10,1,5,2,1000,1000,2.6634502024033608,,,4696.2346550911616,1338.8909982143925,100.84922164842658,2.6634502024033608,0.062224461,0.002355894,59.868567,"{""bound_correction"":""saturate"",""lambda_per_d"":1}"
tune,modde-lshade-p1,lshade,10,1,10,1,2000,2000,273.69688916367284,,,75146.303263816633,3468.0051743770814,354.09911303519681,273.69688916367284,0.118987138,0.006134463,56.4263375,"{""bound_correction"":""saturate"",""lambda_per_d"":1}"
tune,modde-lshade-p1,lshade,10,1,10,2,2000,2000,4383.7183564936322,,,29076.423879704966,10610.680087459494,5954.7401812698599,4383.7183564936322,0.131464499,0.006686279,62.38911,"{""bound_correction"":""saturate"",""lambda_per_d"":1}"
tune,modde-lshade-p1,lshade,15,1,5,1,1000,1000,23.012789171105396,,,49.338869333626235,37.460255133617466,28.570869669299782,23.012789171105396,0.070582504,0.003318847,67.263657,"{""bound_correction"":""saturate"",""lambda_per_d"":1}"
tune,modde-lshade-p1,lshade,15,1,5,2,1000,1000,4.337848755117534,,,17.341656188233742,17.341656188233742,6.7967559214449693,4.337848755117534,0.071635131,0.003266511,68.36862,"{""bound_correction"":""saturate"",""lambda_per_d"":1}"
tune,modde-lshade-p1,lshade,15,1,10,1,2000,2000,13.571297638414649,,,114.68415828236925,65.826059270597625,25.579856359160658,13.571297638414649,0.110937893,0.007445786,51.7460535,"{""bound_correction"":""saturate"",""lambda_per_d"":1}"
tune,modde-lshade-p1,lshade,15,1,10,2,2000,2000,26.386475410942467,,,89.606011913820339,54.065045150450942,41.469046436432791,26.386475410942467,0.112860759,0.007406141,52.727309,"{""bound_correction"":""saturate"",""lambda_per_d"":1}"
tune,modde-lshade-p1,lshade,20,1,5,1,1000,1000,0.90803271480501735,,,1864.9772117550183,2.6095092114235285,1.3662950398461362,0.90803271480501735,0.068752008,0.003078628,65.67338,"{""bound_correction"":""saturate"",""lambda_per_d"":1}"
tune,modde-lshade-p1,lshade,20,1,5,2,1000,1000,0.7106958220741717,,,77.218187065397842,1.4395375554265684,0.85710941948002528,0.7106958220741717,0.064855174,0.002795786,62.059388,"{""bound_correction"":""saturate"",""lambda_per_d"":1}"
tune,modde-lshade-p1,lshade,20,1,10,1,2000,2000,0.70675679771977684,,,3.3382684285073765,1.5207082581548548,1.1932104750003418,0.70675679771977684,0.112893826,0.006503667,53.1950795,"{""bound_correction"":""saturate"",""lambda_per_d"":1}"
tune,modde-lshade-p1,lshade,20,1,10,2,2000,2000,1.7377197764883476,,,2586.0325294480626,2.4703845037061001,1.8236674385267406,1.7377197764883476,0.132157735,0.007446679,62.355528,"{""bound_correction"":""saturate"",""lambda_per_d"":1}"
tune,modde-lshade-p2,lshade,1,1,5,1,1000,1000,1.348809064438683e-09,378,650,2.8899814254069724,0.1499400008687104,0.001075727278205818,1.348809064438683e-09,0.057810585,0.001647325,56.16326,"{""bound_correction"":""saturate"",""lambda_per_d"":2}"
tune,modde-lshade-p2,lshade,1,1,5,2,1000,1000,4.9590340722716064e-09,364,771,1.6873953203653258,0.034614033874689198,0.00050422887964884922,4.9590340722716064e-09,0.056179879,0.001566488,54.613391,"{""bound_correction"":""saturate"",""lambda_per_d"":2}"
tune,modde-lshade-p2,lshade,1,1,10,1,2000,2000,6.010273949641487e-07,1032,1665,11.035519089395422,0.94251122822649336,0.020196886104073997,6.010273949641487e-07,0.090440422,0.003597649,43.4213865,"{""bound_correction"":""saturate"",""lambda_per_d"":2}"
tune,modde-lshade-p2,lshade,1,1,10,2,2000,2000,1.8822379388439003e-07,1037,1574,5.0301158053573118,1.0610235123419614,0.012683540236025692,1.8822379388439003e-07,0.081076702,0.00319347,38.941616,"{""bound_correction"":""saturate"",""lambda_per_d"":2}"
tune,modde-lshade-p2,lshade,6,1,5,1,1000,1000,0.036841721644826464,,,44.667512100362678,11.936793580661352,1.632024770425069,0.036841721644826464,0.056317777,0.001878184,54.439593,"{""bound_correction"":""saturate"",""lambda_per_d"":2}"
tune,modde-lshade-p2,lshade,6,1,5,2,1000,1000,0.055227336857313958,,,13.105223004433931,1.4985666013894274,1.2251764996014671,0.055227336857313958,0.058201505,0.001959028,56.242477,"{""bound_correction"":""saturate"",""lambda_per_d"":2}"
tune,modde-lshade-p2,lshade,6,1,10,1,2000,2000,0.16232003583665744,,,50.991450167107054,32.388669216993925,15.654769565249303,0.16232003583665744,0.081318405,0.003904108,38.7071485,"{""bound_correction"":""saturate"",""lambda_per_d"":2}"
tune,modde-lshade-p2,lshade,6,1,10,2,2000,2000,2.7337262472070378,,,145.02576424370403,66.532359186400328,32.24358855678242,2.7337262472070378,0.081205656,0.003923488,38.641084,"{""bound_correction"":""saturate"",""lambda_per_d"":2}"
tune,modde-lshade-p2,lshade,10,1,5,1,1000,1000,6.7169796657390322,,,33778.121992693857,10875.740088049892,138.44516641386016,6.7169796657390322,0.061888309,0.002499162,59.389147,"{""bound_correction"":""saturate"",""lambda_per_d"":2}"
tune,modde-lshade-p2,lshade,10,1,5,2,1000,1000,10082.81748601927,,,109498.96888767321,33845.425551822555,27529.034825860115,10082.81748601927,0.057281347,0.002260328,55.021019,"{""bound_correction"":""saturate"",""lambda_per_d"":2}"
tune,modde-lshade-p2,lshade,10,1,10,1,2000,2000,92.155037795422615,,,44986.247920135458,19985.441217935957,342.64272684053725,92.155037795422615,0.090878303,0.00616899,42.3546565,"{""bound_correction"":""saturate"",""lambda_per_d"":2}"
tune,modde-lshade-p2,lshade,10,1,10,2,2000,2000,1090.6422254272052,,,32212.358386707558,13819.472449996185,5352.6787200145745,1090.6422254272052,0.083395743,0.005625113,38.885315,"{""bound_correction"":""saturate"",""lambda_per_d"":2}"
tune,modde-lshade-p2,lshade,15,1,5,1,1000,1000,8.8623207424463999,,,57.799219223836644,30.859682844413328,19.839548080141753,8.8623207424463999,0.057526395,0.002751897,54.774498,"{""bound_correction"":""saturate"",""lambda_per_d"":2}"
tune,modde-lshade-p2,lshade,15,1,5,2,1000,1000,11.07850095318986,,,43.806049543191648,30.104741419289212,18.316341704739784,11.07850095318986,0.052444072,0.002536206,49.907866,"{""bound_correction"":""saturate"",""lambda_per_d"":2}"
tune,modde-lshade-p2,lshade,15,1,10,1,2000,2000,19.765081317718113,,,140.77566283454371,79.154227793283098,47.82372731636633,19.765081317718113,0.094955963,0.008016757,43.469603,"{""bound_correction"":""saturate"",""lambda_per_d"":2}"
tune,modde-lshade-p2,lshade,15,1,10,2,2000,2000,31.613842232932257,,,149.07496669174157,65.271436160461235,65.271436160461235,31.613842232932257,0.099770428,0.00844736,45.661534,"{""bound_correction"":""saturate"",""lambda_per_d"":2}"
tune,modde-lshade-p2,lshade,20,1,5,1,1000,1000,0.47375430920931194,,,71.858435975562941,1.7769550941505941,0.57419086264633279,0.47375430920931194,0.079821753,0.003716035,76.105718,"{""bound_correction"":""saturate"",""lambda_per_d"":2}"
tune,modde-lshade-p2,lshade,20,1,5,2,1000,1000,0.95018933619246582,,,94.112832705402639,2.3042498865486323,1.6944629598840493,0.95018933619246582,0.070598865,0.00354138,67.057485,"{""bound_correction"":""saturate"",""lambda_per_d"":2}"
tune,modde-lshade-p2,lshade,20,1,10,1,2000,2000,1.3388249203878786,,,765.21553112735467,2.9399404407922702,2.7165989098909904,1.3388249203878786,0.07960795,0.006222723,36.6926135,"{""bound_correction"":""saturate"",""lambda_per_d"":2}"
tune,modde-lshade-p2,lshade,20,1,10,2,2000,2000,1.1480007813801194,,,354.39301745355613,2.5994852112398803,2.1851472740150939,1.1480007813801194,0.084376479,0.006264485,39.055997,"{""bound_correction"":""saturate"",""lambda_per_d"":2}"
pilot,modde-lshade-p2,lshade,1,1,5,1,1000,1000,1.348809064438683e-09,378,650,2.8899814254069724,0.1499400008687104,0.001075727278205818,1.348809064438683e-09,0.057662718,0.001684127,55.978591,"{""bound_correction"":""saturate"",""lambda_per_d"":2}"
pilot,modde-lshade-p2,lshade,1,1,5,2,1000,1000,4.9590340722716064e-09,364,771,1.6873953203653258,0.034614033874689198,0.00050422887964884922,4.9590340722716064e-09,0.056181862,0.001640948,54.540914,"{""bound_correction"":""saturate"",""lambda_per_d"":2}"
pilot,modde-lshade-p2,lshade,1,1,10,1,2000,2000,6.010273949641487e-07,1032,1665,11.035519089395422,0.94251122822649336,0.020196886104073997,6.010273949641487e-07,0.08537665,0.003551164,40.912743,"{""bound_correction"":""saturate"",""lambda_per_d"":2}"
pilot,modde-lshade-p2,lshade,1,1,10,2,2000,2000,1.8822379388439003e-07,1037,1574,5.0301158053573118,1.0610235123419614,0.012683540236025692,1.8822379388439003e-07,0.077941217,0.003242743,37.349237,"{""bound_correction"":""saturate"",""lambda_per_d"":2}"
pilot,modde-lshade-p2,lshade,1,2,5,1,1000,1000,4.287380761525128e-07,391,758,1.1207303904060382,0.11676699606437069,0.00019665252557388158,4.287380761525128e-07,0.053435836,0.001576177,51.859659,"{""bound_correction"":""saturate"",""lambda_per_d"":2}"
pilot,modde-lshade-p2,lshade,1,2,5,2,1000,1000,1.0402345651527867e-11,421,680,2.9516990720738931,0.043438484505202268,0.00071247307738531163,1.0402345651527867e-11,0.061252755,0.0017708,59.481955,"{""bound_correction"":""saturate"",""lambda_per_d"":2}"
pilot,modde-lshade-p2,lshade,1,2,10,1,2000,2000,1.5928801872178155e-05,974,,6.2266080601780232,0.36795536640590853,0.0041671057397252298,1.5928801872178155e-05,0.079349733,0.003306962,38.0213855,"{""bound_correction"":""saturate"",""lambda_per_d"":2}"
pilot,modde-lshade-p2,lshade,1,2,10,2,2000,2000,4.6534066768799676e-06,1257,1808,14.197089973372215,1.5143903004732238,0.062056121664966213,4.6534066768799676e-06,0.099635489,0.004039991,47.797749,"{""bound_correction"":""saturate"",""lambda_per_d"":2}"
pilot,modde-lshade-p2,lshade,3,1,5,1,1000,1000,1.9960644272105128,,,30.243191769009115,13.21232549681099,5.2342542013994944,1.9960644272105128,0.052909075,0.002417231,50.491844,"{""bound_correction"":""saturate"",""lambda_per_d"":2}"
pilot,modde-lshade-p2,lshade,3,1,5,2,1000,1000,0.99504034593411461,,,56.384945051165687,20.136846175896892,9.479803761723872,0.99504034593411461,0.059754605,0.002715289,57.039316,"{""bound_correction"":""saturate"",""lambda_per_d"":2}"
pilot,modde-lshade-p2,lshade,3,1,10,1,2000,2000,0.079423285782809216,,,115.5711960777532,68.437368474087009,27.313803235446585,0.079423285782809216,0.07988517,0.006461172,36.711999,"{""bound_correction"":""saturate"",""lambda_per_d"":2}"
pilot,modde-lshade-p2,lshade,3,1,10,2,2000,2000,3.1224182812836716,,,124.05634079445036,62.044245216154081,36.998487821031574,3.1224182812836716,0.07950654,0.006582404,36.462068,"{""bound_correction"":""saturate"",""lambda_per_d"":2}"
pilot,modde-lshade-p2,lshade,3,2,5,1,1000,1000,2.3386334811236935,,,42.539324456541323,29.554053867154764,8.8546042536132319,2.3386334811236935,0.052417564,0.002470326,49.947238,"{""bound_correction"":""saturate"",""lambda_per_d"":2}"
pilot,modde-lshade-p2,lshade,3,2,5,2,1000,1000,0.99507483116354933,,,29.608161588902945,7.4601730400136717,7.4601730400136717,0.99507483116354933,0.054319993,0.002509036,51.810957,"{""bound_correction"":""saturate"",""lambda_per_d"":2}"
pilot,modde-lshade-p2,lshade,3,2,10,1,2000,2000,3.4415737194352118,,,139.4103063240288,50.683897484107007,37.152132507173206,3.4415737194352118,0.082736598,0.006565043,38.0857775,"{""bound_correction"":""saturate"",""lambda_per_d"":2}"
pilot,modde-lshade-p2,lshade,3,2,10,2,2000,2000,2.8580949043904269,,,86.260437746294343,79.479439110995827,26.844750518044691,2.8580949043904269,0.078670449,0.00647844,36.0960045,"{""bound_correction"":""saturate"",""lambda_per_d"":2}"
pilot,modde-lshade-p2,lshade,6,1,5,1,1000,1000,0.036841721644826464,,,44.667512100362678,11.936793580661352,1.632024770425069,0.036841721644826464,0.055353859,0.001893062,53.460797,"{""bound_correction"":""saturate"",""lambda_per_d"":2}"
pilot,modde-lshade-p2,lshade,6,1,5,2,1000,1000,0.055227336857313958,,,13.105223004433931,1.4985666013894274,1.2251764996014671,0.055227336857313958,0.062361766,0.002071147,60.290619,"{""bound_correction"":""saturate"",""lambda_per_d"":2}"
pilot,modde-lshade-p2,lshade,6,1,10,1,2000,2000,0.16232003583665744,,,50.991450167107054,32.388669216993925,15.654769565249303,0.16232003583665744,0.079309915,0.003923888,37.6930135,"{""bound_correction"":""saturate"",""lambda_per_d"":2}"
pilot,modde-lshade-p2,lshade,6,1,10,2,2000,2000,2.7337262472070378,,,145.02576424370403,66.532359186400328,32.24358855678242,2.7337262472070378,0.089066758,0.004370832,42.347963,"{""bound_correction"":""saturate"",""lambda_per_d"":2}"
pilot,modde-lshade-p2,lshade,6,2,5,1,1000,1000,0.01339682086194216,,,42.8275582993478,4.8287137394423958,0.18550878011050287,0.01339682086194216,0.061809513,0.002113649,59.695864,"{""bound_correction"":""saturate"",""lambda_per_d"":2}"
pilot,modde-lshade-p2,lshade,6,2,5,2,1000,1000,0.31133906743599127,,,69.46572979662308,5.7698625163502761,0.59409607881260484,0.31133906743599127,0.056604448,0.001874037,54.730411,"{""bound_correction"":""saturate"",""lambda_per_d"":2}"
pilot,modde-lshade-p2,lshade,6,2,10,1,2000,2000,1.3497668185689342,,,152.49048873503071,40.4984274971942,12.475355518620635,1.3497668185689342,0.087943608,0.004341628,41.80099,"{""bound_correction"":""saturate"",""lambda_per_d"":2}"
pilot,modde-lshade-p2,lshade,6,2,10,2,2000,2000,26.677172359449134,,,151.98661425392615,76.82447799009428,62.011200011786215,26.677172359449134,0.081285219,0.004125137,38.580041,"{""bound_correction"":""saturate"",""lambda_per_d"":2}"
pilot,modde-lshade-p2,lshade,8,1,5,1,1000,1000,1.4119933850730604,,,145.64191261977416,7.1731408740928657,4.3039948682451552,1.4119933850730604,0.056493262,0.001652357,54.840905,"{""bound_correction"":""saturate"",""lambda_per_d"":2}"
pilot,modde-lshade-p2,lshade,8,1,5,2,1000,1000,0.30209459838465591,,,48.250486883998661,38.552198772006335,2.2027679798842144,0.30209459838465591,0.054624804,0.00163984,52.984964,"{""bound_correction"":""saturate"",""lambda_per_d"":2}"
pilot,modde-lshade-p2,lshade,8,1,10,1,2000,2000,6.9821200294391303,,,2184.7500113414653,36.523459413463826,10.488150498478234,6.9821200294391303,0.080385935,0.003423037,38.481449,"{""bound_correction"":""saturate"",""lambda_per_d"":2}"
pilot,modde-lshade-p2,lshade,8,1,10,2,2000,2000,7.2052718503807398,,,10060.717643666892,270.64130512569443,11.11930390355073,7.2052718503807398,0.079657027,0.003407139,38.124944,"{""bound_correction"":""saturate"",""lambda_per_d"":2}"
pilot,modde-lshade-p2,lshade,8,2,5,1,1000,1000,1.6019215631622501,,,1044.5174478223887,24.402455426838173,4.6308400845744018,1.6019215631622501,0.054293218,0.001609391,52.683827,"{""bound_correction"":""saturate"",""lambda_per_d"":2}"
pilot,modde-lshade-p2,lshade,8,2,5,2,1000,1000,3.948598014410436,,,112.22851031646212,9.0221536701844798,4.0501024797559921,3.948598014410436,0.056377275,0.001646772,54.730503,"{""bound_correction"":""saturate"",""lambda_per_d"":2}"
pilot,modde-lshade-p2,lshade,8,2,10,1,2000,2000,7.1957481957870186,,,4105.9407378141013,229.04329686737879,15.402415593745786,7.1957481957870186,0.086918253,0.00372751,41.5953715,"{""bound_correction"":""saturate"",""lambda_per_d"":2}"
pilot,modde-lshade-p2,lshade,8,2,10,2,2000,2000,4.249170742364754,,,3666.6638104420103,306.13283267189013,57.141033913589922,4.249170742364754,0.080052834,0.003329868,38.361483,"{""bound_correction"":""saturate"",""lambda_per_d"":2}"
pilot,modde-lshade-p2,lshade,10,1,5,1,1000,1000,6.7169796657390322,,,33778.121992693857,10875.740088049892,138.44516641386016,6.7169796657390322,0.055608548,0.002320166,53.288382,"{""bound_correction"":""saturate"",""lambda_per_d"":2}"
pilot,modde-lshade-p2,lshade,10,1,5,2,1000,1000,10082.81748601927,,,109498.96888767321,33845.425551822555,27529.034825860115,10082.81748601927,0.061500858,0.002465168,59.03569,"{""bound_correction"":""saturate"",""lambda_per_d"":2}"
pilot,modde-lshade-p2,lshade,10,1,10,1,2000,2000,92.155037795422615,,,44986.247920135458,19985.441217935957,342.64272684053725,92.155037795422615,0.084582559,0.005859045,39.361757,"{""bound_correction"":""saturate"",""lambda_per_d"":2}"
pilot,modde-lshade-p2,lshade,10,1,10,2,2000,2000,1090.6422254272052,,,32212.358386707558,13819.472449996185,5352.6787200145745,1090.6422254272052,0.090091936,0.006137095,41.9774205,"{""bound_correction"":""saturate"",""lambda_per_d"":2}"
pilot,modde-lshade-p2,lshade,10,2,5,1,1000,1000,559.71470107546429,,,6971.1924816675528,3361.9322175315879,1077.2723265757197,559.71470107546429,0.054364255,0.002194199,52.170056,"{""bound_correction"":""saturate"",""lambda_per_d"":2}"
pilot,modde-lshade-p2,lshade,10,2,5,2,1000,1000,39.911920748129852,,,7210.9808460497889,7210.9808460497889,55.22716009107554,39.911920748129852,0.053242931,0.002254174,50.988757,"{""bound_correction"":""saturate"",""lambda_per_d"":2}"
pilot,modde-lshade-p2,lshade,10,2,10,1,2000,2000,19.264045466069284,,,114149.21941397498,20284.281017852743,1071.5848156072768,19.264045466069284,0.080708444,0.005585299,37.5615725,"{""bound_correction"":""saturate"",""lambda_per_d"":2}"
pilot,modde-lshade-p2,lshade,10,2,10,2,2000,2000,1385.094927468105,,,186327.45471921147,19917.815481579015,6558.2701475981166,1385.094927468105,0.090539129,0.00613736,42.2008845,"{""bound_correction"":""saturate"",""lambda_per_d"":2}"
pilot,modde-lshade-p2,lshade,12,1,5,1,1000,1000,0.17350191438174534,,,385622.96250786504,260305.96636416233,2015.983219375606,0.17350191438174534,0.052601287,0.001718839,50.882448,"{""bound_correction"":""saturate"",""lambda_per_d"":2}"
pilot,modde-lshade-p2,lshade,12,1,5,2,1000,1000,3.3457735367392161,,,733752.53174863686,106208.62183744466,2649.943253284137,3.3457735367392161,0.081629737,0.002670774,78.958963,"{""bound_correction"":""saturate"",""lambda_per_d"":2}"
pilot,modde-lshade-p2,lshade,12,1,10,1,2000,2000,0.23641028416750487,,,4855689.7230508365,370343.09737669746,5719.5483011503293,0.23641028416750487,0.079820664,0.003884773,37.9679455,"{""bound_correction"":""saturate"",""lambda_per_d"":2}"
pilot,modde-lshade-p2,lshade,12,1,10,2,2000,2000,8.3555914614876201,,,11190833.367231127,735549.55772111448,2672.9710044387639,8.3555914614876201,0.087402018,0.004295754,41.553132,"{""bound_correction"":""saturate"",""lambda_per_d"":2}"
pilot,modde-lshade-p2,lshade,12,2,5,1,1000,1000,11.329177779628139,,,2465649.0165464352,38365.868725009735,79.268142894083667,11.329177779628139,0.056451854,0.001788157,54.663697,"{""bound_correction"":""saturate"",""lambda_per_d"":2}"
pilot,modde-lshade-p2,lshade,12,2,5,2,1000,1000,2.5839426016660241,,,1679964.9530250232,59405.660252382513,295.84838902423661,2.5839426016660241,0.055554062,0.001771721,53.782341,"{""bound_correction"":""saturate"",""lambda_per_d"":2}"
pilot,modde-lshade-p2,lshade,12,2,10,1,2000,2000,3.7635982440764622,,,8565422.235210564,856391.31862556795,22754.292039727032,3.7635982440764622,0.081289764,0.003932622,38.678571,"{""bound_correction"":""saturate"",""lambda_per_d"":2}"
pilot,modde-lshade-p2,lshade,12,2,10,2,2000,2000,8.1281492653731959,,,33553719.671058308,3864171.9521060558,26300.689470707879,8.1281492653731959,0.08049499,0.003824647,38.3351715,"{""bound_correction"":""saturate"",""lambda_per_d"":2}"
pilot,modde-lshade-p2,lshade,15,1,5,1,1000,1000,8.8623207424463999,,,57.799219223836644,30.859682844413328,19.839548080141753,8.8623207424463999,0.054012157,0.002638189,51.373968,"{""bound_correction"":""saturate"",""lambda_per_d"":2}"
pilot,modde-lshade-p2,lshade,15,1,5,2,1000,1000,11.07850095318986,,,43.806049543191648,30.104741419289212,18.316341704739784,11.07850095318986,0.053071787,0.002609737,50.46205,"{""bound_correction"":""saturate"",""lambda_per_d"":2}"
pilot,modde-lshade-p2,lshade,15,1,10,1,2000,2000,19.765081317718113,,,140.77566283454371,79.154227793283098,47.82372731636633,19.765081317718113,0.081717405,0.006860704,37.4283505,"{""bound_correction"":""saturate"",""lambda_per_d"":2}"
pilot,modde-lshade-p2,lshade,15,1,10,2,2000,2000,31.613842232932257,,,149.07496669174157,65.271436160461235,65.271436160461235,31.613842232932257,0.081815817,0.006895565,37.460126,"{""bound_correction"":""saturate"",""lambda_per_d"":2}"
pilot,modde-lshade-p2,lshade,15,2,5,1,1000,1000,4.2096671173520122,,,50.745868458053152,38.454432393821065,8.4590042027361108,4.2096671173520122,0.051563212,0.00253122,49.031992,"{""bound_correction"":""saturate"",""lambda_per_d"":2}"
pilot,modde-lshade-p2,lshade,15,2,5,2,1000,1000,3.9600986227028869,,,41.621992868197694,17.044658095007904,15.560338102709764,3.9600986227028869,0.053410664,0.002493388,50.917276,"{""bound_correction"":""saturate"",""lambda_per_d"":2}"
pilot,modde-lshade-p2,lshade,15,2,10,1,2000,2000,7.5254749598248765,,,141.79177482613201,80.374258791494782,51.582467118503502,7.5254749598248765,0.088093724,0.00730152,40.396102,"{""bound_correction"":""saturate"",""lambda_per_d"":2}"
pilot,modde-lshade-p2,lshade,15,2,10,2,2000,2000,31.698802211142606,,,151.15471075035813,83.713124298089127,47.407578152043797,31.698802211142606,0.07883436,0.00680315,36.015605,"{""bound_correction"":""saturate"",""lambda_per_d"":2}"
pilot,modde-lshade-p2,lshade,17,1,5,1,1000,1000,0.023197345051460871,,,4.1288165341107899,0.84897508276180389,0.23274667430053597,0.023197345051460871,0.052127646,0.002171239,49.956407,"{""bound_correction"":""saturate"",""lambda_per_d"":2}"
pilot,modde-lshade-p2,lshade,17,1,5,2,1000,1000,0.17031126577908395,,,2.5098159952998547,1.0344995691218131,0.60952114794638845,0.17031126577908395,0.058524571,0.00242776,56.096811,"{""bound_correction"":""saturate"",""lambda_per_d"":2}"
pilot,modde-lshade-p2,lshade,17,1,10,1,2000,2000,0.97511557042381547,,,5.5025694273261045,2.127196341083053,1.5708675975779354,0.97511557042381547,0.080523682,0.005657237,37.4332225,"{""bound_correction"":""saturate"",""lambda_per_d"":2}"
pilot,modde-lshade-p2,lshade,17,1,10,2,2000,2000,0.32289509376333569,,,6.0729091424818868,2.4219408908021993,1.3045880012193507,0.32289509376333569,0.088887981,0.006470173,41.208904,"{""bound_correction"":""saturate"",""lambda_per_d"":2}"
pilot,modde-lshade-p2,lshade,17,2,5,1,1000,1000,0.25184142124898656,,,3.277832598930992,1.3287502821505228,0.8392904585693266,0.25184142124898656,0.052807782,0.002217843,50.589939,"{""bound_correction"":""saturate"",""lambda_per_d"":2}"
pilot,modde-lshade-p2,lshade,17,2,5,2,1000,1000,0.049203324364356149,,,5.1829580058439255,1.4705386258654052,0.64797783034230605,0.049203324364356149,0.04947234,0.002171934,47.300406,"{""bound_correction"":""saturate"",""lambda_per_d"":2}"
pilot,modde-lshade-p2,lshade,17,2,10,1,2000,2000,0.23524940191930455,,,4.0807385193061414,2.1419835225935984,0.61228781355353235,0.23524940191930455,0.080289881,0.00561472,37.3375805,"{""bound_correction"":""saturate"",""lambda_per_d"":2}"
pilot,modde-lshade-p2,lshade,17,2,10,2,2000,2000,0.4854457726098822,,,6.083594265973737,3.2001641656906905,1.2256906270386843,0.4854457726098822,0.088526111,0.006323178,41.1014665,"{""bound_correction"":""saturate"",""lambda_per_d"":2}"
pilot,modde-lshade-p2,lshade,20,1,5,1,1000,1000,0.47375430920931194,,,71.858435975562941,1.7769550941505941,0.57419086264633279,0.47375430920931194,0.056733723,0.00275746,53.976263,"{""bound_correction"":""saturate"",""lambda_per_d"":2}"
pilot,modde-lshade-p2,lshade,20,1,5,2,1000,1000,0.95018933619246582,,,94.112832705402639,2.3042498865486323,1.6944629598840493,0.95018933619246582,0.053273707,0.002736695,50.537012,"{""bound_correction"":""saturate"",""lambda_per_d"":2}"
pilot,modde-lshade-p2,lshade,20,1,10,1,2000,2000,1.3388249203878786,,,765.21553112735467,2.9399404407922702,2.7165989098909904,1.3388249203878786,0.07787197,0.006262562,35.804704,"{""bound_correction"":""saturate"",""lambda_per_d"":2}"
pilot,modde-lshade-p2,lshade,20,1,10,2,2000,2000,1.1480007813801194,,,354.39301745355613,2.5994852112398803,2.1851472740150939,1.1480007813801194,0.082238948,0.00614043,38.049259,"{""bound_correction"":""saturate"",""lambda_per_d"":2}"
pilot,modde-lshade-p2,lshade,20,2,5,1,1000,1000,1.2102126453706887,,,2.6987043053539992,2.6987043053539992,1.8985785350542983,1.2102126453706887,0.054082347,0.002771585,51.310762,"{""bound_correction"":""saturate"",""lambda_per_d"":2}"
pilot,modde-lshade-p2,lshade,20,2,5,2,1000,1000,0.82914485998139753,,,3.4267395347760612,1.959885087281009,1.1052982719733109,0.82914485998139753,0.054710813,0.002706427,52.004386,"{""bound_correction"":""saturate"",""lambda_per_d"":2}"
pilot,modde-lshade-p2,lshade,20,2,10,1,2000,2000,0.48583899285824828,,,3.9720370213299248,2.9550011250008765,1.9951995181924076,0.48583899285824828,0.084660749,0.006554543,39.053103,"{""bound_correction"":""saturate"",""lambda_per_d"":2}"
pilot,modde-lshade-p2,lshade,20,2,10,2,2000,2000,1.0909270689541017,,,886.38593045340303,3.246340202698434,2.1152663233211797,1.0909270689541017,0.078992975,0.006148302,36.4223365,"{""bound_correction"":""saturate"",""lambda_per_d"":2}"
pilot,modde-lshade-p2,lshade,23,1,5,1,1000,1000,2.8085058708675943,,,4.5494472316468508,2.8615781130117943,2.8615781130117943,2.8085058708675943,0.051494696,0.002522791,48.971905,"{""bound_correction"":""saturate"",""lambda_per_d"":2}"
pilot,modde-lshade-p2,lshade,23,1,5,2,1000,1000,1.3350281647488904,,,3.7288844538647057,1.3350281647488904,1.3350281647488904,1.3350281647488904,0.053491774,0.00236667,51.125104,"{""bound_correction"":""saturate"",""lambda_per_d"":2}"
pilot,modde-lshade-p2,lshade,23,1,10,1,2000,2000,1.9880097043480562,,,3.5546234340872678,1.9880097043480562,1.9880097043480562,1.9880097043480562,0.068155772,0.006055665,31.0500535,"{""bound_correction"":""saturate"",""lambda_per_d"":2}"
pilot,modde-lshade-p2,lshade,23,1,10,2,2000,2000,2.274733434001754,,,2.8327881006798235,2.7130534368123493,2.7130534368123493,2.274733434001754,0.068471048,0.006067816,31.201616,"{""bound_correction"":""saturate"",""lambda_per_d"":2}"
pilot,modde-lshade-p2,lshade,23,2,5,1,1000,1000,1.548362748003725,,,4.1978627339511645,2.8862611420472426,1.7478986145576298,1.548362748003725,0.053678491,0.002612746,51.065745,"{""bound_correction"":""saturate"",""lambda_per_d"":2}"
pilot,modde-lshade-p2,lshade,23,2,5,2,1000,1000,1.3228717961933065,,,3.8351022262035972,3.0818572377747815,1.3228717961933065,1.3228717961933065,0.049627673,0.002387195,47.240478,"{""bound_correction"":""saturate"",""lambda_per_d"":2}"
pilot,modde-lshade-p2,lshade,23,2,10,1,2000,2000,2.1548565725729114,,,2.6892641149912446,2.486709337163342,2.486709337163342,2.1548565725729114,0.068606446,0.006090116,31.258165,"{""bound_correction"":""saturate"",""lambda_per_d"":2}"
pilot,modde-lshade-p2,lshade,23,2,10,2,2000,2000,1.9739351223659765,,,3.7486767772395932,2.723132672385796,2.723132672385796,1.9739351223659765,0.082357255,0.006658301,37.849477,"{""bound_correction"":""saturate"",""lambda_per_d"":2}"
tune,scipy-best-dplus1-halton,scipy,1,1,5,1,1000,1000,1.4380659976609422e-05,432,,0.069469653434438783,0.016094681105627728,0.007766121084301858,1.4380659976609422e-05,0.055019692,0.002151776,52.867916,"{""init_size"":""d+1"",""strategy"":""best1bin"",""updating"":""immediate""}"
tune,scipy-best-dplus1-halton,scipy,1,1,5,2,1000,1000,8.8599705350134172e-09,150,909,0.062843324055194216,0.00051248132022863047,1.6063780947206396e-05,8.8599705350134172e-09,0.057398703,0.002251301,55.147402,"{""init_size"":""d+1"",""strategy"":""best1bin"",""updating"":""immediate""}"
tune,scipy-best-dplus1-halton,scipy,1,1,10,1,2000,2000,2.7567352844926063e-09,681,1061,3.6029982614690255,0.054493471655575831,3.8080586747923917e-05,2.7567352844926063e-09,0.090580952,0.004349949,43.1155015,"{""init_size"":""d+1"",""strategy"":""best1bin"",""updating"":""immediate""}"
tune,scipy-best-dplus1-halton,scipy,1,1,10,2,2000,2000,2.8337865387584316e-10,708,1437,1.939506867198574,0.22508681222893756,0.0015169585619503323,2.8337865387584316e-10,0.092200509,0.004713981,43.743264,"{""init_size"":""d+1"",""strategy"":""best1bin"",""updating"":""immediate""}"
tune,scipy-best-dplus1-halton,scipy,6,1,5,1,1000,1000,11.471942263098256,,,23.61235552988591,19.547507598178221,12.587619320666043,11.471942263098256,0.054630089,0.002444294,52.185795,"{""init_size"":""d+1"",""strategy"":""best1bin"",""updating"":""immediate""}"
tune,scipy-best-dplus1-halton,scipy,6,1,5,2,1000,1000,21.169208152087144,,,26.023965195416729,22.882147801478446,22.610822068561028,21.169208152087144,0.056785114,0.002586739,54.198375,"{""init_size"":""d+1"",""strategy"":""best1bin"",""updating"":""immediate""}"
tune,scipy-best-dplus1-halton,scipy,6,1,10,1,2000,2000,0.09674387802789397,,,98.316632928577349,26.462199108817195,6.1307282572877639,0.09674387802789397,0.08698706,0.004987915,40.9995725,"{""init_size"":""d+1"",""strategy"":""best1bin"",""updating"":""immediate""}"
tune,scipy-best-dplus1-halton,scipy,6,1,10,2,2000,2000,0.15654259557000216,,,174.28903922993945,49.277710178677673,4.6823373555093468,0.15654259557000216,0.100353914,0.006151307,47.1013035,"{""init_size"":""d+1"",""strategy"":""best1bin"",""updating"":""immediate""}"
tune,scipy-best-dplus1-halton,scipy,10,1,5,1,1000,1000,23105.971199732448,,,59000.5337010769,29228.70628371344,25268.437937682775,23105.971199732448,0.055285207,0.002828448,52.456759,"{""init_size"":""d+1"",""strategy"":""best1bin"",""updating"":""immediate""}"
tune,scipy-best-dplus1-halton,scipy,10,1,5,2,1000,1000,660.33330306342395,,,52595.626408355951,13896.560356622855,663.37146650306545,660.33330306342395,0.052553617,0.002793672,49.759945,"{""init_size"":""d+1"",""strategy"":""best1bin"",""updating"":""immediate""}"
tune,scipy-best-dplus1-halton,scipy,10,1,10,1,2000,2000,1118.1345966992953,,,159337.42494673055,10680.410624159373,1504.6921287297878,1118.1345966992953,0.082662539,0.006516358,38.0730905,"{""init_size"":""d+1"",""strategy"":""best1bin"",""updating"":""immediate""}"
tune,scipy-best-dplus1-halton,scipy,10,1,10,2,2000,2000,1403.3823407034506,,,83943.277952142453,20589.827961994553,4399.4775210501193,1403.3823407034506,0.085057903,0.006651418,39.2032425,"{""init_size"":""d+1"",""strategy"":""best1bin"",""updating"":""immediate""}"
tune,scipy-best-dplus1-halton,scipy,15,1,5,1,1000,1000,87.738688224854741,,,124.53637028254138,115.30393605830523,89.009223728718553,87.738688224854741,0.054986063,0.003152914,51.833149,"{""init_size"":""d+1"",""strategy"":""best1bin"",""updating"":""immediate""}"
tune,scipy-best-dplus1-halton,scipy,15,1,5,2,1000,1000,54.883494781402078,,,67.854707896472064,55.211918183166517,55.204082065860348,54.883494781402078,0.057729481,0.002971378,54.758103,"{""init_size"":""d+1"",""strategy"":""best1bin"",""updating"":""immediate""}"
tune,scipy-best-dplus1-halton,scipy,15,1,10,1,2000,2000,48.39334337815103,,,94.549094900509544,63.132630013218204,52.623554355041961,48.39334337815103,0.081464988,0.008126994,36.668997,"{""init_size"":""d+1"",""strategy"":""best1bin"",""updating"":""immediate""}"
tune,scipy-best-dplus1-halton,scipy,15,1,10,2,2000,2000,68.690204690559312,,,138.74212344484204,102.54676169056711,69.988386824245481,68.690204690559312,0.106755457,0.009231714,48.7618715,"{""init_size"":""d+1"",""strategy"":""best1bin"",""updating"":""immediate""}"
tune,scipy-best-dplus1-halton,scipy,20,1,5,1,1000,1000,1.6229264972362216,,,2.340543591433061,1.6912776259299562,1.62966092266754,1.6229264972362216,0.058436257,0.003406706,55.029551,"{""init_size"":""d+1"",""strategy"":""best1bin"",""updating"":""immediate""}"
tune,scipy-best-dplus1-halton,scipy,20,1,5,2,1000,1000,1.4960804537539616,,,1.6444405411416483,1.4999695709819889,1.497616798237118,1.4960804537539616,0.057557058,0.003360988,54.19607,"{""init_size"":""d+1"",""strategy"":""best1bin"",""updating"":""immediate""}"
tune,scipy-best-dplus1-halton,scipy,20,1,10,1,2000,2000,2.0134967747725341,,,3.1271338576199241,2.8060624924705735,2.1008413092606588,2.0134967747725341,0.093658898,0.007566113,43.0463925,"{""init_size"":""d+1"",""strategy"":""best1bin"",""updating"":""immediate""}"
tune,scipy-best-dplus1-halton,scipy,20,1,10,2,2000,2000,1.2408496771955697,,,245.06312805938472,1.622147492454701,1.2788122599446297,1.2408496771955697,0.093782585,0.007654574,43.0640055,"{""init_size"":""d+1"",""strategy"":""best1bin"",""updating"":""immediate""}"
tune,scipy-best-custom2d-halton,scipy,1,1,5,1,1000,1000,3.2812863537401427e-11,308,522,0.82861329065228517,0.020313241414214644,2.4884382909817759e-05,3.2812863537401427e-11,0.044369051,0.001870241,42.49881,"{""init_size"":""2d"",""strategy"":""best1bin"",""updating"":""immediate""}"
tune,scipy-best-custom2d-halton,scipy,1,1,5,2,1000,1000,2.3234747459355276e-11,243,530,0.44885740795172069,0.0074331563346845542,2.1702258507616534e-05,2.3234747459355276e-11,0.046273654,0.00191183,44.361824,"{""init_size"":""2d"",""strategy"":""best1bin"",""updating"":""immediate""}"
tune,scipy-best-custom2d-halton,scipy,1,1,10,1,2000,2000,6.472530458268011e-07,835,1651,9.8029880194448964,0.30340715330150658,0.0045064273928403509,6.472530458268011e-07,0.096587237,0.005161449,45.712894,"{""init_size"":""2d"",""strategy"":""best1bin"",""updating"":""immediate""}"
tune,scipy-best-custom2d-halton,scipy,1,1,10,2,2000,2000,6.7469514419826737e-08,848,1490,5.8074041792250455,0.23419334747083553,0.0038039621460939088,6.7469514419826737e-08,0.082488322,0.004515461,38.9864305,"{""init_size"":""2d"",""strategy"":""best1bin"",""updating"":""immediate""}"
tune,scipy-best-custom2d-halton,scipy,6,1,5,1,1000,1000,0.079158339257240584,,,18.369784787618194,1.2253356710593479,0.51029371358001185,0.079158339257240584,0.043266424,0.002173973,41.092451,"{""init_size"":""2d"",""strategy"":""best1bin"",""updating"":""immediate""}"
tune,scipy-best-custom2d-halton,scipy,6,1,5,2,1000,1000,0.00012122079340315395,753,,25.121520174865942,5.0020306304239099,0.35855047033041387,0.00012122079340315395,0.044787981,0.002212117,42.575864,"{""init_size"":""2d"",""strategy"":""best1bin"",""updating"":""immediate""}"
tune,scipy-best-custom2d-halton,scipy,6,1,10,1,2000,2000,0.73194321549195962,,,95.438739476841761,33.438315597959196,18.613373461714168,0.73194321549195962,0.076364654,0.00489281,35.735922,"{""init_size"":""2d"",""strategy"":""best1bin"",""updating"":""immediate""}"
tune,scipy-best-custom2d-halton,scipy,6,1,10,2,2000,2000,1.3823006328234015,,,88.893126876479954,32.721583732833217,14.276073787566425,1.3823006328234015,0.077233687,0.005063019,36.085334,"{""init_size"":""2d"",""strategy"":""best1bin"",""updating"":""immediate""}"
tune,scipy-best-custom2d-halton,scipy,10,1,5,1,1000,1000,147.82168545273078,,,1948.7539199817102,943.4932438240221,645.82316869929605,147.82168545273078,0.044329049,0.002648612,41.680437,"{""init_size"":""2d"",""strategy"":""best1bin"",""updating"":""immediate""}"
tune,scipy-best-custom2d-halton,scipy,10,1,5,2,1000,1000,459.13742273793287,,,26720.412647738158,1552.5684055044808,469.42677483887763,459.13742273793287,0.045435548,0.0025629,42.872648,"{""init_size"":""2d"",""strategy"":""best1bin"",""updating"":""immediate""}"
tune,scipy-best-custom2d-halton,scipy,10,1,10,1,2000,2000,1588.6324815645082,,,168157.41438922565,37778.431409024859,19344.878346927988,1588.6324815645082,0.07629998,0.006502705,34.8986375,"{""init_size"":""2d"",""strategy"":""best1bin"",""updating"":""immediate""}"
tune,scipy-best-custom2d-halton,scipy,10,1,10,2,2000,2000,6314.2010767471593,,,41760.321144678914,34530.071206663924,10941.233504523439,6314.2010767471593,0.077695928,0.006790188,35.45287,"{""init_size"":""2d"",""strategy"":""best1bin"",""updating"":""immediate""}"
tune,scipy-best-custom2d-halton,scipy,15,1,5,1,1000,1000,5.1513280159946362,,,41.449114296729476,23.128589904784462,6.6160458318997826,5.1513280159946362,0.044828355,0.002816813,42.011542,"{""init_size"":""2d"",""strategy"":""best1bin"",""updating"":""immediate""}"
tune,scipy-best-custom2d-halton,scipy,15,1,5,2,1000,1000,11.091630883274888,,,22.318397716300524,21.099926797893659,20.213817469664264,11.091630883274888,0.04062406,0.002771473,37.852587,"{""init_size"":""2d"",""strategy"":""best1bin"",""updating"":""immediate""}"
tune,scipy-best-custom2d-halton,scipy,15,1,10,1,2000,2000,67.752827431118476,,,113.30868435636239,72.424797945325508,72.13639346789796,67.752827431118476,0.075803154,0.007794924,34.004115,"{""init_size"":""2d"",""strategy"":""best1bin"",""updating"":""immediate""}"
tune,scipy-best-custom2d-halton,scipy,15,1,10,2,2000,2000,53.527999891138506,,,142.0348577196653,73.980931876378918,53.527999891138506,53.527999891138506,0.077711159,0.007976506,34.8673265,"{""init_size"":""2d"",""strategy"":""best1bin"",""updating"":""immediate""}"
tune,scipy-best-custom2d-halton,scipy,20,1,5,1,1000,1000,1.1449094645782907,,,2.1230682695046426,1.9789987948196313,1.1472412369986387,1.1449094645782907,0.046046633,0.003039366,43.007267,"{""init_size"":""2d"",""strategy"":""best1bin"",""updating"":""immediate""}"
tune,scipy-best-custom2d-halton,scipy,20,1,5,2,1000,1000,1.8470743664335032,,,2.802152480890868,2.7906498862490707,1.8524017079186024,1.8470743664335032,0.043399599,0.003037973,40.361626,"{""init_size"":""2d"",""strategy"":""best1bin"",""updating"":""immediate""}"
tune,scipy-best-custom2d-halton,scipy,20,1,10,1,2000,2000,2.412206173960044,,,1224.558594755141,3.0776900209635869,2.4584613402284958,2.412206173960044,0.075530241,0.007271203,34.129519,"{""init_size"":""2d"",""strategy"":""best1bin"",""updating"":""immediate""}"
tune,scipy-best-custom2d-halton,scipy,20,1,10,2,2000,2000,1.2042329492610406,,,15.85087654880158,2.4147334476587048,1.2725006298433073,1.2042329492610406,0.08172982,0.007220265,37.2547775,"{""init_size"":""2d"",""strategy"":""best1bin"",""updating"":""immediate""}"
tune,condinit20-halton,scipy,1,1,5,1,1000,1000,5.9405010688351467e-08,112,626,0.010173121311311206,0.00034091156520332788,0.00015443363918166142,5.9405010688351467e-08,0.054994122,0.002400813,52.593309,"{""condition_limit"":20.0,""init_size"":""conditioned"",""max_per_d"":4,""strategy"":""best1bin"",""updating"":""immediate""}"
tune,condinit20-halton,scipy,1,1,5,2,1000,1000,2.3234747459355276e-11,243,530,0.44885740795172069,0.0074331563346845542,2.1702258507616534e-05,2.3234747459355276e-11,0.046116703,0.001918176,44.198527,"{""condition_limit"":20.0,""init_size"":""conditioned"",""max_per_d"":4,""strategy"":""best1bin"",""updating"":""immediate""}"
tune,condinit20-halton,scipy,1,1,10,1,2000,2000,4.8885340220294893e-10,739,1300,6.8860513731333697,0.021108277182051438,0.0005679428508926776,4.8885340220294893e-10,0.083995545,0.004138419,39.928563,"{""condition_limit"":20.0,""init_size"":""conditioned"",""max_per_d"":4,""strategy"":""best1bin"",""updating"":""immediate""}"
tune,condinit20-halton,scipy,1,1,10,2,2000,2000,4.2719203463548183e-06,1147,1888,9.9289036982699344,0.30961088616231791,0.024238144795560856,4.2719203463548183e-06,0.080248415,0.004525494,37.8614605,"{""condition_limit"":20.0,""init_size"":""conditioned"",""max_per_d"":4,""strategy"":""best1bin"",""updating"":""immediate""}"
tune,condinit20-halton,scipy,6,1,5,1,1000,1000,0.13752396636484576,,,12.489280480605203,0.69157061706009415,0.34549974346522561,0.13752396636484576,0.052582523,0.002519965,50.062558,"{""condition_limit"":20.0,""init_size"":""conditioned"",""max_per_d"":4,""strategy"":""best1bin"",""updating"":""immediate""}"
tune,condinit20-halton,scipy,6,1,5,2,1000,1000,0.00012122079340315395,753,,25.121520174865942,5.0020306304239099,0.35855047033041387,0.00012122079340315395,0.044130635,0.002207899,41.922736,"{""condition_limit"":20.0,""init_size"":""conditioned"",""max_per_d"":4,""strategy"":""best1bin"",""updating"":""immediate""}"
tune,condinit20-halton,scipy,6,1,10,1,2000,2000,0.78383196569316027,,,60.467849430564463,21.756825476500332,5.4932189781127931,0.78383196569316027,0.080243699,0.005037347,37.603176,"{""condition_limit"":20.0,""init_size"":""conditioned"",""max_per_d"":4,""strategy"":""best1bin"",""updating"":""immediate""}"
tune,condinit20-halton,scipy,6,1,10,2,2000,2000,2.9820810186504545,,,68.609852716602063,48.170214055969559,12.555282401484327,2.9820810186504545,0.085900092,0.005628985,40.1355535,"{""condition_limit"":20.0,""init_size"":""conditioned"",""max_per_d"":4,""strategy"":""best1bin"",""updating"":""immediate""}"
tune,condinit20-halton,scipy,10,1,5,1,1000,1000,976.04341614458644,,,10444.331688324479,1591.4170518507444,1087.2552947216348,976.04341614458644,0.062601277,0.003670724,58.930553,"{""condition_limit"":20.0,""init_size"":""conditioned"",""max_per_d"":4,""strategy"":""best1bin"",""updating"":""immediate""}"
tune,condinit20-halton,scipy,10,1,5,2,1000,1000,459.13742273793287,,,26720.412647738158,1552.5684055044808,469.42677483887763,459.13742273793287,0.045123501,0.002527501,42.596,"{""condition_limit"":20.0,""init_size"":""conditioned"",""max_per_d"":4,""strategy"":""best1bin"",""updating"":""immediate""}"
tune,condinit20-halton,scipy,10,1,10,1,2000,2000,2847.7025372019561,,,121553.15400334235,26321.17153620609,7060.084402837997,2847.7025372019561,0.077351155,0.00668353,35.3338125,"{""condition_limit"":20.0,""init_size"":""conditioned"",""max_per_d"":4,""strategy"":""best1bin"",""updating"":""immediate""}"
tune,condinit20-halton,scipy,10,1,10,2,2000,2000,3451.061996083321,,,205940.53848781573,18875.02418450356,13866.978421177713,3451.061996083321,0.075609012,0.006494522,34.557245,"{""condition_limit"":20.0,""init_size"":""conditioned"",""max_per_d"":4,""strategy"":""best1bin"",""updating"":""immediate""}"
tune,condinit20-halton,scipy,15,1,5,1,1000,1000,8.9546264908271951,,,17.65822410340013,13.609021592801582,8.9552710681451799,8.9546264908271951,0.049466356,0.002775047,46.691309,"{""condition_limit"":20.0,""init_size"":""conditioned"",""max_per_d"":4,""strategy"":""best1bin"",""updating"":""immediate""}"
tune,condinit20-halton,scipy,15,1,5,2,1000,1000,11.091630883274888,,,22.318397716300524,21.099926797893659,20.213817469664264,11.091630883274888,0.04028609,0.002690663,37.595427,"{""condition_limit"":20.0,""init_size"":""conditioned"",""max_per_d"":4,""strategy"":""best1bin"",""updating"":""immediate""}"
tune,condinit20-halton,scipy,15,1,10,1,2000,2000,35.485776775274417,,,72.410414596343799,63.773452204818113,56.724827690842858,35.485776775274417,0.078116722,0.007649925,35.2333985,"{""condition_limit"":20.0,""init_size"":""conditioned"",""max_per_d"":4,""strategy"":""best1bin"",""updating"":""immediate""}"
tune,condinit20-halton,scipy,15,1,10,2,2000,2000,42.323885563888098,,,135.26310255320072,66.82783238712409,49.574694632877254,42.323885563888098,0.074343613,0.007494567,33.424523,"{""condition_limit"":20.0,""init_size"":""conditioned"",""max_per_d"":4,""strategy"":""best1bin"",""updating"":""immediate""}"
tune,condinit20-halton,scipy,20,1,5,1,1000,1000,0.47376441307164896,,,1.7924189082690418,1.07563516509083,0.47507082576021276,0.47376441307164896,0.052499317,0.003241624,49.257693,"{""condition_limit"":20.0,""init_size"":""conditioned"",""max_per_d"":4,""strategy"":""best1bin"",""updating"":""immediate""}"
tune,condinit20-halton,scipy,20,1,5,2,1000,1000,1.8470743664335032,,,2.802152480890868,2.7906498862490707,1.8524017079186024,1.8470743664335032,0.043151258,0.002970044,40.181214,"{""condition_limit"":20.0,""init_size"":""conditioned"",""max_per_d"":4,""strategy"":""best1bin"",""updating"":""immediate""}"
tune,condinit20-halton,scipy,20,1,10,1,2000,2000,0.80936373016731977,,,3.0172458691835118,2.3405174163551692,1.3392486879275793,0.80936373016731977,0.083976776,0.007225578,38.375599,"{""condition_limit"":20.0,""init_size"":""conditioned"",""max_per_d"":4,""strategy"":""best1bin"",""updating"":""immediate""}"
tune,condinit20-halton,scipy,20,1,10,2,2000,2000,0.98065924234526847,,,123.16052100940374,3.1426876232538916,1.8458509520562529,0.98065924234526847,0.086534916,0.008187774,39.173571,"{""condition_limit"":20.0,""init_size"":""conditioned"",""max_per_d"":4,""strategy"":""best1bin"",""updating"":""immediate""}"
tune,direct-local,direct,1,1,5,1,1000,1000,0.00043048871818029966,167,,0.16156690085047387,0.0060369511476920934,0.00043048871818029966,0.00043048871818029966,45.4353228,0.003867246,45431.4555,"{""eps"":0.0001,""locally_biased"":true}"
tune,direct-local,direct,1,1,5,2,1000,1000,0.00043048871818029966,167,,0.16156690085047387,0.0060369511476920934,0.00043048871818029966,0.00043048871818029966,59.0804996,0.004277825,59076.2217,"{""eps"":0.0001,""locally_biased"":true}"
tune,direct-local,direct,1,1,5,2,1000,1000,0.00043048871818029966,167,,0.16156690085047387,0.0060369511476920934,0.00043048871818029966,0.00043048871818029966,56.0300733,0.004175839,56025.8975,"{""eps"":0.0001,""locally_biased"":true}"
tune,direct-local,direct,1,1,10,1,2000,583,0.029386693394300778,,,1.0913833402469066,0.071160813193117178,0.029386693394300778,0.029386693394300778,25.8560013,0.001584813,44347.1981,"{""eps"":0.0001,""locally_biased"":true}"
tune,direct-local,direct,1,1,10,1,2000,583,0.029386693394300778,,,1.0913833402469066,0.071160813193117178,0.029386693394300778,0.029386693394300778,26.3886559,0.001731436,45260.5909,"{""eps"":0.0001,""locally_biased"":true}"
tune,direct-local,direct,1,1,10,2,2000,583,0.029386693394300778,,,1.0913833402469066,0.071160813193117178,0.029386693394300778,0.029386693394300778,25.2376468,0.001827249,43286.1399,"{""eps"":0.0001,""locally_biased"":true}"
tune,direct-local,direct,1,1,10,2,2000,583,0.029386693394300778,,,1.0913833402469066,0.071160813193117178,0.029386693394300778,0.029386693394300778,26.7032069,0.001733526,45800.1258,"{""eps"":0.0001,""locally_biased"":true}"
tune,direct-local,direct,6,1,5,1,1000,519,4.5875831752748795,,,8.4558451923042597,4.9869703327981156,4.5901962827622143,4.5875831752748795,31.3716628,0.002598923,60441.3563,"{""eps"":0.0001,""locally_biased"":true}"
tune,direct-local,direct,6,1,5,1,1000,519,4.5875831752748795,,,8.4558451923042597,4.9869703327981156,4.5901962827622143,4.5875831752748795,33.2735781,0.002176804,64106.7462,"{""eps"":0.0001,""locally_biased"":true}"
tune,direct-local,direct,6,1,5,2,1000,519,4.5875831752748795,,,8.4558451923042597,4.9869703327981156,4.5901962827622143,4.5875831752748795,31.448467,0.002349747,60589.8212,"{""eps"":0.0001,""locally_biased"":true}"
tune,direct-local,direct,6,1,5,2,1000,519,4.5875831752748795,,,8.4558451923042597,4.9869703327981156,4.5901962827622143,4.5875831752748795,34.2429645,0.002565865,65973.7932,"{""eps"":0.0001,""locally_biased"":true}"
tune,direct-local,direct,6,1,10,1,2000,583,12.524798510633531,,,26.470486241719442,12.731939379605166,12.524798510633531,12.524798510633531,28.5228384,0.002562144,48919.8564,"{""eps"":0.0001,""locally_biased"":true}"
tune,direct-local,direct,6,1,10,1,2000,583,12.524798510633531,,,26.470486241719442,12.731939379605166,12.524798510633531,12.524798510633531,29.9371608,0.002646788,51345.6501,"{""eps"":0.0001,""locally_biased"":true}"
tune,direct-local,direct,6,1,10,2,2000,583,12.524798510633531,,,26.470486241719442,12.731939379605166,12.524798510633531,12.524798510633531,28.9049046,0.002459953,49575.3767,"{""eps"":0.0001,""locally_biased"":true}"
tune,direct-local,direct,10,1,5,1,1000,461,2185.9690217164084,,,2791.152274152977,2289.4866106110694,2185.9690217164084,2185.9690217164084,27.318141,0.002095085,59253.8958,"{""eps"":0.0001,""locally_biased"":true}"
tune,direct-local,direct,6,1,10,2,2000,583,12.524798510633531,,,26.470486241719442,12.731939379605166,12.524798510633531,12.524798510633531,29.7264386,0.002487357,50984.479,"{""eps"":0.0001,""locally_biased"":true}"
tune,direct-local,direct,10,1,5,2,1000,461,2185.9690217164084,,,2791.152274152977,2289.4866106110694,2185.9690217164084,2185.9690217164084,27.3256538,0.002018222,59270.3591,"{""eps"":0.0001,""locally_biased"":true}"
tune,direct-local,direct,10,1,5,1,1000,461,2185.9690217164084,,,2791.152274152977,2289.4866106110694,2185.9690217164084,2185.9690217164084,27.6210068,0.002071283,59910.9231,"{""eps"":0.0001,""locally_biased"":true}"
tune,direct-local,direct,10,1,10,1,2000,463,35440.748636706827,,,48529.407678744261,35440.748636706827,35440.748636706827,35440.748636706827,21.8495698,0.001880722,47187.2335,"{""eps"":0.0001,""locally_biased"":true}"
tune,direct-local,direct,10,1,5,2,1000,461,2185.9690217164084,,,2791.152274152977,2289.4866106110694,2185.9690217164084,2185.9690217164084,25.8399558,0.001984443,56047.6602,"{""eps"":0.0001,""locally_biased"":true}"
tune,direct-local,direct,10,1,10,2,2000,463,35440.748636706827,,,48529.407678744261,35440.748636706827,35440.748636706827,35440.748636706827,21.7810456,0.001869788,47039.2565,"{""eps"":0.0001,""locally_biased"":true}"
tune,direct-local,direct,10,1,10,1,2000,463,35440.748636706827,,,48529.407678744261,35440.748636706827,35440.748636706827,35440.748636706827,20.2177902,0.00183083,43662.9792,"{""eps"":0.0001,""locally_biased"":true}"
tune,direct-local,direct,10,1,10,2,2000,463,35440.748636706827,,,48529.407678744261,35440.748636706827,35440.748636706827,35440.748636706827,21.0541487,0.001894043,45469.2326,"{""eps"":0.0001,""locally_biased"":true}"
tune,direct-local,direct,15,1,5,1,1000,1000,5.0403072373941313,,,19.002133126245212,7.8616793999605079,7.0176655343281027,5.0403072373941313,42.7029965,0.00474193,42698.2546,"{""eps"":0.0001,""locally_biased"":true}"
tune,direct-local,direct,15,1,5,1,1000,1000,5.0403072373941313,,,19.002133126245212,7.8616793999605079,7.0176655343281027,5.0403072373941313,43.7606599,0.004952013,43755.7079,"{""eps"":0.0001,""locally_biased"":true}"
tune,direct-local,direct,15,1,5,2,1000,1000,5.0403072373941313,,,19.002133126245212,7.8616793999605079,7.0176655343281027,5.0403072373941313,43.9711323,0.004653791,43966.4785,"{""eps"":0.0001,""locally_biased"":true}"
tune,direct-local,direct,15,1,5,2,1000,1000,5.0403072373941313,,,19.002133126245212,7.8616793999605079,7.0176655343281027,5.0403072373941313,43.5088175,0.004738095,43504.0795,"{""eps"":0.0001,""locally_biased"":true}"
tune,direct-local,direct,15,1,10,1,2000,595,38.654912337889755,,,123.09711997191425,62.960884179644381,38.654912337889755,38.654912337889755,26.7850127,0.002956618,45011.859,"{""eps"":0.0001,""locally_biased"":true}"
tune,direct-local,direct,15,1,10,1,2000,595,38.654912337889755,,,123.09711997191425,62.960884179644381,38.654912337889755,38.654912337889755,42.8827481,0.002916125,72066.9446,"{""eps"":0.0001,""locally_biased"":true}"
tune,direct-local,direct,15,1,10,2,2000,595,38.654912337889755,,,123.09711997191425,62.960884179644381,38.654912337889755,38.654912337889755,44.3691402,0.00282232,74565.2402,"{""eps"":0.0001,""locally_biased"":true}"
