TransponderHexCode,date,first_feeding_event,last_feeding_event,total_feeding_events,Temperature,Daylength,Sunrise,Sunset,AgeSex,first_feed_centered_m
011016FC5B,2023-01-09,09:58:49,15:47:45,71,-8.4,7.81,8:47,16:35,A Male,71.81666666666672
011016FC5B,2023-01-10,08:37:08,15:59:05,79,-8.2,7.84,8:46,16:37,A Male,-8.866666666666674
011016FC5B,2023-01-11,09:47:41,16:22:36,52,-7.2,7.88,8:46,16:38,A Male,61.68333333333328
011016FC5B,2023-01-12,09:06:35,16:22:37,80,-12.6,7.92,8:45,16:40,A Male,21.58333333333337
011016FC5B,2023-01-13,09:13:21,15:47:40,56,-13.1,7.96,8:44,16:42,A Male,29.350000000000023
011016FC5B,2023-01-14,10:02:55,16:09:40,42,-10.7,8.0,8:43,16:43,A Male,79.91666666666663
011016FC5B,2023-01-15,09:36:08,15:18:49,41,-8.8,8.05,8:42,16:45,A Male,54.133333333333326
011016FC5B,2023-01-16,08:38:39,15:37:54,58,-5.4,8.09,8:41,16:47,A Male,-2.3500000000000227
011016FC5B,2023-01-17,09:05:48,15:42:05,50,-8.8,8.14,8:40,16:48,A Male,25.799999999999955
011016FC5B,2023-01-18,10:02:21,16:10:59,56,-13.4,8.18,8:39,16:50,A Male,83.35000000000002
011016FC5B,2023-01-19,09:02:53,15:31:29,48,-10.6,8.23,8:38,16:52,A Male,24.883333333333326
011016FC5B,2023-01-20,09:27:06,16:20:12,53,-4.1,8.28,8:37,16:54,A Male,50.10000000000002
011016FC5B,2023-01-21,09:15:41,16:08:09,72,0.4,8.33,8:35,16:55,A Male,40.68333333333328
011016FC5B,2023-01-22,08:44:11,16:37:01,30,0.5,8.38,8:34,16:57,A Male,10.18333333333328
011016FC5B,2023-01-23,09:26:44,16:15:21,37,-2.8,8.44,8:33,16:59,A Male,53.73333333333335
011016FC5B,2023-01-24,08:26:04,16:22:28,44,-0.1,8.49,8:31,17:01,A Male,-4.933333333333337
011016FC5B,2023-01-25,09:14:16,16:56:11,74,-0.7,8.55,8:30,17:03,A Male,44.26666666666665
011016FC5B,2023-01-26,08:52:50,15:27:22,32,4.7,8.6,8:29,17:05,A Male,23.83333333333337
011016FC5B,2023-01-27,08:53:02,15:52:27,52,-6.7,8.66,8:27,17:07,A Male,26.033333333333303
011016FC5B,2023-01-28,08:45:11,16:17:40,52,-16.8,8.72,8:26,17:09,A Male,19.18333333333328
011016FC5B,2023-01-29,09:47:08,16:06:03,66,-17.1,8.78,8:24,17:11,A Male,83.13333333333333
011016FC5B,2023-01-30,09:32:27,16:32:42,76,-11.7,8.83,8:22,17:13,A Male,70.45000000000005
011016FC5B,2023-01-31,09:46:38,16:10:20,85,-10.3,8.89,8:21,17:14,A Male,85.63333333333333
011016FC5B,2023-02-01,08:27:59,16:01:29,76,-15.5,8.96,8:19,17:16,A Male,8.983333333333348
011016FC5B,2023-02-02,08:41:37,16:27:53,55,-16.9,9.02,8:17,17:18,A Male,24.616666666666674
011016FC5B,2023-02-03,09:29:09,15:40:38,53,-6.3,9.08,8:16,17:20,A Male,73.14999999999998
011016FC5B,2023-02-04,09:01:47,16:32:27,63,-1.8,9.14,8:14,17:22,A Male,47.7833333333333
011016FC5B,2023-02-05,08:54:59,16:50:26,59,-2.0,9.2,8:12,17:24,A Male,42.98333333333335
011016FC5B,2023-02-06,08:07:41,16:54:58,79,-0.7,9.27,8:10,17:26,A Male,-2.316666666666663
011016FC5B,2023-02-07,08:14:54,16:33:56,74,0.5,9.33,8:08,17:28,A Male,6.899999999999977
011016FC5B,2023-02-08,08:04:27,16:40:26,83,-3.2,9.4,8:06,17:30,A Male,-1.5500000000000114
011016FC5B,2023-02-09,08:11:13,17:05:38,66,-6.1,9.46,8:05,17:32,A Male,6.21666666666664
011016FC5B,2023-02-10,08:38:10,17:12:09,80,-1.9,9.53,8:03,17:34,A Male,35.16666666666663
011016FC5B,2023-02-11,08:05:14,17:02:47,52,-2.9,9.59,8:01,17:36,A Male,4.2333333333333485
011016FC5B,2023-02-12,08:48:54,16:50:27,75,-2.6,9.66,7:59,17:38,A Male,49.89999999999998
011016FC5B,2023-02-13,08:38:25,17:18:52,70,0.0,9.73,7:57,17:40,A Male,41.41666666666663
011016FC5B,2023-02-14,08:25:17,17:01:56,69,-10.0,9.79,7:55,17:42,A Male,30.28333333333336
011016FFC0,2023-01-09,08:44:03,16:20:50,59,-8.4,7.81,8:47,16:35,A Male,-2.9500000000000455
011016FFC0,2023-01-10,08:55:42,16:48:15,40,-8.2,7.84,8:46,16:37,A Male,9.700000000000045
011016FFC0,2023-01-11,08:34:02,16:44:34,40,-7.2,7.88,8:46,16:38,A Male,-11.966666666666697
011016FFC0,2023-01-12,09:11:38,16:41:59,51,-12.6,7.92,8:45,16:40,A Male,26.633333333333326
011016FFC0,2023-01-13,08:30:25,16:45:53,56,-13.1,7.96,8:44,16:42,A Male,-13.583333333333314
011016FFC0,2023-01-14,08:29:24,16:58:03,58,-10.7,8.0,8:43,16:43,A Male,-13.600000000000023
011016FFC0,2023-01-15,08:31:10,16:14:04,37,-8.8,8.05,8:42,16:45,A Male,-10.833333333333314
011016FFC0,2023-01-16,09:09:55,16:53:00,50,-5.4,8.09,8:41,16:47,A Male,28.91666666666663
011016FFC0,2023-01-17,08:40:56,16:07:31,36,-8.8,8.14,8:40,16:48,A Male,0.9333333333332803
011016FFC0,2023-01-18,08:23:14,15:44:22,24,-13.4,8.18,8:39,16:50,A Male,-15.766666666666652
011016FFC0,2023-01-19,08:48:31,17:01:13,50,-10.6,8.23,8:38,16:52,A Male,10.516666666666652
011016FFC0,2023-01-20,08:30:05,16:28:01,58,-4.1,8.28,8:37,16:54,A Male,-6.916666666666686
011016FFC0,2023-01-21,09:12:01,17:03:02,61,0.4,8.33,8:35,16:55,A Male,37.01666666666665
011016FFC0,2023-01-22,08:36:06,17:11:19,65,0.5,8.38,8:34,16:57,A Male,2.1000000000000227
011016FFC0,2023-01-23,09:19:47,17:11:53,54,-2.8,8.44,8:33,16:59,A Male,46.7833333333333
011016FFC0,2023-01-24,08:45:21,17:18:02,55,-0.1,8.49,8:31,17:01,A Male,14.350000000000023
011016FFC0,2023-01-25,09:28:52,16:13:41,40,-0.7,8.55,8:30,17:03,A Male,58.866666666666674
011016FFC0,2023-01-26,10:06:49,16:53:44,43,4.7,8.6,8:29,17:05,A Male,97.81666666666672
011016FFC0,2023-01-27,08:53:08,16:09:04,64,-6.7,8.66,8:27,17:07,A Male,26.133333333333326
011016FFC0,2023-01-28,08:48:04,16:55:08,67,-16.8,8.72,8:26,17:09,A Male,22.06666666666672
011016FFC0,2023-01-29,09:13:05,16:21:54,69,-17.1,8.78,8:24,17:11,A Male,49.08333333333337
011016FFC0,2023-01-30,09:48:46,16:51:01,64,-11.7,8.83,8:22,17:13,A Male,86.76666666666665
011016FFC0,2023-01-31,08:15:53,16:41:34,79,-10.3,8.89,8:21,17:14,A Male,-5.116666666666674
011016FFC0,2023-02-01,09:06:32,16:06:48,79,-15.5,8.96,8:19,17:16,A Male,47.5333333333333
011016FFC0,2023-02-02,08:52:04,16:35:51,58,-16.9,9.02,8:17,17:18,A Male,35.06666666666672
011016FFC0,2023-02-03,10:10:51,16:49:05,41,-6.3,9.08,8:16,17:20,A Male,114.85000000000002
011016FFC0,2023-02-04,08:57:39,17:08:15,13,-1.8,9.14,8:14,17:22,A Male,43.64999999999998
011016FFC0,2023-02-05,09:03:13,16:54:40,39,-2.0,9.2,8:12,17:24,A Male,51.2166666666667
011016FFC0,2023-02-06,09:12:30,15:48:59,19,-0.7,9.27,8:10,17:26,A Male,62.5
011016FFC0,2023-02-07,13:00:38,14:59:33,11,0.5,9.33,8:08,17:28,A Male,292.6333333333333
011016FFC0,2023-02-08,08:37:45,17:31:39,31,-3.2,9.4,8:06,17:30,A Male,31.75
011016FFC0,2023-02-09,10:07:48,17:28:03,49,-6.1,9.46,8:05,17:32,A Male,122.79999999999995
011016FFC0,2023-02-10,08:50:39,17:12:14,33,-1.9,9.53,8:03,17:34,A Male,47.64999999999998
011016FFC0,2023-02-11,10:06:53,17:19:31,12,-2.9,9.59,8:01,17:36,A Male,125.88333333333333
011016FFC0,2023-02-12,08:27:32,17:21:19,17,-2.6,9.66,7:59,17:38,A Male,28.53333333333336
011016FFC0,2023-02-14,08:43:07,17:31:17,67,-10.0,9.79,7:55,17:42,A Male,48.116666666666674
0110171BB9,2023-01-09,10:45:07,16:28:07,52,-8.4,7.81,8:47,16:35,A Male,118.11666666666667
0110171BB9,2023-01-10,11:52:35,16:34:53,56,-8.2,7.84,8:46,16:37,A Male,186.58333333333337
0110171BB9,2023-01-11,10:23:13,16:25:35,49,-7.2,7.88,8:46,16:38,A Male,97.2166666666667
0110171BB9,2023-01-12,08:48:35,16:08:47,61,-12.6,7.92,8:45,16:40,A Male,3.5833333333333712
0110171BB9,2023-01-13,08:39:02,16:33:21,84,-13.1,7.96,8:44,16:42,A Male,-4.966666666666697
0110171BB9,2023-01-14,10:14:02,16:34:27,62,-10.7,8.0,8:43,16:43,A Male,91.0333333333333
0110171BB9,2023-01-15,08:43:58,16:17:52,61,-8.8,8.05,8:42,16:45,A Male,1.966666666666697
0110171BB9,2023-01-16,08:30:43,16:28:50,67,-5.4,8.09,8:41,16:47,A Male,-10.28333333333336
0110171BB9,2023-01-17,09:12:57,16:26:02,67,-8.8,8.14,8:40,16:48,A Male,32.950000000000045
0110171BB9,2023-01-18,08:33:22,16:27:48,62,-13.4,8.18,8:39,16:50,A Male,-5.633333333333326
0110171BB9,2023-01-19,10:16:21,16:14:51,44,-10.6,8.23,8:38,16:52,A Male,98.35000000000002
0110171BB9,2023-01-20,08:33:28,16:43:33,75,-4.1,8.28,8:37,16:54,A Male,-3.533333333333303
0110171BB9,2023-01-21,09:31:55,16:39:09,16,0.4,8.33,8:35,16:55,A Male,56.91666666666663
0110171BB9,2023-01-22,08:41:31,16:08:59,27,0.5,8.38,8:34,16:57,A Male,7.5166666666666515
0110171BB9,2023-01-23,10:24:17,16:31:51,19,-2.8,8.44,8:33,16:59,A Male,111.2833333333333
0110171BB9,2023-01-24,11:28:50,16:34:07,12,-0.1,8.49,8:31,17:01,A Male,177.83333333333337
0110171BB9,2023-01-25,10:39:28,16:39:40,27,-0.7,8.55,8:30,17:03,A Male,129.4666666666667
0110171BB9,2023-01-26,08:15:00,16:23:30,16,4.7,8.6,8:29,17:05,A Male,-14.0
0110171BB9,2023-01-27,09:22:56,16:09:57,31,-6.7,8.66,8:27,17:07,A Male,55.93333333333328
0110171BB9,2023-01-28,09:26:25,15:52:16,60,-16.8,8.72,8:26,17:09,A Male,60.41666666666663
0110171BB9,2023-01-29,08:53:32,16:35:57,72,-17.1,8.78,8:24,17:11,A Male,29.533333333333303
0110171BB9,2023-01-30,10:37:59,16:52:34,52,-11.7,8.83,8:22,17:13,A Male,135.98333333333335
0110171BB9,2023-01-31,08:20:07,16:42:10,68,-10.3,8.89,8:21,17:14,A Male,-0.8833333333333258
0110171BB9,2023-02-01,08:20:40,16:18:02,88,-15.5,8.96,8:19,17:16,A Male,1.6666666666666856
0110171BB9,2023-02-02,10:30:23,16:45:30,62,-16.9,9.02,8:17,17:18,A Male,133.38333333333333
0110171BB9,2023-02-03,09:44:09,16:49:32,59,-6.3,9.08,8:16,17:20,A Male,88.14999999999998
0110171BB9,2023-02-04,10:49:56,17:10:59,35,-1.8,9.14,8:14,17:22,A Male,155.93333333333328
0110171BB9,2023-02-05,09:41:45,17:00:23,29,-2.0,9.2,8:12,17:24,A Male,89.75
0110171BB9,2023-02-06,08:31:37,17:11:59,26,-0.7,9.27,8:10,17:26,A Male,21.616666666666674
0110171BB9,2023-02-07,15:00:49,17:24:45,20,0.5,9.33,8:08,17:28,A Male,412.8166666666667
0110171BB9,2023-02-08,08:59:11,17:21:49,36,-3.2,9.4,8:06,17:30,A Male,53.18333333333328
0110171BB9,2023-02-09,10:12:21,17:05:34,41,-6.1,9.46,8:05,17:32,A Male,127.35000000000002
0110171BB9,2023-02-10,14:17:19,17:28:23,24,-1.9,9.53,8:03,17:34,A Male,374.3166666666667
0110171BB9,2023-02-11,11:30:00,17:15:00,23,-2.9,9.59,8:01,17:36,A Male,209.0
0110171BB9,2023-02-12,13:42:41,16:30:57,21,-2.6,9.66,7:59,17:38,A Male,343.6833333333333
0110171BB9,2023-02-13,09:30:05,17:26:13,26,0.0,9.73,7:57,17:40,A Male,93.08333333333337
0110171BB9,2023-02-14,08:59:09,16:31:30,41,-10.0,9.79,7:55,17:42,A Male,64.14999999999998
0110174D98,2023-01-09,08:32:47,16:29:09,25,-8.4,7.81,8:47,16:35,A Female,-14.216666666666697
0110174D98,2023-01-10,08:31:08,16:51:38,47,-8.2,7.84,8:46,16:37,A Female,-14.866666666666674
0110174D98,2023-01-11,08:41:20,16:34:46,23,-7.2,7.88,8:46,16:38,A Female,-4.666666666666629
0110174D98,2023-01-12,08:45:49,16:34:38,58,-12.6,7.92,8:45,16:40,A Female,0.8166666666667197
0110174D98,2023-01-13,08:38:49,16:38:48,47,-13.1,7.96,8:44,16:42,A Female,-5.18333333333328
0110174D98,2023-01-14,08:35:00,16:42:47,51,-10.7,8.0,8:43,16:43,A Female,-8.0
0110174D98,2023-01-15,08:45:30,16:38:00,41,-8.8,8.05,8:42,16:45,A Female,3.5
0110174D98,2023-01-16,08:30:02,16:36:08,52,-5.4,8.09,8:41,16:47,A Female,-10.96666666666664
0110174D98,2023-01-17,08:37:09,16:39:29,63,-8.8,8.14,8:40,16:48,A Female,-2.8500000000000227
0110174D98,2023-01-18,08:32:19,16:20:32,33,-13.4,8.18,8:39,16:50,A Female,-6.68333333333328
0110174D98,2023-01-19,12:01:47,16:52:38,36,-10.6,8.23,8:38,16:52,A Female,203.7833333333333
0110174D98,2023-01-20,08:33:03,16:52:44,53,-4.1,8.28,8:37,16:54,A Female,-3.9500000000000455
0110174D98,2023-01-21,09:32:02,16:52:59,28,0.4,8.33,8:35,16:55,A Female,57.0333333333333
0110174D98,2023-01-22,08:41:39,16:13:14,16,0.5,8.38,8:34,16:57,A Female,7.649999999999977
0110174D98,2023-01-23,08:18:25,16:34:22,27,-2.8,8.44,8:33,16:59,A Female,-14.583333333333314
0110174D98,2023-01-24,13:36:18,16:12:39,15,-0.1,8.49,8:31,17:01,A Female,305.29999999999995
0110174D98,2023-01-25,10:39:43,16:43:20,25,-0.7,8.55,8:30,17:03,A Female,129.7166666666667
0110174D98,2023-01-26,08:12:44,16:28:13,22,4.7,8.6,8:29,17:05,A Female,-16.26666666666665
0110174D98,2023-01-27,08:17:11,16:33:43,45,-6.7,8.66,8:27,17:07,A Female,-9.816666666666663
0110174D98,2023-01-28,09:27:36,15:30:13,47,-16.8,8.72,8:26,17:09,A Female,61.60000000000002
0110174D98,2023-01-29,08:53:47,16:47:44,54,-17.1,8.78,8:24,17:11,A Female,29.783333333333303
0110174D98,2023-01-30,10:38:08,16:55:50,31,-11.7,8.83,8:22,17:13,A Female,136.13333333333333
0110174D98,2023-01-31,08:19:20,16:56:09,46,-10.3,8.89,8:21,17:14,A Female,-1.6666666666666856
0110174D98,2023-02-01,08:19:52,15:48:16,42,-15.5,8.96,8:19,17:16,A Female,0.8666666666666742
0110174D98,2023-02-02,08:33:35,16:49:17,47,-16.9,9.02,8:17,17:18,A Female,16.58333333333337
0110174D98,2023-02-03,09:06:35,16:53:31,43,-6.3,9.08,8:16,17:20,A Female,50.58333333333337
0110174D98,2023-02-04,17:00:35,17:10:10,10,-1.8,9.14,8:14,17:22,A Female,526.5833333333334
0110174D98,2023-02-05,08:09:52,17:07:05,35,-2.0,9.2,8:12,17:24,A Female,-2.1333333333333258
0110174D98,2023-02-06,14:34:56,17:15:28,21,-0.7,9.27,8:10,17:26,A Female,384.9333333333333
0110174D98,2023-02-07,15:03:40,17:25:15,24,0.5,9.33,8:08,17:28,A Female,415.66666666666663
0110174D98,2023-02-08,09:50:38,17:24:05,21,-3.2,9.4,8:06,17:30,A Female,104.63333333333333
0110174D98,2023-02-09,10:13:57,17:16:10,35,-6.1,9.46,8:05,17:32,A Female,128.95000000000005
0110174D98,2023-02-10,14:49:10,17:31:09,23,-1.9,9.53,8:03,17:34,A Female,406.16666666666663
0110174D98,2023-02-12,10:16:38,16:26:46,17,-2.6,9.66,7:59,17:38,A Female,137.63333333333333
0110174D98,2023-02-13,16:57:20,17:07:44,10,0.0,9.73,7:57,17:40,A Female,540.3333333333334
0110174D98,2023-02-14,13:22:21,17:27:57,16,-10.0,9.79,7:55,17:42,A Female,327.35
0110175CF7,2023-01-09,08:57:32,16:26:38,29,-8.4,7.81,8:47,16:35,A Female,10.533333333333303
0110175CF7,2023-01-10,08:44:36,16:35:41,35,-8.2,7.84,8:46,16:37,A Female,-1.3999999999999773
0110175CF7,2023-01-11,09:23:47,16:12:41,40,-7.2,7.88,8:46,16:38,A Female,37.7833333333333
0110175CF7,2023-01-12,08:47:19,15:58:35,47,-12.6,7.92,8:45,16:40,A Female,2.3166666666667197
0110175CF7,2023-01-13,09:15:24,16:09:24,37,-13.1,7.96,8:44,16:42,A Female,31.399999999999977
0110175CF7,2023-01-14,08:35:22,15:56:12,29,-10.7,8.0,8:43,16:43,A Female,-7.633333333333326
0110175CF7,2023-01-15,09:29:41,16:12:43,20,-8.8,8.05,8:42,16:45,A Female,47.68333333333328
0110175CF7,2023-01-16,08:38:01,16:10:32,56,-5.4,8.09,8:41,16:47,A Female,-2.9833333333333485
0110175CF7,2023-01-17,09:18:02,16:04:11,41,-8.8,8.14,8:40,16:48,A Female,38.0333333333333
0110175CF7,2023-01-18,08:30:29,15:46:53,36,-13.4,8.18,8:39,16:50,A Female,-8.516666666666652
0110175CF7,2023-01-19,09:56:28,16:36:22,46,-10.6,8.23,8:38,16:52,A Female,78.4666666666667
0110175CF7,2023-01-20,08:34:56,16:37:31,44,-4.1,8.28,8:37,16:54,A Female,-2.0666666666667197
0110175CF7,2023-01-21,09:09:02,15:44:58,41,0.4,8.33,8:35,16:55,A Female,34.0333333333333
0110175CF7,2023-01-22,09:01:52,16:42:01,33,0.5,8.38,8:34,16:57,A Female,27.866666666666674
0110175CF7,2023-01-23,09:10:55,16:39:53,36,-2.8,8.44,8:33,16:59,A Female,37.91666666666663
0110175CF7,2023-01-24,09:00:58,17:00:31,34,-0.1,8.49,8:31,17:01,A Female,29.966666666666697
0110175CF7,2023-01-25,09:49:04,16:49:09,31,-0.7,8.55,8:30,17:03,A Female,79.06666666666672
0110175CF7,2023-01-26,08:36:22,17:00:59,35,4.7,8.6,8:29,17:05,A Female,7.366666666666674
0110175CF7,2023-01-27,08:33:26,16:18:44,38,-6.7,8.66,8:27,17:07,A Female,6.43333333333328
0110175CF7,2023-01-28,08:57:10,15:58:26,31,-16.8,8.72,8:26,17:09,A Female,31.16666666666663
0110175CF7,2023-01-29,09:21:12,16:14:24,40,-17.1,8.78,8:24,17:11,A Female,57.200000000000045
0110175CF7,2023-01-30,08:38:26,16:24:21,34,-11.7,8.83,8:22,17:13,A Female,16.43333333333328
0110175CF7,2023-01-31,08:19:32,16:32:18,34,-10.3,8.89,8:21,17:14,A Female,-1.4666666666666401
0110175CF7,2023-02-01,08:23:33,15:57:47,53,-15.5,8.96,8:19,17:16,A Female,4.550000000000011
0110175CF7,2023-02-02,09:03:53,16:05:09,23,-16.9,9.02,8:17,17:18,A Female,46.883333333333326
0110175CF7,2023-02-03,09:02:54,16:50:57,34,-6.3,9.08,8:16,17:20,A Female,46.89999999999998
0110175CF7,2023-02-04,08:52:18,16:22:13,34,-1.8,9.14,8:14,17:22,A Female,38.299999999999955
0110175CF7,2023-02-05,09:42:54,16:50:43,29,-2.0,9.2,8:12,17:24,A Female,90.89999999999998
0110175CF7,2023-02-06,09:07:14,16:49:41,40,-0.7,9.27,8:10,17:26,A Female,57.23333333333335
0110175CF7,2023-02-07,08:19:21,17:02:01,30,0.5,9.33,8:08,17:28,A Female,11.350000000000023
0110175CF7,2023-02-08,08:42:09,17:02:21,30,-3.2,9.4,8:06,17:30,A Female,36.14999999999998
0110175CF7,2023-02-09,09:56:22,16:53:36,26,-6.1,9.46,8:05,17:32,A Female,111.36666666666667
0110175CF7,2023-02-10,08:31:14,17:12:00,27,-1.9,9.53,8:03,17:34,A Female,28.23333333333335
0110175CF7,2023-02-11,08:50:34,17:15:39,49,-2.9,9.59,8:01,17:36,A Female,49.56666666666672
0110175CF7,2023-02-12,08:42:36,17:22:40,40,-2.6,9.66,7:59,17:38,A Female,43.60000000000002
0110175CF7,2023-02-13,08:27:32,17:20:26,59,0.0,9.73,7:57,17:40,A Female,30.53333333333336
0110175CF7,2023-02-14,09:45:55,16:51:50,17,-10.0,9.79,7:55,17:42,A Female,110.91666666666663
0110175DA5,2023-01-09,08:44:50,16:16:51,54,-8.4,7.81,8:47,16:35,A Male,-2.1666666666666288
0110175DA5,2023-01-10,09:18:21,16:15:20,62,-8.2,7.84,8:46,16:37,A Male,32.35000000000002
0110175DA5,2023-01-11,08:46:50,16:07:01,59,-7.2,7.88,8:46,16:38,A Male,0.8333333333333712
0110175DA5,2023-01-12,08:43:50,16:12:06,76,-12.6,7.92,8:45,16:40,A Male,-1.1666666666666288
0110175DA5,2023-01-13,09:47:35,15:51:47,59,-13.1,7.96,8:44,16:42,A Male,63.58333333333337
0110175DA5,2023-01-14,09:14:20,15:48:00,65,-10.7,8.0,8:43,16:43,A Male,31.33333333333337
0110175DA5,2023-01-15,09:27:02,16:12:42,56,-8.8,8.05,8:42,16:45,A Male,45.0333333333333
0110175DA5,2023-01-16,09:10:57,14:44:46,50,-5.4,8.09,8:41,16:47,A Male,29.950000000000045
0110175DA5,2023-01-17,09:00:05,16:05:29,73,-8.8,8.14,8:40,16:48,A Male,20.08333333333337
0110175DA5,2023-01-18,09:03:08,16:19:50,67,-13.4,8.18,8:39,16:50,A Male,24.133333333333326
0110175DA5,2023-01-19,09:08:37,16:24:04,61,-10.6,8.23,8:38,16:52,A Male,30.616666666666674
0110175DA5,2023-01-20,09:46:00,16:32:03,63,-4.1,8.28,8:37,16:54,A Male,69.0
0110175DA5,2023-01-21,10:08:18,16:42:49,52,0.4,8.33,8:35,16:55,A Male,93.29999999999995
0110175DA5,2023-01-22,09:11:45,16:33:32,50,0.5,8.38,8:34,16:57,A Male,37.75
0110175DA5,2023-01-23,08:59:35,16:10:53,43,-2.8,8.44,8:33,16:59,A Male,26.58333333333337
0110175DA5,2023-01-24,08:40:47,16:39:14,44,-0.1,8.49,8:31,17:01,A Male,9.783333333333303
0110175DA5,2023-01-25,09:35:25,16:54:56,48,-0.7,8.55,8:30,17:03,A Male,65.41666666666663
0110175DA5,2023-01-26,08:31:14,16:54:17,38,4.7,8.6,8:29,17:05,A Male,2.2333333333333485
0110175DA5,2023-01-27,09:03:37,16:22:50,43,-6.7,8.66,8:27,17:07,A Male,36.616666666666674
0110175DA5,2023-01-28,09:09:17,16:25:05,54,-16.8,8.72,8:26,17:09,A Male,43.2833333333333
0110175DA5,2023-01-29,09:56:58,16:26:37,48,-17.1,8.78,8:24,17:11,A Male,92.9666666666667
0110175DA5,2023-01-30,09:52:07,16:25:14,44,-11.7,8.83,8:22,17:13,A Male,90.11666666666667
0110175DA5,2023-01-31,08:34:09,16:39:38,60,-10.3,8.89,8:21,17:14,A Male,13.149999999999977
0110175DA5,2023-02-01,08:38:12,14:51:31,89,-15.5,8.96,8:19,17:16,A Male,19.200000000000045
0110175DA5,2023-02-02,09:16:20,15:21:39,24,-16.9,9.02,8:17,17:18,A Male,59.33333333333337
0110175DA5,2023-02-03,08:35:53,15:10:01,16,-6.3,9.08,8:16,17:20,A Male,19.883333333333326
0110175DA5,2023-02-04,13:48:04,17:07:30,23,-1.8,9.14,8:14,17:22,A Male,334.0666666666667
0110175DA5,2023-02-05,11:59:59,16:55:55,33,-2.0,9.2,8:12,17:24,A Male,227.98333333333335
0110175DA5,2023-02-06,10:58:28,17:09:16,26,-0.7,9.27,8:10,17:26,A Male,168.4666666666667
0110175DA5,2023-02-07,09:11:07,17:10:42,36,0.5,9.33,8:08,17:28,A Male,63.116666666666674
0110175DA5,2023-02-08,08:38:39,17:25:41,52,-3.2,9.4,8:06,17:30,A Male,32.64999999999998
0110175DA5,2023-02-09,10:00:55,17:13:51,40,-6.1,9.46,8:05,17:32,A Male,115.91666666666663
0110175DA5,2023-02-10,09:19:23,15:59:56,38,-1.9,9.53,8:03,17:34,A Male,76.38333333333333
0110175DA5,2023-02-11,09:50:09,16:51:03,42,-2.9,9.59,8:01,17:36,A Male,109.14999999999998
0110175DA5,2023-02-12,09:00:47,17:22:57,33,-2.6,9.66,7:59,17:38,A Male,61.7833333333333
0110175DA5,2023-02-13,09:09:29,17:13:35,39,0.0,9.73,7:57,17:40,A Male,72.48333333333335
0110175DA5,2023-02-14,10:04:37,16:04:42,39,-10.0,9.79,7:55,17:42,A Male,129.61666666666667
01103F3BC1,2023-01-09,08:41:05,16:41:03,74,-8.4,7.81,8:47,16:35,A Male,-5.916666666666629
01103F3BC1,2023-01-10,09:25:42,16:51:26,82,-8.2,7.84,8:46,16:37,A Male,39.700000000000045
01103F3BC1,2023-01-11,08:49:35,16:37:20,85,-7.2,7.88,8:46,16:38,A Male,3.5833333333333712
01103F3BC1,2023-01-12,08:36:54,16:39:55,92,-12.6,7.92,8:45,16:40,A Male,-8.100000000000023
01103F3BC1,2023-01-13,08:36:27,16:34:56,79,-13.1,7.96,8:44,16:42,A Male,-7.5499999999999545
01103F3BC1,2023-01-14,08:55:26,16:30:59,81,-10.7,8.0,8:43,16:43,A Male,12.43333333333328
01103F3BC1,2023-01-15,08:45:59,16:43:44,65,-8.8,8.05,8:42,16:45,A Male,3.9833333333333485
01103F3BC1,2023-01-16,08:49:33,16:24:40,61,-5.4,8.09,8:41,16:47,A Male,8.549999999999955
01103F3BC1,2023-01-17,08:29:19,16:40:43,88,-8.8,8.14,8:40,16:48,A Male,-10.683333333333337
01103F3BC1,2023-01-18,08:26:16,16:40:18,84,-13.4,8.18,8:39,16:50,A Male,-12.733333333333348
01103F3BC1,2023-01-19,09:03:19,16:48:38,109,-10.6,8.23,8:38,16:52,A Male,25.31666666666672
01103F3BC1,2023-01-20,08:38:02,16:49:35,88,-4.1,8.28,8:37,16:54,A Male,1.033333333333303
01103F3BC1,2023-01-21,08:23:02,16:57:20,83,0.4,8.33,8:35,16:55,A Male,-11.96666666666664
01103F3BC1,2023-01-22,08:39:05,17:14:46,89,0.5,8.38,8:34,16:57,A Male,5.083333333333371
01103F3BC1,2023-01-23,08:35:09,17:08:38,56,-2.8,8.44,8:33,16:59,A Male,2.1499999999999773
01103F3BC1,2023-01-24,08:35:22,17:06:49,86,-0.1,8.49,8:31,17:01,A Male,4.366666666666674
01103F3BC1,2023-01-25,09:33:54,17:04:08,46,-0.7,8.55,8:30,17:03,A Male,63.89999999999998
01103F3BC1,2023-01-26,09:22:30,16:43:12,41,4.7,8.6,8:29,17:05,A Male,53.5
01103F3BC1,2023-01-27,09:30:32,16:55:07,55,-6.7,8.66,8:27,17:07,A Male,63.5333333333333
01103F3BC1,2023-01-28,08:15:55,16:46:00,72,-16.8,8.72,8:26,17:09,A Male,-10.083333333333314
01103F3BC1,2023-01-29,08:24:18,16:51:42,71,-17.1,8.78,8:24,17:11,A Male,0.30000000000001137
01103F3BC1,2023-01-30,09:03:50,17:01:02,81,-11.7,8.83,8:22,17:13,A Male,41.83333333333337
01103F3BC1,2023-01-31,08:29:34,16:46:08,84,-10.3,8.89,8:21,17:14,A Male,8.566666666666663
01103F3BC1,2023-02-01,08:31:57,16:58:18,79,-15.5,8.96,8:19,17:16,A Male,12.949999999999989
01103F3BC1,2023-02-02,08:47:17,17:00:16,71,-16.9,9.02,8:17,17:18,A Male,30.283333333333303
01103F3BC1,2023-02-03,08:47:00,17:12:45,58,-6.3,9.08,8:16,17:20,A Male,31.0
01103F3BC1,2023-02-04,08:17:47,17:21:27,61,-1.8,9.14,8:14,17:22,A Male,3.78333333333336
01103F3BC1,2023-02-05,08:25:23,17:24:33,66,-2.0,9.2,8:12,17:24,A Male,13.383333333333326
01103F3BC1,2023-02-06,08:44:10,17:23:17,66,-0.7,9.27,8:10,17:26,A Male,34.16666666666663
01103F3BC1,2023-02-07,08:02:11,17:20:43,63,0.5,9.33,8:08,17:28,A Male,-5.816666666666663
01103F3BC1,2023-02-08,08:00:57,17:27:03,94,-3.2,9.4,8:06,17:30,A Male,-5.050000000000011
01103F3BC1,2023-02-09,10:22:52,17:23:31,42,-6.1,9.46,8:05,17:32,A Male,137.86666666666667
01103F3BC1,2023-02-10,08:46:11,17:16:13,50,-1.9,9.53,8:03,17:34,A Male,43.18333333333328
01103F3BC1,2023-02-11,09:20:49,17:37:51,36,-2.9,9.59,8:01,17:36,A Male,79.81666666666672
01103F3BC1,2023-02-12,10:21:34,14:29:47,19,-2.6,9.66,7:59,17:38,A Male,142.56666666666672
01103F3BC1,2023-02-13,08:30:00,17:25:02,63,0.0,9.73,7:57,17:40,A Male,33.0
01103F3BC1,2023-02-14,08:16:13,17:33:55,80,-10.0,9.79,7:55,17:42,A Male,21.21666666666664
01103F3C5F,2023-01-09,08:30:12,16:55:37,61,-8.4,7.81,8:47,16:35,A Male,-16.80000000000001
01103F3C5F,2023-01-10,08:34:09,16:50:16,83,-8.2,7.84,8:46,16:37,A Male,-11.850000000000023
01103F3C5F,2023-01-11,08:27:22,16:54:23,48,-7.2,7.88,8:46,16:38,A Male,-18.633333333333326
01103F3C5F,2023-01-12,08:36:34,16:56:21,66,-12.6,7.92,8:45,16:40,A Male,-8.43333333333328
01103F3C5F,2023-01-13,09:20:33,16:58:00,59,-13.1,7.96,8:44,16:42,A Male,36.549999999999955
01103F3C5F,2023-01-14,08:33:23,17:05:56,72,-10.7,8.0,8:43,16:43,A Male,-9.616666666666674
01103F3C5F,2023-01-15,08:30:04,16:53:05,60,-8.8,8.05,8:42,16:45,A Male,-11.933333333333337
01103F3C5F,2023-01-16,08:36:55,17:00:45,60,-5.4,8.09,8:41,16:47,A Male,-4.083333333333371
01103F3C5F,2023-01-17,08:30:29,17:02:08,68,-8.8,8.14,8:40,16:48,A Male,-9.516666666666652
01103F3C5F,2023-01-18,08:30:09,17:05:05,57,-13.4,8.18,8:39,16:50,A Male,-8.850000000000023
01103F3C5F,2023-01-19,08:30:36,17:08:23,79,-10.6,8.23,8:38,16:52,A Male,-7.399999999999977
01103F3C5F,2023-01-20,08:31:52,17:13:48,74,-4.1,8.28,8:37,16:54,A Male,-5.133333333333326
01103F3C5F,2023-01-21,08:35:33,16:53:47,58,0.4,8.33,8:35,16:55,A Male,0.5499999999999545
01103F3C5F,2023-01-22,08:36:16,17:15:42,49,0.5,8.38,8:34,16:57,A Male,2.2666666666666515
01103F3C5F,2023-01-23,08:26:53,17:21:24,58,-2.8,8.44,8:33,16:59,A Male,-6.116666666666674
01103F3C5F,2023-01-24,11:10:58,17:20:42,52,-0.1,8.49,8:31,17:01,A Male,159.9666666666667
01103F3C5F,2023-01-25,08:30:57,17:12:46,49,-0.7,8.55,8:30,17:03,A Male,0.9499999999999886
01103F3C5F,2023-01-26,09:19:06,17:15:22,51,4.7,8.6,8:29,17:05,A Male,50.10000000000002
01103F3C5F,2023-01-27,08:29:35,17:04:19,84,-6.7,8.66,8:27,17:07,A Male,2.5833333333333144
01103F3C5F,2023-01-28,08:49:42,16:54:03,80,-16.8,8.72,8:26,17:09,A Male,23.700000000000045
01103F3C5F,2023-01-29,08:21:46,17:12:13,90,-17.1,8.78,8:24,17:11,A Male,-2.2333333333333485
01103F3C5F,2023-01-30,08:22:31,17:16:06,83,-11.7,8.83,8:22,17:13,A Male,0.5166666666666515
01103F3C5F,2023-01-31,08:17:13,17:11:41,101,-10.3,8.89,8:21,17:14,A Male,-3.78333333333336
01103F3C5F,2023-02-01,08:11:50,17:05:59,119,-15.5,8.96,8:19,17:16,A Male,-7.166666666666686
01103F3C5F,2023-02-02,08:43:29,17:01:25,68,-16.9,9.02,8:17,17:18,A Male,26.48333333333335
01103F3C5F,2023-02-03,08:18:57,17:17:43,13,-6.3,9.08,8:16,17:20,A Male,2.9499999999999886
01103F3C5F,2023-02-04,12:12:02,16:54:41,15,-1.8,9.14,8:14,17:22,A Male,238.0333333333333
01103F3C5F,2023-02-05,08:13:57,17:05:23,49,-2.0,9.2,8:12,17:24,A Male,1.9499999999999886
01103F3C5F,2023-02-06,08:16:51,17:33:06,45,-0.7,9.27,8:10,17:26,A Male,6.850000000000023
01103F3C5F,2023-02-07,10:30:12,17:47:28,42,0.5,9.33,8:08,17:28,A Male,142.20000000000005
01103F3C5F,2023-02-08,08:59:04,17:36:56,70,-3.2,9.4,8:06,17:30,A Male,53.06666666666672
01103F3C5F,2023-02-09,08:16:04,17:32:01,56,-6.1,9.46,8:05,17:32,A Male,11.066666666666663
01103F3C5F,2023-02-10,09:07:26,17:26:54,44,-1.9,9.53,8:03,17:34,A Male,64.43333333333328
01103F3C5F,2023-02-11,08:39:02,17:53:55,48,-2.9,9.59,8:01,17:36,A Male,38.0333333333333
01103F3C5F,2023-02-12,12:17:38,17:18:54,30,-2.6,9.66,7:59,17:38,A Male,258.6333333333333
01103F3C5F,2023-02-13,07:57:15,17:52:13,58,0.0,9.73,7:57,17:40,A Male,0.25
01103F3C5F,2023-02-14,07:49:32,17:40:52,39,-10.0,9.79,7:55,17:42,A Male,-5.46666666666664
01103F3D08,2023-01-09,08:32:50,16:30:16,113,-8.4,7.81,8:47,16:35,A Male,-14.166666666666629
01103F3D08,2023-01-10,08:31:09,16:40:33,99,-8.2,7.84,8:46,16:37,A Male,-14.850000000000023
01103F3D08,2023-01-11,08:37:35,16:33:35,81,-7.2,7.88,8:46,16:38,A Male,-8.416666666666629
01103F3D08,2023-01-12,08:26:43,16:26:19,116,-12.6,7.92,8:45,16:40,A Male,-18.28333333333336
01103F3D08,2023-01-13,08:24:46,16:29:12,138,-13.1,7.96,8:44,16:42,A Male,-19.23333333333335
01103F3D08,2023-01-14,08:30:00,16:36:42,141,-10.7,8.0,8:43,16:43,A Male,-13.0
01103F3D08,2023-01-15,08:24:59,16:37:46,126,-8.8,8.05,8:42,16:45,A Male,-17.01666666666665
01103F3D08,2023-01-16,08:32:06,16:30:27,114,-5.4,8.09,8:41,16:47,A Male,-8.899999999999977
01103F3D08,2023-01-17,08:31:14,16:39:29,121,-8.8,8.14,8:40,16:48,A Male,-8.766666666666652
01103F3D08,2023-01-18,08:23:23,16:39:58,145,-13.4,8.18,8:39,16:50,A Male,-15.616666666666674
01103F3D08,2023-01-19,08:23:36,16:49:38,158,-10.6,8.23,8:38,16:52,A Male,-14.399999999999977
01103F3D08,2023-01-20,08:24:04,16:48:56,115,-4.1,8.28,8:37,16:54,A Male,-12.933333333333337
01103F3D08,2023-01-21,08:22:05,16:50:35,115,0.4,8.33,8:35,16:55,A Male,-12.916666666666686
01103F3D08,2023-01-22,08:18:52,16:50:17,109,0.5,8.38,8:34,16:57,A Male,-15.133333333333326
01103F3D08,2023-01-23,08:24:26,16:46:38,88,-2.8,8.44,8:33,16:59,A Male,-8.566666666666663
01103F3D08,2023-01-24,08:23:11,16:56:40,93,-0.1,8.49,8:31,17:01,A Male,-7.816666666666663
01103F3D08,2023-01-25,08:20:31,16:55:35,88,-0.7,8.55,8:30,17:03,A Male,-9.483333333333348
01103F3D08,2023-01-26,08:16:47,16:43:11,73,4.7,8.6,8:29,17:05,A Male,-12.21666666666664
01103F3D08,2023-01-27,08:20:24,16:39:17,127,-6.7,8.66,8:27,17:07,A Male,-6.600000000000023
01103F3D08,2023-01-28,08:16:11,16:29:25,111,-16.8,8.72,8:26,17:09,A Male,-9.816666666666663
01103F3D08,2023-01-29,08:15:08,16:43:12,97,-17.1,8.78,8:24,17:11,A Male,-8.866666666666674
01103F3D08,2023-01-30,08:13:31,16:42:51,115,-11.7,8.83,8:22,17:13,A Male,-8.483333333333348
01103F3D08,2023-01-31,08:10:42,16:38:13,138,-10.3,8.89,8:21,17:14,A Male,-10.300000000000011
01103F3D08,2023-02-01,08:04:52,16:22:40,117,-15.5,8.96,8:19,17:16,A Male,-14.133333333333326
01103F3D08,2023-02-02,08:17:08,16:39:39,99,-16.9,9.02,8:17,17:18,A Male,0.13333333333332575
01103F3D08,2023-02-03,08:06:32,17:05:34,100,-6.3,9.08,8:16,17:20,A Male,-9.46666666666664
01103F3D08,2023-02-04,08:04:11,17:09:44,113,-1.8,9.14,8:14,17:22,A Male,-9.816666666666663
01103F3D08,2023-02-05,08:04:08,17:19:10,106,-2.0,9.2,8:12,17:24,A Male,-7.866666666666674
01103F3D08,2023-02-06,07:59:27,17:13:55,117,-0.7,9.27,8:10,17:26,A Male,-10.550000000000011
01103F3D08,2023-02-07,08:00:26,17:24:49,105,0.5,9.33,8:08,17:28,A Male,-7.566666666666663
01103F3D08,2023-02-08,07:58:26,17:18:10,112,-3.2,9.4,8:06,17:30,A Male,-7.566666666666663
01103F3D08,2023-02-09,07:58:03,17:23:15,113,-6.1,9.46,8:05,17:32,A Male,-6.949999999999989
01103F3D08,2023-02-10,08:01:07,17:36:39,131,-1.9,9.53,8:03,17:34,A Male,-1.8833333333333258
01103F3D08,2023-02-11,08:39:08,17:37:47,113,-2.9,9.59,8:01,17:36,A Male,38.133333333333326
01103F3D08,2023-02-12,07:57:32,17:36:03,138,-2.6,9.66,7:59,17:38,A Male,-1.4666666666666401
01103F3D08,2023-02-13,07:48:48,17:15:24,139,0.0,9.73,7:57,17:40,A Male,-8.199999999999989
01103F3D08,2023-02-14,07:44:58,17:20:01,102,-10.0,9.79,7:55,17:42,A Male,-10.03333333333336
01103F3D42,2023-01-09,08:29:15,16:19:02,50,-8.4,7.81,8:47,16:35,J Female,-17.75
01103F3D42,2023-01-10,08:32:28,16:10:30,46,-8.2,7.84,8:46,16:37,J Female,-13.533333333333303
01103F3D42,2023-01-11,08:36:00,16:17:41,66,-7.2,7.88,8:46,16:38,J Female,-10.0
01103F3D42,2023-01-12,08:30:09,16:14:53,67,-12.6,7.92,8:45,16:40,J Female,-14.850000000000023
01103F3D42,2023-01-13,08:27:52,16:16:49,58,-13.1,7.96,8:44,16:42,J Female,-16.133333333333326
01103F3D42,2023-01-14,08:27:10,16:24:35,63,-10.7,8.0,8:43,16:43,J Female,-15.833333333333314
01103F3D42,2023-01-15,08:20:44,16:21:45,62,-8.8,8.05,8:42,16:45,J Female,-21.26666666666665
01103F3D42,2023-01-16,08:33:56,15:51:58,54,-5.4,8.09,8:41,16:47,J Female,-7.06666666666672
01103F3D42,2023-01-17,08:28:42,16:01:14,58,-8.8,8.14,8:40,16:48,J Female,-11.300000000000011
01103F3D42,2023-01-18,08:23:09,16:14:31,90,-13.4,8.18,8:39,16:50,J Female,-15.850000000000023
01103F3D42,2023-01-19,08:34:17,16:30:24,47,-10.6,8.23,8:38,16:52,J Female,-3.716666666666697
01103F3D42,2023-01-20,08:30:19,16:39:28,57,-4.1,8.28,8:37,16:54,J Female,-6.683333333333337
01103F3D42,2023-01-21,08:21:34,16:42:44,42,0.4,8.33,8:35,16:55,J Female,-13.433333333333337
01103F3D42,2023-01-22,08:23:45,16:12:49,33,0.5,8.38,8:34,16:57,J Female,-10.25
01103F3D42,2023-01-23,08:18:50,16:21:56,44,-2.8,8.44,8:33,16:59,J Female,-14.166666666666686
01103F3D42,2023-01-24,08:43:48,16:40:43,25,-0.1,8.49,8:31,17:01,J Female,12.799999999999955
01103F3D42,2023-01-25,08:18:22,16:42:51,17,-0.7,8.55,8:30,17:03,J Female,-11.633333333333326
01103F3D42,2023-01-26,08:19:34,16:27:03,29,4.7,8.6,8:29,17:05,J Female,-9.433333333333337
01103F3D42,2023-01-27,08:13:57,16:24:33,72,-6.7,8.66,8:27,17:07,J Female,-13.050000000000011
01103F3D42,2023-01-28,08:12:05,16:23:57,67,-16.8,8.72,8:26,17:09,J Female,-13.916666666666686
01103F3D42,2023-01-29,08:14:05,16:36:18,67,-17.1,8.78,8:24,17:11,J Female,-9.916666666666686
01103F3D42,2023-01-30,11:54:24,16:48:26,51,-11.7,8.83,8:22,17:13,J Female,212.39999999999998
01103F3D42,2023-01-31,08:12:48,16:55:16,92,-10.3,8.89,8:21,17:14,J Female,-8.199999999999989
01103F3D42,2023-02-01,08:14:23,16:38:58,93,-15.5,8.96,8:19,17:16,J Female,-4.616666666666674
01103F3D42,2023-02-02,08:05:02,16:45:10,94,-16.9,9.02,8:17,17:18,J Female,-11.96666666666664
01103F3D42,2023-02-03,08:10:40,17:06:06,73,-6.3,9.08,8:16,17:20,J Female,-5.333333333333314
01103F3D42,2023-02-04,08:19:07,17:32:52,77,-1.8,9.14,8:14,17:22,J Female,5.116666666666674
01103F3D42,2023-02-05,07:59:47,17:17:49,115,-2.0,9.2,8:12,17:24,J Female,-12.21666666666664
01103F3D42,2023-02-06,07:56:25,17:19:21,103,-0.7,9.27,8:10,17:26,J Female,-13.583333333333314
01103F3D42,2023-02-07,08:01:35,17:24:06,119,0.5,9.33,8:08,17:28,J Female,-6.416666666666686
01103F3D42,2023-02-08,07:55:27,17:27:32,117,-3.2,9.4,8:06,17:30,J Female,-10.550000000000011
01103F3D42,2023-02-09,08:10:29,17:27:24,88,-6.1,9.46,8:05,17:32,J Female,5.4833333333333485
01103F3D42,2023-02-10,08:10:12,17:26:18,44,-1.9,9.53,8:03,17:34,J Female,7.199999999999989
01103F3D42,2023-02-11,07:59:42,17:29:56,66,-2.9,9.59,8:01,17:36,J Female,-1.3000000000000114
01103F3D42,2023-02-12,07:57:05,17:10:16,79,-2.6,9.66,7:59,17:38,J Female,-1.9166666666666856
01103F3D42,2023-02-13,07:59:04,17:19:07,78,0.0,9.73,7:57,17:40,J Female,2.066666666666663
01103F3D42,2023-02-14,07:45:53,17:26:13,114,-10.0,9.79,7:55,17:42,J Female,-9.116666666666674
01103F3D99,2023-01-09,08:26:37,16:34:20,81,-8.4,7.81,8:47,16:35,J Female,-20.383333333333326
01103F3D99,2023-01-10,08:29:38,16:38:38,86,-8.2,7.84,8:46,16:37,J Female,-16.366666666666674
01103F3D99,2023-01-11,09:02:29,16:29:45,64,-7.2,7.88,8:46,16:38,J Female,16.48333333333335
01103F3D99,2023-01-12,08:28:17,16:49:19,87,-12.6,7.92,8:45,16:40,J Female,-16.71666666666664
01103F3D99,2023-01-13,08:26:54,16:44:50,110,-13.1,7.96,8:44,16:42,J Female,-17.100000000000023
01103F3D99,2023-01-14,08:30:38,16:47:40,77,-10.7,8.0,8:43,16:43,J Female,-12.366666666666674
01103F3D99,2023-01-15,08:30:37,16:40:59,98,-8.8,8.05,8:42,16:45,J Female,-11.383333333333326
01103F3D99,2023-01-16,08:47:15,16:24:46,78,-5.4,8.09,8:41,16:47,J Female,6.25
01103F3D99,2023-01-17,08:33:30,16:44:34,83,-8.8,8.14,8:40,16:48,J Female,-6.5
01103F3D99,2023-01-18,08:27:25,16:46:50,105,-13.4,8.18,8:39,16:50,J Female,-11.583333333333314
01103F3D99,2023-01-19,08:27:46,16:54:45,79,-10.6,8.23,8:38,16:52,J Female,-10.233333333333348
01103F3D99,2023-01-20,08:25:45,16:49:20,77,-4.1,8.28,8:37,16:54,J Female,-11.25
01103F3D99,2023-01-21,08:23:57,16:41:40,64,0.4,8.33,8:35,16:55,J Female,-11.050000000000011
01103F3D99,2023-01-22,08:29:00,16:51:20,50,0.5,8.38,8:34,16:57,J Female,-5.0
01103F3D99,2023-01-23,08:25:24,16:54:40,51,-2.8,8.44,8:33,16:59,J Female,-7.600000000000023
01103F3D99,2023-01-24,08:21:13,16:56:52,55,-0.1,8.49,8:31,17:01,J Female,-9.78333333333336
01103F3D99,2023-01-25,08:16:15,16:55:35,64,-0.7,8.55,8:30,17:03,J Female,-13.75
01103F3D99,2023-01-26,08:16:15,16:58:40,55,4.7,8.6,8:29,17:05,J Female,-12.75
01103F3D99,2023-01-27,08:15:45,16:44:02,99,-6.7,8.66,8:27,17:07,J Female,-11.25
01103F3D99,2023-01-28,08:11:18,16:44:02,71,-16.8,8.72,8:26,17:09,J Female,-14.699999999999989
01103F3D99,2023-01-29,08:18:16,16:40:49,99,-17.1,8.78,8:24,17:11,J Female,-5.7333333333333485
01103F3D99,2023-01-30,08:12:22,16:53:09,80,-11.7,8.83,8:22,17:13,J Female,-9.633333333333326
01103F3D99,2023-01-31,08:14:09,16:47:02,84,-10.3,8.89,8:21,17:14,J Female,-6.850000000000023
01103F3D99,2023-02-01,08:20:13,16:28:52,107,-15.5,8.96,8:19,17:16,J Female,1.2166666666666401
01103F3D99,2023-02-02,08:25:42,16:41:00,73,-16.9,9.02,8:17,17:18,J Female,8.699999999999989
01103F3D99,2023-02-03,08:11:10,16:55:35,71,-6.3,9.08,8:16,17:20,J Female,-4.833333333333314
01103F3D99,2023-02-04,08:04:37,17:13:31,71,-1.8,9.14,8:14,17:22,J Female,-9.383333333333326
01103F3D99,2023-02-05,07:59:06,17:11:25,85,-2.0,9.2,8:12,17:24,J Female,-12.899999999999977
01103F3D99,2023-02-06,07:59:13,17:16:14,69,-0.7,9.27,8:10,17:26,J Female,-10.78333333333336
01103F3D99,2023-02-07,07:55:59,17:11:15,65,0.5,9.33,8:08,17:28,J Female,-12.016666666666652
01103F3D99,2023-02-08,07:58:39,17:15:45,90,-3.2,9.4,8:06,17:30,J Female,-7.350000000000023
01103F3D99,2023-02-09,07:54:48,17:28:21,86,-6.1,9.46,8:05,17:32,J Female,-10.199999999999989
01103F3D99,2023-02-10,07:51:34,17:24:56,61,-1.9,9.53,8:03,17:34,J Female,-11.433333333333337
01103F3D99,2023-02-11,07:58:00,17:35:17,75,-2.9,9.59,8:01,17:36,J Female,-3.0
01103F3D99,2023-02-12,07:49:07,17:46:05,70,-2.6,9.66,7:59,17:38,J Female,-9.883333333333326
01103F3D99,2023-02-13,07:48:58,17:40:18,66,0.0,9.73,7:57,17:40,J Female,-8.03333333333336
01103F3D99,2023-02-14,07:46:40,17:32:04,78,-10.0,9.79,7:55,17:42,J Female,-8.333333333333314
01103F3E01,2023-01-09,08:22:33,16:19:57,95,-8.4,7.81,8:47,16:35,A Female,-24.44999999999999
01103F3E01,2023-01-10,08:25:27,16:35:22,70,-8.2,7.84,8:46,16:37,A Female,-20.55000000000001
01103F3E01,2023-01-11,08:24:02,16:29:43,70,-7.2,7.88,8:46,16:38,A Female,-21.96666666666664
01103F3E01,2023-01-12,08:20:24,16:16:09,89,-12.6,7.92,8:45,16:40,A Female,-24.600000000000023
01103F3E01,2023-01-13,08:17:39,16:17:40,96,-13.1,7.96,8:44,16:42,A Female,-26.350000000000023
01103F3E01,2023-01-14,08:20:30,16:22:59,82,-10.7,8.0,8:43,16:43,A Female,-22.5
01103F3E01,2023-01-15,08:19:50,16:30:06,88,-8.8,8.05,8:42,16:45,A Female,-22.166666666666686
01103F3E01,2023-01-16,08:21:56,16:15:16,92,-5.4,8.09,8:41,16:47,A Female,-19.066666666666663
01103F3E01,2023-01-17,08:19:33,16:21:04,74,-8.8,8.14,8:40,16:48,A Female,-20.44999999999999
01103F3E01,2023-01-18,08:14:05,16:24:44,119,-13.4,8.18,8:39,16:50,A Female,-24.916666666666686
01103F3E01,2023-01-19,08:13:12,16:34:11,109,-10.6,8.23,8:38,16:52,A Female,-24.80000000000001
01103F3E01,2023-01-20,08:13:21,16:37:13,85,-4.1,8.28,8:37,16:54,A Female,-23.649999999999977
01103F3E01,2023-01-21,08:20:55,16:47:46,107,0.4,8.33,8:35,16:55,A Female,-14.083333333333314
01103F3E01,2023-01-22,08:30:13,16:51:37,94,0.5,8.38,8:34,16:57,A Female,-3.78333333333336
01103F3E01,2023-01-23,08:25:23,16:45:03,57,-2.8,8.44,8:33,16:59,A Female,-7.616666666666674
01103F3E01,2023-01-24,08:22:28,16:49:33,90,-0.1,8.49,8:31,17:01,A Female,-8.53333333333336
01103F3E01,2023-01-25,08:22:04,16:52:42,99,-0.7,8.55,8:30,17:03,A Female,-7.933333333333337
01103F3E01,2023-01-26,08:15:53,16:56:54,87,4.7,8.6,8:29,17:05,A Female,-13.116666666666674
01103F3E01,2023-01-27,08:18:48,16:35:37,54,-6.7,8.66,8:27,17:07,A Female,-8.199999999999989
01103F3E01,2023-01-28,08:12:10,16:44:53,60,-16.8,8.72,8:26,17:09,A Female,-13.833333333333314
01103F3E01,2023-01-29,08:08:34,16:30:25,43,-17.1,8.78,8:24,17:11,A Female,-15.433333333333337
01103F3E01,2023-01-30,08:24:10,16:43:15,90,-11.7,8.83,8:22,17:13,A Female,2.1666666666666856
01103F3E01,2023-01-31,07:59:56,16:48:18,104,-10.3,8.89,8:21,17:14,A Female,-21.066666666666663
01103F3E01,2023-02-01,08:05:09,16:36:45,86,-15.5,8.96,8:19,17:16,A Female,-13.850000000000023
01103F3E01,2023-02-02,08:10:20,16:30:03,87,-16.9,9.02,8:17,17:18,A Female,-6.666666666666686
01103F3E01,2023-02-03,08:06:31,17:00:38,112,-6.3,9.08,8:16,17:20,A Female,-9.483333333333348
01103F3E01,2023-02-04,08:08:30,16:44:27,102,-1.8,9.14,8:14,17:22,A Female,-5.5
01103F3E01,2023-02-05,08:06:18,16:45:46,80,-2.0,9.2,8:12,17:24,A Female,-5.699999999999989
01103F3E01,2023-02-06,08:04:05,17:03:30,89,-0.7,9.27,8:10,17:26,A Female,-5.916666666666686
01103F3E01,2023-02-07,08:00:36,17:12:43,85,0.5,9.33,8:08,17:28,A Female,-7.399999999999977
01103F3E01,2023-02-08,08:02:25,17:01:08,109,-3.2,9.4,8:06,17:30,A Female,-3.5833333333333144
01103F3E01,2023-02-09,07:55:25,17:02:31,66,-6.1,9.46,8:05,17:32,A Female,-9.583333333333314
01103F3E01,2023-02-10,07:55:30,17:09:57,98,-1.9,9.53,8:03,17:34,A Female,-7.5
01103F3E01,2023-02-11,07:54:54,17:19:47,80,-2.9,9.59,8:01,17:36,A Female,-6.100000000000023
01103F3E01,2023-02-12,08:01:03,17:16:33,81,-2.6,9.66,7:59,17:38,A Female,2.0500000000000114
01103F3E01,2023-02-13,08:00:13,17:16:30,98,0.0,9.73,7:57,17:40,A Female,3.21666666666664
01103F3E01,2023-02-14,07:50:34,17:23:01,71,-10.0,9.79,7:55,17:42,A Female,-4.433333333333337
01103F3F50,2023-01-09,08:52:07,16:05:10,45,-8.4,7.81,8:47,16:35,A Female,5.116666666666674
01103F3F50,2023-01-10,09:03:40,15:57:14,50,-8.2,7.84,8:46,16:37,A Female,17.66666666666663
01103F3F50,2023-01-11,08:45:47,16:09:13,57,-7.2,7.88,8:46,16:38,A Female,-0.21666666666669698
01103F3F50,2023-01-12,10:50:38,16:19:11,55,-12.6,7.92,8:45,16:40,A Female,125.63333333333333
01103F3F50,2023-01-13,08:47:29,16:06:36,56,-13.1,7.96,8:44,16:42,A Female,3.4833333333333485
01103F3F50,2023-01-14,08:46:21,16:23:16,54,-10.7,8.0,8:43,16:43,A Female,3.3500000000000227
01103F3F50,2023-01-15,09:07:56,16:34:15,40,-8.8,8.05,8:42,16:45,A Female,25.93333333333328
01103F3F50,2023-01-16,09:05:37,16:16:25,64,-5.4,8.09,8:41,16:47,A Female,24.616666666666674
01103F3F50,2023-01-17,08:45:29,16:04:55,41,-8.8,8.14,8:40,16:48,A Female,5.4833333333333485
01103F3F50,2023-01-18,08:32:07,16:34:40,67,-13.4,8.18,8:39,16:50,A Female,-6.883333333333326
01103F3F50,2023-01-19,10:42:40,16:49:59,60,-10.6,8.23,8:38,16:52,A Female,124.66666666666663
01103F3F50,2023-01-20,08:32:25,16:11:58,56,-4.1,8.28,8:37,16:54,A Female,-4.583333333333371
01103F3F50,2023-01-21,09:30:17,16:52:10,62,0.4,8.33,8:35,16:55,A Female,55.2833333333333
01103F3F50,2023-01-22,10:58:11,16:10:12,19,0.5,8.38,8:34,16:57,A Female,144.18333333333328
01103F3F50,2023-01-23,08:34:44,16:58:06,52,-2.8,8.44,8:33,16:59,A Female,1.7333333333333485
01103F3F50,2023-01-24,10:03:51,16:50:48,38,-0.1,8.49,8:31,17:01,A Female,92.85000000000002
01103F3F50,2023-01-25,09:50:04,16:42:33,60,-0.7,8.55,8:30,17:03,A Female,80.06666666666672
01103F3F50,2023-01-26,08:23:16,16:51:35,55,4.7,8.6,8:29,17:05,A Female,-5.7333333333333485
01103F3F50,2023-01-27,08:22:36,15:50:31,54,-6.7,8.66,8:27,17:07,A Female,-4.399999999999977
01103F3F50,2023-01-28,08:22:30,16:17:48,44,-16.8,8.72,8:26,17:09,A Female,-3.5
01103F3F50,2023-01-29,10:28:04,15:59:08,53,-17.1,8.78,8:24,17:11,A Female,124.06666666666672
01103F3F50,2023-01-30,08:20:58,16:31:39,70,-11.7,8.83,8:22,17:13,A Female,-1.0333333333333599
01103F3F50,2023-01-31,08:22:27,16:36:11,63,-10.3,8.89,8:21,17:14,A Female,1.4499999999999886
01103F3F50,2023-02-01,08:58:11,15:51:40,66,-15.5,8.96,8:19,17:16,A Female,39.18333333333328
01103F3F50,2023-02-02,08:31:00,16:22:01,51,-16.9,9.02,8:17,17:18,A Female,14.0
01103F3F50,2023-02-03,09:01:59,17:03:00,68,-6.3,9.08,8:16,17:20,A Female,45.98333333333335
01103F3F50,2023-02-04,09:05:43,16:36:54,55,-1.8,9.14,8:14,17:22,A Female,51.7166666666667
01103F3F50,2023-02-05,09:54:14,16:53:12,27,-2.0,9.2,8:12,17:24,A Female,102.23333333333335
01103F3F50,2023-02-06,09:50:26,17:08:47,42,-0.7,9.27,8:10,17:26,A Female,100.43333333333328
01103F3F50,2023-02-07,10:04:04,17:23:27,53,0.5,9.33,8:08,17:28,A Female,116.06666666666672
01103F3F50,2023-02-08,09:03:48,16:54:14,55,-3.2,9.4,8:06,17:30,A Female,57.799999999999955
01103F3F50,2023-02-09,08:39:32,16:54:10,54,-6.1,9.46,8:05,17:32,A Female,34.5333333333333
01103F3F50,2023-02-10,08:39:06,17:14:49,59,-1.9,9.53,8:03,17:34,A Female,36.10000000000002
01103F3F50,2023-02-11,08:31:21,17:18:25,47,-2.9,9.59,8:01,17:36,A Female,30.350000000000023
01103F3F50,2023-02-12,08:50:17,17:14:37,46,-2.6,9.66,7:59,17:38,A Female,51.2833333333333
01103F3F50,2023-02-13,08:03:52,17:08:27,44,0.0,9.73,7:57,17:40,A Female,6.866666666666674
01103F3F50,2023-02-14,08:49:16,17:07:37,45,-10.0,9.79,7:55,17:42,A Female,54.26666666666665
01103F4010,2023-01-09,08:27:13,16:44:09,64,-8.4,7.81,8:47,16:35,J Female,-19.78333333333336
01103F4010,2023-01-10,08:36:17,16:40:59,81,-8.2,7.84,8:46,16:37,J Female,-9.716666666666697
01103F4010,2023-01-11,08:36:52,16:26:09,82,-7.2,7.88,8:46,16:38,J Female,-9.133333333333326
01103F4010,2023-01-12,08:27:07,16:32:30,100,-12.6,7.92,8:45,16:40,J Female,-17.883333333333326
01103F4010,2023-01-13,08:22:01,16:45:33,80,-13.1,7.96,8:44,16:42,J Female,-21.98333333333335
01103F4010,2023-01-14,08:27:49,16:33:26,77,-10.7,8.0,8:43,16:43,J Female,-15.183333333333337
01103F4010,2023-01-15,08:23:38,16:48:24,93,-8.8,8.05,8:42,16:45,J Female,-18.366666666666674
01103F4010,2023-01-16,08:47:53,16:41:27,96,-5.4,8.09,8:41,16:47,J Female,6.883333333333326
01103F4010,2023-01-17,08:28:24,16:40:42,76,-8.8,8.14,8:40,16:48,J Female,-11.600000000000023
01103F4010,2023-01-18,08:22:59,16:38:07,90,-13.4,8.18,8:39,16:50,J Female,-16.01666666666665
01103F4010,2023-01-19,08:18:53,16:52:09,59,-10.6,8.23,8:38,16:52,J Female,-19.116666666666674
01103F4010,2023-01-20,08:21:34,16:31:19,63,-4.1,8.28,8:37,16:54,J Female,-15.433333333333337
01103F4010,2023-01-21,08:27:57,16:52:59,55,0.4,8.33,8:35,16:55,J Female,-7.050000000000011
01103F4010,2023-01-22,08:27:17,16:47:12,49,0.5,8.38,8:34,16:57,J Female,-6.71666666666664
01103F4010,2023-01-23,08:23:58,16:28:02,38,-2.8,8.44,8:33,16:59,J Female,-9.03333333333336
01103F4010,2023-01-24,08:25:41,16:57:36,54,-0.1,8.49,8:31,17:01,J Female,-5.316666666666663
01103F4010,2023-01-25,08:14:29,17:02:51,74,-0.7,8.55,8:30,17:03,J Female,-15.516666666666652
01103F4010,2023-01-26,08:17:15,16:45:39,31,4.7,8.6,8:29,17:05,J Female,-11.75
01103F4010,2023-01-27,08:19:57,16:33:37,67,-6.7,8.66,8:27,17:07,J Female,-7.050000000000011
01103F4010,2023-01-28,08:12:09,16:39:29,66,-16.8,8.72,8:26,17:09,J Female,-13.850000000000023
01103F4010,2023-01-29,08:08:28,16:37:14,81,-17.1,8.78,8:24,17:11,J Female,-15.53333333333336
01103F4010,2023-01-30,08:16:03,16:39:39,91,-11.7,8.83,8:22,17:13,J Female,-5.949999999999989
01103F4010,2023-01-31,08:11:59,16:33:34,81,-10.3,8.89,8:21,17:14,J Female,-9.016666666666652
01103F4010,2023-02-01,08:16:58,16:08:45,100,-15.5,8.96,8:19,17:16,J Female,-2.03333333333336
01103F4010,2023-02-02,08:07:49,16:30:23,54,-16.9,9.02,8:17,17:18,J Female,-9.183333333333337
01103F4010,2023-02-03,08:12:34,16:47:29,64,-6.3,9.08,8:16,17:20,J Female,-3.433333333333337
01103F4010,2023-02-04,08:03:35,17:15:16,67,-1.8,9.14,8:14,17:22,J Female,-10.416666666666686
01103F4010,2023-02-05,08:01:44,16:53:35,57,-2.0,9.2,8:12,17:24,J Female,-10.266666666666652
01103F4010,2023-02-06,08:05:39,17:19:16,55,-0.7,9.27,8:10,17:26,J Female,-4.350000000000023
01103F4010,2023-02-07,08:02:48,16:41:38,37,0.5,9.33,8:08,17:28,J Female,-5.199999999999989
01103F4010,2023-02-08,07:57:42,17:06:11,62,-3.2,9.4,8:06,17:30,J Female,-8.300000000000011
01103F4010,2023-02-09,07:52:21,17:06:27,60,-6.1,9.46,8:05,17:32,J Female,-12.649999999999977
01103F4010,2023-02-10,08:20:46,17:07:31,54,-1.9,9.53,8:03,17:34,J Female,17.76666666666665
01103F4010,2023-02-11,08:08:12,17:18:29,45,-2.9,9.59,8:01,17:36,J Female,7.199999999999989
01103F4010,2023-02-12,07:52:25,17:41:08,35,-2.6,9.66,7:59,17:38,J Female,-6.583333333333314
01103F4010,2023-02-13,07:56:54,17:15:22,41,0.0,9.73,7:57,17:40,J Female,-0.10000000000002274
01103F4010,2023-02-14,08:34:23,17:11:56,58,-10.0,9.79,7:55,17:42,J Female,39.383333333333326
01103F404A,2023-01-09,08:28:06,17:00:22,55,-8.4,7.81,8:47,16:35,A Female,-18.899999999999977
01103F404A,2023-01-10,08:27:28,14:51:21,36,-8.2,7.84,8:46,16:37,A Female,-18.53333333333336
01103F404A,2023-01-11,08:24:26,16:58:41,38,-7.2,7.88,8:46,16:38,A Female,-21.566666666666663
01103F404A,2023-01-12,08:24:31,16:57:23,46,-12.6,7.92,8:45,16:40,A Female,-20.48333333333335
01103F404A,2023-01-13,09:20:42,13:10:33,23,-13.1,7.96,8:44,16:42,A Female,36.700000000000045
01103F404A,2023-01-14,08:50:31,17:06:26,39,-10.7,8.0,8:43,16:43,A Female,7.5166666666666515
01103F404A,2023-01-15,08:26:37,16:42:29,26,-8.8,8.05,8:42,16:45,A Female,-15.383333333333326
01103F404A,2023-01-16,08:38:13,17:02:11,38,-5.4,8.09,8:41,16:47,A Female,-2.783333333333303
01103F404A,2023-01-17,08:29:25,17:03:09,55,-8.8,8.14,8:40,16:48,A Female,-10.583333333333314
01103F404A,2023-01-18,08:29:46,16:43:36,53,-13.4,8.18,8:39,16:50,A Female,-9.233333333333348
01103F404A,2023-01-19,08:31:14,17:02:49,66,-10.6,8.23,8:38,16:52,A Female,-6.7666666666666515
01103F404A,2023-01-20,08:33:54,17:17:56,59,-4.1,8.28,8:37,16:54,A Female,-3.1000000000000227
01103F404A,2023-01-21,08:35:31,16:59:19,43,0.4,8.33,8:35,16:55,A Female,0.5166666666666515
01103F404A,2023-01-22,08:34:52,17:15:50,54,0.5,8.38,8:34,16:57,A Female,0.8666666666666742
01103F404A,2023-01-23,08:26:16,17:23:46,39,-2.8,8.44,8:33,16:59,A Female,-6.7333333333333485
01103F404A,2023-01-24,11:10:38,17:21:39,36,-0.1,8.49,8:31,17:01,A Female,159.63333333333333
01103F404A,2023-01-25,08:30:23,17:09:16,48,-0.7,8.55,8:30,17:03,A Female,0.38333333333332575
01103F404A,2023-01-26,09:19:09,17:15:59,52,4.7,8.6,8:29,17:05,A Female,50.14999999999998
01103F404A,2023-01-27,08:29:56,16:52:35,56,-6.7,8.66,8:27,17:07,A Female,2.933333333333337
01103F404A,2023-01-28,08:08:46,16:47:24,55,-16.8,8.72,8:26,17:09,A Female,-17.23333333333335
01103F404A,2023-01-29,08:21:49,17:11:19,51,-17.1,8.78,8:24,17:11,A Female,-2.183333333333337
01103F404A,2023-01-30,08:21:47,17:13:01,25,-11.7,8.83,8:22,17:13,A Female,-0.21666666666664014
01103F404A,2023-01-31,08:24:17,17:05:42,56,-10.3,8.89,8:21,17:14,A Female,3.28333333333336
01103F404A,2023-02-01,08:14:53,16:45:08,47,-15.5,8.96,8:19,17:16,A Female,-4.116666666666674
01103F404A,2023-02-02,08:43:13,17:06:19,39,-16.9,9.02,8:17,17:18,A Female,26.216666666666697
01103F404A,2023-02-03,08:19:46,17:26:11,48,-6.3,9.08,8:16,17:20,A Female,3.7666666666666515
01103F404A,2023-02-04,08:19:53,17:31:49,42,-1.8,9.14,8:14,17:22,A Female,5.883333333333326
01103F404A,2023-02-05,08:12:49,16:59:48,32,-2.0,9.2,8:12,17:24,A Female,0.8166666666666629
01103F404A,2023-02-06,08:13:59,17:12:28,28,-0.7,9.27,8:10,17:26,A Female,3.9833333333333485
01103F404A,2023-02-07,10:32:48,17:49:50,26,0.5,9.33,8:08,17:28,A Female,144.79999999999995
01103F404A,2023-02-08,07:55:58,17:40:39,63,-3.2,9.4,8:06,17:30,A Female,-10.03333333333336
01103F404A,2023-02-09,08:14:56,17:33:12,29,-6.1,9.46,8:05,17:32,A Female,9.933333333333337
01103F404A,2023-02-10,07:52:42,17:52:13,26,-1.9,9.53,8:03,17:34,A Female,-10.300000000000011
01103F404A,2023-02-11,08:39:07,17:54:01,13,-2.9,9.59,8:01,17:36,A Female,38.116666666666674
01103F404A,2023-02-12,12:19:05,16:57:55,20,-2.6,9.66,7:59,17:38,A Female,260.08333333333337
01103F404A,2023-02-13,07:58:44,17:48:33,25,0.0,9.73,7:57,17:40,A Female,1.7333333333333485
01103F404A,2023-02-14,07:50:21,17:41:36,27,-10.0,9.79,7:55,17:42,A Female,-4.649999999999977
01103F4270,2023-01-09,08:33:02,15:41:51,56,-8.4,7.81,8:47,16:35,A Female,-13.966666666666697
01103F4270,2023-01-10,08:29:27,16:23:34,33,-8.2,7.84,8:46,16:37,A Female,-16.55000000000001
01103F4270,2023-01-11,08:42:35,16:22:35,52,-7.2,7.88,8:46,16:38,A Female,-3.4166666666666288
01103F4270,2023-01-12,08:35:58,16:15:59,68,-12.6,7.92,8:45,16:40,A Female,-9.033333333333303
01103F4270,2023-01-13,08:28:30,16:17:20,43,-13.1,7.96,8:44,16:42,A Female,-15.5
01103F4270,2023-01-14,08:33:11,16:07:02,54,-10.7,8.0,8:43,16:43,A Female,-9.81666666666672
01103F4270,2023-01-15,08:32:33,16:20:57,64,-8.8,8.05,8:42,16:45,A Female,-9.450000000000045
01103F4270,2023-01-16,08:33:22,16:19:54,63,-5.4,8.09,8:41,16:47,A Female,-7.633333333333326
01103F4270,2023-01-17,08:35:34,16:09:36,56,-8.8,8.14,8:40,16:48,A Female,-4.43333333333328
01103F4270,2023-01-18,08:33:21,16:23:00,73,-13.4,8.18,8:39,16:50,A Female,-5.649999999999977
01103F4270,2023-01-19,08:31:13,16:27:20,76,-10.6,8.23,8:38,16:52,A Female,-6.78333333333336
01103F4270,2023-01-20,08:54:47,16:15:31,46,-4.1,8.28,8:37,16:54,A Female,17.783333333333303
01103F4270,2023-01-21,08:32:45,16:41:30,35,0.4,8.33,8:35,16:55,A Female,-2.25
01103F4270,2023-01-22,08:53:06,16:39:45,61,0.5,8.38,8:34,16:57,A Female,19.100000000000023
01103F4270,2023-01-23,08:29:33,15:24:58,28,-2.8,8.44,8:33,16:59,A Female,-3.4499999999999886
01103F4270,2023-01-24,08:26:36,16:45:55,36,-0.1,8.49,8:31,17:01,A Female,-4.399999999999977
01103F4270,2023-01-25,08:19:04,16:50:24,63,-0.7,8.55,8:30,17:03,A Female,-10.933333333333337
01103F4270,2023-01-27,08:21:32,16:28:11,50,-6.7,8.66,8:27,17:07,A Female,-5.46666666666664
01103F4270,2023-01-28,08:24:04,16:40:10,30,-16.8,8.72,8:26,17:09,A Female,-1.9333333333333371
01103F4270,2023-01-29,08:16:30,16:31:07,20,-17.1,8.78,8:24,17:11,A Female,-7.5
01103F4270,2023-01-30,08:20:57,16:39:06,39,-11.7,8.83,8:22,17:13,A Female,-1.0500000000000114
01103F4270,2023-01-31,08:22:05,16:41:10,62,-10.3,8.89,8:21,17:14,A Female,1.0833333333333144
01103F4270,2023-02-01,08:20:24,16:46:35,86,-15.5,8.96,8:19,17:16,A Female,1.3999999999999773
01103F4270,2023-02-02,08:29:09,16:31:38,35,-16.9,9.02,8:17,17:18,A Female,12.149999999999977
01103F4270,2023-02-03,08:12:36,16:50:53,57,-6.3,9.08,8:16,17:20,A Female,-3.3999999999999773
01103F4270,2023-02-04,08:08:53,16:55:42,58,-1.8,9.14,8:14,17:22,A Female,-5.116666666666674
01103F4270,2023-02-05,08:13:27,17:07:14,41,-2.0,9.2,8:12,17:24,A Female,1.4499999999999886
01103F4270,2023-02-06,08:07:40,17:03:57,51,-0.7,9.27,8:10,17:26,A Female,-2.3333333333333144
01103F4270,2023-02-07,08:05:37,17:12:26,53,0.5,9.33,8:08,17:28,A Female,-2.3833333333333258
01103F4270,2023-02-08,08:02:21,17:05:19,64,-3.2,9.4,8:06,17:30,A Female,-3.6499999999999773
01103F4270,2023-02-09,08:02:16,17:01:33,44,-6.1,9.46,8:05,17:32,A Female,-2.7333333333333485
01103F4270,2023-02-10,07:57:19,17:12:34,50,-1.9,9.53,8:03,17:34,A Female,-5.683333333333337
01103F4270,2023-02-11,07:52:13,17:24:27,64,-2.9,9.59,8:01,17:36,A Female,-8.78333333333336
01103F4270,2023-02-12,08:23:04,17:22:34,59,-2.6,9.66,7:59,17:38,A Female,24.066666666666663
01103F4270,2023-02-13,09:02:20,17:12:19,57,0.0,9.73,7:57,17:40,A Female,65.33333333333337
01103F4270,2023-02-14,07:49:55,17:22:44,40,-10.0,9.79,7:55,17:42,A Female,-5.083333333333314
01103F4866,2023-01-09,08:23:01,16:48:57,83,-8.4,7.81,8:47,16:35,J Male,-23.98333333333335
01103F4866,2023-01-10,08:19:38,16:51:07,94,-8.2,7.84,8:46,16:37,J Male,-26.366666666666674
01103F4866,2023-01-11,08:43:28,16:32:18,63,-7.2,7.88,8:46,16:38,J Male,-2.533333333333303
01103F4866,2023-01-12,08:24:50,16:39:55,101,-12.6,7.92,8:45,16:40,J Male,-20.166666666666686
01103F4866,2023-01-13,08:33:55,16:36:03,69,-13.1,7.96,8:44,16:42,J Male,-10.083333333333371
01103F4866,2023-01-14,08:34:36,16:44:52,27,-10.7,8.0,8:43,16:43,J Male,-8.399999999999977
01103F4866,2023-01-15,08:45:29,16:44:20,43,-8.8,8.05,8:42,16:45,J Male,3.4833333333333485
01103F4866,2023-01-16,08:27:54,16:26:58,38,-5.4,8.09,8:41,16:47,J Male,-13.100000000000023
01103F4866,2023-01-17,09:51:01,16:52:52,47,-8.8,8.14,8:40,16:48,J Male,71.01666666666665
01103F4866,2023-01-18,10:26:33,16:37:33,51,-13.4,8.18,8:39,16:50,J Male,107.54999999999995
01103F4866,2023-01-19,08:21:47,16:49:13,44,-10.6,8.23,8:38,16:52,J Male,-16.21666666666664
01103F4866,2023-01-20,08:15:49,16:47:19,26,-4.1,8.28,8:37,16:54,J Male,-21.183333333333337
01103F4866,2023-01-21,15:02:40,16:40:18,10,0.4,8.33,8:35,16:55,J Male,387.66666666666663
01103F4866,2023-01-22,09:34:27,16:27:08,41,0.5,8.38,8:34,16:57,J Male,60.450000000000045
01103F4866,2023-01-23,09:53:41,16:32:55,16,-2.8,8.44,8:33,16:59,J Male,80.68333333333328
01103F4866,2023-01-24,16:22:39,17:07:33,12,-0.1,8.49,8:31,17:01,J Male,471.65
01103F4866,2023-01-25,08:52:05,16:36:50,26,-0.7,8.55,8:30,17:03,J Male,22.08333333333337
01103F4866,2023-01-26,09:00:43,16:47:01,48,4.7,8.6,8:29,17:05,J Male,31.716666666666697
01103F4866,2023-01-27,08:19:29,16:55:57,64,-6.7,8.66,8:27,17:07,J Male,-7.5166666666666515
01103F4866,2023-01-28,09:17:33,16:29:02,60,-16.8,8.72,8:26,17:09,J Male,51.549999999999955
01103F4866,2023-01-29,09:38:53,16:21:16,53,-17.1,8.78,8:24,17:11,J Male,74.88333333333333
01103F4866,2023-01-30,10:21:13,17:01:55,45,-11.7,8.83,8:22,17:13,J Male,119.2166666666667
01103F4866,2023-01-31,08:22:26,16:54:23,47,-10.3,8.89,8:21,17:14,J Male,1.4333333333333371
01103F4866,2023-02-01,09:10:17,16:48:26,103,-15.5,8.96,8:19,17:16,J Male,51.2833333333333
01103F4866,2023-02-02,08:53:22,16:53:05,58,-16.9,9.02,8:17,17:18,J Male,36.366666666666674
01103F4866,2023-02-03,09:12:38,16:54:48,73,-6.3,9.08,8:16,17:20,J Male,56.633333333333326
01103F4866,2023-02-04,13:03:07,17:09:32,44,-1.8,9.14,8:14,17:22,J Male,289.1166666666667
01103F4866,2023-02-05,10:32:36,17:14:39,59,-2.0,9.2,8:12,17:24,J Male,140.60000000000002
01103F4866,2023-02-06,10:42:49,17:23:25,55,-0.7,9.27,8:10,17:26,J Male,152.81666666666672
01103F4866,2023-02-07,12:40:06,17:20:14,46,0.5,9.33,8:08,17:28,J Male,272.1
01103F4866,2023-02-08,08:00:09,17:08:11,79,-3.2,9.4,8:06,17:30,J Male,-5.850000000000023
01103F4866,2023-02-09,10:53:16,17:37:56,49,-6.1,9.46,8:05,17:32,J Male,168.26666666666665
01103F4866,2023-02-10,09:45:07,17:21:33,47,-1.9,9.53,8:03,17:34,J Male,102.11666666666667
01103F4866,2023-02-11,09:53:10,17:46:44,62,-2.9,9.59,8:01,17:36,J Male,112.16666666666663
01103F4866,2023-02-12,08:55:44,17:51:22,85,-2.6,9.66,7:59,17:38,J Male,56.73333333333335
01103F4866,2023-02-13,08:31:27,17:19:09,88,0.0,9.73,7:57,17:40,J Male,34.44999999999999
01103F4866,2023-02-14,08:50:18,17:46:46,76,-10.0,9.79,7:55,17:42,J Male,55.299999999999955
01103F4C53,2023-01-09,09:56:15,16:35:43,80,-8.4,7.81,8:47,16:35,A Male,69.25
01103F4C53,2023-01-10,09:09:21,16:31:38,109,-8.2,7.84,8:46,16:37,A Male,23.350000000000023
01103F4C53,2023-01-11,09:20:21,16:38:27,83,-7.2,7.88,8:46,16:38,A Male,34.35000000000002
01103F4C53,2023-01-12,08:44:33,16:36:32,105,-12.6,7.92,8:45,16:40,A Male,-0.4500000000000455
01103F4C53,2023-01-13,09:31:05,16:31:17,90,-13.1,7.96,8:44,16:42,A Male,47.08333333333337
01103F4C53,2023-01-14,09:46:07,16:43:05,77,-10.7,8.0,8:43,16:43,A Male,63.116666666666674
01103F4C53,2023-01-15,09:21:45,16:41:12,67,-8.8,8.05,8:42,16:45,A Male,39.75
01103F4C53,2023-01-16,09:04:40,16:36:49,79,-5.4,8.09,8:41,16:47,A Male,23.66666666666663
01103F4C53,2023-01-17,09:20:50,16:30:33,68,-8.8,8.14,8:40,16:48,A Male,40.83333333333337
01103F4C53,2023-01-18,09:24:11,16:40:50,84,-13.4,8.18,8:39,16:50,A Male,45.18333333333328
01103F4C53,2023-01-19,09:43:46,16:53:30,68,-10.6,8.23,8:38,16:52,A Male,65.76666666666665
01103F4C53,2023-01-20,10:07:56,16:58:07,69,-4.1,8.28,8:37,16:54,A Male,90.93333333333328
01103F4C53,2023-01-21,09:11:21,17:04:12,30,0.4,8.33,8:35,16:55,A Male,36.35000000000002
01103F4C53,2023-01-22,09:08:33,17:05:33,33,0.5,8.38,8:34,16:57,A Male,34.549999999999955
01103F4C53,2023-01-23,09:14:36,17:11:52,49,-2.8,8.44,8:33,16:59,A Male,41.60000000000002
01103F4C53,2023-01-24,10:19:04,17:10:35,38,-0.1,8.49,8:31,17:01,A Male,108.06666666666672
01103F4C53,2023-01-25,10:52:28,17:13:03,50,-0.7,8.55,8:30,17:03,A Male,142.4666666666667
01103F4C53,2023-01-26,09:31:58,17:03:35,29,4.7,8.6,8:29,17:05,A Male,62.9666666666667
01103F4C53,2023-01-27,08:47:24,16:43:54,87,-6.7,8.66,8:27,17:07,A Male,20.399999999999977
01103F4C53,2023-01-28,10:00:02,16:37:40,70,-16.8,8.72,8:26,17:09,A Male,94.0333333333333
01103F4C53,2023-01-29,08:38:02,16:35:51,72,-17.1,8.78,8:24,17:11,A Male,14.033333333333303
01103F4C53,2023-01-30,09:09:06,16:51:22,32,-11.7,8.83,8:22,17:13,A Male,47.10000000000002
01103F4C53,2023-01-31,08:30:10,16:23:30,66,-10.3,8.89,8:21,17:14,A Male,9.166666666666686
01103F4C53,2023-02-01,08:37:48,16:19:07,48,-15.5,8.96,8:19,17:16,A Male,18.799999999999955
01103F4C53,2023-02-02,08:38:01,16:36:03,50,-16.9,9.02,8:17,17:18,A Male,21.01666666666665
01103F4C53,2023-02-03,10:03:16,17:08:21,45,-6.3,9.08,8:16,17:20,A Male,107.26666666666665
01103F4C53,2023-02-04,09:12:51,17:17:18,31,-1.8,9.14,8:14,17:22,A Male,58.85000000000002
01103F4C53,2023-02-05,09:54:17,17:01:35,41,-2.0,9.2,8:12,17:24,A Male,102.2833333333333
01103F4C53,2023-02-06,09:14:41,17:28:46,47,-0.7,9.27,8:10,17:26,A Male,64.68333333333328
01103F4C53,2023-02-07,09:00:52,17:26:20,51,0.5,9.33,8:08,17:28,A Male,52.866666666666674
01103F4C53,2023-02-08,08:10:15,17:26:22,58,-3.2,9.4,8:06,17:30,A Male,4.25
01103F4C53,2023-02-09,08:51:14,17:07:24,57,-6.1,9.46,8:05,17:32,A Male,46.23333333333335
01103F4C53,2023-02-10,09:19:41,17:34:43,50,-1.9,9.53,8:03,17:34,A Male,76.68333333333328
01103F4C53,2023-02-11,08:32:31,17:39:05,44,-2.9,9.59,8:01,17:36,A Male,31.51666666666665
01103F4C53,2023-02-12,08:48:48,17:39:10,49,-2.6,9.66,7:59,17:38,A Male,49.799999999999955
01103F4C53,2023-02-13,08:47:46,17:29:02,30,0.0,9.73,7:57,17:40,A Male,50.76666666666665
01103F4C53,2023-02-14,10:04:28,17:28:33,49,-10.0,9.79,7:55,17:42,A Male,129.4666666666667
01103F4DD0,2023-01-09,09:13:22,16:43:50,77,-8.4,7.81,8:47,16:35,A Male,26.366666666666674
01103F4DD0,2023-01-10,09:05:10,16:20:18,81,-8.2,7.84,8:46,16:37,A Male,19.16666666666663
01103F4DD0,2023-01-11,08:49:39,16:43:36,87,-7.2,7.88,8:46,16:38,A Male,3.6499999999999773
01103F4DD0,2023-01-12,08:37:23,16:47:22,90,-12.6,7.92,8:45,16:40,A Male,-7.616666666666674
01103F4DD0,2023-01-13,09:03:44,16:46:11,100,-13.1,7.96,8:44,16:42,A Male,19.73333333333335
01103F4DD0,2023-01-14,10:00:49,16:49:04,83,-10.7,8.0,8:43,16:43,A Male,77.81666666666672
01103F4DD0,2023-01-15,08:38:31,16:33:21,78,-8.8,8.05,8:42,16:45,A Male,-3.4833333333333485
01103F4DD0,2023-01-16,09:14:59,16:31:39,81,-5.4,8.09,8:41,16:47,A Male,33.98333333333335
01103F4DD0,2023-01-17,08:36:50,16:46:33,83,-8.8,8.14,8:40,16:48,A Male,-3.1666666666666288
01103F4DD0,2023-01-18,08:36:25,16:32:25,90,-13.4,8.18,8:39,16:50,A Male,-2.5833333333333712
01103F4DD0,2023-01-19,09:46:05,16:44:27,81,-10.6,8.23,8:38,16:52,A Male,68.08333333333337
01103F4DD0,2023-01-20,08:31:05,16:36:58,55,-4.1,8.28,8:37,16:54,A Male,-5.916666666666686
01103F4DD0,2023-01-21,10:45:18,17:13:21,23,0.4,8.33,8:35,16:55,A Male,130.29999999999995
01103F4DD0,2023-01-22,08:51:10,16:41:44,38,0.5,8.38,8:34,16:57,A Male,17.16666666666663
01103F4DD0,2023-01-23,09:05:52,17:09:55,63,-2.8,8.44,8:33,16:59,A Male,32.866666666666674
01103F4DD0,2023-01-24,10:46:03,15:55:02,31,-0.1,8.49,8:31,17:01,A Male,135.04999999999995
01103F4DD0,2023-01-25,08:27:37,16:47:33,50,-0.7,8.55,8:30,17:03,A Male,-2.3833333333333258
01103F4DD0,2023-01-26,09:27:05,17:04:03,35,4.7,8.6,8:29,17:05,A Male,58.08333333333337
01103F4DD0,2023-01-27,08:35:45,16:44:49,89,-6.7,8.66,8:27,17:07,A Male,8.75
01103F4DD0,2023-01-28,09:44:40,16:37:19,79,-16.8,8.72,8:26,17:09,A Male,78.66666666666663
01103F4DD0,2023-01-29,10:08:45,16:54:34,89,-17.1,8.78,8:24,17:11,A Male,104.75
01103F4DD0,2023-01-30,09:54:58,17:01:25,96,-11.7,8.83,8:22,17:13,A Male,92.9666666666667
01103F4DD0,2023-01-31,08:32:33,16:29:51,79,-10.3,8.89,8:21,17:14,A Male,11.549999999999955
01103F4DD0,2023-02-01,08:35:26,16:38:54,111,-15.5,8.96,8:19,17:16,A Male,16.43333333333328
01103F4DD0,2023-02-02,09:10:39,16:47:26,81,-16.9,9.02,8:17,17:18,A Male,53.64999999999998
01103F4DD0,2023-02-03,11:33:38,16:58:49,31,-6.3,9.08,8:16,17:20,A Male,197.63333333333333
01103F4DD0,2023-02-04,11:37:00,17:30:43,49,-1.8,9.14,8:14,17:22,A Male,203.0
01103F4DD0,2023-02-05,11:34:13,17:22:44,43,-2.0,9.2,8:12,17:24,A Male,202.2166666666667
01103F4DD0,2023-02-06,08:45:37,17:30:16,58,-0.7,9.27,8:10,17:26,A Male,35.616666666666674
01103F4DD0,2023-02-07,10:01:32,17:17:12,50,0.5,9.33,8:08,17:28,A Male,113.5333333333333
01103F4DD0,2023-02-08,08:58:19,17:45:39,56,-3.2,9.4,8:06,17:30,A Male,52.31666666666672
01103F4DD0,2023-02-09,09:26:26,17:25:05,39,-6.1,9.46,8:05,17:32,A Male,81.43333333333328
01103F4DD0,2023-02-10,10:31:01,17:02:38,33,-1.9,9.53,8:03,17:34,A Male,148.01666666666665
01103F4DD0,2023-02-11,10:14:18,17:52:06,28,-2.9,9.59,8:01,17:36,A Male,133.29999999999995
01103F4DD0,2023-02-12,09:23:31,14:58:42,24,-2.6,9.66,7:59,17:38,A Male,84.51666666666665
01103F4DD0,2023-02-13,10:16:09,17:51:44,45,0.0,9.73,7:57,17:40,A Male,139.14999999999998
01103F4DD0,2023-02-14,09:18:15,17:33:06,52,-10.0,9.79,7:55,17:42,A Male,83.25
01103F5611,2023-01-09,08:43:04,16:32:26,122,-8.4,7.81,8:47,16:35,A Female,-3.9333333333332803
01103F5611,2023-01-10,08:37:49,16:37:54,128,-8.2,7.84,8:46,16:37,A Female,-8.18333333333328
01103F5611,2023-01-11,08:45:04,16:34:43,130,-7.2,7.88,8:46,16:38,A Female,-0.9333333333332803
01103F5611,2023-01-12,08:49:43,15:53:17,111,-12.6,7.92,8:45,16:40,A Female,4.716666666666697
01103F5611,2023-01-13,08:40:14,16:36:39,115,-13.1,7.96,8:44,16:42,A Female,-3.7666666666666515
01103F5611,2023-01-14,08:45:39,16:23:33,71,-10.7,8.0,8:43,16:43,A Female,2.6499999999999773
01103F5611,2023-01-15,08:30:32,16:38:54,113,-8.8,8.05,8:42,16:45,A Female,-11.46666666666664
01103F5611,2023-01-16,08:43:30,16:35:40,96,-5.4,8.09,8:41,16:47,A Female,2.5
01103F5611,2023-01-17,08:31:49,16:36:55,155,-8.8,8.14,8:40,16:48,A Female,-8.183333333333337
01103F5611,2023-01-18,08:29:51,16:39:42,120,-13.4,8.18,8:39,16:50,A Female,-9.149999999999977
01103F5611,2023-01-19,08:29:34,16:39:02,91,-10.6,8.23,8:38,16:52,A Female,-8.433333333333337
01103F5611,2023-01-20,08:30:52,16:37:32,91,-4.1,8.28,8:37,16:54,A Female,-6.133333333333326
01103F5611,2023-01-21,08:30:31,16:37:18,71,0.4,8.33,8:35,16:55,A Female,-4.4833333333333485
01103F5611,2023-01-22,08:49:30,16:44:26,56,0.5,8.38,8:34,16:57,A Female,15.5
01103F5611,2023-01-23,08:34:39,16:54:00,141,-2.8,8.44,8:33,16:59,A Female,1.6499999999999773
01103F5611,2023-01-24,08:33:07,17:01:31,82,-0.1,8.49,8:31,17:01,A Female,2.1166666666666742
01103F5611,2023-01-25,08:25:05,16:52:26,126,-0.7,8.55,8:30,17:03,A Female,-4.916666666666686
01103F5611,2023-01-26,08:23:00,17:00:16,64,4.7,8.6,8:29,17:05,A Female,-6.0
01103F5611,2023-01-27,08:25:33,16:37:05,99,-6.7,8.66,8:27,17:07,A Female,-1.4499999999999886
01103F5611,2023-01-28,08:22:16,16:33:17,15,-16.8,8.72,8:26,17:09,A Female,-3.7333333333333485
01103F5611,2023-01-29,08:27:09,16:46:25,41,-17.1,8.78,8:24,17:11,A Female,3.1499999999999773
01103F5611,2023-01-30,08:27:50,16:43:11,63,-11.7,8.83,8:22,17:13,A Female,5.833333333333314
01103F5611,2023-01-31,08:38:04,16:46:03,71,-10.3,8.89,8:21,17:14,A Female,17.06666666666672
01103F5611,2023-02-01,08:27:04,16:22:51,20,-15.5,8.96,8:19,17:16,A Female,8.066666666666663
01103F5611,2023-02-02,08:41:33,16:51:52,51,-16.9,9.02,8:17,17:18,A Female,24.549999999999955
01103F5611,2023-02-03,08:17:53,17:02:58,93,-6.3,9.08,8:16,17:20,A Female,1.8833333333333258
01103F5611,2023-02-04,08:14:13,17:11:18,98,-1.8,9.14,8:14,17:22,A Female,0.21666666666664014
01103F5611,2023-02-05,08:15:54,17:09:40,108,-2.0,9.2,8:12,17:24,A Female,3.8999999999999773
01103F5611,2023-02-06,08:07:26,17:16:12,137,-0.7,9.27,8:10,17:26,A Female,-2.566666666666663
01103F5611,2023-02-07,08:12:45,17:22:06,142,0.5,9.33,8:08,17:28,A Female,4.75
01103F5611,2023-02-08,08:04:33,17:04:02,151,-3.2,9.4,8:06,17:30,A Female,-1.4499999999999886
01103F5611,2023-02-09,08:00:48,17:03:36,38,-6.1,9.46,8:05,17:32,A Female,-4.199999999999989
01103F5611,2023-02-10,08:02:19,17:30:22,72,-1.9,9.53,8:03,17:34,A Female,-0.6833333333333371
01103F5611,2023-02-11,08:03:09,17:25:24,75,-2.9,9.59,8:01,17:36,A Female,2.1499999999999773
01103F5611,2023-02-12,08:01:42,17:29:45,75,-2.6,9.66,7:59,17:38,A Female,2.6999999999999886
01103F5611,2023-02-13,07:56:09,17:19:51,53,0.0,9.73,7:57,17:40,A Female,-0.8500000000000227
01103F5611,2023-02-14,08:05:57,17:12:36,30,-10.0,9.79,7:55,17:42,A Female,10.949999999999989
01103F5614,2023-01-09,08:36:24,16:41:45,59,-8.4,7.81,8:47,16:35,A Female,-10.600000000000023
01103F5614,2023-01-10,09:04:24,16:48:13,79,-8.2,7.84,8:46,16:37,A Female,18.399999999999977
01103F5614,2023-01-11,08:45:40,16:37:37,71,-7.2,7.88,8:46,16:38,A Female,-0.33333333333337123
01103F5614,2023-01-12,08:25:33,16:42:57,72,-12.6,7.92,8:45,16:40,A Female,-19.44999999999999
01103F5614,2023-01-13,08:25:56,16:30:09,78,-13.1,7.96,8:44,16:42,A Female,-18.066666666666663
01103F5614,2023-01-14,08:38:24,16:30:33,57,-10.7,8.0,8:43,16:43,A Female,-4.600000000000023
01103F5614,2023-01-15,09:18:43,16:43:56,50,-8.8,8.05,8:42,16:45,A Female,36.7166666666667
01103F5614,2023-01-16,08:44:16,16:30:41,51,-5.4,8.09,8:41,16:47,A Female,3.2666666666666515
01103F5614,2023-01-17,08:34:46,16:45:13,63,-8.8,8.14,8:40,16:48,A Female,-5.2333333333333485
01103F5614,2023-01-18,08:35:30,16:29:40,81,-13.4,8.18,8:39,16:50,A Female,-3.5
01103F5614,2023-01-19,08:34:14,16:44:20,72,-10.6,8.23,8:38,16:52,A Female,-3.7666666666666515
01103F5614,2023-01-20,08:32:02,16:45:25,56,-4.1,8.28,8:37,16:54,A Female,-4.966666666666697
01103F5614,2023-01-21,11:03:03,17:07:06,31,0.4,8.33,8:35,16:55,A Female,148.04999999999995
01103F5614,2023-01-22,08:25:33,16:31:47,58,0.5,8.38,8:34,16:57,A Female,-8.449999999999989
01103F5614,2023-01-23,08:27:01,16:58:33,56,-2.8,8.44,8:33,16:59,A Female,-5.9833333333333485
01103F5614,2023-01-24,08:40:20,16:58:02,29,-0.1,8.49,8:31,17:01,A Female,9.333333333333371
01103F5614,2023-01-25,08:32:18,17:00:56,39,-0.7,8.55,8:30,17:03,A Female,2.2999999999999545
01103F5614,2023-01-26,08:49:12,16:45:59,33,4.7,8.6,8:29,17:05,A Female,20.200000000000045
01103F5614,2023-01-27,08:22:07,16:31:20,87,-6.7,8.66,8:27,17:07,A Female,-4.883333333333326
01103F5614,2023-01-28,08:14:39,16:19:04,70,-16.8,8.72,8:26,17:09,A Female,-11.350000000000023
01103F5614,2023-01-29,08:21:58,16:51:13,73,-17.1,8.78,8:24,17:11,A Female,-2.03333333333336
01103F5614,2023-01-30,08:23:08,16:45:15,54,-11.7,8.83,8:22,17:13,A Female,1.1333333333333258
01103F5614,2023-01-31,08:52:44,16:30:18,80,-10.3,8.89,8:21,17:14,A Female,31.73333333333335
01103F5614,2023-02-01,08:20:01,16:26:06,115,-15.5,8.96,8:19,17:16,A Female,1.0166666666666515
01103F5614,2023-02-02,08:44:07,16:45:52,61,-16.9,9.02,8:17,17:18,A Female,27.116666666666674
01103F5614,2023-02-03,08:58:06,16:50:38,42,-6.3,9.08,8:16,17:20,A Female,42.10000000000002
01103F5614,2023-02-04,09:22:14,17:02:48,43,-1.8,9.14,8:14,17:22,A Female,68.23333333333335
01103F5614,2023-02-05,08:05:10,17:13:32,57,-2.0,9.2,8:12,17:24,A Female,-6.833333333333314
01103F5614,2023-02-06,08:36:55,17:15:31,38,-0.7,9.27,8:10,17:26,A Female,26.91666666666663
01103F5614,2023-02-07,08:10:49,17:08:39,32,0.5,9.33,8:08,17:28,A Female,2.816666666666663
01103F5614,2023-02-08,08:12:44,17:34:50,66,-3.2,9.4,8:06,17:30,A Female,6.7333333333333485
01103F5614,2023-02-09,08:16:09,17:04:06,52,-6.1,9.46,8:05,17:32,A Female,11.149999999999977
01103F5614,2023-02-10,08:55:07,17:26:36,24,-1.9,9.53,8:03,17:34,A Female,52.116666666666674
01103F5614,2023-02-11,07:59:32,16:56:10,16,-2.9,9.59,8:01,17:36,A Female,-1.4666666666666401
01103F5614,2023-02-12,08:03:58,17:17:55,20,-2.6,9.66,7:59,17:38,A Female,4.96666666666664
01103F5614,2023-02-13,07:58:24,17:12:37,31,0.0,9.73,7:57,17:40,A Female,1.3999999999999773
01103F5614,2023-02-14,09:24:57,17:22:16,46,-10.0,9.79,7:55,17:42,A Female,89.95000000000005
01103F57D3,2023-01-09,08:32:39,16:30:21,65,-8.4,7.81,8:47,16:35,J Female,-14.350000000000023
01103F57D3,2023-01-10,08:32:43,16:27:08,85,-8.2,7.84,8:46,16:37,J Female,-13.283333333333303
01103F57D3,2023-01-11,08:37:45,16:32:53,78,-7.2,7.88,8:46,16:38,J Female,-8.25
01103F57D3,2023-01-12,08:30:50,16:13:43,74,-12.6,7.92,8:45,16:40,J Female,-14.166666666666686
01103F57D3,2023-01-13,08:27:56,16:22:31,89,-13.1,7.96,8:44,16:42,J Female,-16.066666666666663
01103F57D3,2023-01-14,08:30:28,16:32:29,93,-10.7,8.0,8:43,16:43,J Female,-12.53333333333336
01103F57D3,2023-01-15,08:31:27,16:36:23,84,-8.8,8.05,8:42,16:45,J Female,-10.550000000000011
01103F57D3,2023-01-16,08:31:17,16:27:42,79,-5.4,8.09,8:41,16:47,J Female,-9.71666666666664
01103F57D3,2023-01-17,08:29:50,16:34:46,82,-8.8,8.14,8:40,16:48,J Female,-10.166666666666686
01103F57D3,2023-01-18,08:26:28,16:32:59,97,-13.4,8.18,8:39,16:50,J Female,-12.53333333333336
01103F57D3,2023-01-19,08:24:24,16:42:48,104,-10.6,8.23,8:38,16:52,J Female,-13.600000000000023
01103F57D3,2023-01-20,08:23:53,16:43:26,96,-4.1,8.28,8:37,16:54,J Female,-13.116666666666674
01103F57D3,2023-01-21,08:27:32,16:59:13,54,0.4,8.33,8:35,16:55,J Female,-7.46666666666664
01103F57D3,2023-01-22,08:19:02,16:47:23,54,0.5,8.38,8:34,16:57,J Female,-14.96666666666664
01103F57D3,2023-01-23,08:13:33,17:02:14,65,-2.8,8.44,8:33,16:59,J Female,-19.44999999999999
01103F57D3,2023-01-24,08:26:31,17:01:51,47,-0.1,8.49,8:31,17:01,J Female,-4.4833333333333485
01103F57D3,2023-01-25,08:22:52,16:53:05,54,-0.7,8.55,8:30,17:03,J Female,-7.133333333333326
01103F57D3,2023-01-26,08:19:17,17:07:33,28,4.7,8.6,8:29,17:05,J Female,-9.71666666666664
01103F57D3,2023-01-27,08:19:14,16:26:51,69,-6.7,8.66,8:27,17:07,J Female,-7.7666666666666515
01103F57D3,2023-01-28,08:12:11,16:31:32,74,-16.8,8.72,8:26,17:09,J Female,-13.816666666666663
01103F57D3,2023-01-29,08:16:03,16:28:56,81,-17.1,8.78,8:24,17:11,J Female,-7.949999999999989
01103F57D3,2023-01-30,08:14:26,16:37:46,77,-11.7,8.83,8:22,17:13,J Female,-7.566666666666663
01103F57D3,2023-01-31,08:10:37,16:15:34,81,-10.3,8.89,8:21,17:14,J Female,-10.383333333333326
01103F57D3,2023-02-01,08:08:38,16:28:41,56,-15.5,8.96,8:19,17:16,J Female,-10.366666666666674
01103F57D3,2023-02-02,08:12:35,16:37:51,83,-16.9,9.02,8:17,17:18,J Female,-4.416666666666686
01103F57D3,2023-02-03,08:06:02,17:04:55,65,-6.3,9.08,8:16,17:20,J Female,-9.96666666666664
01103F57D3,2023-02-04,08:03:58,16:59:06,63,-1.8,9.14,8:14,17:22,J Female,-10.03333333333336
01103F57D3,2023-02-05,08:16:29,17:19:55,67,-2.0,9.2,8:12,17:24,J Female,4.4833333333333485
01103F57D3,2023-02-06,08:01:02,17:15:46,71,-0.7,9.27,8:10,17:26,J Female,-8.96666666666664
01103F57D3,2023-02-07,08:01:01,17:26:25,44,0.5,9.33,8:08,17:28,J Female,-6.9833333333333485
01103F57D3,2023-02-08,07:58:45,17:25:57,65,-3.2,9.4,8:06,17:30,J Female,-7.25
01103F57D3,2023-02-09,07:58:37,17:24:51,65,-6.1,9.46,8:05,17:32,J Female,-6.383333333333326
01103F57D3,2023-02-10,07:54:29,17:35:52,52,-1.9,9.53,8:03,17:34,J Female,-8.516666666666652
01103F57D3,2023-02-11,08:37:55,17:34:09,47,-2.9,9.59,8:01,17:36,J Female,36.91666666666663
01103F57D3,2023-02-12,07:54:23,17:30:29,45,-2.6,9.66,7:59,17:38,J Female,-4.616666666666674
01103F57D3,2023-02-13,07:49:48,17:16:18,54,0.0,9.73,7:57,17:40,J Female,-7.199999999999989
01103F57D3,2023-02-14,07:50:30,17:06:45,52,-10.0,9.79,7:55,17:42,J Female,-4.5
01103F61A9,2023-01-09,08:37:41,16:25:47,120,-8.4,7.81,8:47,16:35,J Female,-9.31666666666672
01103F61A9,2023-01-10,08:44:19,16:30:03,155,-8.2,7.84,8:46,16:37,J Female,-1.6833333333332803
01103F61A9,2023-01-11,08:39:33,16:36:16,135,-7.2,7.88,8:46,16:38,J Female,-6.4500000000000455
01103F61A9,2023-01-12,08:49:02,16:34:49,106,-12.6,7.92,8:45,16:40,J Female,4.033333333333303
01103F61A9,2023-01-13,08:42:48,16:32:52,107,-13.1,7.96,8:44,16:42,J Female,-1.2000000000000455
01103F61A9,2023-01-14,08:34:13,16:33:05,79,-10.7,8.0,8:43,16:43,J Female,-8.783333333333303
01103F61A9,2023-01-15,08:43:20,16:37:11,95,-8.8,8.05,8:42,16:45,J Female,1.3333333333333712
01103F61A9,2023-01-16,08:39:17,16:23:15,109,-5.4,8.09,8:41,16:47,J Female,-1.716666666666697
01103F61A9,2023-01-17,08:37:56,16:41:25,129,-8.8,8.14,8:40,16:48,J Female,-2.0666666666667197
01103F61A9,2023-01-18,08:31:55,16:42:08,95,-13.4,8.18,8:39,16:50,J Female,-7.083333333333314
01103F61A9,2023-01-19,08:31:07,16:46:19,100,-10.6,8.23,8:38,16:52,J Female,-6.883333333333326
01103F61A9,2023-01-20,08:46:46,16:50:40,98,-4.1,8.28,8:37,16:54,J Female,9.766666666666652
01103F61A9,2023-01-21,08:33:50,16:51:08,99,0.4,8.33,8:35,16:55,J Female,-1.1666666666666288
01103F61A9,2023-01-22,08:57:06,16:56:48,50,0.5,8.38,8:34,16:57,J Female,23.100000000000023
01103F61A9,2023-01-23,08:35:01,16:56:21,94,-2.8,8.44,8:33,16:59,J Female,2.0166666666666515
01103F61A9,2023-01-24,08:31:31,16:54:45,72,-0.1,8.49,8:31,17:01,J Female,0.5166666666666515
01103F61A9,2023-01-25,09:00:57,16:47:34,82,-0.7,8.55,8:30,17:03,J Female,30.950000000000045
01103F61A9,2023-01-26,08:23:31,16:52:37,43,4.7,8.6,8:29,17:05,J Female,-5.4833333333333485
01103F61A9,2023-01-27,08:24:07,16:33:51,81,-6.7,8.66,8:27,17:07,J Female,-2.8833333333333258
01103F61A9,2023-01-28,08:23:29,16:46:11,20,-16.8,8.72,8:26,17:09,J Female,-2.5166666666666515
01103F61A9,2023-01-29,08:30:52,16:43:52,101,-17.1,8.78,8:24,17:11,J Female,6.866666666666674
01103F61A9,2023-01-30,08:26:13,16:38:29,100,-11.7,8.83,8:22,17:13,J Female,4.21666666666664
01103F61A9,2023-01-31,08:21:03,16:47:10,100,-10.3,8.89,8:21,17:14,J Female,0.05000000000001137
01103F61A9,2023-02-01,08:21:39,16:37:59,91,-15.5,8.96,8:19,17:16,J Female,2.6499999999999773
01103F61A9,2023-02-02,08:25:06,16:38:23,95,-16.9,9.02,8:17,17:18,J Female,8.100000000000023
01103F61A9,2023-02-03,08:15:46,16:58:45,110,-6.3,9.08,8:16,17:20,J Female,-0.2333333333333485
01103F61A9,2023-02-04,08:21:20,17:20:18,84,-1.8,9.14,8:14,17:22,J Female,7.333333333333314
01103F61A9,2023-02-05,08:19:35,17:22:06,70,-2.0,9.2,8:12,17:24,J Female,7.583333333333314
01103F61A9,2023-02-06,08:08:08,17:15:17,74,-0.7,9.27,8:10,17:26,J Female,-1.8666666666666742
01103F61A9,2023-02-07,08:14:15,17:16:29,84,0.5,9.33,8:08,17:28,J Female,6.25
01103F61A9,2023-02-08,08:14:32,17:07:30,84,-3.2,9.4,8:06,17:30,J Female,8.53333333333336
01103F61A9,2023-02-09,08:23:24,17:20:13,102,-6.1,9.46,8:05,17:32,J Female,18.399999999999977
01103F61A9,2023-02-10,08:08:35,17:18:24,74,-1.9,9.53,8:03,17:34,J Female,5.583333333333314
01103F61A9,2023-02-11,08:05:00,17:26:26,69,-2.9,9.59,8:01,17:36,J Female,4.0
01103F61A9,2023-02-12,08:44:18,17:31:59,79,-2.6,9.66,7:59,17:38,J Female,45.299999999999955
01103F61A9,2023-02-13,08:05:18,17:31:17,74,0.0,9.73,7:57,17:40,J Female,8.300000000000011
01103F61A9,2023-02-14,08:01:28,17:31:42,111,-10.0,9.79,7:55,17:42,J Female,6.46666666666664
01103F6215,2023-01-09,08:29:28,16:36:54,72,-8.4,7.81,8:47,16:35,J Female,-17.53333333333336
01103F6215,2023-01-10,08:25:10,16:39:32,81,-8.2,7.84,8:46,16:37,J Female,-20.833333333333314
01103F6215,2023-01-11,08:28:31,16:27:24,73,-7.2,7.88,8:46,16:38,J Female,-17.48333333333335
01103F6215,2023-01-12,08:23:56,16:31:09,89,-12.6,7.92,8:45,16:40,J Female,-21.066666666666663
01103F6215,2023-01-13,08:25:23,16:30:58,74,-13.1,7.96,8:44,16:42,J Female,-18.616666666666674
01103F6215,2023-01-14,08:24:46,16:25:14,75,-10.7,8.0,8:43,16:43,J Female,-18.23333333333335
01103F6215,2023-01-15,08:23:25,16:32:09,89,-8.8,8.05,8:42,16:45,J Female,-18.583333333333314
01103F6215,2023-01-16,08:23:05,16:24:02,79,-5.4,8.09,8:41,16:47,J Female,-17.916666666666686
01103F6215,2023-01-17,08:44:51,16:30:34,82,-8.8,8.14,8:40,16:48,J Female,4.850000000000023
01103F6215,2023-01-18,08:17:32,16:38:35,77,-13.4,8.18,8:39,16:50,J Female,-21.46666666666664
01103F6215,2023-01-19,08:17:30,16:45:01,67,-10.6,8.23,8:38,16:52,J Female,-20.5
01103F6215,2023-01-20,08:16:47,16:39:51,66,-4.1,8.28,8:37,16:54,J Female,-20.21666666666664
01103F6215,2023-01-21,08:19:31,16:37:22,54,0.4,8.33,8:35,16:55,J Female,-15.483333333333348
01103F6215,2023-01-22,08:18:54,16:16:59,39,0.5,8.38,8:34,16:57,J Female,-15.100000000000023
01103F6215,2023-01-23,08:17:39,16:47:50,52,-2.8,8.44,8:33,16:59,J Female,-15.350000000000023
01103F6215,2023-01-24,08:17:41,16:52:51,40,-0.1,8.49,8:31,17:01,J Female,-13.316666666666663
01103F6215,2023-01-25,08:15:21,17:00:44,39,-0.7,8.55,8:30,17:03,J Female,-14.649999999999977
01103F6215,2023-01-26,08:19:04,15:58:32,10,4.7,8.6,8:29,17:05,J Female,-9.933333333333337
01103F6215,2023-01-27,08:14:33,16:42:06,53,-6.7,8.66,8:27,17:07,J Female,-12.449999999999989
01103F6215,2023-01-28,08:06:37,16:00:29,36,-16.8,8.72,8:26,17:09,J Female,-19.383333333333326
01103F6215,2023-01-29,08:04:50,16:06:30,41,-17.1,8.78,8:24,17:11,J Female,-19.166666666666686
01103F6215,2023-01-30,08:10:38,16:47:43,56,-11.7,8.83,8:22,17:13,J Female,-11.366666666666674
01103F6215,2023-01-31,08:09:46,16:48:04,80,-10.3,8.89,8:21,17:14,J Female,-11.233333333333348
01103F6215,2023-02-01,08:09:03,16:43:10,63,-15.5,8.96,8:19,17:16,J Female,-9.949999999999989
01103F6215,2023-02-02,08:07:52,16:42:28,72,-16.9,9.02,8:17,17:18,J Female,-9.133333333333326
01103F6215,2023-02-03,08:07:17,16:46:42,68,-6.3,9.08,8:16,17:20,J Female,-8.71666666666664
01103F6215,2023-02-04,08:05:23,16:46:51,52,-1.8,9.14,8:14,17:22,J Female,-8.616666666666674
01103F6215,2023-02-05,08:06:38,17:01:30,34,-2.0,9.2,8:12,17:24,J Female,-5.366666666666674
01103F6215,2023-02-06,07:55:15,17:00:39,27,-0.7,9.27,8:10,17:26,J Female,-14.75
01103F6215,2023-02-07,08:00:36,16:40:49,36,0.5,9.33,8:08,17:28,J Female,-7.399999999999977
01103F6215,2023-02-08,07:59:48,17:01:37,64,-3.2,9.4,8:06,17:30,J Female,-6.199999999999989
01103F6215,2023-02-09,07:52:10,16:53:25,62,-6.1,9.46,8:05,17:32,J Female,-12.833333333333314
01103F6215,2023-02-10,07:55:54,16:59:51,44,-1.9,9.53,8:03,17:34,J Female,-7.100000000000023
01103F6215,2023-02-11,07:51:58,17:08:23,40,-2.9,9.59,8:01,17:36,J Female,-9.03333333333336
01103F6215,2023-02-12,07:51:22,17:19:00,25,-2.6,9.66,7:59,17:38,J Female,-7.633333333333326
01103F6215,2023-02-13,07:52:53,17:11:45,33,0.0,9.73,7:57,17:40,J Female,-4.116666666666674
01103F6215,2023-02-14,08:59:52,16:54:30,18,-10.0,9.79,7:55,17:42,J Female,64.86666666666667
01103F62A9,2023-01-09,08:38:12,16:41:22,51,-8.4,7.81,8:47,16:35,J Female,-8.799999999999955
01103F62A9,2023-01-10,08:33:32,16:42:45,61,-8.2,7.84,8:46,16:37,J Female,-12.466666666666697
01103F62A9,2023-01-11,08:36:32,16:37:39,59,-7.2,7.88,8:46,16:38,J Female,-9.466666666666697
01103F62A9,2023-01-12,08:29:41,16:19:10,62,-12.6,7.92,8:45,16:40,J Female,-15.316666666666663
01103F62A9,2023-01-13,08:26:02,16:29:34,75,-13.1,7.96,8:44,16:42,J Female,-17.96666666666664
01103F62A9,2023-01-14,08:28:58,16:39:30,57,-10.7,8.0,8:43,16:43,J Female,-14.03333333333336
01103F62A9,2023-01-15,08:27:27,16:28:37,61,-8.8,8.05,8:42,16:45,J Female,-14.550000000000011
01103F62A9,2023-01-16,08:43:06,16:42:09,69,-5.4,8.09,8:41,16:47,J Female,2.1000000000000227
01103F62A9,2023-01-17,08:31:36,16:39:46,54,-8.8,8.14,8:40,16:48,J Female,-8.399999999999977
01103F62A9,2023-01-18,08:24:59,16:43:02,63,-13.4,8.18,8:39,16:50,J Female,-14.016666666666652
01103F62A9,2023-01-19,08:22:55,16:35:26,49,-10.6,8.23,8:38,16:52,J Female,-15.083333333333314
01103F62A9,2023-01-20,08:30:10,16:43:40,52,-4.1,8.28,8:37,16:54,J Female,-6.833333333333314
01103F62A9,2023-01-21,08:28:27,16:49:45,48,0.4,8.33,8:35,16:55,J Female,-6.550000000000011
01103F62A9,2023-01-22,08:27:25,16:23:04,28,0.5,8.38,8:34,16:57,J Female,-6.583333333333314
01103F62A9,2023-01-23,08:49:29,16:26:49,35,-2.8,8.44,8:33,16:59,J Female,16.48333333333335
01103F62A9,2023-01-24,08:20:55,16:50:35,59,-0.1,8.49,8:31,17:01,J Female,-10.083333333333314
01103F62A9,2023-01-25,08:17:35,16:50:04,40,-0.7,8.55,8:30,17:03,J Female,-12.416666666666686
01103F62A9,2023-01-26,08:15:11,17:00:24,21,4.7,8.6,8:29,17:05,J Female,-13.816666666666663
01103F62A9,2023-01-27,08:19:44,16:36:01,46,-6.7,8.66,8:27,17:07,J Female,-7.2666666666666515
01103F62A9,2023-01-28,08:15:18,16:42:13,42,-16.8,8.72,8:26,17:09,J Female,-10.699999999999989
01103F62A9,2023-01-29,10:05:51,16:35:07,36,-17.1,8.78,8:24,17:11,J Female,101.85000000000002
01103F62A9,2023-01-30,08:14:48,16:30:52,58,-11.7,8.83,8:22,17:13,J Female,-7.199999999999989
01103F62A9,2023-01-31,08:11:50,16:40:48,82,-10.3,8.89,8:21,17:14,J Female,-9.166666666666686
01103F62A9,2023-02-01,08:16:11,16:36:39,94,-15.5,8.96,8:19,17:16,J Female,-2.816666666666663
01103F62A9,2023-02-02,08:07:10,16:03:43,67,-16.9,9.02,8:17,17:18,J Female,-9.833333333333314
01103F62A9,2023-02-03,08:07:58,16:43:36,82,-6.3,9.08,8:16,17:20,J Female,-8.03333333333336
01103F62A9,2023-02-04,08:13:37,17:01:34,61,-1.8,9.14,8:14,17:22,J Female,-0.38333333333332575
01103F62A9,2023-02-05,08:02:06,17:17:14,54,-2.0,9.2,8:12,17:24,J Female,-9.899999999999977
01103F62A9,2023-02-06,08:24:36,17:19:50,35,-0.7,9.27,8:10,17:26,J Female,14.600000000000023
01103F62A9,2023-02-07,10:00:47,17:25:16,40,0.5,9.33,8:08,17:28,J Female,112.7833333333333
01103F62A9,2023-02-08,08:00:55,17:13:36,49,-3.2,9.4,8:06,17:30,J Female,-5.083333333333314
01103F62A9,2023-02-09,07:58:18,17:02:50,70,-6.1,9.46,8:05,17:32,J Female,-6.699999999999989
01103F62A9,2023-02-10,08:14:52,17:03:07,42,-1.9,9.53,8:03,17:34,J Female,11.866666666666674
01103F62A9,2023-02-11,11:48:04,17:07:21,23,-2.9,9.59,8:01,17:36,J Female,227.06666666666672
01103F62A9,2023-02-12,08:02:58,17:32:18,40,-2.6,9.66,7:59,17:38,J Female,3.96666666666664
01103F62A9,2023-02-13,08:40:21,17:29:00,42,0.0,9.73,7:57,17:40,J Female,43.35000000000002
01103F62A9,2023-02-14,08:00:21,17:09:20,33,-10.0,9.79,7:55,17:42,J Female,5.350000000000023
01103F630A,2023-01-09,08:37:31,16:18:14,130,-8.4,7.81,8:47,16:35,A Female,-9.483333333333348
01103F630A,2023-01-10,08:37:34,16:38:16,142,-8.2,7.84,8:46,16:37,A Female,-8.43333333333328
01103F630A,2023-01-11,08:39:19,16:36:55,122,-7.2,7.88,8:46,16:38,A Female,-6.68333333333328
01103F630A,2023-01-12,08:34:10,16:35:20,148,-12.6,7.92,8:45,16:40,A Female,-10.833333333333371
01103F630A,2023-01-13,08:44:44,16:34:11,131,-13.1,7.96,8:44,16:42,A Female,0.7333333333333485
01103F630A,2023-01-14,08:49:18,16:35:19,107,-10.7,8.0,8:43,16:43,A Female,6.2999999999999545
01103F630A,2023-01-15,08:45:29,16:29:28,100,-8.8,8.05,8:42,16:45,A Female,3.4833333333333485
01103F630A,2023-01-16,08:38:52,16:29:48,104,-5.4,8.09,8:41,16:47,A Female,-2.1333333333333258
01103F630A,2023-01-17,08:32:53,16:29:02,111,-8.8,8.14,8:40,16:48,A Female,-7.116666666666674
01103F630A,2023-01-18,08:27:03,16:32:37,121,-13.4,8.18,8:39,16:50,A Female,-11.949999999999989
01103F630A,2023-01-19,08:35:56,16:40:28,106,-10.6,8.23,8:38,16:52,A Female,-2.0666666666667197
01103F630A,2023-01-20,08:29:13,16:40:51,100,-4.1,8.28,8:37,16:54,A Female,-7.78333333333336
01103F630A,2023-01-21,08:39:38,16:35:56,99,0.4,8.33,8:35,16:55,A Female,4.633333333333326
01103F630A,2023-01-22,08:44:21,16:53:10,41,0.5,8.38,8:34,16:57,A Female,10.350000000000023
01103F630A,2023-01-23,08:21:16,16:44:03,94,-2.8,8.44,8:33,16:59,A Female,-11.733333333333348
01103F630A,2023-01-24,08:25:59,16:46:45,73,-0.1,8.49,8:31,17:01,A Female,-5.0166666666666515
01103F630A,2023-01-25,08:22:37,16:55:09,113,-0.7,8.55,8:30,17:03,A Female,-7.383333333333326
01103F630A,2023-01-26,08:52:37,16:57:05,52,4.7,8.6,8:29,17:05,A Female,23.616666666666674
01103F630A,2023-01-27,08:26:43,16:23:23,152,-6.7,8.66,8:27,17:07,A Female,-0.28333333333335986
01103F630A,2023-01-28,08:43:56,16:37:24,115,-16.8,8.72,8:26,17:09,A Female,17.93333333333328
01103F630A,2023-01-29,08:20:37,16:25:39,123,-17.1,8.78,8:24,17:11,A Female,-3.3833333333333258
01103F630A,2023-01-30,08:28:35,16:41:08,122,-11.7,8.83,8:22,17:13,A Female,6.583333333333314
01103F630A,2023-01-31,08:18:37,16:37:57,133,-10.3,8.89,8:21,17:14,A Female,-2.3833333333333258
01103F630A,2023-02-01,08:26:52,16:32:18,122,-15.5,8.96,8:19,17:16,A Female,7.866666666666674
01103F630A,2023-02-02,08:34:28,16:45:08,115,-16.9,9.02,8:17,17:18,A Female,17.466666666666697
01103F630A,2023-02-03,08:41:42,16:44:42,101,-6.3,9.08,8:16,17:20,A Female,25.700000000000045
01103F630A,2023-02-04,08:13:32,17:03:35,109,-1.8,9.14,8:14,17:22,A Female,-0.46666666666664014
01103F630A,2023-02-05,08:16:21,17:00:05,92,-2.0,9.2,8:12,17:24,A Female,4.350000000000023
01103F630A,2023-02-06,08:07:30,17:15:50,111,-0.7,9.27,8:10,17:26,A Female,-2.5
01103F630A,2023-02-07,08:14:59,17:00:33,126,0.5,9.33,8:08,17:28,A Female,6.9833333333333485
01103F630A,2023-02-08,08:04:43,17:12:43,165,-3.2,9.4,8:06,17:30,A Female,-1.2833333333333599
01103F630A,2023-02-09,08:11:46,17:08:11,107,-6.1,9.46,8:05,17:32,A Female,6.7666666666666515
01103F630A,2023-02-10,08:00:38,17:16:08,152,-1.9,9.53,8:03,17:34,A Female,-2.3666666666666742
01103F630A,2023-02-11,08:05:19,17:27:23,123,-2.9,9.59,8:01,17:36,A Female,4.316666666666663
01103F630A,2023-02-12,08:33:22,17:15:09,132,-2.6,9.66,7:59,17:38,A Female,34.366666666666674
01103F630A,2023-02-13,07:57:59,17:18:11,84,0.0,9.73,7:57,17:40,A Female,0.9833333333333485
01103F630A,2023-02-14,07:54:59,17:13:13,128,-10.0,9.79,7:55,17:42,A Female,-0.01666666666665151
01103F641C,2023-01-09,09:11:19,16:34:39,74,-8.4,7.81,8:47,16:35,A Male,24.31666666666672
01103F641C,2023-01-10,08:35:56,16:43:47,74,-8.2,7.84,8:46,16:37,A Male,-10.06666666666672
01103F641C,2023-01-11,08:59:03,16:47:11,60,-7.2,7.88,8:46,16:38,A Male,13.049999999999955
01103F641C,2023-01-12,08:34:57,16:36:30,64,-12.6,7.92,8:45,16:40,A Male,-10.049999999999955
01103F641C,2023-01-13,09:30:50,16:52:05,90,-13.1,7.96,8:44,16:42,A Male,46.83333333333337
01103F641C,2023-01-14,09:14:36,16:37:46,76,-10.7,8.0,8:43,16:43,A Male,31.600000000000023
01103F641C,2023-01-15,08:44:16,16:50:00,94,-8.8,8.05,8:42,16:45,A Male,2.2666666666666515
01103F641C,2023-01-16,08:59:50,16:58:21,82,-5.4,8.09,8:41,16:47,A Male,18.83333333333337
01103F641C,2023-01-17,09:42:23,16:46:05,93,-8.8,8.14,8:40,16:48,A Male,62.383333333333326
01103F641C,2023-01-18,09:08:19,16:51:23,92,-13.4,8.18,8:39,16:50,A Male,29.31666666666672
01103F641C,2023-01-19,09:16:30,16:56:24,86,-10.6,8.23,8:38,16:52,A Male,38.5
01103F641C,2023-01-20,08:28:06,16:51:44,85,-4.1,8.28,8:37,16:54,A Male,-8.899999999999977
01103F641C,2023-01-21,08:48:02,17:10:35,67,0.4,8.33,8:35,16:55,A Male,13.033333333333303
01103F641C,2023-01-22,08:33:28,16:44:44,61,0.5,8.38,8:34,16:57,A Male,-0.533333333333303
01103F641C,2023-01-23,08:47:57,17:02:49,73,-2.8,8.44,8:33,16:59,A Male,14.950000000000045
01103F641C,2023-01-24,08:31:52,17:06:15,70,-0.1,8.49,8:31,17:01,A Male,0.8666666666666742
01103F641C,2023-01-25,08:36:57,17:13:35,82,-0.7,8.55,8:30,17:03,A Male,6.9500000000000455
01103F641C,2023-01-26,09:47:55,17:09:34,54,4.7,8.6,8:29,17:05,A Male,78.91666666666663
01103F641C,2023-01-27,08:39:35,16:48:23,96,-6.7,8.66,8:27,17:07,A Male,12.583333333333371
01103F641C,2023-01-28,08:27:04,16:49:50,109,-16.8,8.72,8:26,17:09,A Male,1.0666666666666629
01103F641C,2023-01-29,09:09:42,16:42:19,103,-17.1,8.78,8:24,17:11,A Male,45.700000000000045
01103F641C,2023-01-30,08:58:46,16:56:39,82,-11.7,8.83,8:22,17:13,A Male,36.76666666666665
01103F641C,2023-01-31,08:43:25,16:48:08,76,-10.3,8.89,8:21,17:14,A Male,22.41666666666663
01103F641C,2023-02-01,09:09:05,16:28:06,106,-15.5,8.96,8:19,17:16,A Male,50.08333333333337
01103F641C,2023-02-02,08:58:03,16:35:01,45,-16.9,9.02,8:17,17:18,A Male,41.049999999999955
01103F641C,2023-02-03,10:12:42,16:45:51,50,-6.3,9.08,8:16,17:20,A Male,116.70000000000005
01103F641C,2023-02-04,09:30:59,17:13:18,61,-1.8,9.14,8:14,17:22,A Male,76.98333333333335
01103F641C,2023-02-05,08:54:06,17:28:53,85,-2.0,9.2,8:12,17:24,A Male,42.10000000000002
01103F641C,2023-02-06,08:00:07,17:26:38,79,-0.7,9.27,8:10,17:26,A Male,-9.883333333333326
01103F641C,2023-02-07,08:16:27,17:34:03,72,0.5,9.33,8:08,17:28,A Male,8.449999999999989
01103F641C,2023-02-08,08:33:22,17:16:20,84,-3.2,9.4,8:06,17:30,A Male,27.366666666666674
01103F641C,2023-02-09,08:31:54,17:31:19,94,-6.1,9.46,8:05,17:32,A Male,26.899999999999977
01103F641C,2023-02-10,08:10:47,17:32:07,74,-1.9,9.53,8:03,17:34,A Male,7.78333333333336
01103F641C,2023-02-11,08:51:54,17:44:21,77,-2.9,9.59,8:01,17:36,A Male,50.89999999999998
01103F641C,2023-02-12,08:28:34,17:47:47,75,-2.6,9.66,7:59,17:38,A Male,29.566666666666663
01103F641C,2023-02-13,08:39:11,17:38:55,67,0.0,9.73,7:57,17:40,A Male,42.18333333333328
01103F641C,2023-02-14,08:21:24,17:17:24,85,-10.0,9.79,7:55,17:42,A Male,26.399999999999977
01103F692D,2023-01-16,11:46:43,16:28:10,27,-5.4,8.09,8:41,16:47,A Male,185.7166666666667
01103F692D,2023-01-17,11:52:56,16:34:38,32,-8.8,8.14,8:40,16:48,A Male,192.93333333333328
01103F692D,2023-01-18,11:47:05,16:43:55,30,-13.4,8.18,8:39,16:50,A Male,188.08333333333337
01103F692D,2023-01-19,12:58:46,16:14:45,31,-10.6,8.23,8:38,16:52,A Male,260.76666666666665
01103F692D,2023-01-20,14:51:37,15:33:35,10,-4.1,8.28,8:37,16:54,A Male,374.6166666666667
01103F692D,2023-01-23,09:46:22,16:13:29,14,-2.8,8.44,8:33,16:59,A Male,73.36666666666667
01103F692D,2023-01-24,16:46:25,16:55:31,11,-0.1,8.49,8:31,17:01,A Male,495.41666666666663
01103F692D,2023-01-25,12:18:59,16:37:02,29,-0.7,8.55,8:30,17:03,A Male,228.98333333333335
01103F692D,2023-01-27,10:25:42,16:24:48,48,-6.7,8.66,8:27,17:07,A Male,118.70000000000005
01103F692D,2023-01-28,10:48:12,14:52:53,29,-16.8,8.72,8:26,17:09,A Male,142.20000000000005
01103F692D,2023-01-29,14:24:46,16:40:31,13,-17.1,8.78,8:24,17:11,A Male,360.76666666666665
01103F692D,2023-01-30,15:02:08,16:02:30,10,-11.7,8.83,8:22,17:13,A Male,400.1333333333333
01103F692D,2023-01-31,08:25:51,16:40:21,26,-10.3,8.89,8:21,17:14,A Male,4.850000000000023
01103F692D,2023-02-01,08:50:30,16:30:37,52,-15.5,8.96,8:19,17:16,A Male,31.5
01103F692D,2023-02-02,09:48:25,16:16:58,22,-16.9,9.02,8:17,17:18,A Male,91.41666666666663
01103F692D,2023-02-03,11:50:12,16:23:07,32,-6.3,9.08,8:16,17:20,A Male,214.20000000000005
01103F692D,2023-02-04,08:17:29,16:26:08,43,-1.8,9.14,8:14,17:22,A Male,3.4833333333333485
01103F692D,2023-02-05,09:15:16,16:31:57,26,-2.0,9.2,8:12,17:24,A Male,63.26666666666665
01103F692D,2023-02-06,13:18:28,15:51:03,15,-0.7,9.27,8:10,17:26,A Male,308.4666666666667
01103F692D,2023-02-08,09:57:23,16:36:16,40,-3.2,9.4,8:06,17:30,A Male,111.38333333333333
01103F692D,2023-02-09,08:10:12,16:03:29,25,-6.1,9.46,8:05,17:32,A Male,5.199999999999989
01103F692D,2023-02-10,13:57:51,16:10:08,15,-1.9,9.53,8:03,17:34,A Male,354.85
01103F692D,2023-02-11,16:01:40,16:36:42,11,-2.9,9.59,8:01,17:36,A Male,480.66666666666663
01103F692D,2023-02-13,10:09:55,17:36:12,24,0.0,9.73,7:57,17:40,A Male,132.91666666666663
01103F6971,2023-01-09,08:22:55,16:17:05,23,-8.4,7.81,8:47,16:35,J Female,-24.083333333333314
01103F6971,2023-01-10,08:18:50,16:30:14,46,-8.2,7.84,8:46,16:37,J Female,-27.166666666666686
01103F6971,2023-01-11,08:24:22,16:16:17,43,-7.2,7.88,8:46,16:38,J Female,-21.633333333333326
01103F6971,2023-01-12,08:25:25,15:59:35,40,-12.6,7.92,8:45,16:40,J Female,-19.583333333333314
01103F6971,2023-01-13,08:19:59,16:23:21,55,-13.1,7.96,8:44,16:42,J Female,-24.01666666666665
01103F6971,2023-01-14,08:18:36,16:22:55,49,-10.7,8.0,8:43,16:43,J Female,-24.399999999999977
01103F6971,2023-01-15,08:22:27,16:22:33,47,-8.8,8.05,8:42,16:45,J Female,-19.55000000000001
01103F6971,2023-01-16,08:20:48,16:25:36,40,-5.4,8.09,8:41,16:47,J Female,-20.19999999999999
01103F6971,2023-01-17,08:27:45,16:25:43,46,-8.8,8.14,8:40,16:48,J Female,-12.25
01103F6971,2023-01-18,08:16:43,16:34:04,39,-13.4,8.18,8:39,16:50,J Female,-22.28333333333336
01103F6971,2023-01-19,08:15:23,16:42:51,38,-10.6,8.23,8:38,16:52,J Female,-22.616666666666674
01103F6971,2023-01-20,08:19:36,16:44:55,19,-4.1,8.28,8:37,16:54,J Female,-17.399999999999977
01103F6971,2023-01-21,13:26:00,16:45:40,14,0.4,8.33,8:35,16:55,J Female,291.0
01103F6971,2023-01-23,08:28:37,15:27:14,13,-2.8,8.44,8:33,16:59,J Female,-4.383333333333326
01103F6971,2023-01-24,08:40:44,16:47:46,12,-0.1,8.49,8:31,17:01,J Female,9.733333333333348
01103F6971,2023-01-27,08:12:15,16:18:26,41,-6.7,8.66,8:27,17:07,J Female,-14.75
01103F6971,2023-01-28,08:02:34,16:20:20,36,-16.8,8.72,8:26,17:09,J Female,-23.433333333333337
01103F6971,2023-01-29,08:15:13,16:24:21,21,-17.1,8.78,8:24,17:11,J Female,-8.78333333333336
01103F6971,2023-01-30,08:03:46,16:34:29,32,-11.7,8.83,8:22,17:13,J Female,-18.23333333333335
01103F6971,2023-01-31,08:11:35,16:32:01,28,-10.3,8.89,8:21,17:14,J Female,-9.416666666666686
01103F6971,2023-02-01,08:00:14,16:16:59,52,-15.5,8.96,8:19,17:16,J Female,-18.76666666666665
01103F6971,2023-02-02,08:00:22,16:05:01,34,-16.9,9.02,8:17,17:18,J Female,-16.633333333333326
01103F6971,2023-02-03,07:59:14,16:36:22,20,-6.3,9.08,8:16,17:20,J Female,-16.76666666666665
01103F6971,2023-02-04,08:01:33,17:10:29,18,-1.8,9.14,8:14,17:22,J Female,-12.449999999999989
01103F6971,2023-02-05,08:00:46,17:06:42,19,-2.0,9.2,8:12,17:24,J Female,-11.233333333333348
01103F6971,2023-02-06,08:07:00,17:03:55,16,-0.7,9.27,8:10,17:26,J Female,-3.0
01103F6971,2023-02-07,07:56:51,17:02:31,15,0.5,9.33,8:08,17:28,J Female,-11.149999999999977
01103F6971,2023-02-08,07:47:01,17:02:36,31,-3.2,9.4,8:06,17:30,J Female,-18.98333333333335
01103F6971,2023-02-09,07:44:39,17:06:16,28,-6.1,9.46,8:05,17:32,J Female,-20.350000000000023
01103F6971,2023-02-11,08:10:50,17:13:28,11,-2.9,9.59,8:01,17:36,J Female,9.833333333333314
01103F6971,2023-02-12,07:49:27,16:33:06,25,-2.6,9.66,7:59,17:38,J Female,-9.550000000000011
01103F75F6,2023-01-09,08:32:26,16:35:54,69,-8.4,7.81,8:47,16:35,A Female,-14.56666666666672
01103F75F6,2023-01-10,08:36:10,16:37:54,66,-8.2,7.84,8:46,16:37,A Female,-9.833333333333371
01103F75F6,2023-01-11,08:29:19,16:15:58,66,-7.2,7.88,8:46,16:38,A Female,-16.683333333333337
01103F75F6,2023-01-12,08:29:15,16:27:06,71,-12.6,7.92,8:45,16:40,A Female,-15.75
01103F75F6,2023-01-13,08:29:11,16:17:00,91,-13.1,7.96,8:44,16:42,A Female,-14.816666666666663
01103F75F6,2023-01-14,08:27:41,16:04:16,65,-10.7,8.0,8:43,16:43,A Female,-15.316666666666663
01103F75F6,2023-01-15,08:22:47,16:07:35,82,-8.8,8.05,8:42,16:45,A Female,-19.21666666666664
01103F75F6,2023-01-16,08:25:07,15:54:09,53,-5.4,8.09,8:41,16:47,A Female,-15.883333333333326
01103F75F6,2023-01-17,08:22:30,16:13:12,66,-8.8,8.14,8:40,16:48,A Female,-17.5
01103F75F6,2023-01-18,08:18:16,16:25:27,87,-13.4,8.18,8:39,16:50,A Female,-20.73333333333335
01103F75F6,2023-01-19,08:24:12,16:31:31,73,-10.6,8.23,8:38,16:52,A Female,-13.800000000000011
01103F75F6,2023-01-20,08:20:06,16:28:56,42,-4.1,8.28,8:37,16:54,A Female,-16.899999999999977
01103F75F6,2023-01-21,08:16:35,16:47:44,43,0.4,8.33,8:35,16:55,A Female,-18.416666666666686
01103F75F6,2023-01-22,08:21:08,16:46:17,23,0.5,8.38,8:34,16:57,A Female,-12.866666666666674
01103F75F6,2023-01-23,08:18:10,15:50:02,23,-2.8,8.44,8:33,16:59,A Female,-14.833333333333314
01103F75F6,2023-01-24,08:19:37,16:48:12,24,-0.1,8.49,8:31,17:01,A Female,-11.383333333333326
01103F75F6,2023-01-25,08:17:03,16:35:49,19,-0.7,8.55,8:30,17:03,A Female,-12.949999999999989
01103F75F6,2023-01-26,08:12:48,16:55:52,15,4.7,8.6,8:29,17:05,A Female,-16.19999999999999
01103F75F6,2023-01-27,08:18:20,16:41:01,47,-6.7,8.66,8:27,17:07,A Female,-8.666666666666686
01103F75F6,2023-01-28,08:14:50,16:37:31,57,-16.8,8.72,8:26,17:09,A Female,-11.166666666666686
01103F75F6,2023-01-29,08:15:07,16:44:57,66,-17.1,8.78,8:24,17:11,A Female,-8.883333333333326
01103F75F6,2023-01-30,08:11:23,16:51:03,22,-11.7,8.83,8:22,17:13,A Female,-10.616666666666674
01103F75F6,2023-01-31,08:17:39,16:33:42,72,-10.3,8.89,8:21,17:14,A Female,-3.3500000000000227
01103F75F6,2023-02-01,08:01:14,16:23:07,125,-15.5,8.96,8:19,17:16,A Female,-17.76666666666665
01103F75F6,2023-02-02,08:10:20,16:10:34,72,-16.9,9.02,8:17,17:18,A Female,-6.666666666666686
01103F75F6,2023-02-03,08:03:02,16:55:53,60,-6.3,9.08,8:16,17:20,A Female,-12.96666666666664
01103F75F6,2023-02-04,08:04:53,16:46:47,25,-1.8,9.14,8:14,17:22,A Female,-9.116666666666674
01103F75F6,2023-02-05,08:06:52,17:02:58,36,-2.0,9.2,8:12,17:24,A Female,-5.133333333333326
01103F75F6,2023-02-06,08:01:31,16:47:24,22,-0.7,9.27,8:10,17:26,A Female,-8.483333333333348
01103F75F6,2023-02-07,07:59:26,16:40:08,19,0.5,9.33,8:08,17:28,A Female,-8.566666666666663
01103F75F6,2023-02-08,08:02:09,16:59:36,51,-3.2,9.4,8:06,17:30,A Female,-3.8500000000000227
01103F75F6,2023-02-09,07:54:23,17:08:19,24,-6.1,9.46,8:05,17:32,A Female,-10.616666666666674
01103F75F6,2023-02-11,07:49:36,17:07:22,28,-2.9,9.59,8:01,17:36,A Female,-11.399999999999977
01103F75F6,2023-02-13,07:49:58,17:10:02,23,0.0,9.73,7:57,17:40,A Female,-7.03333333333336
01103F75F6,2023-02-14,08:17:43,16:38:59,21,-10.0,9.79,7:55,17:42,A Female,22.71666666666664
01103F7EFA,2023-01-09,08:27:04,16:57:22,46,-8.4,7.81,8:47,16:35,J Female,-19.933333333333337
01103F7EFA,2023-01-10,08:44:06,16:59:28,43,-8.2,7.84,8:46,16:37,J Female,-1.8999999999999773
01103F7EFA,2023-01-11,08:39:40,16:56:42,31,-7.2,7.88,8:46,16:38,J Female,-6.333333333333371
01103F7EFA,2023-01-12,08:48:48,16:45:29,50,-12.6,7.92,8:45,16:40,J Female,3.7999999999999545
01103F7EFA,2023-01-13,08:42:17,16:56:30,37,-13.1,7.96,8:44,16:42,J Female,-1.716666666666697
01103F7EFA,2023-01-14,08:33:16,17:00:43,43,-10.7,8.0,8:43,16:43,J Female,-9.733333333333348
01103F7EFA,2023-01-15,08:46:38,16:54:35,38,-8.8,8.05,8:42,16:45,J Female,4.633333333333326
01103F7EFA,2023-01-16,08:57:02,16:56:32,50,-5.4,8.09,8:41,16:47,J Female,16.033333333333303
01103F7EFA,2023-01-17,08:35:24,16:52:36,55,-8.8,8.14,8:40,16:48,J Female,-4.600000000000023
01103F7EFA,2023-01-18,08:33:01,16:53:00,49,-13.4,8.18,8:39,16:50,J Female,-5.9833333333333485
01103F7EFA,2023-01-19,08:28:11,17:04:34,60,-10.6,8.23,8:38,16:52,J Female,-9.816666666666663
01103F7EFA,2023-01-20,09:04:48,17:09:02,47,-4.1,8.28,8:37,16:54,J Female,27.799999999999955
01103F7EFA,2023-01-21,08:42:54,17:13:52,49,0.4,8.33,8:35,16:55,J Female,7.899999999999977
01103F7EFA,2023-01-22,08:39:20,17:11:02,44,0.5,8.38,8:34,16:57,J Female,5.333333333333371
01103F7EFA,2023-01-23,08:45:24,17:13:10,39,-2.8,8.44,8:33,16:59,J Female,12.399999999999977
01103F7EFA,2023-01-24,08:36:57,17:14:14,52,-0.1,8.49,8:31,17:01,J Female,5.9500000000000455
01103F7EFA,2023-01-25,08:42:43,17:09:57,46,-0.7,8.55,8:30,17:03,J Female,12.716666666666697
01103F7EFA,2023-01-26,08:24:32,15:41:38,22,4.7,8.6,8:29,17:05,J Female,-4.46666666666664
01103F7EFA,2023-01-27,08:42:56,16:48:30,65,-6.7,8.66,8:27,17:07,J Female,15.93333333333328
01103F7EFA,2023-01-28,08:32:02,16:50:56,36,-16.8,8.72,8:26,17:09,J Female,6.033333333333303
01103F7EFA,2023-01-29,08:32:33,17:00:27,44,-17.1,8.78,8:24,17:11,J Female,8.549999999999955
01103F7EFA,2023-01-30,08:24:40,17:14:22,48,-11.7,8.83,8:22,17:13,J Female,2.6666666666666856
01103F7EFA,2023-01-31,08:28:23,17:13:23,45,-10.3,8.89,8:21,17:14,J Female,7.383333333333326
01103F7EFA,2023-02-01,08:27:46,17:03:31,70,-15.5,8.96,8:19,17:16,J Female,8.766666666666652
01103F7EFA,2023-02-02,08:37:03,16:59:05,62,-16.9,9.02,8:17,17:18,J Female,20.049999999999955
01103F7EFA,2023-02-03,08:21:21,17:18:25,49,-6.3,9.08,8:16,17:20,J Female,5.350000000000023
01103F7EFA,2023-02-04,08:22:04,17:33:14,46,-1.8,9.14,8:14,17:22,J Female,8.066666666666663
01103F7EFA,2023-02-05,08:40:31,17:22:04,71,-2.0,9.2,8:12,17:24,J Female,28.51666666666665
01103F7EFA,2023-02-06,09:22:06,16:56:55,51,-0.7,9.27,8:10,17:26,J Female,72.10000000000002
01103F7EFA,2023-02-07,09:10:53,17:27:26,47,0.5,9.33,8:08,17:28,J Female,62.883333333333326
01103F7EFA,2023-02-08,07:59:04,17:38:58,59,-3.2,9.4,8:06,17:30,J Female,-6.933333333333337
01103F7EFA,2023-02-09,08:01:14,17:32:25,66,-6.1,9.46,8:05,17:32,J Female,-3.7666666666666515
01103F7EFA,2023-02-10,08:20:03,17:31:42,64,-1.9,9.53,8:03,17:34,J Female,17.05000000000001
01103F7EFA,2023-02-11,08:58:04,17:39:31,24,-2.9,9.59,8:01,17:36,J Female,57.06666666666672
01103F7EFA,2023-02-12,09:14:10,17:47:36,27,-2.6,9.66,7:59,17:38,J Female,75.16666666666663
01103F7EFA,2023-02-13,07:52:22,17:50:08,48,0.0,9.73,7:57,17:40,J Female,-4.633333333333326
01103F7EFA,2023-02-14,08:10:14,17:38:22,42,-10.0,9.79,7:55,17:42,J Female,15.233333333333348
01103F84FD,2023-01-09,08:43:15,16:16:45,40,-8.4,7.81,8:47,16:35,A Female,-3.75
01103F84FD,2023-01-10,09:18:19,15:44:41,48,-8.2,7.84,8:46,16:37,A Female,32.31666666666672
01103F84FD,2023-01-11,08:46:54,16:07:40,60,-7.2,7.88,8:46,16:38,A Female,0.8999999999999773
01103F84FD,2023-01-12,08:45:51,16:22:21,54,-12.6,7.92,8:45,16:40,A Female,0.8500000000000227
01103F84FD,2023-01-13,08:57:08,16:20:07,53,-13.1,7.96,8:44,16:42,A Female,13.133333333333326
01103F84FD,2023-01-14,09:14:12,15:57:56,39,-10.7,8.0,8:43,16:43,A Female,31.200000000000045
01103F84FD,2023-01-15,08:37:06,16:14:25,58,-8.8,8.05,8:42,16:45,A Female,-4.899999999999977
01103F84FD,2023-01-16,08:40:26,15:43:11,51,-5.4,8.09,8:41,16:47,A Female,-0.5666666666667197
01103F84FD,2023-01-17,08:53:35,16:05:33,73,-8.8,8.14,8:40,16:48,A Female,13.583333333333371
01103F84FD,2023-01-18,08:36:40,16:29:40,80,-13.4,8.18,8:39,16:50,A Female,-2.3333333333333712
01103F84FD,2023-01-19,09:04:23,16:33:53,65,-10.6,8.23,8:38,16:52,A Female,26.383333333333326
01103F84FD,2023-01-20,09:02:35,16:33:42,42,-4.1,8.28,8:37,16:54,A Female,25.58333333333337
01103F84FD,2023-01-21,09:11:32,16:32:37,50,0.4,8.33,8:35,16:55,A Female,36.5333333333333
01103F84FD,2023-01-22,09:05:58,16:39:30,54,0.5,8.38,8:34,16:57,A Female,31.966666666666697
01103F84FD,2023-01-23,08:40:13,16:09:12,40,-2.8,8.44,8:33,16:59,A Female,7.216666666666697
01103F84FD,2023-01-24,08:41:02,16:37:45,50,-0.1,8.49,8:31,17:01,A Female,10.033333333333303
01103F84FD,2023-01-25,09:17:16,16:20:37,48,-0.7,8.55,8:30,17:03,A Female,47.26666666666665
01103F84FD,2023-01-26,08:30:47,16:53:33,33,4.7,8.6,8:29,17:05,A Female,1.7833333333333599
01103F84FD,2023-01-27,08:39:44,16:24:32,49,-6.7,8.66,8:27,17:07,A Female,12.733333333333348
01103F84FD,2023-01-28,09:06:22,16:25:12,58,-16.8,8.72,8:26,17:09,A Female,40.366666666666674
01103F84FD,2023-01-29,09:16:24,16:33:45,54,-17.1,8.78,8:24,17:11,A Female,52.39999999999998
01103F84FD,2023-01-30,09:22:51,16:10:57,40,-11.7,8.83,8:22,17:13,A Female,60.85000000000002
01103F84FD,2023-01-31,08:32:57,16:43:32,53,-10.3,8.89,8:21,17:14,A Female,11.950000000000045
01103F84FD,2023-02-01,08:37:31,16:06:29,32,-15.5,8.96,8:19,17:16,A Female,18.51666666666665
01103F84FD,2023-02-02,09:12:26,16:00:23,26,-16.9,9.02,8:17,17:18,A Female,55.43333333333328
01103F84FD,2023-02-03,08:35:23,16:50:40,47,-6.3,9.08,8:16,17:20,A Female,19.383333333333326
01103F84FD,2023-02-04,10:36:33,17:07:23,40,-1.8,9.14,8:14,17:22,A Female,142.54999999999995
01103F84FD,2023-02-05,09:05:14,16:56:25,23,-2.0,9.2,8:12,17:24,A Female,53.23333333333335
01103F84FD,2023-02-06,10:09:49,16:52:00,30,-0.7,9.27,8:10,17:26,A Female,119.81666666666672
01103F84FD,2023-02-07,08:41:45,17:13:28,51,0.5,9.33,8:08,17:28,A Female,33.75
01103F84FD,2023-02-08,08:38:18,16:53:37,54,-3.2,9.4,8:06,17:30,A Female,32.299999999999955
01103F84FD,2023-02-09,08:49:28,17:18:24,43,-6.1,9.46,8:05,17:32,A Female,44.4666666666667
01103F84FD,2023-02-10,09:39:04,17:05:11,44,-1.9,9.53,8:03,17:34,A Female,96.06666666666672
01103F84FD,2023-02-11,12:10:27,17:29:28,47,-2.9,9.59,8:01,17:36,A Female,249.45000000000005
01103F84FD,2023-02-12,10:27:25,17:36:33,35,-2.6,9.66,7:59,17:38,A Female,148.41666666666663
01103F84FD,2023-02-13,09:08:59,16:41:48,55,0.0,9.73,7:57,17:40,A Female,71.98333333333335
01103F84FD,2023-02-14,10:04:46,17:22:48,36,-10.0,9.79,7:55,17:42,A Female,129.76666666666665
01103F8695,2023-01-09,09:31:56,16:36:00,94,-8.4,7.81,8:47,16:35,A Male,44.93333333333328
01103F8695,2023-01-10,08:41:23,16:35:35,141,-8.2,7.84,8:46,16:37,A Male,-4.616666666666674
01103F8695,2023-01-11,09:35:28,16:31:44,73,-7.2,7.88,8:46,16:38,A Male,49.4666666666667
01103F8695,2023-01-12,09:50:07,16:31:48,87,-12.6,7.92,8:45,16:40,A Male,65.11666666666667
01103F8695,2023-01-13,09:11:23,16:31:22,79,-13.1,7.96,8:44,16:42,A Male,27.383333333333326
01103F8695,2023-01-14,08:45:36,16:30:10,64,-10.7,8.0,8:43,16:43,A Male,2.6000000000000227
01103F8695,2023-01-15,09:36:42,16:31:36,86,-8.8,8.05,8:42,16:45,A Male,54.700000000000045
01103F8695,2023-01-16,09:03:53,16:26:45,104,-5.4,8.09,8:41,16:47,A Male,22.883333333333326
01103F8695,2023-01-17,09:05:34,16:42:02,95,-8.8,8.14,8:40,16:48,A Male,25.56666666666672
01103F8695,2023-01-18,09:18:38,16:46:32,112,-13.4,8.18,8:39,16:50,A Male,39.633333333333326
01103F8695,2023-01-19,08:58:34,16:49:55,114,-10.6,8.23,8:38,16:52,A Male,20.56666666666672
01103F8695,2023-01-20,08:49:52,16:57:35,126,-4.1,8.28,8:37,16:54,A Male,12.866666666666674
01103F8695,2023-01-21,09:15:38,16:44:10,101,0.4,8.33,8:35,16:55,A Male,40.633333333333326
01103F8695,2023-01-22,08:22:58,16:53:07,62,0.5,8.38,8:34,16:57,A Male,-11.03333333333336
01103F8695,2023-01-23,08:53:42,16:58:58,117,-2.8,8.44,8:33,16:59,A Male,20.700000000000045
01103F8695,2023-01-24,09:16:05,16:54:11,80,-0.1,8.49,8:31,17:01,A Male,45.08333333333337
01103F8695,2023-01-25,09:03:21,16:48:12,70,-0.7,8.55,8:30,17:03,A Male,33.35000000000002
01103F8695,2023-01-26,08:17:12,16:54:28,48,4.7,8.6,8:29,17:05,A Male,-11.800000000000011
01103F8695,2023-01-27,08:44:29,16:36:22,84,-6.7,8.66,8:27,17:07,A Male,17.48333333333335
01103F8695,2023-01-28,08:29:03,16:35:23,80,-16.8,8.72,8:26,17:09,A Male,3.0500000000000114
01103F8695,2023-01-29,08:52:57,16:45:45,105,-17.1,8.78,8:24,17:11,A Male,28.950000000000045
01103F8695,2023-01-30,08:46:26,16:42:17,101,-11.7,8.83,8:22,17:13,A Male,24.43333333333328
01103F8695,2023-01-31,08:18:44,16:54:43,100,-10.3,8.89,8:21,17:14,A Male,-2.2666666666666515
01103F8695,2023-02-01,08:21:27,16:33:18,87,-15.5,8.96,8:19,17:16,A Male,2.4499999999999886
01103F8695,2023-02-02,08:14:11,16:41:44,102,-16.9,9.02,8:17,17:18,A Male,-2.816666666666663
01103F8695,2023-02-03,08:16:07,16:53:43,106,-6.3,9.08,8:16,17:20,A Male,0.11666666666667425
01103F8695,2023-02-04,08:13:27,17:05:12,97,-1.8,9.14,8:14,17:22,A Male,-0.5500000000000114
01103F8695,2023-02-05,08:08:17,17:16:19,90,-2.0,9.2,8:12,17:24,A Male,-3.71666666666664
01103F8695,2023-02-06,08:07:57,17:06:14,81,-0.7,9.27,8:10,17:26,A Male,-2.0500000000000114
01103F8695,2023-02-07,08:16:20,17:18:29,89,0.5,9.33,8:08,17:28,A Male,8.333333333333314
01103F8695,2023-02-08,08:04:24,17:22:01,169,-3.2,9.4,8:06,17:30,A Male,-1.6000000000000227
01103F8695,2023-02-09,08:23:43,17:19:01,126,-6.1,9.46,8:05,17:32,A Male,18.71666666666664
01103F8695,2023-02-10,08:07:52,17:17:39,100,-1.9,9.53,8:03,17:34,A Male,4.866666666666674
01103F8695,2023-02-11,08:05:05,17:25:15,69,-2.9,9.59,8:01,17:36,A Male,4.083333333333314
01103F8695,2023-02-12,08:43:53,17:31:41,130,-2.6,9.66,7:59,17:38,A Male,44.883333333333326
01103F8695,2023-02-13,08:35:24,17:31:55,99,0.0,9.73,7:57,17:40,A Male,38.39999999999998
01103F8695,2023-02-14,08:33:51,17:20:16,126,-10.0,9.79,7:55,17:42,A Male,38.85000000000002
01103F8AD2,2023-01-09,08:32:16,16:32:03,129,-8.4,7.81,8:47,16:35,A Female,-14.733333333333348
01103F8AD2,2023-01-10,08:33:12,16:39:56,107,-8.2,7.84,8:46,16:37,A Female,-12.799999999999955
01103F8AD2,2023-01-11,08:37:09,16:30:52,131,-7.2,7.88,8:46,16:38,A Female,-8.850000000000023
01103F8AD2,2023-01-12,08:28:48,16:26:44,126,-12.6,7.92,8:45,16:40,A Female,-16.19999999999999
01103F8AD2,2023-01-13,08:27:07,16:24:49,161,-13.1,7.96,8:44,16:42,A Female,-16.883333333333326
01103F8AD2,2023-01-14,08:30:42,16:35:16,158,-10.7,8.0,8:43,16:43,A Female,-12.300000000000011
01103F8AD2,2023-01-15,08:28:47,16:36:48,172,-8.8,8.05,8:42,16:45,A Female,-13.21666666666664
01103F8AD2,2023-01-16,08:35:22,16:31:50,125,-5.4,8.09,8:41,16:47,A Female,-5.633333333333326
01103F8AD2,2023-01-17,08:29:46,16:38:14,170,-8.8,8.14,8:40,16:48,A Female,-10.233333333333348
01103F8AD2,2023-01-18,08:24:35,16:38:53,154,-13.4,8.18,8:39,16:50,A Female,-14.416666666666686
01103F8AD2,2023-01-19,08:21:28,16:45:43,195,-10.6,8.23,8:38,16:52,A Female,-16.53333333333336
01103F8AD2,2023-01-20,08:21:16,16:45:04,163,-4.1,8.28,8:37,16:54,A Female,-15.733333333333348
01103F8AD2,2023-01-21,08:22:17,16:52:15,134,0.4,8.33,8:35,16:55,A Female,-12.71666666666664
01103F8AD2,2023-01-22,08:19:39,16:50:38,138,0.5,8.38,8:34,16:57,A Female,-14.350000000000023
01103F8AD2,2023-01-23,08:23:57,17:03:01,124,-2.8,8.44,8:33,16:59,A Female,-9.050000000000011
01103F8AD2,2023-01-24,08:51:00,17:01:00,140,-0.1,8.49,8:31,17:01,A Female,20.0
01103F8AD2,2023-01-25,08:34:49,16:58:32,173,-0.7,8.55,8:30,17:03,A Female,4.81666666666672
01103F8AD2,2023-01-26,08:18:05,16:47:38,62,4.7,8.6,8:29,17:05,A Female,-10.916666666666686
01103F8AD2,2023-01-27,08:20:50,16:26:42,86,-6.7,8.66,8:27,17:07,A Female,-6.166666666666686
01103F8AD2,2023-01-28,08:13:59,16:32:42,95,-16.8,8.72,8:26,17:09,A Female,-12.016666666666652
01103F8AD2,2023-01-29,08:13:01,16:47:52,105,-17.1,8.78,8:24,17:11,A Female,-10.983333333333348
01103F8AD2,2023-01-30,08:14:36,16:40:52,104,-11.7,8.83,8:22,17:13,A Female,-7.399999999999977
01103F8AD2,2023-01-31,08:10:25,16:40:08,141,-10.3,8.89,8:21,17:14,A Female,-10.583333333333314
01103F8AD2,2023-02-01,08:07:47,16:29:00,102,-15.5,8.96,8:19,17:16,A Female,-11.21666666666664
01103F8AD2,2023-02-02,08:13:45,16:36:33,101,-16.9,9.02,8:17,17:18,A Female,-3.25
01103F8AD2,2023-02-03,08:08:36,16:57:29,117,-6.3,9.08,8:16,17:20,A Female,-7.399999999999977
01103F8AD2,2023-02-04,08:08:28,17:10:28,152,-1.8,9.14,8:14,17:22,A Female,-5.53333333333336
01103F8AD2,2023-02-05,08:16:56,17:13:02,132,-2.0,9.2,8:12,17:24,A Female,4.933333333333337
01103F8AD2,2023-02-06,08:15:26,17:19:22,155,-0.7,9.27,8:10,17:26,A Female,5.433333333333337
01103F8AD2,2023-02-07,08:03:38,17:20:46,157,0.5,9.33,8:08,17:28,A Female,-4.366666666666674
01103F8AD2,2023-02-08,08:05:37,17:17:45,196,-3.2,9.4,8:06,17:30,A Female,-0.38333333333332575
01103F8AD2,2023-02-09,07:56:29,17:20:00,130,-6.1,9.46,8:05,17:32,A Female,-8.516666666666652
01103F8AD2,2023-02-10,08:02:40,17:33:38,177,-1.9,9.53,8:03,17:34,A Female,-0.3333333333333144
01103F8AD2,2023-02-11,08:08:46,17:36:22,168,-2.9,9.59,8:01,17:36,A Female,7.7666666666666515
01103F8AD2,2023-02-12,08:01:10,17:36:59,229,-2.6,9.66,7:59,17:38,A Female,2.1666666666666856
01103F8AD2,2023-02-13,07:54:01,17:28:36,171,0.0,9.73,7:57,17:40,A Female,-2.9833333333333485
01103F8AD2,2023-02-14,07:45:08,17:18:58,108,-10.0,9.79,7:55,17:42,A Female,-9.866666666666674
01103F8CA1,2023-01-09,08:48:13,16:36:32,167,-8.4,7.81,8:47,16:35,J Female,1.216666666666697
01103F8CA1,2023-01-10,08:33:13,16:46:07,180,-8.2,7.84,8:46,16:37,J Female,-12.783333333333303
01103F8CA1,2023-01-11,08:37:11,16:46:48,101,-7.2,7.88,8:46,16:38,J Female,-8.81666666666672
01103F8CA1,2023-01-12,08:31:53,16:30:12,173,-12.6,7.92,8:45,16:40,J Female,-13.116666666666674
01103F8CA1,2023-01-13,08:32:02,16:42:55,101,-13.1,7.96,8:44,16:42,J Female,-11.966666666666697
01103F8CA1,2023-01-14,08:31:10,16:47:10,118,-10.7,8.0,8:43,16:43,J Female,-11.833333333333314
01103F8CA1,2023-01-15,08:27:13,16:50:09,108,-8.8,8.05,8:42,16:45,J Female,-14.78333333333336
01103F8CA1,2023-01-16,08:30:46,16:48:37,116,-5.4,8.09,8:41,16:47,J Female,-10.233333333333348
01103F8CA1,2023-01-17,08:27:34,16:42:07,134,-8.8,8.14,8:40,16:48,J Female,-12.433333333333337
01103F8CA1,2023-01-18,08:27:23,16:46:22,104,-13.4,8.18,8:39,16:50,J Female,-11.616666666666674
01103F8CA1,2023-01-19,08:21:57,16:55:08,122,-10.6,8.23,8:38,16:52,J Female,-16.05000000000001
01103F8CA1,2023-01-20,08:22:24,17:00:18,82,-4.1,8.28,8:37,16:54,J Female,-14.600000000000023
01103F8CA1,2023-01-21,08:17:59,17:04:59,91,0.4,8.33,8:35,16:55,J Female,-17.01666666666665
01103F8CA1,2023-01-22,09:46:18,16:54:02,37,0.5,8.38,8:34,16:57,J Female,72.29999999999995
01103F8CA1,2023-01-23,08:21:04,17:01:27,91,-2.8,8.44,8:33,16:59,J Female,-11.933333333333337
01103F8CA1,2023-01-24,08:24:58,17:09:50,76,-0.1,8.49,8:31,17:01,J Female,-6.03333333333336
01103F8CA1,2023-01-25,08:17:02,16:58:14,89,-0.7,8.55,8:30,17:03,J Female,-12.96666666666664
01103F8CA1,2023-01-26,08:42:25,16:59:14,60,4.7,8.6,8:29,17:05,J Female,13.416666666666629
01103F8CA1,2023-01-27,08:16:58,16:21:31,92,-6.7,8.66,8:27,17:07,J Female,-10.03333333333336
01103F8CA1,2023-01-28,08:47:43,16:53:19,52,-16.8,8.72,8:26,17:09,J Female,21.716666666666697
01103F8CA1,2023-01-29,08:19:02,16:55:54,62,-17.1,8.78,8:24,17:11,J Female,-4.96666666666664
01103F8CA1,2023-01-30,08:17:47,16:57:21,58,-11.7,8.83,8:22,17:13,J Female,-4.21666666666664
01103F8CA1,2023-01-31,08:18:17,16:46:41,54,-10.3,8.89,8:21,17:14,J Female,-2.71666666666664
01103F8CA1,2023-02-01,08:25:48,16:26:44,58,-15.5,8.96,8:19,17:16,J Female,6.800000000000011
01103F8CA1,2023-02-02,08:42:10,16:46:57,70,-16.9,9.02,8:17,17:18,J Female,25.16666666666663
01103F8CA1,2023-02-03,09:28:44,16:58:55,62,-6.3,9.08,8:16,17:20,J Female,72.73333333333335
01103F8CA1,2023-02-04,09:22:24,17:29:50,84,-1.8,9.14,8:14,17:22,J Female,68.39999999999998
01103F8CA1,2023-02-05,08:15:32,17:22:41,64,-2.0,9.2,8:12,17:24,J Female,3.53333333333336
01103F8CA1,2023-02-06,08:07:59,17:22:41,71,-0.7,9.27,8:10,17:26,J Female,-2.0166666666666515
01103F8CA1,2023-02-07,08:17:12,17:31:16,94,0.5,9.33,8:08,17:28,J Female,9.199999999999989
01103F8CA1,2023-02-08,08:06:58,17:15:38,99,-3.2,9.4,8:06,17:30,J Female,0.9666666666666401
01103F8CA1,2023-02-09,08:03:52,17:08:01,64,-6.1,9.46,8:05,17:32,J Female,-1.1333333333333258
01103F8CA1,2023-02-10,08:00:18,17:38:27,75,-1.9,9.53,8:03,17:34,J Female,-2.6999999999999886
01103F8CA1,2023-02-11,08:34:26,17:45:14,70,-2.9,9.59,8:01,17:36,J Female,33.43333333333328
01103F8CA1,2023-02-12,07:53:36,17:32:17,62,-2.6,9.66,7:59,17:38,J Female,-5.399999999999977
01103F8CA1,2023-02-13,07:58:58,17:30:41,78,0.0,9.73,7:57,17:40,J Female,1.9666666666666401
01103F8CA1,2023-02-14,07:48:18,17:12:37,54,-10.0,9.79,7:55,17:42,J Female,-6.699999999999989
01103F8DDA,2023-01-09,08:31:19,16:30:51,50,-8.4,7.81,8:47,16:35,J Male,-15.683333333333337
01103F8DDA,2023-01-10,08:34:05,16:33:11,49,-8.2,7.84,8:46,16:37,J Male,-11.916666666666629
01103F8DDA,2023-01-11,08:30:47,16:32:39,47,-7.2,7.88,8:46,16:38,J Male,-15.21666666666664
01103F8DDA,2023-01-12,08:34:36,16:32:36,61,-12.6,7.92,8:45,16:40,J Male,-10.399999999999977
01103F8DDA,2023-01-13,08:41:06,16:33:34,71,-13.1,7.96,8:44,16:42,J Male,-2.8999999999999773
01103F8DDA,2023-01-14,08:58:38,16:42:14,56,-10.7,8.0,8:43,16:43,J Male,15.633333333333326
01103F8DDA,2023-01-15,08:57:23,16:27:44,66,-8.8,8.05,8:42,16:45,J Male,15.383333333333326
01103F8DDA,2023-01-16,08:41:38,16:25:04,53,-5.4,8.09,8:41,16:47,J Male,0.6333333333333258
01103F8DDA,2023-01-17,08:28:13,16:24:30,51,-8.8,8.14,8:40,16:48,J Male,-11.78333333333336
01103F8DDA,2023-01-18,08:22:29,16:34:41,69,-13.4,8.18,8:39,16:50,J Male,-16.51666666666665
01103F8DDA,2023-01-19,08:22:07,16:34:08,71,-10.6,8.23,8:38,16:52,J Male,-15.883333333333326
01103F8DDA,2023-01-20,08:21:21,16:47:34,63,-4.1,8.28,8:37,16:54,J Male,-15.649999999999977
01103F8DDA,2023-01-21,09:03:52,16:45:19,36,0.4,8.33,8:35,16:55,J Male,28.866666666666674
01103F8DDA,2023-01-22,08:16:27,16:50:39,18,0.5,8.38,8:34,16:57,J Male,-17.55000000000001
01103F8DDA,2023-01-23,08:23:46,16:22:34,22,-2.8,8.44,8:33,16:59,J Male,-9.233333333333348
01103F8DDA,2023-01-24,09:11:24,16:49:58,14,-0.1,8.49,8:31,17:01,J Male,40.39999999999998
01103F8DDA,2023-01-25,08:51:54,16:57:58,43,-0.7,8.55,8:30,17:03,J Male,21.899999999999977
01103F8DDA,2023-01-26,08:38:36,17:00:54,11,4.7,8.6,8:29,17:05,J Male,9.600000000000023
01103F8DDA,2023-01-27,08:50:53,16:45:02,47,-6.7,8.66,8:27,17:07,J Male,23.883333333333326
01103F8DDA,2023-01-28,08:07:06,16:49:13,65,-16.8,8.72,8:26,17:09,J Male,-18.899999999999977
01103F8DDA,2023-01-29,08:16:00,16:48:25,48,-17.1,8.78,8:24,17:11,J Male,-8.0
01103F8DDA,2023-01-30,08:15:32,16:53:26,60,-11.7,8.83,8:22,17:13,J Male,-6.46666666666664
01103F8DDA,2023-01-31,08:32:00,16:52:22,84,-10.3,8.89,8:21,17:14,J Male,11.0
01103F8DDA,2023-02-01,08:03:16,16:32:52,75,-15.5,8.96,8:19,17:16,J Male,-15.733333333333348
01103F8DDA,2023-02-02,08:13:41,16:35:22,82,-16.9,9.02,8:17,17:18,J Male,-3.316666666666663
01103F8DDA,2023-02-03,08:06:11,16:41:16,43,-6.3,9.08,8:16,17:20,J Male,-9.816666666666663
01103F8DDA,2023-02-04,08:18:34,17:15:13,41,-1.8,9.14,8:14,17:22,J Male,4.566666666666663
01103F8DDA,2023-02-05,08:06:45,17:01:11,47,-2.0,9.2,8:12,17:24,J Male,-5.25
01103F8DDA,2023-02-06,08:01:27,17:07:44,22,-0.7,9.27,8:10,17:26,J Male,-8.550000000000011
01103F8DDA,2023-02-07,11:49:40,16:35:03,12,0.5,9.33,8:08,17:28,J Male,221.66666666666663
01103F8DDA,2023-02-08,08:13:14,17:03:51,45,-3.2,9.4,8:06,17:30,J Male,7.2333333333333485
01103F8DDA,2023-02-09,09:42:39,17:13:10,46,-6.1,9.46,8:05,17:32,J Male,97.64999999999998
01103F8DDA,2023-02-10,08:37:03,17:26:50,16,-1.9,9.53,8:03,17:34,J Male,34.049999999999955
01103F8DDA,2023-02-11,08:48:01,16:51:56,11,-2.9,9.59,8:01,17:36,J Male,47.01666666666665
01103F8DDA,2023-02-13,07:52:34,16:55:43,16,0.0,9.73,7:57,17:40,J Male,-4.433333333333337
01103F8DDA,2023-02-14,07:40:06,17:31:43,16,-10.0,9.79,7:55,17:42,J Male,-14.899999999999977
01103F8E93,2023-01-09,09:09:37,16:17:21,37,-8.4,7.81,8:47,16:35,A Female,22.616666666666674
01103F8E93,2023-01-10,08:31:21,16:12:10,41,-8.2,7.84,8:46,16:37,A Female,-14.649999999999977
01103F8E93,2023-01-11,10:24:55,15:24:36,32,-7.2,7.88,8:46,16:38,A Female,98.91666666666663
01103F8E93,2023-01-12,08:28:44,16:05:32,62,-12.6,7.92,8:45,16:40,A Female,-16.26666666666665
01103F8E93,2023-01-13,08:33:56,16:12:53,55,-13.1,7.96,8:44,16:42,A Female,-10.06666666666672
01103F8E93,2023-01-14,08:32:07,15:58:28,43,-10.7,8.0,8:43,16:43,A Female,-10.883333333333326
01103F8E93,2023-01-15,08:39:37,16:19:15,40,-8.8,8.05,8:42,16:45,A Female,-2.3833333333333258
01103F8E93,2023-01-16,08:30:07,16:17:05,29,-5.4,8.09,8:41,16:47,A Female,-10.883333333333326
01103F8E93,2023-01-17,09:13:04,16:15:59,49,-8.8,8.14,8:40,16:48,A Female,33.06666666666672
01103F8E93,2023-01-18,08:20:11,16:08:38,55,-13.4,8.18,8:39,16:50,A Female,-18.816666666666663
01103F8E93,2023-01-19,10:24:44,16:19:21,31,-10.6,8.23,8:38,16:52,A Female,106.73333333333335
01103F8E93,2023-01-20,08:33:34,16:40:09,52,-4.1,8.28,8:37,16:54,A Female,-3.4333333333332803
01103F8E93,2023-01-21,14:49:51,16:39:20,14,0.4,8.33,8:35,16:55,A Female,374.85
01103F8E93,2023-01-25,09:48:53,16:37:25,31,-0.7,8.55,8:30,17:03,A Female,78.88333333333333
01103F8E93,2023-01-26,14:02:26,16:26:52,16,4.7,8.6,8:29,17:05,A Female,333.4333333333333
01103F8E93,2023-01-27,08:17:42,15:50:21,49,-6.7,8.66,8:27,17:07,A Female,-9.300000000000011
01103F8E93,2023-01-28,08:34:17,15:31:52,55,-16.8,8.72,8:26,17:09,A Female,8.283333333333303
01103F8E93,2023-01-29,08:59:04,16:31:41,58,-17.1,8.78,8:24,17:11,A Female,35.06666666666672
01103F8E93,2023-01-30,10:12:05,16:37:55,41,-11.7,8.83,8:22,17:13,A Female,110.08333333333337
01103F8E93,2023-01-31,08:15:51,16:42:04,65,-10.3,8.89,8:21,17:14,A Female,-5.149999999999977
01103F8E93,2023-02-01,08:11:07,16:10:07,83,-15.5,8.96,8:19,17:16,A Female,-7.883333333333326
01103F8E93,2023-02-02,08:32:47,16:39:10,45,-16.9,9.02,8:17,17:18,A Female,15.783333333333303
01103F8E93,2023-02-03,08:13:15,15:43:11,21,-6.3,9.08,8:16,17:20,A Female,-2.75
01103F8E93,2023-02-04,16:04:42,17:13:26,15,-1.8,9.14,8:14,17:22,A Female,470.70000000000005
01103F8E93,2023-02-05,09:41:37,17:16:55,37,-2.0,9.2,8:12,17:24,A Female,89.61666666666667
01103F8E93,2023-02-06,11:59:02,17:11:47,31,-0.7,9.27,8:10,17:26,A Female,229.0333333333333
01103F8E93,2023-02-07,10:21:36,17:10:50,11,0.5,9.33,8:08,17:28,A Female,133.60000000000002
01103F8E93,2023-02-08,08:37:46,17:17:28,46,-3.2,9.4,8:06,17:30,A Female,31.76666666666665
01103F8E93,2023-02-09,08:00:42,17:18:30,45,-6.1,9.46,8:05,17:32,A Female,-4.300000000000011
01103F8E93,2023-02-10,07:57:58,17:29:46,36,-1.9,9.53,8:03,17:34,A Female,-5.03333333333336
01103F8E93,2023-02-11,16:03:22,17:35:42,14,-2.9,9.59,8:01,17:36,A Female,482.3666666666667
01103F8E93,2023-02-12,10:16:48,16:56:19,10,-2.6,9.66,7:59,17:38,A Female,137.79999999999995
01103F8E93,2023-02-14,09:58:31,17:27:46,23,-10.0,9.79,7:55,17:42,A Female,123.51666666666665
01103FA15F,2023-01-09,08:28:32,16:27:39,75,-8.4,7.81,8:47,16:35,A Female,-18.46666666666664
01103FA15F,2023-01-10,08:29:35,16:37:35,88,-8.2,7.84,8:46,16:37,A Female,-16.416666666666686
01103FA15F,2023-01-11,08:36:25,16:17:36,77,-7.2,7.88,8:46,16:38,A Female,-9.583333333333371
01103FA15F,2023-01-12,08:21:34,16:29:12,75,-12.6,7.92,8:45,16:40,A Female,-23.433333333333337
01103FA15F,2023-01-13,08:26:06,16:29:58,61,-13.1,7.96,8:44,16:42,A Female,-17.899999999999977
01103FA15F,2023-01-14,08:29:04,16:34:52,53,-10.7,8.0,8:43,16:43,A Female,-13.933333333333337
01103FA15F,2023-01-15,08:30:42,16:29:08,51,-8.8,8.05,8:42,16:45,A Female,-11.300000000000011
01103FA15F,2023-01-16,08:49:35,16:32:00,60,-5.4,8.09,8:41,16:47,A Female,8.583333333333371
01103FA15F,2023-01-17,08:29:06,16:39:18,67,-8.8,8.14,8:40,16:48,A Female,-10.899999999999977
01103FA15F,2023-01-18,08:25:33,16:35:02,80,-13.4,8.18,8:39,16:50,A Female,-13.449999999999989
01103FA15F,2023-01-19,08:20:24,16:44:57,63,-10.6,8.23,8:38,16:52,A Female,-17.600000000000023
01103FA15F,2023-01-20,08:32:52,16:42:55,65,-4.1,8.28,8:37,16:54,A Female,-4.133333333333326
01103FA15F,2023-01-21,08:28:20,16:52:40,53,0.4,8.33,8:35,16:55,A Female,-6.666666666666686
01103FA15F,2023-01-22,08:27:15,16:24:02,35,0.5,8.38,8:34,16:57,A Female,-6.75
01103FA15F,2023-01-23,08:28:22,16:24:42,37,-2.8,8.44,8:33,16:59,A Female,-4.633333333333326
01103FA15F,2023-01-24,08:25:52,16:59:42,51,-0.1,8.49,8:31,17:01,A Female,-5.133333333333326
01103FA15F,2023-01-25,08:27:56,16:58:04,63,-0.7,8.55,8:30,17:03,A Female,-2.066666666666663
01103FA15F,2023-01-26,09:33:15,16:43:11,19,4.7,8.6,8:29,17:05,A Female,64.25
01103FA15F,2023-01-27,08:14:11,16:34:16,67,-6.7,8.66,8:27,17:07,A Female,-12.816666666666663
01103FA15F,2023-01-28,08:13:20,16:40:04,44,-16.8,8.72,8:26,17:09,A Female,-12.666666666666686
01103FA15F,2023-01-29,08:14:56,16:38:50,54,-17.1,8.78,8:24,17:11,A Female,-9.066666666666663
01103FA15F,2023-01-30,08:18:36,16:38:16,49,-11.7,8.83,8:22,17:13,A Female,-3.3999999999999773
01103FA15F,2023-01-31,08:13:35,16:34:06,40,-10.3,8.89,8:21,17:14,A Female,-7.416666666666686
01103FA15F,2023-02-01,08:20:30,16:13:45,50,-15.5,8.96,8:19,17:16,A Female,1.5
01103FA15F,2023-02-02,09:11:44,16:33:10,38,-16.9,9.02,8:17,17:18,A Female,54.73333333333335
01103FA15F,2023-02-03,08:12:43,16:46:45,59,-6.3,9.08,8:16,17:20,A Female,-3.28333333333336
01103FA15F,2023-02-04,08:17:54,16:59:00,40,-1.8,9.14,8:14,17:22,A Female,3.8999999999999773
01103FA15F,2023-02-05,08:06:23,16:57:50,50,-2.0,9.2,8:12,17:24,A Female,-5.616666666666674
01103FA15F,2023-02-06,08:05:49,17:17:17,41,-0.7,9.27,8:10,17:26,A Female,-4.183333333333337
01103FA15F,2023-02-07,09:18:14,17:07:11,35,0.5,9.33,8:08,17:28,A Female,70.23333333333335
01103FA15F,2023-02-08,08:05:45,16:58:47,55,-3.2,9.4,8:06,17:30,A Female,-0.25
01103FA15F,2023-02-09,07:54:31,17:00:28,68,-6.1,9.46,8:05,17:32,A Female,-10.483333333333348
01103FA15F,2023-02-10,08:19:46,17:06:56,40,-1.9,9.53,8:03,17:34,A Female,16.76666666666665
01103FA15F,2023-02-11,07:55:06,17:22:15,36,-2.9,9.59,8:01,17:36,A Female,-5.899999999999977
01103FA15F,2023-02-12,09:02:19,17:33:53,28,-2.6,9.66,7:59,17:38,A Female,63.31666666666672
01103FA15F,2023-02-13,08:04:07,17:05:01,40,0.0,9.73,7:57,17:40,A Female,7.116666666666674
01103FA15F,2023-02-14,08:02:35,17:12:00,54,-10.0,9.79,7:55,17:42,A Female,7.583333333333314
01103FAAB7,2023-01-09,08:47:44,16:32:35,109,-8.4,7.81,8:47,16:35,A Male,0.7333333333333485
01103FAAB7,2023-01-10,08:38:09,16:29:10,124,-8.2,7.84,8:46,16:37,A Male,-7.850000000000023
01103FAAB7,2023-01-11,08:39:08,16:27:43,106,-7.2,7.88,8:46,16:38,A Male,-6.866666666666674
01103FAAB7,2023-01-12,08:36:54,16:30:43,116,-12.6,7.92,8:45,16:40,A Male,-8.100000000000023
01103FAAB7,2023-01-13,08:39:19,16:01:02,108,-13.1,7.96,8:44,16:42,A Male,-4.68333333333328
01103FAAB7,2023-01-14,08:46:51,16:32:46,102,-10.7,8.0,8:43,16:43,A Male,3.8500000000000227
01103FAAB7,2023-01-15,09:21:42,16:41:02,125,-8.8,8.05,8:42,16:45,A Male,39.700000000000045
01103FAAB7,2023-01-16,08:44:43,16:30:07,104,-5.4,8.09,8:41,16:47,A Male,3.716666666666697
01103FAAB7,2023-01-17,08:35:06,16:31:24,96,-8.8,8.14,8:40,16:48,A Male,-4.899999999999977
01103FAAB7,2023-01-18,09:24:25,16:23:30,73,-13.4,8.18,8:39,16:50,A Male,45.41666666666663
01103FAAB7,2023-01-19,08:30:56,16:52:59,82,-10.6,8.23,8:38,16:52,A Male,-7.066666666666663
01103FAAB7,2023-01-20,08:37:36,16:41:53,87,-4.1,8.28,8:37,16:54,A Male,0.6000000000000227
01103FAAB7,2023-01-21,08:25:52,16:43:00,69,0.4,8.33,8:35,16:55,A Male,-9.133333333333326
01103FAAB7,2023-01-22,09:00:35,16:42:57,31,0.5,8.38,8:34,16:57,A Male,26.58333333333337
01103FAAB7,2023-01-23,08:27:26,17:09:44,88,-2.8,8.44,8:33,16:59,A Male,-5.566666666666663
01103FAAB7,2023-01-24,08:30:41,16:54:26,44,-0.1,8.49,8:31,17:01,A Male,-0.3166666666666629
01103FAAB7,2023-01-25,08:24:53,16:44:03,71,-0.7,8.55,8:30,17:03,A Male,-5.116666666666674
01103FAAB7,2023-01-26,08:28:33,17:01:38,61,4.7,8.6,8:29,17:05,A Male,-0.44999999999998863
01103FAAB7,2023-01-27,08:23:15,16:20:20,99,-6.7,8.66,8:27,17:07,A Male,-3.75
01103FAAB7,2023-01-28,08:36:00,16:42:55,51,-16.8,8.72,8:26,17:09,A Male,10.0
01103FAAB7,2023-01-29,08:32:37,16:33:12,82,-17.1,8.78,8:24,17:11,A Male,8.616666666666674
01103FAAB7,2023-01-30,08:23:03,16:33:54,69,-11.7,8.83,8:22,17:13,A Male,1.0500000000000114
01103FAAB7,2023-01-31,08:26:49,16:37:43,103,-10.3,8.89,8:21,17:14,A Male,5.816666666666663
01103FAAB7,2023-02-01,08:35:22,16:09:45,47,-15.5,8.96,8:19,17:16,A Male,16.366666666666674
01103FAAB7,2023-02-02,08:27:11,16:14:59,64,-16.9,9.02,8:17,17:18,A Male,10.183333333333337
01103FAAB7,2023-02-03,08:14:30,16:49:24,55,-6.3,9.08,8:16,17:20,A Male,-1.5
01103FAAB7,2023-02-04,08:50:47,17:05:20,36,-1.8,9.14,8:14,17:22,A Male,36.7833333333333
01103FAAB7,2023-02-05,08:13:39,17:02:08,71,-2.0,9.2,8:12,17:24,A Male,1.6499999999999773
01103FAAB7,2023-02-06,08:09:51,16:57:45,59,-0.7,9.27,8:10,17:26,A Male,-0.14999999999997726
01103FAAB7,2023-02-07,08:13:11,17:18:10,62,0.5,9.33,8:08,17:28,A Male,5.183333333333337
01103FAAB7,2023-02-08,08:01:30,17:14:27,96,-3.2,9.4,8:06,17:30,A Male,-4.5
01103FAAB7,2023-02-09,08:01:15,17:08:18,93,-6.1,9.46,8:05,17:32,A Male,-3.75
01103FAAB7,2023-02-10,08:00:11,17:35:18,93,-1.9,9.53,8:03,17:34,A Male,-2.816666666666663
01103FAAB7,2023-02-11,08:05:11,17:33:43,65,-2.9,9.59,8:01,17:36,A Male,4.183333333333337
01103FAAB7,2023-02-12,08:05:12,17:20:31,49,-2.6,9.66,7:59,17:38,A Male,6.199999999999989
01103FAAB7,2023-02-13,08:12:35,17:29:25,35,0.0,9.73,7:57,17:40,A Male,15.583333333333314
01103FAAB7,2023-02-14,10:01:46,17:27:31,35,-10.0,9.79,7:55,17:42,A Male,126.76666666666665
01103FAB74,2023-01-09,08:36:18,16:31:33,84,-8.4,7.81,8:47,16:35,J Female,-10.700000000000045
01103FAB74,2023-01-10,08:34:47,16:32:54,92,-8.2,7.84,8:46,16:37,J Female,-11.216666666666697
01103FAB74,2023-01-11,08:38:05,16:17:28,65,-7.2,7.88,8:46,16:38,J Female,-7.916666666666629
01103FAB74,2023-01-12,08:30:01,16:26:14,100,-12.6,7.92,8:45,16:40,J Female,-14.983333333333348
01103FAB74,2023-01-13,08:34:45,16:33:16,95,-13.1,7.96,8:44,16:42,J Female,-9.25
01103FAB74,2023-01-14,08:31:36,16:13:30,85,-10.7,8.0,8:43,16:43,J Female,-11.399999999999977
01103FAB74,2023-01-15,08:33:59,16:33:25,71,-8.8,8.05,8:42,16:45,J Female,-8.016666666666652
01103FAB74,2023-01-16,08:35:49,16:20:54,68,-5.4,8.09,8:41,16:47,J Female,-5.18333333333328
01103FAB74,2023-01-17,08:33:54,16:27:42,94,-8.8,8.14,8:40,16:48,J Female,-6.100000000000023
01103FAB74,2023-01-18,08:28:08,16:32:31,79,-13.4,8.18,8:39,16:50,J Female,-10.866666666666674
01103FAB74,2023-01-19,08:33:30,16:41:44,104,-10.6,8.23,8:38,16:52,J Female,-4.5
01103FAB74,2023-01-20,08:29:04,16:45:53,100,-4.1,8.28,8:37,16:54,J Female,-7.933333333333337
01103FAB74,2023-01-21,08:33:03,16:49:57,68,0.4,8.33,8:35,16:55,J Female,-1.9500000000000455
01103FAB74,2023-01-22,08:27:29,16:53:47,104,0.5,8.38,8:34,16:57,J Female,-6.5166666666666515
01103FAB74,2023-01-23,08:26:05,17:01:01,91,-2.8,8.44,8:33,16:59,J Female,-6.916666666666686
01103FAB74,2023-01-24,08:29:31,17:03:26,104,-0.1,8.49,8:31,17:01,J Female,-1.4833333333333485
01103FAB74,2023-01-25,08:18:51,16:57:39,71,-0.7,8.55,8:30,17:03,J Female,-11.149999999999977
01103FAB74,2023-01-26,08:16:23,17:03:59,76,4.7,8.6,8:29,17:05,J Female,-12.616666666666674
01103FAB74,2023-01-27,08:17:39,16:24:03,99,-6.7,8.66,8:27,17:07,J Female,-9.350000000000023
01103FAB74,2023-01-28,08:15:03,16:31:17,96,-16.8,8.72,8:26,17:09,J Female,-10.949999999999989
01103FAB74,2023-01-29,08:17:19,16:30:11,65,-17.1,8.78,8:24,17:11,J Female,-6.683333333333337
01103FAB74,2023-01-30,08:12:06,16:44:38,59,-11.7,8.83,8:22,17:13,J Female,-9.899999999999977
01103FAB74,2023-01-31,08:10:59,16:22:33,99,-10.3,8.89,8:21,17:14,J Female,-10.016666666666652
01103FAB74,2023-02-01,08:10:02,16:21:16,93,-15.5,8.96,8:19,17:16,J Female,-8.96666666666664
01103FAB74,2023-02-02,08:23:53,16:34:23,76,-16.9,9.02,8:17,17:18,J Female,6.883333333333326
01103FAB74,2023-02-03,08:10:12,16:56:14,88,-6.3,9.08,8:16,17:20,J Female,-5.800000000000011
01103FAB74,2023-02-04,08:08:17,17:17:52,91,-1.8,9.14,8:14,17:22,J Female,-5.71666666666664
01103FAB74,2023-02-05,08:03:26,17:15:02,96,-2.0,9.2,8:12,17:24,J Female,-8.566666666666663
01103FAB74,2023-02-06,08:07:22,17:20:41,49,-0.7,9.27,8:10,17:26,J Female,-2.6333333333333258
01103FAB74,2023-02-07,08:09:10,17:26:30,81,0.5,9.33,8:08,17:28,J Female,1.1666666666666856
01103FAB74,2023-02-08,08:05:52,17:21:59,109,-3.2,9.4,8:06,17:30,J Female,-0.13333333333332575
01103FAB74,2023-02-09,08:02:06,17:13:43,67,-6.1,9.46,8:05,17:32,J Female,-2.8999999999999773
01103FAB74,2023-02-10,08:05:00,17:19:59,76,-1.9,9.53,8:03,17:34,J Female,2.0
01103FAB74,2023-02-11,07:59:44,17:33:49,76,-2.9,9.59,8:01,17:36,J Female,-1.2666666666666515
01103FAB74,2023-02-12,07:59:14,17:32:39,76,-2.6,9.66,7:59,17:38,J Female,0.2333333333333485
01103FAB74,2023-02-13,07:52:18,17:01:55,102,0.0,9.73,7:57,17:40,J Female,-4.699999999999989
01103FAB74,2023-02-14,07:51:16,17:34:03,85,-10.0,9.79,7:55,17:42,J Female,-3.7333333333333485
01103FAD87,2023-01-09,08:38:27,16:34:16,88,-8.4,7.81,8:47,16:35,A Female,-8.549999999999955
01103FAD87,2023-01-10,08:33:35,16:41:21,74,-8.2,7.84,8:46,16:37,A Female,-12.416666666666629
01103FAD87,2023-01-11,08:41:14,16:34:12,102,-7.2,7.88,8:46,16:38,A Female,-4.7666666666666515
01103FAD87,2023-01-12,08:27:34,16:28:27,86,-12.6,7.92,8:45,16:40,A Female,-17.433333333333337
01103FAD87,2023-01-13,08:34:45,16:35:38,60,-13.1,7.96,8:44,16:42,A Female,-9.25
01103FAD87,2023-01-14,08:27:28,16:36:26,88,-10.7,8.0,8:43,16:43,A Female,-15.53333333333336
01103FAD87,2023-01-15,08:29:18,16:33:26,64,-8.8,8.05,8:42,16:45,A Female,-12.699999999999989
01103FAD87,2023-01-16,08:34:36,16:30:02,57,-5.4,8.09,8:41,16:47,A Female,-6.399999999999977
01103FAD87,2023-01-17,08:30:18,16:38:03,89,-8.8,8.14,8:40,16:48,A Female,-9.699999999999989
01103FAD87,2023-01-18,08:25:32,16:37:16,88,-13.4,8.18,8:39,16:50,A Female,-13.46666666666664
01103FAD87,2023-01-19,08:24:31,16:47:52,94,-10.6,8.23,8:38,16:52,A Female,-13.483333333333348
01103FAD87,2023-01-20,08:29:57,16:37:23,72,-4.1,8.28,8:37,16:54,A Female,-7.050000000000011
01103FAD87,2023-01-21,08:22:53,16:38:21,100,0.4,8.33,8:35,16:55,A Female,-12.116666666666674
01103FAD87,2023-01-22,08:23:35,16:41:37,30,0.5,8.38,8:34,16:57,A Female,-10.416666666666686
01103FAD87,2023-01-23,08:20:50,16:57:42,50,-2.8,8.44,8:33,16:59,A Female,-12.166666666666686
01103FAD87,2023-01-24,08:21:41,16:52:26,42,-0.1,8.49,8:31,17:01,A Female,-9.316666666666663
01103FAD87,2023-01-25,08:20:58,16:55:55,55,-0.7,8.55,8:30,17:03,A Female,-9.03333333333336
01103FAD87,2023-01-27,08:20:15,16:02:36,22,-6.7,8.66,8:27,17:07,A Female,-6.75
01103FAD87,2023-01-28,09:11:00,16:47:30,37,-16.8,8.72,8:26,17:09,A Female,45.0
01103FAD87,2023-01-29,08:36:20,16:32:33,29,-17.1,8.78,8:24,17:11,A Female,12.333333333333371
01103FAD87,2023-01-30,08:28:05,16:53:37,62,-11.7,8.83,8:22,17:13,A Female,6.083333333333314
01103FAD87,2023-01-31,08:19:16,16:47:03,66,-10.3,8.89,8:21,17:14,A Female,-1.7333333333333485
01103FAD87,2023-02-01,08:12:01,16:31:35,49,-15.5,8.96,8:19,17:16,A Female,-6.9833333333333485
01103FAD87,2023-02-02,08:19:08,16:42:17,61,-16.9,9.02,8:17,17:18,A Female,2.1333333333333258
01103FAD87,2023-02-03,08:16:28,16:52:16,100,-6.3,9.08,8:16,17:20,A Female,0.46666666666664014
01103FAD87,2023-02-04,08:10:02,17:11:05,141,-1.8,9.14,8:14,17:22,A Female,-3.96666666666664
01103FAD87,2023-02-05,07:59:13,17:04:01,127,-2.0,9.2,8:12,17:24,A Female,-12.78333333333336
01103FAD87,2023-02-06,08:03:25,17:13:27,96,-0.7,9.27,8:10,17:26,A Female,-6.583333333333314
01103FAD87,2023-02-07,08:08:22,17:21:30,105,0.5,9.33,8:08,17:28,A Female,0.36666666666667425
01103FAD87,2023-02-08,07:56:24,17:15:20,128,-3.2,9.4,8:06,17:30,A Female,-9.600000000000023
01103FAD87,2023-02-09,07:58:42,17:20:10,96,-6.1,9.46,8:05,17:32,A Female,-6.300000000000011
01103FAD87,2023-02-10,08:02:25,17:22:56,97,-1.9,9.53,8:03,17:34,A Female,-0.5833333333333144
01103FAD87,2023-02-11,07:56:48,16:24:11,93,-2.9,9.59,8:01,17:36,A Female,-4.199999999999989
01103FAD87,2023-02-12,08:43:15,17:22:07,89,-2.6,9.66,7:59,17:38,A Female,44.25
01103FAD87,2023-02-13,07:46:03,17:25:05,36,0.0,9.73,7:57,17:40,A Female,-10.949999999999989
01103FAD87,2023-02-14,07:50:31,17:27:39,81,-10.0,9.79,7:55,17:42,A Female,-4.4833333333333485
01103FAE27,2023-01-09,08:42:45,16:13:30,66,-8.4,7.81,8:47,16:35,A Female,-4.25
01103FAE27,2023-01-10,08:38:51,16:32:58,81,-8.2,7.84,8:46,16:37,A Female,-7.149999999999977
01103FAE27,2023-01-11,08:41:35,16:13:58,58,-7.2,7.88,8:46,16:38,A Female,-4.416666666666629
01103FAE27,2023-01-12,08:35:21,16:16:38,79,-12.6,7.92,8:45,16:40,A Female,-9.649999999999977
01103FAE27,2023-01-13,08:32:20,16:02:37,92,-13.1,7.96,8:44,16:42,A Female,-11.666666666666629
01103FAE27,2023-01-14,09:03:49,16:34:55,61,-10.7,8.0,8:43,16:43,A Female,20.81666666666672
01103FAE27,2023-01-15,08:38:42,16:29:03,36,-8.8,8.05,8:42,16:45,A Female,-3.2999999999999545
01103FAE27,2023-01-16,08:53:26,16:25:55,56,-5.4,8.09,8:41,16:47,A Female,12.43333333333328
01103FAE27,2023-01-17,08:32:47,16:33:31,81,-8.8,8.14,8:40,16:48,A Female,-7.216666666666697
01103FAE27,2023-01-18,08:33:25,16:17:05,92,-13.4,8.18,8:39,16:50,A Female,-5.583333333333371
01103FAE27,2023-01-19,08:30:19,16:36:35,73,-10.6,8.23,8:38,16:52,A Female,-7.683333333333337
01103FAE27,2023-01-20,08:29:57,16:40:25,80,-4.1,8.28,8:37,16:54,A Female,-7.050000000000011
01103FAE27,2023-01-21,09:03:08,16:51:09,35,0.4,8.33,8:35,16:55,A Female,28.133333333333326
01103FAE27,2023-01-22,08:27:34,16:38:27,37,0.5,8.38,8:34,16:57,A Female,-6.433333333333337
01103FAE27,2023-01-23,08:31:17,16:52:36,52,-2.8,8.44,8:33,16:59,A Female,-1.7166666666666401
01103FAE27,2023-01-24,09:17:31,16:57:09,43,-0.1,8.49,8:31,17:01,A Female,46.51666666666665
01103FAE27,2023-01-25,08:25:43,16:56:57,54,-0.7,8.55,8:30,17:03,A Female,-4.28333333333336
01103FAE27,2023-01-26,11:53:03,16:46:23,18,4.7,8.6,8:29,17:05,A Female,204.04999999999995
01103FAE27,2023-01-27,08:28:12,16:11:45,84,-6.7,8.66,8:27,17:07,A Female,1.1999999999999886
01103FAE27,2023-01-28,08:26:51,16:30:40,73,-16.8,8.72,8:26,17:09,A Female,0.8500000000000227
01103FAE27,2023-01-29,08:24:56,16:23:14,66,-17.1,8.78,8:24,17:11,A Female,0.9333333333333371
01103FAE27,2023-01-30,08:18:54,16:39:46,61,-11.7,8.83,8:22,17:13,A Female,-3.1000000000000227
01103FAE27,2023-01-31,08:29:05,16:26:48,56,-10.3,8.89,8:21,17:14,A Female,8.083333333333314
01103FAE27,2023-02-01,08:22:45,16:11:30,80,-15.5,8.96,8:19,17:16,A Female,3.75
01103FAE27,2023-02-02,09:22:37,16:02:58,52,-16.9,9.02,8:17,17:18,A Female,65.61666666666667
01103FAE27,2023-02-03,08:14:34,16:42:56,74,-6.3,9.08,8:16,17:20,A Female,-1.4333333333333371
01103FAE27,2023-02-04,08:13:34,16:44:10,58,-1.8,9.14,8:14,17:22,A Female,-0.4333333333333371
01103FAE27,2023-02-05,08:08:51,16:55:19,49,-2.0,9.2,8:12,17:24,A Female,-3.1499999999999773
01103FAE27,2023-02-06,08:29:02,17:07:38,54,-0.7,9.27,8:10,17:26,A Female,19.03333333333336
01103FAE27,2023-02-07,09:18:24,16:21:46,46,0.5,9.33,8:08,17:28,A Female,70.39999999999998
01103FAE27,2023-02-08,08:04:06,16:47:56,79,-3.2,9.4,8:06,17:30,A Female,-1.8999999999999773
01103FAE27,2023-02-09,08:07:50,16:50:08,70,-6.1,9.46,8:05,17:32,A Female,2.8333333333333144
01103FAE27,2023-02-10,08:16:56,16:43:57,60,-1.9,9.53,8:03,17:34,A Female,13.933333333333337
01103FAE27,2023-02-11,07:58:18,17:18:54,41,-2.9,9.59,8:01,17:36,A Female,-2.6999999999999886
01103FAE27,2023-02-12,08:16:23,17:15:14,53,-2.6,9.66,7:59,17:38,A Female,17.383333333333326
01103FAE27,2023-02-13,08:05:27,17:14:08,49,0.0,9.73,7:57,17:40,A Female,8.449999999999989
01103FAE27,2023-02-14,08:01:56,17:08:44,72,-10.0,9.79,7:55,17:42,A Female,6.933333333333337
01103FB054,2023-01-09,08:33:32,16:43:20,66,-8.4,7.81,8:47,16:35,A Male,-13.466666666666697
01103FB054,2023-01-10,08:54:00,16:45:46,117,-8.2,7.84,8:46,16:37,A Male,8.0
01103FB054,2023-01-11,08:52:40,16:38:54,112,-7.2,7.88,8:46,16:38,A Male,6.666666666666629
01103FB054,2023-01-12,08:23:21,16:30:53,104,-12.6,7.92,8:45,16:40,A Male,-21.649999999999977
01103FB054,2023-01-13,08:21:32,16:33:42,112,-13.1,7.96,8:44,16:42,A Male,-22.46666666666664
01103FB054,2023-01-14,08:31:42,16:43:07,112,-10.7,8.0,8:43,16:43,A Male,-11.300000000000011
01103FB054,2023-01-15,08:59:24,16:41:32,107,-8.8,8.05,8:42,16:45,A Male,17.399999999999977
01103FB054,2023-01-16,08:23:00,16:35:50,99,-5.4,8.09,8:41,16:47,A Male,-18.0
01103FB054,2023-01-17,08:19:12,16:40:15,112,-8.8,8.14,8:40,16:48,A Male,-20.80000000000001
01103FB054,2023-01-18,08:41:42,16:35:11,105,-13.4,8.18,8:39,16:50,A Male,2.7000000000000455
01103FB054,2023-01-19,09:13:17,16:49:08,125,-10.6,8.23,8:38,16:52,A Male,35.2833333333333
01103FB054,2023-01-20,09:07:09,16:59:03,85,-4.1,8.28,8:37,16:54,A Male,30.149999999999977
01103FB054,2023-01-21,08:36:44,16:46:42,95,0.4,8.33,8:35,16:55,A Male,1.7333333333333485
01103FB054,2023-01-22,08:21:26,16:34:05,61,0.5,8.38,8:34,16:57,A Male,-12.566666666666663
01103FB054,2023-01-23,08:13:53,16:27:50,57,-2.8,8.44,8:33,16:59,A Male,-19.116666666666674
01103FB054,2023-01-24,08:30:04,16:53:03,76,-0.1,8.49,8:31,17:01,A Male,-0.9333333333333371
01103FB054,2023-01-25,08:43:31,16:54:19,91,-0.7,8.55,8:30,17:03,A Male,13.516666666666652
01103FB054,2023-01-26,08:17:51,16:43:35,28,4.7,8.6,8:29,17:05,A Male,-11.149999999999977
01103FB054,2023-01-27,08:21:17,16:42:21,104,-6.7,8.66,8:27,17:07,A Male,-5.71666666666664
01103FB054,2023-01-28,08:05:55,16:37:22,107,-16.8,8.72,8:26,17:09,A Male,-20.083333333333314
01103FB054,2023-01-29,08:21:29,16:35:43,95,-17.1,8.78,8:24,17:11,A Male,-2.5166666666666515
01103FB054,2023-01-30,09:15:12,16:59:08,116,-11.7,8.83,8:22,17:13,A Male,53.200000000000045
01103FB054,2023-01-31,08:05:42,16:55:35,100,-10.3,8.89,8:21,17:14,A Male,-15.300000000000011
01103FB054,2023-02-01,07:58:47,16:41:57,124,-15.5,8.96,8:19,17:16,A Male,-20.21666666666664
01103FB054,2023-02-02,08:03:10,16:45:06,119,-16.9,9.02,8:17,17:18,A Male,-13.833333333333314
01103FB054,2023-02-03,07:58:57,17:11:13,84,-6.3,9.08,8:16,17:20,A Male,-17.05000000000001
01103FB054,2023-02-04,08:18:42,17:33:01,101,-1.8,9.14,8:14,17:22,A Male,4.699999999999989
01103FB054,2023-02-05,08:05:20,17:18:42,140,-2.0,9.2,8:12,17:24,A Male,-6.666666666666686
01103FB054,2023-02-06,08:37:52,17:19:32,118,-0.7,9.27,8:10,17:26,A Male,27.866666666666674
01103FB054,2023-02-07,07:56:29,17:21:41,141,0.5,9.33,8:08,17:28,A Male,-11.516666666666652
01103FB054,2023-02-08,08:05:23,17:22:02,167,-3.2,9.4,8:06,17:30,A Male,-0.6166666666666742
01103FB054,2023-02-09,08:06:23,17:34:56,143,-6.1,9.46,8:05,17:32,A Male,1.3833333333333258
01103FB054,2023-02-10,08:10:21,17:27:19,95,-1.9,9.53,8:03,17:34,A Male,7.350000000000023
01103FB054,2023-02-11,08:41:19,17:32:16,123,-2.9,9.59,8:01,17:36,A Male,40.31666666666672
01103FB054,2023-02-12,08:02:06,17:32:49,148,-2.6,9.66,7:59,17:38,A Male,3.1000000000000227
01103FB054,2023-02-13,08:00:46,17:26:53,138,0.0,9.73,7:57,17:40,A Male,3.7666666666666515
01103FB054,2023-02-14,07:41:17,17:34:47,174,-10.0,9.79,7:55,17:42,A Male,-13.71666666666664
01103FB276,2023-01-09,08:29:45,16:33:00,90,-8.4,7.81,8:47,16:35,A Female,-17.25
01103FB276,2023-01-10,08:29:26,16:28:17,90,-8.2,7.84,8:46,16:37,A Female,-16.566666666666663
01103FB276,2023-01-11,08:28:59,15:35:13,75,-7.2,7.88,8:46,16:38,A Female,-17.01666666666665
01103FB276,2023-01-12,08:26:09,16:14:35,58,-12.6,7.92,8:45,16:40,A Female,-18.850000000000023
01103FB276,2023-01-13,08:26:29,16:20:09,92,-13.1,7.96,8:44,16:42,A Female,-17.51666666666665
01103FB276,2023-01-14,08:23:39,16:29:36,71,-10.7,8.0,8:43,16:43,A Female,-19.350000000000023
01103FB276,2023-01-15,08:22:19,16:36:07,73,-8.8,8.05,8:42,16:45,A Female,-19.683333333333337
01103FB276,2023-01-16,08:36:42,16:03:14,77,-5.4,8.09,8:41,16:47,A Female,-4.2999999999999545
01103FB276,2023-01-17,08:25:14,16:26:52,87,-8.8,8.14,8:40,16:48,A Female,-14.766666666666652
01103FB276,2023-01-18,08:25:25,16:30:18,89,-13.4,8.18,8:39,16:50,A Female,-13.583333333333314
01103FB276,2023-01-19,08:25:07,16:42:05,113,-10.6,8.23,8:38,16:52,A Female,-12.883333333333326
01103FB276,2023-01-20,08:23:35,16:37:51,114,-4.1,8.28,8:37,16:54,A Female,-13.416666666666686
01103FB276,2023-01-21,08:16:32,16:52:43,105,0.4,8.33,8:35,16:55,A Female,-18.46666666666664
01103FB276,2023-01-22,08:18:39,16:55:01,55,0.5,8.38,8:34,16:57,A Female,-15.350000000000023
01103FB276,2023-01-23,08:20:09,17:01:38,56,-2.8,8.44,8:33,16:59,A Female,-12.850000000000023
01103FB276,2023-01-24,08:16:02,16:57:52,52,-0.1,8.49,8:31,17:01,A Female,-14.96666666666664
01103FB276,2023-01-25,08:15:48,16:56:19,57,-0.7,8.55,8:30,17:03,A Female,-14.199999999999989
01103FB276,2023-01-26,08:21:36,16:57:57,38,4.7,8.6,8:29,17:05,A Female,-7.399999999999977
01103FB276,2023-01-27,08:14:45,16:22:30,63,-6.7,8.66,8:27,17:07,A Female,-12.25
01103FB276,2023-01-28,08:11:23,16:21:31,63,-16.8,8.72,8:26,17:09,A Female,-14.616666666666674
01103FB276,2023-01-29,08:07:11,16:34:39,31,-17.1,8.78,8:24,17:11,A Female,-16.816666666666663
01103FB276,2023-01-30,08:13:33,16:52:34,78,-11.7,8.83,8:22,17:13,A Female,-8.449999999999989
01103FB276,2023-01-31,08:08:08,16:48:11,90,-10.3,8.89,8:21,17:14,A Female,-12.866666666666674
01103FB276,2023-02-01,08:09:27,16:38:03,59,-15.5,8.96,8:19,17:16,A Female,-9.550000000000011
01103FB276,2023-02-02,08:08:24,15:34:57,22,-16.9,9.02,8:17,17:18,A Female,-8.600000000000023
01103FB276,2023-02-03,08:20:41,17:01:45,123,-6.3,9.08,8:16,17:20,A Female,4.683333333333337
01103FB276,2023-02-04,08:03:16,17:05:22,109,-1.8,9.14,8:14,17:22,A Female,-10.733333333333348
01103FB276,2023-02-05,08:01:09,17:09:26,94,-2.0,9.2,8:12,17:24,A Female,-10.850000000000023
01103FB276,2023-02-06,07:56:44,17:22:23,92,-0.7,9.27,8:10,17:26,A Female,-13.266666666666652
01103FB276,2023-02-07,07:56:30,17:22:36,81,0.5,9.33,8:08,17:28,A Female,-11.5
01103FB276,2023-02-08,07:49:37,17:20:43,133,-3.2,9.4,8:06,17:30,A Female,-16.383333333333326
01103FB276,2023-02-09,07:51:19,17:21:24,113,-6.1,9.46,8:05,17:32,A Female,-13.683333333333337
01103FB276,2023-02-10,07:49:42,17:26:08,89,-1.9,9.53,8:03,17:34,A Female,-13.300000000000011
01103FB276,2023-02-11,07:47:18,17:25:48,62,-2.9,9.59,8:01,17:36,A Female,-13.699999999999989
01103FB276,2023-02-12,07:44:38,17:22:57,75,-2.6,9.66,7:59,17:38,A Female,-14.366666666666674
01103FB276,2023-02-13,07:50:43,17:11:10,85,0.0,9.73,7:57,17:40,A Female,-6.28333333333336
01103FB276,2023-02-14,07:46:59,17:08:14,68,-10.0,9.79,7:55,17:42,A Female,-8.016666666666652
01103FB422,2023-01-09,08:34:12,16:41:23,81,-8.4,7.81,8:47,16:35,J Female,-12.799999999999955
01103FB422,2023-01-10,08:29:14,16:53:14,59,-8.2,7.84,8:46,16:37,J Female,-16.76666666666665
01103FB422,2023-01-11,08:28:39,16:50:02,57,-7.2,7.88,8:46,16:38,J Female,-17.350000000000023
01103FB422,2023-01-12,08:25:06,16:57:30,62,-12.6,7.92,8:45,16:40,J Female,-19.899999999999977
01103FB422,2023-01-13,08:22:45,17:04:22,58,-13.1,7.96,8:44,16:42,J Female,-21.25
01103FB422,2023-01-14,08:24:46,17:05:03,56,-10.7,8.0,8:43,16:43,J Female,-18.23333333333335
01103FB422,2023-01-15,08:32:02,16:50:20,49,-8.8,8.05,8:42,16:45,J Female,-9.966666666666697
01103FB422,2023-01-16,08:46:31,16:58:42,58,-5.4,8.09,8:41,16:47,J Female,5.5166666666666515
01103FB422,2023-01-17,09:20:09,16:55:23,56,-8.8,8.14,8:40,16:48,J Female,40.14999999999998
01103FB422,2023-01-18,08:35:22,16:57:59,70,-13.4,8.18,8:39,16:50,J Female,-3.6333333333333258
01103FB422,2023-01-19,08:27:42,17:03:21,51,-10.6,8.23,8:38,16:52,J Female,-10.300000000000011
01103FB422,2023-01-20,08:28:08,17:17:44,56,-4.1,8.28,8:37,16:54,J Female,-8.866666666666674
01103FB422,2023-01-21,09:18:10,17:06:07,35,0.4,8.33,8:35,16:55,J Female,43.16666666666663
01103FB422,2023-01-22,08:28:39,17:10:41,28,0.5,8.38,8:34,16:57,J Female,-5.350000000000023
01103FB422,2023-01-23,08:27:12,17:18:11,27,-2.8,8.44,8:33,16:59,J Female,-5.800000000000011
01103FB422,2023-01-24,08:21:40,17:10:34,46,-0.1,8.49,8:31,17:01,J Female,-9.333333333333314
01103FB422,2023-01-25,08:14:59,17:16:38,52,-0.7,8.55,8:30,17:03,J Female,-15.016666666666652
01103FB422,2023-01-26,08:17:27,17:10:24,26,4.7,8.6,8:29,17:05,J Female,-11.550000000000011
01103FB422,2023-01-27,08:13:42,17:00:02,51,-6.7,8.66,8:27,17:07,J Female,-13.300000000000011
01103FB422,2023-01-28,08:15:29,16:59:06,24,-16.8,8.72,8:26,17:09,J Female,-10.516666666666652
01103FB422,2023-01-29,08:14:49,17:07:30,50,-17.1,8.78,8:24,17:11,J Female,-9.183333333333337
01103FB422,2023-01-30,08:23:43,17:17:12,43,-11.7,8.83,8:22,17:13,J Female,1.7166666666666401
01103FB422,2023-01-31,08:14:08,17:13:09,55,-10.3,8.89,8:21,17:14,J Female,-6.866666666666674
01103FB422,2023-02-01,08:08:51,17:05:16,52,-15.5,8.96,8:19,17:16,J Female,-10.149999999999977
01103FB422,2023-02-02,08:30:05,16:58:31,49,-16.9,9.02,8:17,17:18,J Female,13.083333333333314
01103FB422,2023-02-03,09:49:35,17:25:33,106,-6.3,9.08,8:16,17:20,J Female,93.58333333333337
01103FB422,2023-02-04,08:13:52,17:35:21,60,-1.8,9.14,8:14,17:22,J Female,-0.13333333333332575
01103FB422,2023-02-05,07:53:36,17:32:04,61,-2.0,9.2,8:12,17:24,J Female,-18.399999999999977
01103FB422,2023-02-06,07:58:12,17:28:38,66,-0.7,9.27,8:10,17:26,J Female,-11.800000000000011
01103FB422,2023-02-07,09:12:26,17:36:32,56,0.5,9.33,8:08,17:28,J Female,64.43333333333328
01103FB422,2023-02-08,07:58:20,17:42:02,94,-3.2,9.4,8:06,17:30,J Female,-7.666666666666686
01103FB422,2023-02-09,08:14:23,17:39:15,61,-6.1,9.46,8:05,17:32,J Female,9.383333333333326
01103FB422,2023-02-10,07:51:10,17:45:14,49,-1.9,9.53,8:03,17:34,J Female,-11.833333333333314
01103FB422,2023-02-11,07:57:54,17:48:21,46,-2.9,9.59,8:01,17:36,J Female,-3.1000000000000227
01103FB422,2023-02-12,07:57:59,17:53:02,33,-2.6,9.66,7:59,17:38,J Female,-1.0166666666666515
01103FB422,2023-02-13,07:58:54,17:56:12,44,0.0,9.73,7:57,17:40,J Female,1.8999999999999773
01103FB422,2023-02-14,07:47:46,17:41:19,50,-10.0,9.79,7:55,17:42,J Female,-7.2333333333333485
01103FB7D8,2023-01-09,08:41:24,16:41:39,210,-8.4,7.81,8:47,16:35,J Male,-5.600000000000023
01103FB7D8,2023-01-10,08:35:24,16:35:04,284,-8.2,7.84,8:46,16:37,J Male,-10.600000000000023
01103FB7D8,2023-01-11,08:45:20,16:41:33,170,-7.2,7.88,8:46,16:38,J Male,-0.6666666666666288
01103FB7D8,2023-01-12,08:31:46,16:36:08,126,-12.6,7.92,8:45,16:40,J Male,-13.233333333333348
01103FB7D8,2023-01-13,08:49:58,16:30:02,124,-13.1,7.96,8:44,16:42,J Male,5.966666666666697
01103FB7D8,2023-01-14,08:31:02,16:33:35,101,-10.7,8.0,8:43,16:43,J Male,-11.96666666666664
01103FB7D8,2023-01-15,08:29:28,16:38:14,151,-8.8,8.05,8:42,16:45,J Male,-12.53333333333336
01103FB7D8,2023-01-16,08:32:05,16:38:35,238,-5.4,8.09,8:41,16:47,J Male,-8.916666666666629
01103FB7D8,2023-01-17,08:27:06,16:45:41,240,-8.8,8.14,8:40,16:48,J Male,-12.899999999999977
01103FB7D8,2023-01-18,08:23:20,16:38:57,155,-13.4,8.18,8:39,16:50,J Male,-15.666666666666686
01103FB7D8,2023-01-19,08:31:34,16:25:03,185,-10.6,8.23,8:38,16:52,J Male,-6.433333333333337
01103FB7D8,2023-01-20,08:22:09,16:33:05,109,-4.1,8.28,8:37,16:54,J Male,-14.850000000000023
01103FB7D8,2023-01-21,09:03:53,16:46:20,106,0.4,8.33,8:35,16:55,J Male,28.883333333333326
01103FB7D8,2023-01-22,08:32:27,16:36:52,51,0.5,8.38,8:34,16:57,J Male,-1.5499999999999545
01103FB7D8,2023-01-23,08:22:26,16:59:58,109,-2.8,8.44,8:33,16:59,J Male,-10.566666666666663
01103FB7D8,2023-01-24,08:31:42,16:44:12,76,-0.1,8.49,8:31,17:01,J Male,0.6999999999999886
01103FB7D8,2023-01-25,08:21:21,16:41:50,112,-0.7,8.55,8:30,17:03,J Male,-8.649999999999977
01103FB7D8,2023-01-26,08:22:51,16:48:59,64,4.7,8.6,8:29,17:05,J Male,-6.149999999999977
01103FB7D8,2023-01-27,08:21:56,16:26:15,127,-6.7,8.66,8:27,17:07,J Male,-5.066666666666663
01103FB7D8,2023-01-28,08:21:06,16:37:22,58,-16.8,8.72,8:26,17:09,J Male,-4.899999999999977
01103FB7D8,2023-01-29,08:50:26,16:35:38,98,-17.1,8.78,8:24,17:11,J Male,26.43333333333328
01103FB7D8,2023-01-30,08:22:17,16:44:20,108,-11.7,8.83,8:22,17:13,J Male,0.28333333333335986
01103FB7D8,2023-01-31,08:16:54,16:46:59,130,-10.3,8.89,8:21,17:14,J Male,-4.100000000000023
01103FB7D8,2023-02-01,08:21:06,16:31:59,98,-15.5,8.96,8:19,17:16,J Male,2.1000000000000227
01103FB7D8,2023-02-02,08:29:57,16:42:18,158,-16.9,9.02,8:17,17:18,J Male,12.949999999999989
01103FB7D8,2023-02-03,08:30:34,17:07:26,212,-6.3,9.08,8:16,17:20,J Male,14.566666666666663
01103FB7D8,2023-02-04,08:15:34,16:58:10,103,-1.8,9.14,8:14,17:22,J Male,1.5666666666666629
01103FB7D8,2023-02-05,08:13:14,17:12:55,147,-2.0,9.2,8:12,17:24,J Male,1.2333333333333485
01103FB7D8,2023-02-06,08:27:13,17:16:29,93,-0.7,9.27,8:10,17:26,J Male,17.21666666666664
01103FB7D8,2023-02-07,09:00:03,17:42:27,80,0.5,9.33,8:08,17:28,J Male,52.049999999999955
01103FB7D8,2023-02-08,08:20:50,17:34:20,98,-3.2,9.4,8:06,17:30,J Male,14.833333333333314
01103FB7D8,2023-02-09,09:23:45,17:22:04,90,-6.1,9.46,8:05,17:32,J Male,78.75
01103FB7D8,2023-02-10,08:46:04,17:16:36,120,-1.9,9.53,8:03,17:34,J Male,43.06666666666672
01103FB7D8,2023-02-11,09:36:52,17:44:49,101,-2.9,9.59,8:01,17:36,J Male,95.86666666666667
01103FB7D8,2023-02-12,09:13:48,17:46:46,107,-2.6,9.66,7:59,17:38,J Male,74.79999999999995
01103FB7D8,2023-02-13,09:08:11,17:08:19,83,0.0,9.73,7:57,17:40,J Male,71.18333333333328
01103FB7D8,2023-02-14,08:11:46,17:43:10,137,-10.0,9.79,7:55,17:42,J Male,16.76666666666665
01103FB7D9,2023-01-09,08:22:24,16:58:34,79,-8.4,7.81,8:47,16:35,J Male,-24.600000000000023
01103FB7D9,2023-01-10,08:36:19,17:00:56,87,-8.2,7.84,8:46,16:37,J Male,-9.68333333333328
01103FB7D9,2023-01-11,08:21:19,16:53:52,68,-7.2,7.88,8:46,16:38,J Male,-24.683333333333337
01103FB7D9,2023-01-12,08:32:45,16:55:14,97,-12.6,7.92,8:45,16:40,J Male,-12.25
01103FB7D9,2023-01-13,08:40:26,16:52:45,87,-13.1,7.96,8:44,16:42,J Male,-3.5666666666667197
01103FB7D9,2023-01-14,08:43:56,16:59:36,89,-10.7,8.0,8:43,16:43,J Male,0.9333333333332803
01103FB7D9,2023-01-15,08:21:54,17:06:41,86,-8.8,8.05,8:42,16:45,J Male,-20.100000000000023
01103FB7D9,2023-01-16,08:53:18,16:59:39,77,-5.4,8.09,8:41,16:47,J Male,12.299999999999955
01103FB7D9,2023-01-17,08:15:25,16:59:12,95,-8.8,8.14,8:40,16:48,J Male,-24.583333333333314
01103FB7D9,2023-01-18,08:24:03,17:01:16,89,-13.4,8.18,8:39,16:50,J Male,-14.949999999999989
01103FB7D9,2023-01-19,08:18:28,17:03:05,76,-10.6,8.23,8:38,16:52,J Male,-19.53333333333336
01103FB7D9,2023-01-20,08:29:26,17:06:56,82,-4.1,8.28,8:37,16:54,J Male,-7.566666666666663
01103FB7D9,2023-01-21,08:23:19,17:04:37,73,0.4,8.33,8:35,16:55,J Male,-11.683333333333337
01103FB7D9,2023-01-22,08:21:32,16:57:18,77,0.5,8.38,8:34,16:57,J Male,-12.46666666666664
01103FB7D9,2023-01-23,08:19:33,16:59:44,77,-2.8,8.44,8:33,16:59,J Male,-13.449999999999989
01103FB7D9,2023-01-24,08:20:01,17:13:08,78,-0.1,8.49,8:31,17:01,J Male,-10.983333333333348
01103FB7D9,2023-01-25,08:06:08,17:14:52,87,-0.7,8.55,8:30,17:03,J Male,-23.866666666666674
01103FB7D9,2023-01-26,08:25:51,17:09:51,66,4.7,8.6,8:29,17:05,J Male,-3.1499999999999773
01103FB7D9,2023-01-27,08:12:49,16:54:14,122,-6.7,8.66,8:27,17:07,J Male,-14.183333333333337
01103FB7D9,2023-01-28,08:06:47,16:47:54,115,-16.8,8.72,8:26,17:09,J Male,-19.21666666666664
01103FB7D9,2023-01-29,08:15:53,16:58:08,108,-17.1,8.78,8:24,17:11,J Male,-8.116666666666674
01103FB7D9,2023-01-30,08:08:41,16:58:20,97,-11.7,8.83,8:22,17:13,J Male,-13.316666666666663
01103FB7D9,2023-01-31,08:10:32,17:05:27,126,-10.3,8.89,8:21,17:14,J Male,-10.46666666666664
01103FB7D9,2023-02-01,08:11:19,16:54:52,110,-15.5,8.96,8:19,17:16,J Male,-7.683333333333337
01103FB7D9,2023-02-02,08:18:03,16:53:26,85,-16.9,9.02,8:17,17:18,J Male,1.0500000000000114
01103FB7D9,2023-02-03,08:10:24,17:13:29,89,-6.3,9.08,8:16,17:20,J Male,-5.600000000000023
01103FB7D9,2023-02-04,08:01:21,17:25:54,70,-1.8,9.14,8:14,17:22,J Male,-12.649999999999977
01103FB7D9,2023-02-05,08:06:39,17:26:22,69,-2.0,9.2,8:12,17:24,J Male,-5.350000000000023
01103FB7D9,2023-02-06,07:53:54,17:32:24,57,-0.7,9.27,8:10,17:26,J Male,-16.100000000000023
01103FB7D9,2023-02-07,08:09:32,17:36:08,86,0.5,9.33,8:08,17:28,J Male,1.5333333333333599
01103FB7D9,2023-02-08,08:00:55,17:21:24,97,-3.2,9.4,8:06,17:30,J Male,-5.083333333333314
01103FB7D9,2023-02-09,08:15:53,17:35:47,78,-6.1,9.46,8:05,17:32,J Male,10.883333333333326
01103FB7D9,2023-02-10,08:29:08,17:34:34,61,-1.9,9.53,8:03,17:34,J Male,26.133333333333326
01103FB7D9,2023-02-11,08:09:08,17:47:56,69,-2.9,9.59,8:01,17:36,J Male,8.133333333333326
01103FB7D9,2023-02-12,07:53:17,17:45:16,110,-2.6,9.66,7:59,17:38,J Male,-5.71666666666664
01103FB7D9,2023-02-13,07:51:31,17:41:26,71,0.0,9.73,7:57,17:40,J Male,-5.4833333333333485
01103FB7D9,2023-02-14,08:02:49,17:46:36,128,-10.0,9.79,7:55,17:42,J Male,7.816666666666663
01103FBA7C,2023-01-09,08:38:40,16:17:41,75,-8.4,7.81,8:47,16:35,A Female,-8.333333333333371
01103FBA7C,2023-01-10,08:33:29,16:23:51,83,-8.2,7.84,8:46,16:37,A Female,-12.516666666666652
01103FBA7C,2023-01-11,08:37:05,16:06:13,82,-7.2,7.88,8:46,16:38,A Female,-8.916666666666629
01103FBA7C,2023-01-12,08:33:38,16:14:52,90,-12.6,7.92,8:45,16:40,A Female,-11.366666666666674
01103FBA7C,2023-01-13,08:33:21,16:17:25,85,-13.1,7.96,8:44,16:42,A Female,-10.649999999999977
01103FBA7C,2023-01-14,08:48:25,16:21:56,78,-10.7,8.0,8:43,16:43,A Female,5.416666666666629
01103FBA7C,2023-01-15,08:35:31,16:34:04,71,-8.8,8.05,8:42,16:45,A Female,-6.4833333333333485
01103FBA7C,2023-01-16,08:34:20,16:24:27,102,-5.4,8.09,8:41,16:47,A Female,-6.666666666666629
01103FBA7C,2023-01-17,08:34:04,16:28:34,102,-8.8,8.14,8:40,16:48,A Female,-5.93333333333328
01103FBA7C,2023-01-18,08:28:19,16:29:20,91,-13.4,8.18,8:39,16:50,A Female,-10.683333333333337
01103FBA7C,2023-01-19,08:34:35,16:34:16,84,-10.6,8.23,8:38,16:52,A Female,-3.4166666666666288
01103FBA7C,2023-01-20,08:26:28,16:37:53,78,-4.1,8.28,8:37,16:54,A Female,-10.53333333333336
01103FBA7C,2023-01-21,08:37:41,16:44:15,52,0.4,8.33,8:35,16:55,A Female,2.6833333333332803
01103FBA7C,2023-01-22,08:26:03,16:45:49,44,0.5,8.38,8:34,16:57,A Female,-7.949999999999989
01103FBA7C,2023-01-23,08:27:18,16:34:15,42,-2.8,8.44,8:33,16:59,A Female,-5.699999999999989
01103FBA7C,2023-01-24,08:26:56,16:56:57,34,-0.1,8.49,8:31,17:01,A Female,-4.066666666666663
01103FBA7C,2023-01-25,08:28:06,16:54:16,50,-0.7,8.55,8:30,17:03,A Female,-1.8999999999999773
01103FBA7C,2023-01-26,08:24:30,16:36:06,14,4.7,8.6,8:29,17:05,A Female,-4.5
01103FBA7C,2023-01-27,08:28:00,16:22:27,61,-6.7,8.66,8:27,17:07,A Female,1.0
01103FBA7C,2023-01-28,08:25:22,16:21:23,90,-16.8,8.72,8:26,17:09,A Female,-0.6333333333333258
01103FBA7C,2023-01-29,08:25:30,16:17:55,88,-17.1,8.78,8:24,17:11,A Female,1.5
01103FBA7C,2023-01-30,08:15:11,16:24:26,84,-11.7,8.83,8:22,17:13,A Female,-6.816666666666663
01103FBA7C,2023-01-31,08:11:03,16:31:29,116,-10.3,8.89,8:21,17:14,A Female,-9.949999999999989
01103FBA7C,2023-02-01,08:24:53,16:13:36,88,-15.5,8.96,8:19,17:16,A Female,5.883333333333326
01103FBA7C,2023-02-02,08:24:51,16:23:13,88,-16.9,9.02,8:17,17:18,A Female,7.850000000000023
01103FBA7C,2023-02-03,09:16:19,16:46:45,49,-6.3,9.08,8:16,17:20,A Female,60.31666666666672
01103FBA7C,2023-02-04,08:12:30,16:39:44,66,-1.8,9.14,8:14,17:22,A Female,-1.5
01103FBA7C,2023-02-05,08:56:30,16:51:37,50,-2.0,9.2,8:12,17:24,A Female,44.5
01103FBA7C,2023-02-06,08:15:14,16:48:32,30,-0.7,9.27,8:10,17:26,A Female,5.2333333333333485
01103FBA7C,2023-02-07,08:09:45,17:12:04,40,0.5,9.33,8:08,17:28,A Female,1.75
01103FBA7C,2023-02-08,08:02:12,17:05:43,55,-3.2,9.4,8:06,17:30,A Female,-3.8000000000000114
01103FBA7C,2023-02-09,08:13:08,17:15:36,57,-6.1,9.46,8:05,17:32,A Female,8.133333333333326
01103FBA7C,2023-02-10,08:27:46,17:22:22,45,-1.9,9.53,8:03,17:34,A Female,24.76666666666665
01103FBA7C,2023-02-11,08:02:57,17:23:48,24,-2.9,9.59,8:01,17:36,A Female,1.9499999999999886
01103FBA7C,2023-02-12,08:03:47,17:29:45,45,-2.6,9.66,7:59,17:38,A Female,4.78333333333336
01103FBA7C,2023-02-13,08:01:00,17:14:37,53,0.0,9.73,7:57,17:40,A Female,4.0
01103FBA7C,2023-02-14,08:14:59,17:05:41,32,-10.0,9.79,7:55,17:42,A Female,19.98333333333335
01103FBBD7,2023-01-09,08:38:34,16:31:39,84,-8.4,7.81,8:47,16:35,A Male,-8.43333333333328
01103FBBD7,2023-01-10,08:41:44,16:33:47,148,-8.2,7.84,8:46,16:37,A Male,-4.2666666666666515
01103FBBD7,2023-01-11,08:44:35,16:27:32,150,-7.2,7.88,8:46,16:38,A Male,-1.4166666666666288
01103FBBD7,2023-01-12,08:37:13,16:27:29,133,-12.6,7.92,8:45,16:40,A Male,-7.783333333333303
01103FBBD7,2023-01-13,08:38:14,16:36:02,96,-13.1,7.96,8:44,16:42,A Male,-5.7666666666666515
01103FBBD7,2023-01-14,08:33:44,16:22:43,74,-10.7,8.0,8:43,16:43,A Male,-9.266666666666652
01103FBBD7,2023-01-15,08:32:03,16:29:55,60,-8.8,8.05,8:42,16:45,A Male,-9.950000000000045
01103FBBD7,2023-01-16,08:33:46,16:24:55,98,-5.4,8.09,8:41,16:47,A Male,-7.2333333333333485
01103FBBD7,2023-01-17,08:31:06,16:41:13,100,-8.8,8.14,8:40,16:48,A Male,-8.899999999999977
01103FBBD7,2023-01-18,08:34:47,16:34:46,101,-13.4,8.18,8:39,16:50,A Male,-4.216666666666697
01103FBBD7,2023-01-19,08:25:34,16:26:58,74,-10.6,8.23,8:38,16:52,A Male,-12.433333333333337
01103FBBD7,2023-01-20,08:25:34,16:37:17,64,-4.1,8.28,8:37,16:54,A Male,-11.433333333333337
01103FBBD7,2023-01-21,08:39:22,16:04:15,27,0.4,8.33,8:35,16:55,A Male,4.366666666666674
01103FBBD7,2023-01-22,08:24:03,13:38:58,15,0.5,8.38,8:34,16:57,A Male,-9.949999999999989
01103FBBD7,2023-01-23,08:34:56,16:48:18,23,-2.8,8.44,8:33,16:59,A Male,1.9333333333332803
01103FBBD7,2023-01-24,08:25:50,16:52:35,34,-0.1,8.49,8:31,17:01,A Male,-5.166666666666686
01103FBBD7,2023-01-25,08:29:53,16:57:48,59,-0.7,8.55,8:30,17:03,A Male,-0.11666666666667425
01103FBBD7,2023-01-26,08:27:08,17:00:18,26,4.7,8.6,8:29,17:05,A Male,-1.8666666666666742
01103FBBD7,2023-01-27,08:19:42,16:30:48,106,-6.7,8.66,8:27,17:07,A Male,-7.300000000000011
01103FBBD7,2023-01-28,09:24:14,16:26:09,21,-16.8,8.72,8:26,17:09,A Male,58.23333333333335
01103FBBD7,2023-01-29,08:16:31,16:28:02,87,-17.1,8.78,8:24,17:11,A Male,-7.4833333333333485
01103FBBD7,2023-01-30,08:21:16,16:46:30,95,-11.7,8.83,8:22,17:13,A Male,-0.7333333333333485
01103FBBD7,2023-01-31,08:23:36,16:35:02,112,-10.3,8.89,8:21,17:14,A Male,2.6000000000000227
01103FBBD7,2023-02-01,08:27:39,16:25:44,114,-15.5,8.96,8:19,17:16,A Male,8.649999999999977
01103FBBD7,2023-02-02,08:23:50,16:35:21,84,-16.9,9.02,8:17,17:18,A Male,6.833333333333314
01103FBBD7,2023-02-03,08:35:10,17:00:22,39,-6.3,9.08,8:16,17:20,A Male,19.16666666666663
01103FBBD7,2023-02-04,08:31:03,17:09:51,48,-1.8,9.14,8:14,17:22,A Male,17.05000000000001
01103FBBD7,2023-02-05,08:12:22,17:04:02,30,-2.0,9.2,8:12,17:24,A Male,0.36666666666667425
01103FBBD7,2023-02-06,08:16:03,17:12:20,57,-0.7,9.27,8:10,17:26,A Male,6.050000000000011
01103FBBD7,2023-02-07,08:20:48,17:11:50,62,0.5,9.33,8:08,17:28,A Male,12.800000000000011
01103FBBD7,2023-02-08,07:58:37,17:20:54,84,-3.2,9.4,8:06,17:30,A Male,-7.383333333333326
01103FBBD7,2023-02-09,08:02:29,17:20:05,37,-6.1,9.46,8:05,17:32,A Male,-2.5166666666666515
01103FBBD7,2023-02-10,08:46:18,17:21:47,32,-1.9,9.53,8:03,17:34,A Male,43.299999999999955
01103FBBD7,2023-02-11,08:08:36,17:25:11,62,-2.9,9.59,8:01,17:36,A Male,7.600000000000023
01103FBBD7,2023-02-12,09:30:45,17:42:49,73,-2.6,9.66,7:59,17:38,A Male,91.75
01103FBBD7,2023-02-13,08:07:56,17:08:33,43,0.0,9.73,7:57,17:40,A Male,10.933333333333337
01103FBBD7,2023-02-14,07:58:58,17:27:34,71,-10.0,9.79,7:55,17:42,A Male,3.96666666666664
01103FBC46,2023-01-09,09:09:56,16:46:59,54,-8.4,7.81,8:47,16:35,J Male,22.93333333333328
01103FBC46,2023-01-10,08:36:36,16:43:12,65,-8.2,7.84,8:46,16:37,J Male,-9.399999999999977
01103FBC46,2023-01-11,09:04:09,16:34:54,49,-7.2,7.88,8:46,16:38,J Male,18.149999999999977
01103FBC46,2023-01-12,08:33:39,16:34:16,51,-12.6,7.92,8:45,16:40,J Male,-11.350000000000023
01103FBC46,2023-01-13,08:41:07,16:36:26,77,-13.1,7.96,8:44,16:42,J Male,-2.8833333333333258
01103FBC46,2023-01-14,08:38:55,16:43:59,72,-10.7,8.0,8:43,16:43,J Male,-4.083333333333371
01103FBC46,2023-01-15,08:31:43,16:40:30,75,-8.8,8.05,8:42,16:45,J Male,-10.28333333333336
01103FBC46,2023-01-16,08:35:32,16:36:50,61,-5.4,8.09,8:41,16:47,J Male,-5.466666666666697
01103FBC46,2023-01-17,08:32:39,16:45:33,60,-8.8,8.14,8:40,16:48,J Male,-7.350000000000023
01103FBC46,2023-01-18,08:27:26,16:45:11,63,-13.4,8.18,8:39,16:50,J Male,-11.566666666666663
01103FBC46,2023-01-19,09:37:17,16:43:48,56,-10.6,8.23,8:38,16:52,J Male,59.2833333333333
01103FBC46,2023-01-20,09:04:12,16:59:20,64,-4.1,8.28,8:37,16:54,J Male,27.200000000000045
01103FBC46,2023-01-21,13:09:12,16:56:23,20,0.4,8.33,8:35,16:55,J Male,274.20000000000005
01103FBC46,2023-01-22,08:23:35,17:05:47,46,0.5,8.38,8:34,16:57,J Male,-10.416666666666686
01103FBC46,2023-01-23,08:23:36,16:59:47,44,-2.8,8.44,8:33,16:59,J Male,-9.399999999999977
01103FBC46,2023-01-24,10:13:11,17:13:20,46,-0.1,8.49,8:31,17:01,J Male,102.18333333333328
01103FBC46,2023-01-25,09:21:52,17:01:45,36,-0.7,8.55,8:30,17:03,J Male,51.866666666666674
01103FBC46,2023-01-26,08:29:52,17:05:26,33,4.7,8.6,8:29,17:05,J Male,0.8666666666666742
01103FBC46,2023-01-27,08:25:55,16:25:56,63,-6.7,8.66,8:27,17:07,J Male,-1.0833333333333144
01103FBC46,2023-01-28,08:24:22,16:39:12,87,-16.8,8.72,8:26,17:09,J Male,-1.6333333333333258
01103FBC46,2023-01-29,10:05:08,16:47:52,67,-17.1,8.78,8:24,17:11,J Male,101.13333333333333
01103FBC46,2023-01-30,08:20:45,16:49:14,52,-11.7,8.83,8:22,17:13,J Male,-1.25
01103FBC46,2023-01-31,08:19:15,16:38:00,68,-10.3,8.89,8:21,17:14,J Male,-1.75
01103FBC46,2023-02-01,09:05:20,16:29:52,99,-15.5,8.96,8:19,17:16,J Male,46.33333333333337
01103FBC46,2023-02-02,08:27:11,16:27:40,60,-16.9,9.02,8:17,17:18,J Male,10.183333333333337
01103FBC46,2023-02-03,08:55:33,17:15:26,67,-6.3,9.08,8:16,17:20,J Male,39.549999999999955
01103FBC46,2023-02-04,12:01:04,17:21:20,31,-1.8,9.14,8:14,17:22,J Male,227.06666666666672
01103FBC46,2023-02-05,09:57:49,17:24:11,41,-2.0,9.2,8:12,17:24,J Male,105.81666666666672
01103FBC46,2023-02-06,14:44:21,17:19:03,24,-0.7,9.27,8:10,17:26,J Male,394.35
01103FBC46,2023-02-07,08:58:17,17:28:35,41,0.5,9.33,8:08,17:28,J Male,50.2833333333333
01103FBC46,2023-02-08,08:16:28,17:33:05,65,-3.2,9.4,8:06,17:30,J Male,10.46666666666664
01103FBC46,2023-02-09,08:56:05,17:29:03,41,-6.1,9.46,8:05,17:32,J Male,51.08333333333337
01103FBC46,2023-02-10,08:10:44,17:43:59,50,-1.9,9.53,8:03,17:34,J Male,7.7333333333333485
01103FBC46,2023-02-11,15:59:18,17:45:23,22,-2.9,9.59,8:01,17:36,J Male,478.29999999999995
01103FBC46,2023-02-12,11:14:31,17:49:10,53,-2.6,9.66,7:59,17:38,J Male,195.51666666666665
01103FBC46,2023-02-13,08:37:02,17:49:04,44,0.0,9.73,7:57,17:40,J Male,40.0333333333333
01103FBC46,2023-02-14,09:41:35,17:45:48,53,-10.0,9.79,7:55,17:42,J Male,106.58333333333337
01103FBCBC,2023-01-09,08:29:27,16:11:28,82,-8.4,7.81,8:47,16:35,A Male,-17.55000000000001
01103FBCBC,2023-01-10,08:33:08,16:13:56,82,-8.2,7.84,8:46,16:37,A Male,-12.866666666666674
01103FBCBC,2023-01-11,08:35:40,16:17:34,80,-7.2,7.88,8:46,16:38,A Male,-10.333333333333371
01103FBCBC,2023-01-12,08:29:03,16:16:38,78,-12.6,7.92,8:45,16:40,A Male,-15.949999999999989
01103FBCBC,2023-01-13,08:30:23,16:15:09,85,-13.1,7.96,8:44,16:42,A Male,-13.616666666666674
01103FBCBC,2023-01-14,08:28:06,16:20:02,94,-10.7,8.0,8:43,16:43,A Male,-14.899999999999977
01103FBCBC,2023-01-15,08:34:48,16:26:01,68,-8.8,8.05,8:42,16:45,A Male,-7.2000000000000455
01103FBCBC,2023-01-16,08:29:09,16:09:34,99,-5.4,8.09,8:41,16:47,A Male,-11.850000000000023
01103FBCBC,2023-01-17,08:27:59,16:23:34,86,-8.8,8.14,8:40,16:48,A Male,-12.016666666666652
01103FBCBC,2023-01-18,08:27:56,16:27:59,90,-13.4,8.18,8:39,16:50,A Male,-11.066666666666663
01103FBCBC,2023-01-19,08:34:49,16:33:38,93,-10.6,8.23,8:38,16:52,A Male,-3.1833333333332803
01103FBCBC,2023-01-20,08:28:34,16:38:09,91,-4.1,8.28,8:37,16:54,A Male,-8.433333333333337
01103FBCBC,2023-01-21,08:49:40,16:43:51,69,0.4,8.33,8:35,16:55,A Male,14.666666666666629
01103FBCBC,2023-01-22,08:25:47,16:40:23,75,0.5,8.38,8:34,16:57,A Male,-8.21666666666664
01103FBCBC,2023-01-23,08:23:21,16:28:00,68,-2.8,8.44,8:33,16:59,A Male,-9.649999999999977
01103FBCBC,2023-01-24,08:31:20,16:55:23,74,-0.1,8.49,8:31,17:01,A Male,0.3333333333333144
01103FBCBC,2023-01-25,08:19:09,16:45:33,72,-0.7,8.55,8:30,17:03,A Male,-10.850000000000023
01103FBCBC,2023-01-26,08:17:44,16:44:38,62,4.7,8.6,8:29,17:05,A Male,-11.266666666666652
01103FBCBC,2023-01-27,08:21:52,16:19:53,69,-6.7,8.66,8:27,17:07,A Male,-5.133333333333326
01103FBCBC,2023-01-28,08:19:38,16:19:54,69,-16.8,8.72,8:26,17:09,A Male,-6.366666666666674
01103FBCBC,2023-01-29,08:15:11,16:04:00,67,-17.1,8.78,8:24,17:11,A Male,-8.816666666666663
01103FBCBC,2023-01-30,08:13:36,16:34:53,97,-11.7,8.83,8:22,17:13,A Male,-8.399999999999977
01103FBCBC,2023-01-31,08:10:33,16:15:18,117,-10.3,8.89,8:21,17:14,A Male,-10.449999999999989
01103FBCBC,2023-02-01,08:13:57,16:08:37,120,-15.5,8.96,8:19,17:16,A Male,-5.050000000000011
01103FBCBC,2023-02-02,08:13:28,16:32:58,102,-16.9,9.02,8:17,17:18,A Male,-3.53333333333336
01103FBCBC,2023-02-03,08:20:57,17:00:34,98,-6.3,9.08,8:16,17:20,A Male,4.949999999999989
01103FBCBC,2023-02-04,08:20:11,17:10:35,130,-1.8,9.14,8:14,17:22,A Male,6.183333333333337
01103FBCBC,2023-02-05,08:41:52,17:05:49,99,-2.0,9.2,8:12,17:24,A Male,29.866666666666674
01103FBCBC,2023-02-06,08:18:24,17:05:50,86,-0.7,9.27,8:10,17:26,A Male,8.399999999999977
01103FBCBC,2023-02-07,08:12:41,17:16:24,79,0.5,9.33,8:08,17:28,A Male,4.683333333333337
01103FBCBC,2023-02-08,08:05:48,17:15:59,73,-3.2,9.4,8:06,17:30,A Male,-0.19999999999998863
01103FBCBC,2023-02-09,08:28:00,17:03:28,57,-6.1,9.46,8:05,17:32,A Male,23.0
01103FBCBC,2023-02-10,07:56:28,17:19:33,88,-1.9,9.53,8:03,17:34,A Male,-6.53333333333336
01103FBCBC,2023-02-11,07:53:05,17:12:36,74,-2.9,9.59,8:01,17:36,A Male,-7.916666666666686
01103FBCBC,2023-02-12,08:07:44,17:27:50,97,-2.6,9.66,7:59,17:38,A Male,8.733333333333348
01103FBCBC,2023-02-13,07:49:44,17:02:02,91,0.0,9.73,7:57,17:40,A Male,-7.2666666666666515
01103FBCBC,2023-02-14,07:55:57,17:02:10,106,-10.0,9.79,7:55,17:42,A Male,0.9499999999999886
01103FC12B,2023-01-09,08:26:29,16:32:36,118,-8.4,7.81,8:47,16:35,A Female,-20.51666666666665
01103FC12B,2023-01-10,08:26:32,16:37:17,117,-8.2,7.84,8:46,16:37,A Female,-19.46666666666664
01103FC12B,2023-01-11,08:27:08,16:37:56,109,-7.2,7.88,8:46,16:38,A Female,-18.866666666666674
01103FC12B,2023-01-12,08:26:49,16:38:01,106,-12.6,7.92,8:45,16:40,A Female,-18.183333333333337
01103FC12B,2023-01-13,08:23:24,16:41:03,119,-13.1,7.96,8:44,16:42,A Female,-20.600000000000023
01103FC12B,2023-01-14,08:28:51,16:40:23,87,-10.7,8.0,8:43,16:43,A Female,-14.149999999999977
01103FC12B,2023-01-15,08:24:33,16:42:20,63,-8.8,8.05,8:42,16:45,A Female,-17.44999999999999
01103FC12B,2023-01-16,08:29:12,16:34:12,93,-5.4,8.09,8:41,16:47,A Female,-11.800000000000011
01103FC12B,2023-01-17,08:33:03,16:44:31,131,-8.8,8.14,8:40,16:48,A Female,-6.9500000000000455
01103FC12B,2023-01-18,08:21:41,16:39:01,119,-13.4,8.18,8:39,16:50,A Female,-17.316666666666663
01103FC12B,2023-01-19,08:21:01,16:52:10,143,-10.6,8.23,8:38,16:52,A Female,-16.98333333333335
01103FC12B,2023-01-20,08:21:51,16:49:52,132,-4.1,8.28,8:37,16:54,A Female,-15.149999999999977
01103FC12B,2023-01-21,08:24:00,16:40:48,106,0.4,8.33,8:35,16:55,A Female,-11.0
01103FC12B,2023-01-22,08:21:45,16:52:00,85,0.5,8.38,8:34,16:57,A Female,-12.25
01103FC12B,2023-01-23,08:27:09,16:59:35,63,-2.8,8.44,8:33,16:59,A Female,-5.850000000000023
01103FC12B,2023-01-24,08:20:24,17:04:31,124,-0.1,8.49,8:31,17:01,A Female,-10.600000000000023
01103FC12B,2023-01-25,08:21:25,16:59:25,110,-0.7,8.55,8:30,17:03,A Female,-8.583333333333314
01103FC12B,2023-01-26,08:16:11,17:00:48,59,4.7,8.6,8:29,17:05,A Female,-12.816666666666663
01103FC12B,2023-01-27,08:15:21,16:44:25,97,-6.7,8.66,8:27,17:07,A Female,-11.649999999999977
01103FC12B,2023-01-28,08:15:47,16:29:44,91,-16.8,8.72,8:26,17:09,A Female,-10.21666666666664
01103FC12B,2023-01-29,08:17:37,16:21:02,85,-17.1,8.78,8:24,17:11,A Female,-6.383333333333326
01103FC12B,2023-01-30,08:10:35,16:51:31,101,-11.7,8.83,8:22,17:13,A Female,-11.416666666666686
01103FC12B,2023-01-31,08:10:44,16:49:07,120,-10.3,8.89,8:21,17:14,A Female,-10.266666666666652
01103FC12B,2023-02-01,08:10:29,16:33:29,122,-15.5,8.96,8:19,17:16,A Female,-8.516666666666652
01103FC12B,2023-02-02,08:22:49,16:38:16,89,-16.9,9.02,8:17,17:18,A Female,5.816666666666663
01103FC12B,2023-02-03,08:09:24,16:51:40,113,-6.3,9.08,8:16,17:20,A Female,-6.600000000000023
01103FC12B,2023-02-04,08:04:30,17:05:50,110,-1.8,9.14,8:14,17:22,A Female,-9.5
01103FC12B,2023-02-05,07:58:55,17:15:00,98,-2.0,9.2,8:12,17:24,A Female,-13.083333333333314
01103FC12B,2023-02-06,07:58:30,17:10:19,84,-0.7,9.27,8:10,17:26,A Female,-11.5
01103FC12B,2023-02-07,07:59:06,17:08:34,95,0.5,9.33,8:08,17:28,A Female,-8.899999999999977
01103FC12B,2023-02-08,07:52:57,17:19:40,121,-3.2,9.4,8:06,17:30,A Female,-13.050000000000011
01103FC12B,2023-02-09,07:52:44,17:20:02,65,-6.1,9.46,8:05,17:32,A Female,-12.266666666666652
01103FC12B,2023-02-10,07:51:18,17:27:16,85,-1.9,9.53,8:03,17:34,A Female,-11.699999999999989
01103FC12B,2023-02-11,07:54:53,17:33:27,91,-2.9,9.59,8:01,17:36,A Female,-6.116666666666674
01103FC12B,2023-02-12,07:49:13,17:41:02,91,-2.6,9.66,7:59,17:38,A Female,-9.78333333333336
01103FC12B,2023-02-13,07:50:09,17:31:17,91,0.0,9.73,7:57,17:40,A Female,-6.850000000000023
01103FC12B,2023-02-14,07:43:19,17:22:13,90,-10.0,9.79,7:55,17:42,A Female,-11.683333333333337
01103FC250,2023-01-09,08:29:18,16:44:12,60,-8.4,7.81,8:47,16:35,J Male,-17.69999999999999
01103FC250,2023-01-10,08:29:55,16:44:28,110,-8.2,7.84,8:46,16:37,J Male,-16.083333333333314
01103FC250,2023-01-11,08:28:11,16:35:54,106,-7.2,7.88,8:46,16:38,J Male,-17.816666666666663
01103FC250,2023-01-12,08:20:53,16:43:19,138,-12.6,7.92,8:45,16:40,J Male,-24.116666666666674
01103FC250,2023-01-13,08:28:07,16:35:48,122,-13.1,7.96,8:44,16:42,J Male,-15.883333333333326
01103FC250,2023-01-14,08:21:33,16:44:29,89,-10.7,8.0,8:43,16:43,J Male,-21.44999999999999
01103FC250,2023-01-15,08:16:18,16:41:51,109,-8.8,8.05,8:42,16:45,J Male,-25.69999999999999
01103FC250,2023-01-16,08:23:07,16:40:24,98,-5.4,8.09,8:41,16:47,J Male,-17.883333333333326
01103FC250,2023-01-17,08:18:49,16:43:11,107,-8.8,8.14,8:40,16:48,J Male,-21.183333333333337
01103FC250,2023-01-18,08:13:00,16:43:41,81,-13.4,8.18,8:39,16:50,J Male,-26.0
01103FC250,2023-01-19,08:16:05,16:24:03,53,-10.6,8.23,8:38,16:52,J Male,-21.916666666666686
01103FC250,2023-01-20,08:28:54,16:56:32,32,-4.1,8.28,8:37,16:54,J Male,-8.100000000000023
01103FC250,2023-01-21,08:27:51,16:12:20,36,0.4,8.33,8:35,16:55,J Male,-7.149999999999977
01103FC250,2023-01-22,08:55:49,17:01:55,20,0.5,8.38,8:34,16:57,J Male,21.81666666666672
01103FC250,2023-01-23,09:26:53,15:34:03,32,-2.8,8.44,8:33,16:59,J Male,53.883333333333326
01103FC250,2023-01-24,08:40:41,16:47:57,31,-0.1,8.49,8:31,17:01,J Male,9.68333333333328
01103FC250,2023-01-25,08:04:13,16:55:52,45,-0.7,8.55,8:30,17:03,J Male,-25.78333333333336
01103FC250,2023-01-26,08:40:17,16:49:06,20,4.7,8.6,8:29,17:05,J Male,11.283333333333303
01103FC250,2023-01-27,08:12:09,16:46:09,56,-6.7,8.66,8:27,17:07,J Male,-14.850000000000023
01103FC250,2023-01-28,08:05:03,16:47:25,55,-16.8,8.72,8:26,17:09,J Male,-20.94999999999999
01103FC250,2023-01-29,08:20:04,16:46:39,32,-17.1,8.78,8:24,17:11,J Male,-3.933333333333337
01103FC250,2023-01-30,08:06:42,16:53:39,53,-11.7,8.83,8:22,17:13,J Male,-15.300000000000011
01103FC250,2023-01-31,08:33:05,16:47:30,57,-10.3,8.89,8:21,17:14,J Male,12.083333333333371
01103FC250,2023-02-01,08:07:34,16:42:36,69,-15.5,8.96,8:19,17:16,J Male,-11.433333333333337
01103FC250,2023-02-02,08:27:29,16:40:05,61,-16.9,9.02,8:17,17:18,J Male,10.483333333333348
01103FC250,2023-02-03,08:10:47,17:02:10,42,-6.3,9.08,8:16,17:20,J Male,-5.21666666666664
01103FC250,2023-02-04,08:30:11,17:19:01,61,-1.8,9.14,8:14,17:22,J Male,16.183333333333337
01103FC250,2023-02-05,08:04:12,17:09:28,71,-2.0,9.2,8:12,17:24,J Male,-7.800000000000011
01103FC250,2023-02-06,08:18:14,17:12:37,49,-0.7,9.27,8:10,17:26,J Male,8.233333333333348
01103FC250,2023-02-07,09:41:11,17:21:28,83,0.5,9.33,8:08,17:28,J Male,93.18333333333328
01103FC250,2023-02-08,07:55:40,17:26:01,85,-3.2,9.4,8:06,17:30,J Male,-10.333333333333314
01103FC250,2023-02-09,08:12:50,17:16:23,86,-6.1,9.46,8:05,17:32,J Male,7.833333333333314
01103FC250,2023-02-10,08:32:47,17:34:10,66,-1.9,9.53,8:03,17:34,J Male,29.783333333333303
01103FC250,2023-02-11,08:06:03,17:28:30,50,-2.9,9.59,8:01,17:36,J Male,5.050000000000011
01103FC250,2023-02-12,07:38:53,17:18:00,59,-2.6,9.66,7:59,17:38,J Male,-20.116666666666674
01103FC250,2023-02-13,08:26:51,17:15:14,41,0.0,9.73,7:57,17:40,J Male,29.850000000000023
01103FC250,2023-02-14,07:44:03,17:32:14,45,-10.0,9.79,7:55,17:42,J Male,-10.949999999999989
01103FC2AF,2023-01-09,08:30:32,16:30:17,68,-8.4,7.81,8:47,16:35,J Male,-16.46666666666664
01103FC2AF,2023-01-10,08:30:40,16:42:05,63,-8.2,7.84,8:46,16:37,J Male,-15.333333333333314
01103FC2AF,2023-01-11,08:37:14,16:25:12,61,-7.2,7.88,8:46,16:38,J Male,-8.766666666666652
01103FC2AF,2023-01-12,08:17:41,16:29:32,68,-12.6,7.92,8:45,16:40,J Male,-27.316666666666663
01103FC2AF,2023-01-13,08:16:38,16:25:08,82,-13.1,7.96,8:44,16:42,J Male,-27.366666666666674
01103FC2AF,2023-01-14,08:19:15,16:34:35,91,-10.7,8.0,8:43,16:43,J Male,-23.75
01103FC2AF,2023-01-15,08:17:53,16:28:47,75,-8.8,8.05,8:42,16:45,J Male,-24.116666666666674
01103FC2AF,2023-01-16,08:21:00,16:37:10,73,-5.4,8.09,8:41,16:47,J Male,-20.0
01103FC2AF,2023-01-17,08:27:39,16:40:05,53,-8.8,8.14,8:40,16:48,J Male,-12.350000000000023
01103FC2AF,2023-01-18,08:18:00,16:35:18,55,-13.4,8.18,8:39,16:50,J Male,-21.0
01103FC2AF,2023-01-19,08:16:49,16:44:17,71,-10.6,8.23,8:38,16:52,J Male,-21.183333333333337
01103FC2AF,2023-01-20,08:15:57,16:37:25,62,-4.1,8.28,8:37,16:54,J Male,-21.05000000000001
01103FC2AF,2023-01-21,08:27:53,16:51:26,37,0.4,8.33,8:35,16:55,J Male,-7.116666666666674
01103FC2AF,2023-01-22,08:25:55,16:23:46,28,0.5,8.38,8:34,16:57,J Male,-8.083333333333314
01103FC2AF,2023-01-23,08:18:43,15:58:02,50,-2.8,8.44,8:33,16:59,J Male,-14.28333333333336
01103FC2AF,2023-01-24,08:27:10,17:00:11,36,-0.1,8.49,8:31,17:01,J Male,-3.8333333333333144
01103FC2AF,2023-01-25,08:14:38,17:02:21,45,-0.7,8.55,8:30,17:03,J Male,-15.366666666666674
01103FC2AF,2023-01-26,08:10:41,16:41:54,29,4.7,8.6,8:29,17:05,J Male,-18.316666666666663
01103FC2AF,2023-01-27,08:13:51,16:33:09,70,-6.7,8.66,8:27,17:07,J Male,-13.149999999999977
01103FC2AF,2023-01-28,08:04:34,16:31:53,69,-16.8,8.72,8:26,17:09,J Male,-21.433333333333337
01103FC2AF,2023-01-29,08:14:43,16:39:08,85,-17.1,8.78,8:24,17:11,J Male,-9.28333333333336
01103FC2AF,2023-01-30,08:08:18,16:40:14,62,-11.7,8.83,8:22,17:13,J Male,-13.699999999999989
01103FC2AF,2023-01-31,08:11:42,16:31:34,90,-10.3,8.89,8:21,17:14,J Male,-9.300000000000011
01103FC2AF,2023-02-01,08:15:51,16:20:52,98,-15.5,8.96,8:19,17:16,J Male,-3.1499999999999773
01103FC2AF,2023-02-02,08:04:46,16:31:16,91,-16.9,9.02,8:17,17:18,J Male,-12.233333333333348
01103FC2AF,2023-02-03,08:08:24,16:43:09,68,-6.3,9.08,8:16,17:20,J Male,-7.600000000000023
01103FC2AF,2023-02-04,08:02:07,16:45:32,66,-1.8,9.14,8:14,17:22,J Male,-11.883333333333326
01103FC2AF,2023-02-05,08:01:41,16:52:32,65,-2.0,9.2,8:12,17:24,J Male,-10.316666666666663
01103FC2AF,2023-02-06,08:00:41,17:14:14,44,-0.7,9.27,8:10,17:26,J Male,-9.316666666666663
01103FC2AF,2023-02-07,07:57:27,16:51:58,27,0.5,9.33,8:08,17:28,J Male,-10.550000000000011
01103FC2AF,2023-02-08,07:51:25,17:03:39,58,-3.2,9.4,8:06,17:30,J Male,-14.583333333333314
01103FC2AF,2023-02-09,07:50:23,17:00:21,71,-6.1,9.46,8:05,17:32,J Male,-14.616666666666674
01103FC2AF,2023-02-10,07:49:23,17:13:00,47,-1.9,9.53,8:03,17:34,J Male,-13.616666666666674
01103FC2AF,2023-02-11,07:54:38,17:09:00,42,-2.9,9.59,8:01,17:36,J Male,-6.366666666666674
01103FC2AF,2023-02-12,07:50:33,17:32:13,52,-2.6,9.66,7:59,17:38,J Male,-8.449999999999989
01103FC2AF,2023-02-13,07:49:21,17:07:06,30,0.0,9.73,7:57,17:40,J Male,-7.649999999999977
01103FC2AF,2023-02-14,07:45:50,17:07:45,62,-10.0,9.79,7:55,17:42,J Male,-9.166666666666686
01103FC468,2023-01-09,08:32:45,16:30:19,24,-8.4,7.81,8:47,16:35,A Female,-14.25
01103FC468,2023-01-10,08:39:22,16:39:12,22,-8.2,7.84,8:46,16:37,A Female,-6.633333333333326
01103FC468,2023-01-11,08:35:13,16:28:42,22,-7.2,7.88,8:46,16:38,A Female,-10.783333333333303
01103FC468,2023-01-12,08:32:06,16:24:12,26,-12.6,7.92,8:45,16:40,A Female,-12.899999999999977
01103FC468,2023-01-13,08:28:15,16:21:49,38,-13.1,7.96,8:44,16:42,A Female,-15.75
01103FC468,2023-01-14,08:33:57,16:27:16,38,-10.7,8.0,8:43,16:43,A Female,-9.049999999999955
01103FC468,2023-01-15,08:28:40,16:32:08,31,-8.8,8.05,8:42,16:45,A Female,-13.333333333333314
01103FC468,2023-01-16,08:35:20,16:32:32,44,-5.4,8.09,8:41,16:47,A Female,-5.666666666666629
01103FC468,2023-01-17,08:35:29,16:27:39,32,-8.8,8.14,8:40,16:48,A Female,-4.5166666666666515
01103FC468,2023-01-18,08:29:26,16:33:26,36,-13.4,8.18,8:39,16:50,A Female,-9.566666666666663
01103FC468,2023-01-19,08:43:49,16:43:11,54,-10.6,8.23,8:38,16:52,A Female,5.81666666666672
01103FC468,2023-01-20,08:21:11,16:47:09,34,-4.1,8.28,8:37,16:54,A Female,-15.816666666666663
01103FC468,2023-01-21,08:22:42,16:49:53,24,0.4,8.33,8:35,16:55,A Female,-12.300000000000011
01103FC468,2023-01-22,08:19:07,16:49:15,33,0.5,8.38,8:34,16:57,A Female,-14.883333333333326
01103FC468,2023-01-24,08:44:05,17:00:56,14,-0.1,8.49,8:31,17:01,A Female,13.083333333333371
01103FC468,2023-01-27,08:23:48,16:23:11,24,-6.7,8.66,8:27,17:07,A Female,-3.1999999999999886
01103FC468,2023-01-28,08:54:07,16:21:17,23,-16.8,8.72,8:26,17:09,A Female,28.116666666666674
01103FC468,2023-01-29,08:31:48,16:27:35,27,-17.1,8.78,8:24,17:11,A Female,7.800000000000011
01103FC468,2023-01-30,09:11:21,16:42:11,25,-11.7,8.83,8:22,17:13,A Female,49.35000000000002
01103FC468,2023-01-31,08:13:47,16:41:15,26,-10.3,8.89,8:21,17:14,A Female,-7.21666666666664
01103FC468,2023-02-01,08:13:13,16:29:25,47,-15.5,8.96,8:19,17:16,A Female,-5.78333333333336
01103FC468,2023-02-02,08:31:33,16:33:58,53,-16.9,9.02,8:17,17:18,A Female,14.550000000000011
01103FC468,2023-02-03,09:54:13,16:52:34,11,-6.3,9.08,8:16,17:20,A Female,98.2166666666667
01103FC468,2023-02-04,08:15:51,16:55:18,16,-1.8,9.14,8:14,17:22,A Female,1.8500000000000227
01103FC468,2023-02-05,08:52:32,17:01:05,14,-2.0,9.2,8:12,17:24,A Female,40.5333333333333
01103FC468,2023-02-06,09:22:36,17:07:17,29,-0.7,9.27,8:10,17:26,A Female,72.60000000000002
01103FC468,2023-02-07,08:02:05,17:10:45,11,0.5,9.33,8:08,17:28,A Female,-5.916666666666686
01103FC468,2023-02-08,08:01:29,17:19:53,23,-3.2,9.4,8:06,17:30,A Female,-4.5166666666666515
01103FC468,2023-02-09,08:02:12,17:17:55,22,-6.1,9.46,8:05,17:32,A Female,-2.8000000000000114
01103FC468,2023-02-10,08:06:34,16:13:09,22,-1.9,9.53,8:03,17:34,A Female,3.566666666666663
01103FC468,2023-02-12,08:15:48,17:18:04,13,-2.6,9.66,7:59,17:38,A Female,16.80000000000001
01103FC468,2023-02-13,07:52:02,17:01:47,12,0.0,9.73,7:57,17:40,A Female,-4.96666666666664
01103FC468,2023-02-14,08:06:32,17:18:19,13,-10.0,9.79,7:55,17:42,A Female,11.53333333333336
01103FC52C,2023-01-09,08:45:56,16:19:23,72,-8.4,7.81,8:47,16:35,A Male,-1.0666666666667197
01103FC52C,2023-01-10,08:36:23,16:43:27,99,-8.2,7.84,8:46,16:37,A Male,-9.616666666666674
01103FC52C,2023-01-11,08:41:40,16:34:09,84,-7.2,7.88,8:46,16:38,A Male,-4.333333333333371
01103FC52C,2023-01-12,08:33:15,16:32:08,99,-12.6,7.92,8:45,16:40,A Male,-11.75
01103FC52C,2023-01-13,08:37:47,16:35:03,125,-13.1,7.96,8:44,16:42,A Male,-6.216666666666697
01103FC52C,2023-01-14,08:37:37,16:26:56,91,-10.7,8.0,8:43,16:43,A Male,-5.383333333333326
01103FC52C,2023-01-15,08:31:37,16:41:11,114,-8.8,8.05,8:42,16:45,A Male,-10.383333333333326
01103FC52C,2023-01-16,08:35:17,16:32:19,94,-5.4,8.09,8:41,16:47,A Male,-5.716666666666697
01103FC52C,2023-01-17,09:02:15,16:45:15,95,-8.8,8.14,8:40,16:48,A Male,22.25
01103FC52C,2023-01-18,08:32:06,16:36:31,104,-13.4,8.18,8:39,16:50,A Male,-6.899999999999977
01103FC52C,2023-01-19,08:33:38,16:47:16,102,-10.6,8.23,8:38,16:52,A Male,-4.366666666666674
01103FC52C,2023-01-20,08:32:06,17:01:37,71,-4.1,8.28,8:37,16:54,A Male,-4.899999999999977
01103FC52C,2023-01-21,08:59:41,16:52:14,68,0.4,8.33,8:35,16:55,A Male,24.68333333333328
01103FC52C,2023-01-22,08:37:16,16:47:07,67,0.5,8.38,8:34,16:57,A Male,3.2666666666666515
01103FC52C,2023-01-23,08:42:21,16:58:50,68,-2.8,8.44,8:33,16:59,A Male,9.350000000000023
01103FC52C,2023-01-24,08:26:03,16:58:21,62,-0.1,8.49,8:31,17:01,A Male,-4.949999999999989
01103FC52C,2023-01-25,08:26:50,16:51:14,55,-0.7,8.55,8:30,17:03,A Male,-3.1666666666666856
01103FC52C,2023-01-26,08:28:56,17:07:52,52,4.7,8.6,8:29,17:05,A Male,-0.06666666666666288
01103FC52C,2023-01-27,08:25:49,16:27:44,80,-6.7,8.66,8:27,17:07,A Male,-1.1833333333333371
01103FC52C,2023-01-28,08:24:07,15:59:27,93,-16.8,8.72,8:26,17:09,A Male,-1.8833333333333258
01103FC52C,2023-01-29,08:19:51,16:40:13,87,-17.1,8.78,8:24,17:11,A Male,-4.149999999999977
01103FC52C,2023-01-30,08:19:48,16:49:48,102,-11.7,8.83,8:22,17:13,A Male,-2.1999999999999886
01103FC52C,2023-01-31,08:18:46,16:42:57,116,-10.3,8.89,8:21,17:14,A Male,-2.2333333333333485
01103FC52C,2023-02-01,08:25:11,16:33:16,152,-15.5,8.96,8:19,17:16,A Male,6.183333333333337
01103FC52C,2023-02-02,08:24:50,16:06:54,107,-16.9,9.02,8:17,17:18,A Male,7.833333333333314
01103FC52C,2023-02-03,08:23:22,16:53:37,85,-6.3,9.08,8:16,17:20,A Male,7.366666666666674
01103FC52C,2023-02-04,08:13:49,16:56:27,75,-1.8,9.14,8:14,17:22,A Male,-0.18333333333333712
01103FC52C,2023-02-05,08:38:18,17:22:40,68,-2.0,9.2,8:12,17:24,A Male,26.299999999999955
01103FC52C,2023-02-06,08:11:59,17:21:10,65,-0.7,9.27,8:10,17:26,A Male,1.9833333333333485
01103FC52C,2023-02-07,08:32:24,17:10:48,54,0.5,9.33,8:08,17:28,A Male,24.399999999999977
01103FC52C,2023-02-08,08:08:58,17:09:39,79,-3.2,9.4,8:06,17:30,A Male,2.96666666666664
01103FC52C,2023-02-09,08:20:24,17:22:43,80,-6.1,9.46,8:05,17:32,A Male,15.399999999999977
01103FC52C,2023-02-10,08:07:41,16:38:50,62,-1.9,9.53,8:03,17:34,A Male,4.683333333333337
01103FC52C,2023-02-11,11:43:18,17:45:56,50,-2.9,9.59,8:01,17:36,A Male,222.29999999999995
01103FC52C,2023-02-12,09:38:04,17:09:27,50,-2.6,9.66,7:59,17:38,A Male,99.06666666666672
01103FC52C,2023-02-13,08:32:31,17:25:13,63,0.0,9.73,7:57,17:40,A Male,35.51666666666665
01103FC52C,2023-02-14,08:03:15,17:31:23,70,-10.0,9.79,7:55,17:42,A Male,8.25
01103FC816,2023-01-09,08:28:39,16:57:15,84,-8.4,7.81,8:47,16:35,J Male,-18.350000000000023
01103FC816,2023-01-10,08:27:54,16:48:56,73,-8.2,7.84,8:46,16:37,J Male,-18.100000000000023
01103FC816,2023-01-11,08:25:31,16:56:28,96,-7.2,7.88,8:46,16:38,J Male,-20.48333333333335
01103FC816,2023-01-12,08:22:20,16:57:32,90,-12.6,7.92,8:45,16:40,J Male,-22.666666666666686
01103FC816,2023-01-13,08:21:26,16:54:25,87,-13.1,7.96,8:44,16:42,J Male,-22.566666666666663
01103FC816,2023-01-14,08:22:43,17:06:38,81,-10.7,8.0,8:43,16:43,J Male,-20.28333333333336
01103FC816,2023-01-15,08:18:08,17:07:30,71,-8.8,8.05,8:42,16:45,J Male,-23.866666666666674
01103FC816,2023-01-16,08:35:22,17:06:53,76,-5.4,8.09,8:41,16:47,J Male,-5.633333333333326
01103FC816,2023-01-17,08:29:02,17:00:31,92,-8.8,8.14,8:40,16:48,J Male,-10.96666666666664
01103FC816,2023-01-18,08:22:36,17:02:37,126,-13.4,8.18,8:39,16:50,J Male,-16.399999999999977
01103FC816,2023-01-19,08:30:33,17:07:20,68,-10.6,8.23,8:38,16:52,J Male,-7.449999999999989
01103FC816,2023-01-20,08:22:43,17:14:06,80,-4.1,8.28,8:37,16:54,J Male,-14.28333333333336
01103FC816,2023-01-21,08:34:03,16:34:34,54,0.4,8.33,8:35,16:55,J Male,-0.9500000000000455
01103FC816,2023-01-22,08:19:21,17:09:17,75,0.5,8.38,8:34,16:57,J Male,-14.649999999999977
01103FC816,2023-01-23,08:26:58,17:22:27,60,-2.8,8.44,8:33,16:59,J Male,-6.03333333333336
01103FC816,2023-01-24,12:03:19,17:16:19,37,-0.1,8.49,8:31,17:01,J Male,212.31666666666672
01103FC816,2023-01-25,08:25:30,17:20:06,58,-0.7,8.55,8:30,17:03,J Male,-4.5
01103FC816,2023-01-26,08:49:06,17:16:05,47,4.7,8.6,8:29,17:05,J Male,20.100000000000023
01103FC816,2023-01-27,08:19:53,16:59:21,76,-6.7,8.66,8:27,17:07,J Male,-7.116666666666674
01103FC816,2023-01-28,08:06:25,16:59:19,73,-16.8,8.72,8:26,17:09,J Male,-19.583333333333314
01103FC816,2023-01-29,08:14:52,17:07:48,88,-17.1,8.78,8:24,17:11,J Male,-9.133333333333326
01103FC816,2023-01-30,08:16:13,17:14:14,89,-11.7,8.83,8:22,17:13,J Male,-5.78333333333336
01103FC816,2023-01-31,08:07:57,17:09:20,105,-10.3,8.89,8:21,17:14,J Male,-13.050000000000011
01103FC816,2023-02-01,08:02:43,17:07:08,121,-15.5,8.96,8:19,17:16,J Male,-16.28333333333336
01103FC816,2023-02-02,08:05:47,17:03:27,95,-16.9,9.02,8:17,17:18,J Male,-11.21666666666664
01103FC816,2023-02-03,08:11:08,17:32:05,81,-6.3,9.08,8:16,17:20,J Male,-4.866666666666674
01103FC816,2023-02-04,08:28:34,17:33:53,56,-1.8,9.14,8:14,17:22,J Male,14.566666666666663
01103FC816,2023-02-05,08:04:36,17:32:52,59,-2.0,9.2,8:12,17:24,J Male,-7.399999999999977
01103FC816,2023-02-06,08:37:00,17:33:35,37,-0.7,9.27,8:10,17:26,J Male,27.0
01103FC816,2023-02-07,08:15:47,17:23:34,42,0.5,9.33,8:08,17:28,J Male,7.78333333333336
01103FC816,2023-02-08,07:46:00,17:43:24,76,-3.2,9.4,8:06,17:30,J Male,-20.0
01103FC816,2023-02-09,07:51:02,17:46:33,64,-6.1,9.46,8:05,17:32,J Male,-13.96666666666664
01103FC816,2023-02-10,08:06:41,17:27:33,30,-1.9,9.53,8:03,17:34,J Male,3.683333333333337
01103FC816,2023-02-11,07:52:08,17:05:36,24,-2.9,9.59,8:01,17:36,J Male,-8.866666666666674
01103FC816,2023-02-12,10:09:36,17:41:57,37,-2.6,9.66,7:59,17:38,J Male,130.60000000000002
01103FC816,2023-02-13,07:55:47,17:51:30,25,0.0,9.73,7:57,17:40,J Male,-1.2166666666666401
01103FC816,2023-02-14,07:49:14,17:43:32,35,-10.0,9.79,7:55,17:42,J Male,-5.7666666666666515
01103FCAE4,2023-01-09,08:46:41,16:12:53,140,-8.4,7.81,8:47,16:35,J Male,-0.3166666666667197
01103FCAE4,2023-01-10,08:54:13,16:37:28,130,-8.2,7.84,8:46,16:37,J Male,8.216666666666697
01103FCAE4,2023-01-11,08:47:39,16:35:09,101,-7.2,7.88,8:46,16:38,J Male,1.6499999999999773
01103FCAE4,2023-01-12,08:44:23,16:23:15,111,-12.6,7.92,8:45,16:40,J Male,-0.6166666666666742
01103FCAE4,2023-01-13,08:44:16,16:14:29,106,-13.1,7.96,8:44,16:42,J Male,0.2666666666666515
01103FCAE4,2023-01-14,08:54:43,16:32:52,115,-10.7,8.0,8:43,16:43,J Male,11.716666666666697
01103FCAE4,2023-01-15,09:01:11,16:14:08,83,-8.8,8.05,8:42,16:45,J Male,19.18333333333328
01103FCAE4,2023-01-16,08:46:42,16:27:29,84,-5.4,8.09,8:41,16:47,J Male,5.7000000000000455
01103FCAE4,2023-01-17,08:47:09,16:34:29,92,-8.8,8.14,8:40,16:48,J Male,7.149999999999977
01103FCAE4,2023-01-18,08:57:15,16:32:53,68,-13.4,8.18,8:39,16:50,J Male,18.25
01103FCAE4,2023-01-19,08:42:41,16:44:55,105,-10.6,8.23,8:38,16:52,J Male,4.68333333333328
01103FCAE4,2023-01-20,08:45:17,16:50:27,89,-4.1,8.28,8:37,16:54,J Male,8.283333333333303
01103FCAE4,2023-01-21,09:17:23,16:50:42,84,0.4,8.33,8:35,16:55,J Male,42.383333333333326
01103FCAE4,2023-01-22,10:36:55,16:57:07,53,0.5,8.38,8:34,16:57,J Male,122.91666666666663
01103FCAE4,2023-01-23,09:26:10,16:54:37,77,-2.8,8.44,8:33,16:59,J Male,53.16666666666663
01103FCAE4,2023-01-24,09:02:15,17:06:31,69,-0.1,8.49,8:31,17:01,J Male,31.25
01103FCAE4,2023-01-25,09:58:28,16:58:09,95,-0.7,8.55,8:30,17:03,J Male,88.4666666666667
01103FCAE4,2023-01-26,10:02:13,16:53:46,47,4.7,8.6,8:29,17:05,J Male,93.2166666666667
01103FCAE4,2023-01-27,08:32:26,16:27:00,113,-6.7,8.66,8:27,17:07,J Male,5.43333333333328
01103FCAE4,2023-01-28,08:24:03,16:42:37,97,-16.8,8.72,8:26,17:09,J Male,-1.9499999999999886
01103FCAE4,2023-01-29,09:59:34,16:21:51,93,-17.1,8.78,8:24,17:11,J Male,95.56666666666672
01103FCAE4,2023-01-30,09:34:10,16:25:26,129,-11.7,8.83,8:22,17:13,J Male,72.16666666666663
01103FCAE4,2023-01-31,08:50:12,16:39:04,110,-10.3,8.89,8:21,17:14,J Male,29.200000000000045
01103FCAE4,2023-02-01,08:26:32,16:32:24,117,-15.5,8.96,8:19,17:16,J Male,7.53333333333336
01103FCAE4,2023-02-02,08:33:21,16:46:20,95,-16.9,9.02,8:17,17:18,J Male,16.350000000000023
01103FCAE4,2023-02-03,10:09:25,16:57:10,91,-6.3,9.08,8:16,17:20,J Male,113.41666666666663
01103FCAE4,2023-02-04,08:41:06,16:52:59,75,-1.8,9.14,8:14,17:22,J Male,27.100000000000023
01103FCAE4,2023-02-05,08:58:34,16:16:37,73,-2.0,9.2,8:12,17:24,J Male,46.56666666666672
01103FCAE4,2023-02-06,10:22:17,17:11:03,51,-0.7,9.27,8:10,17:26,J Male,132.2833333333333
01103FCAE4,2023-02-07,08:14:50,17:05:23,78,0.5,9.33,8:08,17:28,J Male,6.833333333333314
01103FCAE4,2023-02-08,08:11:37,17:11:57,94,-3.2,9.4,8:06,17:30,J Male,5.616666666666674
01103FCAE4,2023-02-09,08:53:03,17:05:55,114,-6.1,9.46,8:05,17:32,J Male,48.049999999999955
01103FCAE4,2023-02-10,08:19:50,17:20:01,74,-1.9,9.53,8:03,17:34,J Male,16.833333333333314
01103FCAE4,2023-02-11,10:11:13,17:34:09,61,-2.9,9.59,8:01,17:36,J Male,130.2166666666667
01103FCAE4,2023-02-12,08:24:58,17:16:05,71,-2.6,9.66,7:59,17:38,J Male,25.96666666666664
01103FCAE4,2023-02-13,08:34:38,17:19:39,66,0.0,9.73,7:57,17:40,J Male,37.633333333333326
01103FCAE4,2023-02-14,08:06:41,17:20:53,103,-10.0,9.79,7:55,17:42,J Male,11.683333333333337
01103FD08F,2023-01-09,08:44:57,16:32:40,57,-8.4,7.81,8:47,16:35,A Female,-2.0499999999999545
01103FD08F,2023-01-10,09:32:26,16:37:19,44,-8.2,7.84,8:46,16:37,A Female,46.43333333333328
01103FD08F,2023-01-11,08:42:42,16:31:18,79,-7.2,7.88,8:46,16:38,A Female,-3.2999999999999545
01103FD08F,2023-01-12,08:36:45,16:26:25,87,-12.6,7.92,8:45,16:40,A Female,-8.25
01103FD08F,2023-01-13,09:09:32,16:31:24,71,-13.1,7.96,8:44,16:42,A Female,25.533333333333303
01103FD08F,2023-01-14,09:16:05,16:43:08,68,-10.7,8.0,8:43,16:43,A Female,33.08333333333337
01103FD08F,2023-01-15,09:17:15,16:25:56,66,-8.8,8.05,8:42,16:45,A Female,35.25
01103FD08F,2023-01-16,08:31:48,16:27:24,92,-5.4,8.09,8:41,16:47,A Female,-9.199999999999989
01103FD08F,2023-01-17,08:30:37,16:33:15,88,-8.8,8.14,8:40,16:48,A Female,-9.383333333333326
01103FD08F,2023-01-18,08:37:35,16:32:17,107,-13.4,8.18,8:39,16:50,A Female,-1.4166666666666288
01103FD08F,2023-01-19,08:30:47,16:43:10,112,-10.6,8.23,8:38,16:52,A Female,-7.21666666666664
01103FD08F,2023-01-20,08:56:04,16:36:08,75,-4.1,8.28,8:37,16:54,A Female,19.06666666666672
01103FD08F,2023-01-21,09:26:02,16:55:56,82,0.4,8.33,8:35,16:55,A Female,51.0333333333333
01103FD08F,2023-01-22,08:26:05,16:49:50,77,0.5,8.38,8:34,16:57,A Female,-7.916666666666686
01103FD08F,2023-01-23,08:27:47,16:28:17,59,-2.8,8.44,8:33,16:59,A Female,-5.21666666666664
01103FD08F,2023-01-24,08:27:15,16:50:15,57,-0.1,8.49,8:31,17:01,A Female,-3.75
01103FD08F,2023-01-25,08:24:32,16:53:37,61,-0.7,8.55,8:30,17:03,A Female,-5.46666666666664
01103FD08F,2023-01-26,09:11:12,16:58:55,38,4.7,8.6,8:29,17:05,A Female,42.200000000000045
01103FD08F,2023-01-27,09:12:40,16:45:22,43,-6.7,8.66,8:27,17:07,A Female,45.66666666666663
01103FD08F,2023-01-28,08:21:46,16:45:20,16,-16.8,8.72,8:26,17:09,A Female,-4.2333333333333485
01103FD08F,2023-01-29,08:23:40,16:19:32,15,-17.1,8.78,8:24,17:11,A Female,-0.3333333333333144
01103FD08F,2023-01-30,08:22:54,16:58:44,22,-11.7,8.83,8:22,17:13,A Female,0.8999999999999773
01103FD08F,2023-01-31,08:24:28,16:39:44,23,-10.3,8.89,8:21,17:14,A Female,3.46666666666664
01103FD08F,2023-02-01,09:57:48,16:46:18,34,-15.5,8.96,8:19,17:16,A Female,98.79999999999995
01103FD08F,2023-02-02,08:29:53,13:27:14,21,-16.9,9.02,8:17,17:18,A Female,12.883333333333326
01103FD08F,2023-02-03,08:20:40,17:00:21,47,-6.3,9.08,8:16,17:20,A Female,4.666666666666686
01103FD08F,2023-02-04,08:53:14,17:01:43,45,-1.8,9.14,8:14,17:22,A Female,39.23333333333335
01103FD08F,2023-02-05,09:01:13,17:07:02,38,-2.0,9.2,8:12,17:24,A Female,49.2166666666667
01103FD08F,2023-02-06,08:40:04,17:03:28,35,-0.7,9.27,8:10,17:26,A Female,30.06666666666672
01103FD08F,2023-02-07,09:29:37,17:13:37,46,0.5,9.33,8:08,17:28,A Female,81.61666666666667
01103FD08F,2023-02-08,09:14:43,17:09:09,75,-3.2,9.4,8:06,17:30,A Female,68.7166666666667
01103FD08F,2023-02-09,08:35:29,17:14:15,50,-6.1,9.46,8:05,17:32,A Female,30.48333333333335
01103FD08F,2023-02-10,09:11:58,17:26:13,63,-1.9,9.53,8:03,17:34,A Female,68.9666666666667
01103FD08F,2023-02-11,08:50:53,17:25:14,67,-2.9,9.59,8:01,17:36,A Female,49.883333333333326
01103FD08F,2023-02-12,08:25:06,17:38:38,74,-2.6,9.66,7:59,17:38,A Female,26.100000000000023
01103FD08F,2023-02-13,08:33:26,17:32:12,82,0.0,9.73,7:57,17:40,A Female,36.43333333333328
01103FD08F,2023-02-14,09:40:52,17:28:36,39,-10.0,9.79,7:55,17:42,A Female,105.86666666666667
01103FD0A8,2023-01-09,08:30:25,16:23:56,92,-8.4,7.81,8:47,16:35,J Female,-16.583333333333314
01103FD0A8,2023-01-10,08:33:04,16:27:49,83,-8.2,7.84,8:46,16:37,J Female,-12.93333333333328
01103FD0A8,2023-01-11,08:36:25,16:28:09,99,-7.2,7.88,8:46,16:38,J Female,-9.583333333333371
01103FD0A8,2023-01-12,08:29:06,16:25:42,105,-12.6,7.92,8:45,16:40,J Female,-15.899999999999977
01103FD0A8,2023-01-13,08:24:52,16:23:50,118,-13.1,7.96,8:44,16:42,J Female,-19.133333333333326
01103FD0A8,2023-01-14,08:30:04,16:34:08,102,-10.7,8.0,8:43,16:43,J Female,-12.933333333333337
01103FD0A8,2023-01-15,08:28:19,16:34:06,109,-8.8,8.05,8:42,16:45,J Female,-13.683333333333337
01103FD0A8,2023-01-16,08:31:57,16:20:31,99,-5.4,8.09,8:41,16:47,J Female,-9.050000000000011
01103FD0A8,2023-01-17,08:29:32,16:31:35,91,-8.8,8.14,8:40,16:48,J Female,-10.46666666666664
01103FD0A8,2023-01-18,08:22:52,16:31:15,125,-13.4,8.18,8:39,16:50,J Female,-16.133333333333326
01103FD0A8,2023-01-19,08:19:26,16:42:50,148,-10.6,8.23,8:38,16:52,J Female,-18.566666666666663
01103FD0A8,2023-01-20,08:22:45,16:50:19,142,-4.1,8.28,8:37,16:54,J Female,-14.25
01103FD0A8,2023-01-21,08:23:41,16:54:59,84,0.4,8.33,8:35,16:55,J Female,-11.316666666666663
01103FD0A8,2023-01-22,08:18:57,16:49:02,109,0.5,8.38,8:34,16:57,J Female,-15.050000000000011
01103FD0A8,2023-01-23,08:18:12,16:59:55,103,-2.8,8.44,8:33,16:59,J Female,-14.800000000000011
01103FD0A8,2023-01-24,08:31:29,16:58:12,87,-0.1,8.49,8:31,17:01,J Female,0.4833333333333485
01103FD0A8,2023-01-25,08:17:35,16:55:07,105,-0.7,8.55,8:30,17:03,J Female,-12.416666666666686
01103FD0A8,2023-01-26,08:19:53,16:15:49,67,4.7,8.6,8:29,17:05,J Female,-9.116666666666674
01103FD0A8,2023-01-27,08:22:55,16:16:49,66,-6.7,8.66,8:27,17:07,J Female,-4.083333333333314
01103FD0A8,2023-01-28,08:12:22,16:25:53,69,-16.8,8.72,8:26,17:09,J Female,-13.633333333333326
01103FD0A8,2023-01-29,08:12:18,16:30:52,76,-17.1,8.78,8:24,17:11,J Female,-11.699999999999989
01103FD0A8,2023-01-30,09:01:00,16:40:57,99,-11.7,8.83,8:22,17:13,J Female,39.0
01103FD0A8,2023-01-31,08:07:01,16:40:24,93,-10.3,8.89,8:21,17:14,J Female,-13.983333333333348
01103FD0A8,2023-02-01,08:05:05,16:24:07,96,-15.5,8.96,8:19,17:16,J Female,-13.916666666666686
01103FD0A8,2023-02-02,08:22:41,16:34:05,103,-16.9,9.02,8:17,17:18,J Female,5.683333333333337
01103FD0A8,2023-02-03,08:09:32,16:48:42,98,-6.3,9.08,8:16,17:20,J Female,-6.46666666666664
01103FD0A8,2023-02-04,08:07:32,17:09:15,99,-1.8,9.14,8:14,17:22,J Female,-6.46666666666664
01103FD0A8,2023-02-05,08:05:56,17:14:19,100,-2.0,9.2,8:12,17:24,J Female,-6.066666666666663
01103FD0A8,2023-02-06,07:59:14,17:14:02,90,-0.7,9.27,8:10,17:26,J Female,-10.766666666666652
01103FD0A8,2023-02-07,07:57:51,17:17:19,95,0.5,9.33,8:08,17:28,J Female,-10.149999999999977
01103FD0A8,2023-02-08,08:00:06,17:14:03,120,-3.2,9.4,8:06,17:30,J Female,-5.899999999999977
01103FD0A8,2023-02-09,07:53:10,17:20:42,104,-6.1,9.46,8:05,17:32,J Female,-11.833333333333314
01103FD0A8,2023-02-10,07:53:38,17:34:22,120,-1.9,9.53,8:03,17:34,J Female,-9.366666666666674
01103FD0A8,2023-02-11,08:06:28,17:35:29,87,-2.9,9.59,8:01,17:36,J Female,5.46666666666664
01103FD0A8,2023-02-12,07:56:53,17:30:50,138,-2.6,9.66,7:59,17:38,J Female,-2.1166666666666742
01103FD0A8,2023-02-13,07:48:40,17:14:40,129,0.0,9.73,7:57,17:40,J Female,-8.333333333333314
01103FD0A8,2023-02-14,07:52:08,17:19:41,74,-10.0,9.79,7:55,17:42,J Female,-2.8666666666666742
01103FD1CF,2023-01-09,08:47:14,16:41:23,67,-8.4,7.81,8:47,16:35,A Male,0.2333333333333485
01103FD1CF,2023-01-10,08:36:53,16:35:37,75,-8.2,7.84,8:46,16:37,A Male,-9.116666666666674
01103FD1CF,2023-01-11,08:50:16,16:33:16,73,-7.2,7.88,8:46,16:38,A Male,4.2666666666666515
01103FD1CF,2023-01-12,08:34:06,16:30:01,72,-12.6,7.92,8:45,16:40,A Male,-10.899999999999977
01103FD1CF,2023-01-13,09:40:12,16:15:05,51,-13.1,7.96,8:44,16:42,A Male,56.200000000000045
01103FD1CF,2023-01-14,09:00:49,16:30:33,59,-10.7,8.0,8:43,16:43,A Male,17.81666666666672
01103FD1CF,2023-01-15,09:17:57,14:17:43,26,-8.8,8.05,8:42,16:45,A Male,35.950000000000045
01103FD1CF,2023-01-16,08:43:49,16:22:54,77,-5.4,8.09,8:41,16:47,A Male,2.8166666666667197
01103FD1CF,2023-01-17,09:05:39,16:37:37,66,-8.8,8.14,8:40,16:48,A Male,25.649999999999977
01103FD1CF,2023-01-18,09:24:07,16:34:11,62,-13.4,8.18,8:39,16:50,A Male,45.116666666666674
01103FD1CF,2023-01-19,10:01:18,16:25:49,66,-10.6,8.23,8:38,16:52,A Male,83.29999999999995
01103FD1CF,2023-01-20,08:24:52,16:48:15,68,-4.1,8.28,8:37,16:54,A Male,-12.133333333333326
01103FD1CF,2023-01-21,10:09:36,16:32:44,41,0.4,8.33,8:35,16:55,A Male,94.60000000000002
01103FD1CF,2023-01-22,10:47:51,16:55:42,29,0.5,8.38,8:34,16:57,A Male,133.85000000000002
01103FD1CF,2023-01-23,10:12:22,17:02:29,32,-2.8,8.44,8:33,16:59,A Male,99.36666666666667
01103FD1CF,2023-01-24,10:56:57,17:06:06,22,-0.1,8.49,8:31,17:01,A Male,145.95000000000005
01103FD1CF,2023-01-25,10:11:16,16:44:00,40,-0.7,8.55,8:30,17:03,A Male,101.26666666666665
01103FD1CF,2023-01-26,09:22:23,16:57:13,29,4.7,8.6,8:29,17:05,A Male,53.383333333333326
01103FD1CF,2023-01-27,09:10:35,16:46:45,78,-6.7,8.66,8:27,17:07,A Male,43.58333333333337
01103FD1CF,2023-01-28,08:44:01,16:07:29,59,-16.8,8.72,8:26,17:09,A Male,18.01666666666665
01103FD1CF,2023-01-29,10:24:39,16:27:49,57,-17.1,8.78,8:24,17:11,A Male,120.64999999999998
01103FD1CF,2023-01-30,09:31:27,16:23:40,79,-11.7,8.83,8:22,17:13,A Male,69.45000000000005
01103FD1CF,2023-01-31,08:20:29,16:27:23,104,-10.3,8.89,8:21,17:14,A Male,-0.5166666666666515
01103FD1CF,2023-02-01,08:25:25,15:46:48,110,-15.5,8.96,8:19,17:16,A Male,6.416666666666686
01103FD1CF,2023-02-02,08:33:46,16:29:08,76,-16.9,9.02,8:17,17:18,A Male,16.76666666666665
01103FD1CF,2023-02-03,10:35:11,17:02:56,79,-6.3,9.08,8:16,17:20,A Male,139.18333333333328
01103FD1CF,2023-02-04,09:20:38,16:58:51,58,-1.8,9.14,8:14,17:22,A Male,66.63333333333333
01103FD1CF,2023-02-05,08:19:45,16:13:27,67,-2.0,9.2,8:12,17:24,A Male,7.75
01103FD1CF,2023-02-06,09:16:59,16:26:39,57,-0.7,9.27,8:10,17:26,A Male,66.98333333333335
01103FD1CF,2023-02-07,08:59:48,17:21:46,55,0.5,9.33,8:08,17:28,A Male,51.799999999999955
01103FD1CF,2023-02-08,08:07:07,17:06:35,61,-3.2,9.4,8:06,17:30,A Male,1.1166666666666742
01103FD1CF,2023-02-09,08:51:56,17:03:27,66,-6.1,9.46,8:05,17:32,A Male,46.93333333333328
01103FD1CF,2023-02-10,08:52:23,16:31:15,44,-1.9,9.53,8:03,17:34,A Male,49.383333333333326
01103FD1CF,2023-02-11,12:14:35,17:25:41,39,-2.9,9.59,8:01,17:36,A Male,253.58333333333337
01103FD1CF,2023-02-12,09:21:07,17:07:02,67,-2.6,9.66,7:59,17:38,A Male,82.11666666666667
01103FD1CF,2023-02-13,09:06:23,17:30:45,55,0.0,9.73,7:57,17:40,A Male,69.38333333333333
01103FD1CF,2023-02-14,09:21:51,17:02:52,62,-10.0,9.79,7:55,17:42,A Male,86.85000000000002
01103FD7DD,2023-01-09,08:22:28,16:43:36,59,-8.4,7.81,8:47,16:35,J Male,-24.53333333333336
01103FD7DD,2023-01-10,08:21:58,16:44:20,62,-8.2,7.84,8:46,16:37,J Male,-24.03333333333336
01103FD7DD,2023-01-11,08:29:58,16:36:25,50,-7.2,7.88,8:46,16:38,J Male,-16.03333333333336
01103FD7DD,2023-01-12,08:16:16,16:33:01,50,-12.6,7.92,8:45,16:40,J Male,-28.73333333333335
01103FD7DD,2023-01-13,08:20:04,16:37:01,67,-13.1,7.96,8:44,16:42,J Male,-23.933333333333337
01103FD7DD,2023-01-14,08:31:08,16:36:35,57,-10.7,8.0,8:43,16:43,J Male,-11.866666666666674
01103FD7DD,2023-01-15,08:19:26,16:48:20,61,-8.8,8.05,8:42,16:45,J Male,-22.566666666666663
01103FD7DD,2023-01-16,08:31:32,16:47:30,59,-5.4,8.09,8:41,16:47,J Male,-9.46666666666664
01103FD7DD,2023-01-17,08:22:20,16:26:13,46,-8.8,8.14,8:40,16:48,J Male,-17.666666666666686
01103FD7DD,2023-01-18,08:22:13,16:32:27,36,-13.4,8.18,8:39,16:50,J Male,-16.78333333333336
01103FD7DD,2023-01-19,08:09:38,16:46:37,55,-10.6,8.23,8:38,16:52,J Male,-28.366666666666674
01103FD7DD,2023-01-20,08:14:05,16:40:14,45,-4.1,8.28,8:37,16:54,J Male,-22.916666666666686
01103FD7DD,2023-01-21,10:11:21,17:03:04,38,0.4,8.33,8:35,16:55,J Male,96.35000000000002
01103FD7DD,2023-01-22,08:06:22,15:05:35,21,0.5,8.38,8:34,16:57,J Male,-27.633333333333326
01103FD7DD,2023-01-23,09:41:51,16:33:48,16,-2.8,8.44,8:33,16:59,J Male,68.85000000000002
01103FD7DD,2023-01-24,13:01:17,16:04:30,13,-0.1,8.49,8:31,17:01,J Male,270.2833333333333
01103FD7DD,2023-01-25,09:52:47,17:07:32,35,-0.7,8.55,8:30,17:03,J Male,82.7833333333333
01103FD7DD,2023-01-27,09:23:40,16:49:17,20,-6.7,8.66,8:27,17:07,J Male,56.66666666666663
01103FD7DD,2023-01-28,10:00:01,16:24:54,37,-16.8,8.72,8:26,17:09,J Male,94.01666666666665
01103FD7DD,2023-01-29,08:57:59,16:32:12,35,-17.1,8.78,8:24,17:11,J Male,33.98333333333335
01103FD7DD,2023-01-30,10:11:36,17:00:54,39,-11.7,8.83,8:22,17:13,J Male,109.60000000000002
01103FD7DD,2023-01-31,09:39:24,16:57:34,42,-10.3,8.89,8:21,17:14,J Male,78.39999999999998
01103FD7DD,2023-02-01,08:08:38,16:10:32,47,-15.5,8.96,8:19,17:16,J Male,-10.366666666666674
01103FD7DD,2023-02-02,08:30:20,16:54:02,57,-16.9,9.02,8:17,17:18,J Male,13.333333333333314
01103FD7DD,2023-02-03,09:12:16,16:49:20,39,-6.3,9.08,8:16,17:20,J Male,56.26666666666665
01103FD7DD,2023-02-04,12:35:25,16:45:56,21,-1.8,9.14,8:14,17:22,J Male,261.41666666666663
01103FD7DD,2023-02-05,10:56:10,17:22:34,39,-2.0,9.2,8:12,17:24,J Male,164.16666666666663
01103FD7DD,2023-02-06,15:58:43,17:05:32,15,-0.7,9.27,8:10,17:26,J Male,468.7166666666667
01103FD7DD,2023-02-07,12:39:03,17:11:39,12,0.5,9.33,8:08,17:28,J Male,271.04999999999995
01103FD7DD,2023-02-08,09:31:58,17:24:10,40,-3.2,9.4,8:06,17:30,J Male,85.9666666666667
01103FD7DD,2023-02-09,11:37:40,17:10:46,33,-6.1,9.46,8:05,17:32,J Male,212.66666666666663
01103FD7DD,2023-02-10,12:56:49,17:31:42,12,-1.9,9.53,8:03,17:34,J Male,293.8166666666667
01103FD7DD,2023-02-11,14:22:24,17:36:14,20,-2.9,9.59,8:01,17:36,J Male,381.4
01103FD7DD,2023-02-12,12:04:31,16:40:15,19,-2.6,9.66,7:59,17:38,J Male,245.51666666666665
01103FD7DD,2023-02-13,09:07:00,17:23:08,22,0.0,9.73,7:57,17:40,J Male,70.0
01103FD7DD,2023-02-14,10:41:08,16:34:45,20,-10.0,9.79,7:55,17:42,J Male,166.13333333333333
01103FD7FC,2023-01-09,08:42:01,16:57:07,84,-8.4,7.81,8:47,16:35,J Male,-4.9833333333333485
01103FD7FC,2023-01-10,09:30:30,16:57:38,60,-8.2,7.84,8:46,16:37,J Male,44.5
01103FD7FC,2023-01-11,08:35:20,16:41:10,68,-7.2,7.88,8:46,16:38,J Male,-10.666666666666629
01103FD7FC,2023-01-12,08:29:06,16:36:27,84,-12.6,7.92,8:45,16:40,J Male,-15.899999999999977
01103FD7FC,2023-01-13,08:28:39,16:54:07,99,-13.1,7.96,8:44,16:42,J Male,-15.350000000000023
01103FD7FC,2023-01-14,08:27:42,16:58:49,85,-10.7,8.0,8:43,16:43,J Male,-15.300000000000011
01103FD7FC,2023-01-15,09:41:38,16:21:55,64,-8.8,8.05,8:42,16:45,J Male,59.633333333333326
01103FD7FC,2023-01-16,08:36:40,16:59:41,79,-5.4,8.09,8:41,16:47,J Male,-4.333333333333371
01103FD7FC,2023-01-17,08:40:18,16:57:11,71,-8.8,8.14,8:40,16:48,J Male,0.2999999999999545
01103FD7FC,2023-01-18,08:37:22,16:13:29,72,-13.4,8.18,8:39,16:50,J Male,-1.6333333333333258
01103FD7FC,2023-01-19,08:31:57,17:08:15,97,-10.6,8.23,8:38,16:52,J Male,-6.050000000000011
01103FD7FC,2023-01-20,08:28:35,17:03:56,75,-4.1,8.28,8:37,16:54,J Male,-8.416666666666686
01103FD7FC,2023-01-21,09:12:54,17:12:12,61,0.4,8.33,8:35,16:55,J Male,37.89999999999998
01103FD7FC,2023-01-22,08:31:44,17:11:34,69,0.5,8.38,8:34,16:57,J Male,-2.2666666666666515
01103FD7FC,2023-01-23,08:29:58,17:17:06,72,-2.8,8.44,8:33,16:59,J Male,-3.03333333333336
01103FD7FC,2023-01-24,08:43:29,17:13:54,63,-0.1,8.49,8:31,17:01,J Male,12.483333333333348
01103FD7FC,2023-01-25,08:47:16,17:12:38,63,-0.7,8.55,8:30,17:03,J Male,17.26666666666665
01103FD7FC,2023-01-26,08:29:44,16:56:19,68,4.7,8.6,8:29,17:05,J Male,0.7333333333333485
01103FD7FC,2023-01-27,08:28:59,16:57:37,82,-6.7,8.66,8:27,17:07,J Male,1.9833333333333485
01103FD7FC,2023-01-28,08:37:50,16:52:49,79,-16.8,8.72,8:26,17:09,J Male,11.833333333333371
01103FD7FC,2023-01-29,10:05:34,16:59:40,84,-17.1,8.78,8:24,17:11,J Male,101.56666666666672
01103FD7FC,2023-01-30,10:25:43,17:12:43,89,-11.7,8.83,8:22,17:13,J Male,123.7166666666667
01103FD7FC,2023-01-31,08:12:40,17:06:21,102,-10.3,8.89,8:21,17:14,J Male,-8.333333333333314
01103FD7FC,2023-02-01,08:18:28,16:42:02,118,-15.5,8.96,8:19,17:16,J Male,-0.5333333333333599
01103FD7FC,2023-02-02,09:22:39,17:06:03,67,-16.9,9.02,8:17,17:18,J Male,65.64999999999998
01103FD7FC,2023-02-03,10:20:13,16:49:45,70,-6.3,9.08,8:16,17:20,J Male,124.2166666666667
01103FD7FC,2023-02-04,08:57:14,17:31:09,84,-1.8,9.14,8:14,17:22,J Male,43.23333333333335
01103FD7FC,2023-02-05,09:01:12,17:31:13,78,-2.0,9.2,8:12,17:24,J Male,49.200000000000045
01103FD7FC,2023-02-06,08:04:58,17:28:26,69,-0.7,9.27,8:10,17:26,J Male,-5.03333333333336
01103FD7FC,2023-02-07,08:39:15,16:39:00,52,0.5,9.33,8:08,17:28,J Male,31.25
01103FD7FC,2023-02-08,08:34:07,17:31:20,72,-3.2,9.4,8:06,17:30,J Male,28.116666666666674
01103FD7FC,2023-02-09,08:43:57,17:28:55,69,-6.1,9.46,8:05,17:32,J Male,38.950000000000045
01103FD7FC,2023-02-10,08:38:35,16:57:15,56,-1.9,9.53,8:03,17:34,J Male,35.58333333333337
01103FD7FC,2023-02-11,08:24:04,17:30:25,73,-2.9,9.59,8:01,17:36,J Male,23.066666666666663
01103FD7FC,2023-02-12,08:25:49,17:07:54,64,-2.6,9.66,7:59,17:38,J Male,26.816666666666663
01103FD7FC,2023-02-13,08:44:25,17:06:12,67,0.0,9.73,7:57,17:40,J Male,47.41666666666663
01103FD7FC,2023-02-14,08:40:35,17:27:55,80,-10.0,9.79,7:55,17:42,J Male,45.58333333333337
01103FD876,2023-01-09,08:35:36,16:24:58,44,-8.4,7.81,8:47,16:35,J Male,-11.399999999999977
01103FD876,2023-01-10,08:30:53,16:23:54,75,-8.2,7.84,8:46,16:37,J Male,-15.116666666666674
01103FD876,2023-01-11,08:37:22,16:29:32,70,-7.2,7.88,8:46,16:38,J Male,-8.633333333333326
01103FD876,2023-01-12,08:28:51,16:20:18,73,-12.6,7.92,8:45,16:40,J Male,-16.149999999999977
01103FD876,2023-01-13,08:31:02,16:19:23,78,-13.1,7.96,8:44,16:42,J Male,-12.96666666666664
01103FD876,2023-01-14,08:30:10,16:36:06,93,-10.7,8.0,8:43,16:43,J Male,-12.833333333333314
01103FD876,2023-01-15,08:31:23,16:33:52,82,-8.8,8.05,8:42,16:45,J Male,-10.616666666666674
01103FD876,2023-01-16,08:31:30,16:28:28,80,-5.4,8.09,8:41,16:47,J Male,-9.5
01103FD876,2023-01-17,08:29:53,16:37:00,96,-8.8,8.14,8:40,16:48,J Male,-10.116666666666674
01103FD876,2023-01-18,08:25:21,16:37:06,108,-13.4,8.18,8:39,16:50,J Male,-13.649999999999977
01103FD876,2023-01-19,08:23:31,16:38:54,86,-10.6,8.23,8:38,16:52,J Male,-14.483333333333348
01103FD876,2023-01-20,08:23:57,16:39:50,80,-4.1,8.28,8:37,16:54,J Male,-13.050000000000011
01103FD876,2023-01-21,08:21:35,16:51:34,64,0.4,8.33,8:35,16:55,J Male,-13.416666666666686
01103FD876,2023-01-22,08:20:53,16:48:51,63,0.5,8.38,8:34,16:57,J Male,-13.116666666666674
01103FD876,2023-01-23,08:25:06,17:01:43,63,-2.8,8.44,8:33,16:59,J Male,-7.899999999999977
01103FD876,2023-01-24,08:30:38,16:57:49,62,-0.1,8.49,8:31,17:01,J Male,-0.36666666666667425
01103FD876,2023-01-25,08:26:33,16:58:38,88,-0.7,8.55,8:30,17:03,J Male,-3.4499999999999886
01103FD876,2023-01-26,08:22:57,16:14:27,50,4.7,8.6,8:29,17:05,J Male,-6.050000000000011
01103FD876,2023-01-27,09:00:15,16:25:03,84,-6.7,8.66,8:27,17:07,J Male,33.25
01103FD876,2023-01-28,08:14:31,16:28:32,73,-16.8,8.72,8:26,17:09,J Male,-11.483333333333348
01103FD876,2023-01-29,08:25:09,16:30:56,80,-17.1,8.78,8:24,17:11,J Male,1.1499999999999773
01103FD876,2023-01-30,08:21:33,16:39:46,75,-11.7,8.83,8:22,17:13,J Male,-0.44999999999998863
01103FD876,2023-01-31,08:10:53,16:39:32,78,-10.3,8.89,8:21,17:14,J Male,-10.116666666666674
01103FD876,2023-02-01,08:05:12,16:24:24,90,-15.5,8.96,8:19,17:16,J Male,-13.800000000000011
01103FD876,2023-02-02,08:13:21,16:33:15,74,-16.9,9.02,8:17,17:18,J Male,-3.6499999999999773
01103FD876,2023-02-03,08:06:47,16:57:08,86,-6.3,9.08,8:16,17:20,J Male,-9.21666666666664
01103FD876,2023-02-04,08:19:54,16:45:13,48,-1.8,9.14,8:14,17:22,J Male,5.899999999999977
01103FD876,2023-02-05,08:42:45,17:03:10,53,-2.0,9.2,8:12,17:24,J Male,30.75
01103FD876,2023-02-06,08:30:18,16:50:40,24,-0.7,9.27,8:10,17:26,J Male,20.30000000000001
01103FD876,2023-02-07,08:01:32,17:08:55,30,0.5,9.33,8:08,17:28,J Male,-6.46666666666664
01103FD876,2023-02-08,08:00:30,17:21:30,71,-3.2,9.4,8:06,17:30,J Male,-5.5
01103FD876,2023-02-09,10:00:28,17:19:37,48,-6.1,9.46,8:05,17:32,J Male,115.4666666666667
01103FD876,2023-02-10,08:11:26,17:25:25,58,-1.9,9.53,8:03,17:34,J Male,8.433333333333337
01103FD876,2023-02-11,08:26:22,17:27:59,23,-2.9,9.59,8:01,17:36,J Male,25.366666666666674
01103FD876,2023-02-12,08:15:41,17:34:30,38,-2.6,9.66,7:59,17:38,J Male,16.683333333333337
01103FD876,2023-02-13,07:54:34,17:26:02,49,0.0,9.73,7:57,17:40,J Male,-2.433333333333337
01103FD876,2023-02-14,08:13:35,17:18:13,32,-10.0,9.79,7:55,17:42,J Male,18.583333333333314
01103FD8F9,2023-01-09,08:53:26,16:41:17,71,-8.4,7.81,8:47,16:35,J Female,6.43333333333328
01103FD8F9,2023-01-10,08:28:21,16:42:16,65,-8.2,7.84,8:46,16:37,J Female,-17.649999999999977
01103FD8F9,2023-01-11,08:39:44,16:44:59,66,-7.2,7.88,8:46,16:38,J Female,-6.2666666666666515
01103FD8F9,2023-01-12,08:40:53,16:32:50,76,-12.6,7.92,8:45,16:40,J Female,-4.116666666666674
01103FD8F9,2023-01-13,08:33:08,16:38:57,54,-13.1,7.96,8:44,16:42,J Female,-10.866666666666674
01103FD8F9,2023-01-14,08:33:36,16:36:44,63,-10.7,8.0,8:43,16:43,J Female,-9.399999999999977
01103FD8F9,2023-01-15,08:32:32,16:40:14,76,-8.8,8.05,8:42,16:45,J Female,-9.466666666666697
01103FD8F9,2023-01-16,08:43:14,16:42:27,72,-5.4,8.09,8:41,16:47,J Female,2.2333333333333485
01103FD8F9,2023-01-17,09:30:13,16:40:32,68,-8.8,8.14,8:40,16:48,J Female,50.2166666666667
01103FD8F9,2023-01-18,09:19:53,16:37:56,77,-13.4,8.18,8:39,16:50,J Female,40.883333333333326
01103FD8F9,2023-01-19,09:21:56,16:54:53,61,-10.6,8.23,8:38,16:52,J Female,43.93333333333328
01103FD8F9,2023-01-20,09:50:22,16:52:25,60,-4.1,8.28,8:37,16:54,J Female,73.36666666666667
01103FD8F9,2023-01-21,09:06:09,16:52:11,40,0.4,8.33,8:35,16:55,J Female,31.149999999999977
01103FD8F9,2023-01-22,11:56:37,16:38:33,39,0.5,8.38,8:34,16:57,J Female,202.61666666666667
01103FD8F9,2023-01-23,08:37:10,17:04:46,59,-2.8,8.44,8:33,16:59,J Female,4.166666666666629
01103FD8F9,2023-01-24,08:31:49,17:10:26,48,-0.1,8.49,8:31,17:01,J Female,0.8166666666666629
01103FD8F9,2023-01-25,09:27:54,17:03:36,55,-0.7,8.55,8:30,17:03,J Female,57.89999999999998
01103FD8F9,2023-01-26,09:28:27,17:17:42,45,4.7,8.6,8:29,17:05,J Female,59.450000000000045
01103FD8F9,2023-01-27,08:29:42,16:37:26,58,-6.7,8.66,8:27,17:07,J Female,2.6999999999999886
01103FD8F9,2023-01-28,08:18:22,16:39:23,52,-16.8,8.72,8:26,17:09,J Female,-7.633333333333326
01103FD8F9,2023-01-29,08:08:39,16:42:17,61,-17.1,8.78,8:24,17:11,J Female,-15.350000000000023
01103FD8F9,2023-01-30,08:15:58,16:47:30,53,-11.7,8.83,8:22,17:13,J Female,-6.03333333333336
01103FD8F9,2023-01-31,08:17:39,16:31:25,67,-10.3,8.89,8:21,17:14,J Female,-3.3500000000000227
01103FD8F9,2023-02-01,08:22:39,16:24:51,53,-15.5,8.96,8:19,17:16,J Female,3.6499999999999773
01103FD8F9,2023-02-02,08:34:16,16:34:04,62,-16.9,9.02,8:17,17:18,J Female,17.26666666666665
01103FD8F9,2023-02-03,08:14:29,16:44:07,78,-6.3,9.08,8:16,17:20,J Female,-1.5166666666666515
01103FD8F9,2023-02-04,09:02:29,17:15:00,58,-1.8,9.14,8:14,17:22,J Female,48.48333333333335
01103FD8F9,2023-02-05,09:36:53,17:18:25,61,-2.0,9.2,8:12,17:24,J Female,84.88333333333333
01103FD8F9,2023-02-06,09:21:13,17:10:39,57,-0.7,9.27,8:10,17:26,J Female,71.2166666666667
01103FD8F9,2023-02-07,09:40:27,17:18:57,48,0.5,9.33,8:08,17:28,J Female,92.45000000000005
01103FD8F9,2023-02-08,09:47:17,17:00:09,52,-3.2,9.4,8:06,17:30,J Female,101.2833333333333
01103FD8F9,2023-02-09,10:23:30,17:03:02,62,-6.1,9.46,8:05,17:32,J Female,138.5
01103FD8F9,2023-02-10,09:00:08,17:07:40,59,-1.9,9.53,8:03,17:34,J Female,57.133333333333326
01103FD8F9,2023-02-11,10:03:09,17:21:12,48,-2.9,9.59,8:01,17:36,J Female,122.14999999999998
01103FD8F9,2023-02-12,11:47:21,17:40:43,47,-2.6,9.66,7:59,17:38,J Female,228.35000000000002
01103FD8F9,2023-02-13,07:58:32,16:57:53,46,0.0,9.73,7:57,17:40,J Female,1.5333333333333599
01103FD8F9,2023-02-14,10:03:23,17:13:17,63,-10.0,9.79,7:55,17:42,J Female,128.38333333333333
01103FD9AE,2023-01-09,09:09:29,16:38:57,147,-8.4,7.81,8:47,16:35,J Male,22.48333333333335
01103FD9AE,2023-01-10,08:40:05,16:39:33,116,-8.2,7.84,8:46,16:37,J Male,-5.916666666666629
01103FD9AE,2023-01-11,09:18:06,16:32:48,93,-7.2,7.88,8:46,16:38,J Male,32.10000000000002
01103FD9AE,2023-01-12,09:26:44,16:32:22,176,-12.6,7.92,8:45,16:40,J Male,41.73333333333335
01103FD9AE,2023-01-13,09:34:45,16:39:09,76,-13.1,7.96,8:44,16:42,J Male,50.75
01103FD9AE,2023-01-14,09:39:32,16:42:36,103,-10.7,8.0,8:43,16:43,J Male,56.5333333333333
01103FD9AE,2023-01-15,08:47:19,16:37:41,115,-8.8,8.05,8:42,16:45,J Male,5.31666666666672
01103FD9AE,2023-01-16,09:14:46,16:28:59,132,-5.4,8.09,8:41,16:47,J Male,33.76666666666665
01103FD9AE,2023-01-17,09:02:46,16:40:44,195,-8.8,8.14,8:40,16:48,J Male,22.76666666666665
01103FD9AE,2023-01-18,08:26:24,16:38:56,199,-13.4,8.18,8:39,16:50,J Male,-12.600000000000023
01103FD9AE,2023-01-19,08:39:56,16:50:34,132,-10.6,8.23,8:38,16:52,J Male,1.9333333333332803
01103FD9AE,2023-01-20,08:42:54,16:57:06,113,-4.1,8.28,8:37,16:54,J Male,5.899999999999977
01103FD9AE,2023-01-21,09:48:48,16:55:16,73,0.4,8.33,8:35,16:55,J Male,73.79999999999995
01103FD9AE,2023-01-22,09:48:38,16:55:35,23,0.5,8.38,8:34,16:57,J Male,74.63333333333333
01103FD9AE,2023-01-23,08:23:32,17:01:39,89,-2.8,8.44,8:33,16:59,J Male,-9.46666666666664
01103FD9AE,2023-01-24,09:03:09,17:06:10,72,-0.1,8.49,8:31,17:01,J Male,32.14999999999998
01103FD9AE,2023-01-25,08:34:04,16:54:54,124,-0.7,8.55,8:30,17:03,J Male,4.06666666666672
01103FD9AE,2023-01-26,09:23:05,16:55:27,30,4.7,8.6,8:29,17:05,J Male,54.08333333333337
01103FD9AE,2023-01-27,09:04:46,16:44:32,139,-6.7,8.66,8:27,17:07,J Male,37.76666666666665
01103FD9AE,2023-01-28,08:51:47,16:49:18,96,-16.8,8.72,8:26,17:09,J Male,25.783333333333303
01103FD9AE,2023-01-29,08:22:57,16:57:23,101,-17.1,8.78,8:24,17:11,J Male,-1.0500000000000114
01103FD9AE,2023-01-30,08:24:19,16:59:07,131,-11.7,8.83,8:22,17:13,J Male,2.316666666666663
01103FD9AE,2023-01-31,08:27:56,16:55:03,126,-10.3,8.89,8:21,17:14,J Male,6.933333333333337
01103FD9AE,2023-02-01,08:29:26,16:31:33,82,-15.5,8.96,8:19,17:16,J Male,10.433333333333337
01103FD9AE,2023-02-02,08:36:35,16:52:27,105,-16.9,9.02,8:17,17:18,J Male,19.58333333333337
01103FD9AE,2023-02-03,09:26:02,17:01:15,123,-6.3,9.08,8:16,17:20,J Male,70.0333333333333
01103FD9AE,2023-02-04,09:20:32,17:17:16,101,-1.8,9.14,8:14,17:22,J Male,66.5333333333333
01103FD9AE,2023-02-05,08:09:11,17:21:42,102,-2.0,9.2,8:12,17:24,J Male,-2.816666666666663
01103FD9AE,2023-02-06,08:07:44,17:06:23,108,-0.7,9.27,8:10,17:26,J Male,-2.2666666666666515
01103FD9AE,2023-02-07,08:13:38,17:29:19,130,0.5,9.33,8:08,17:28,J Male,5.633333333333326
01103FD9AE,2023-02-08,08:04:51,17:12:38,206,-3.2,9.4,8:06,17:30,J Male,-1.1499999999999773
01103FD9AE,2023-02-09,08:01:33,17:03:02,123,-6.1,9.46,8:05,17:32,J Male,-3.4499999999999886
01103FD9AE,2023-02-10,08:24:22,17:35:22,75,-1.9,9.53,8:03,17:34,J Male,21.366666666666674
01103FD9AE,2023-02-11,11:09:10,17:24:09,64,-2.9,9.59,8:01,17:36,J Male,188.16666666666663
01103FD9AE,2023-02-12,08:49:03,17:14:00,101,-2.6,9.66,7:59,17:38,J Male,50.049999999999955
01103FD9AE,2023-02-13,08:34:55,16:46:54,46,0.0,9.73,7:57,17:40,J Male,37.91666666666663
01103FD9AE,2023-02-14,10:16:59,17:40:48,123,-10.0,9.79,7:55,17:42,J Male,141.98333333333335
01103FD9DF,2023-01-09,08:26:51,16:29:22,74,-8.4,7.81,8:47,16:35,A Male,-20.149999999999977
01103FD9DF,2023-01-10,08:33:14,16:41:08,81,-8.2,7.84,8:46,16:37,A Male,-12.766666666666652
01103FD9DF,2023-01-11,08:24:16,16:30:09,116,-7.2,7.88,8:46,16:38,A Male,-21.73333333333335
01103FD9DF,2023-01-12,08:20:29,16:19:01,117,-12.6,7.92,8:45,16:40,A Male,-24.51666666666665
01103FD9DF,2023-01-13,08:17:46,16:22:53,127,-13.1,7.96,8:44,16:42,A Male,-26.23333333333335
01103FD9DF,2023-01-14,08:21:11,16:30:38,106,-10.7,8.0,8:43,16:43,A Male,-21.816666666666663
01103FD9DF,2023-01-15,08:15:43,16:25:34,107,-8.8,8.05,8:42,16:45,A Male,-26.28333333333336
01103FD9DF,2023-01-16,08:32:21,16:28:32,126,-5.4,8.09,8:41,16:47,A Male,-8.649999999999977
01103FD9DF,2023-01-17,08:23:10,16:33:25,102,-8.8,8.14,8:40,16:48,A Male,-16.833333333333314
01103FD9DF,2023-01-18,08:28:41,16:34:17,126,-13.4,8.18,8:39,16:50,A Male,-10.316666666666663
01103FD9DF,2023-01-19,08:14:17,16:46:27,151,-10.6,8.23,8:38,16:52,A Male,-23.71666666666664
01103FD9DF,2023-01-20,08:15:13,16:56:42,94,-4.1,8.28,8:37,16:54,A Male,-21.78333333333336
01103FD9DF,2023-01-21,09:25:41,16:57:27,104,0.4,8.33,8:35,16:55,A Male,50.68333333333328
01103FD9DF,2023-01-22,08:26:16,16:51:41,94,0.5,8.38,8:34,16:57,A Male,-7.7333333333333485
01103FD9DF,2023-01-23,08:31:27,17:06:29,66,-2.8,8.44,8:33,16:59,A Male,-1.5500000000000114
01103FD9DF,2023-01-24,09:00:52,16:56:27,90,-0.1,8.49,8:31,17:01,A Male,29.866666666666674
01103FD9DF,2023-01-25,08:22:09,17:05:09,109,-0.7,8.55,8:30,17:03,A Male,-7.850000000000023
01103FD9DF,2023-01-26,08:30:21,17:05:07,88,4.7,8.6,8:29,17:05,A Male,1.3500000000000227
01103FD9DF,2023-01-27,08:21:19,16:45:18,79,-6.7,8.66,8:27,17:07,A Male,-5.683333333333337
01103FD9DF,2023-01-28,08:14:06,16:45:56,58,-16.8,8.72,8:26,17:09,A Male,-11.899999999999977
01103FD9DF,2023-01-29,10:23:33,16:31:12,39,-17.1,8.78,8:24,17:11,A Male,119.54999999999995
01103FD9DF,2023-01-30,08:20:25,16:39:47,78,-11.7,8.83,8:22,17:13,A Male,-1.5833333333333144
01103FD9DF,2023-01-31,08:20:45,16:50:27,59,-10.3,8.89,8:21,17:14,A Male,-0.25
01103FD9DF,2023-02-01,08:14:34,16:45:06,95,-15.5,8.96,8:19,17:16,A Male,-4.433333333333337
01103FD9DF,2023-02-02,08:29:34,16:58:28,75,-16.9,9.02,8:17,17:18,A Male,12.566666666666663
01103FD9DF,2023-02-03,09:09:31,17:01:35,107,-6.3,9.08,8:16,17:20,A Male,53.51666666666665
01103FD9DF,2023-02-04,08:08:00,17:08:46,150,-1.8,9.14,8:14,17:22,A Male,-6.0
01103FD9DF,2023-02-05,08:27:05,17:13:55,120,-2.0,9.2,8:12,17:24,A Male,15.083333333333314
01103FD9DF,2023-02-06,09:11:28,17:25:32,111,-0.7,9.27,8:10,17:26,A Male,61.4666666666667
01103FD9DF,2023-02-07,08:44:41,17:20:47,137,0.5,9.33,8:08,17:28,A Male,36.68333333333328
01103FD9DF,2023-02-08,08:01:54,17:19:00,122,-3.2,9.4,8:06,17:30,A Male,-4.100000000000023
01103FD9DF,2023-02-09,08:08:28,17:22:48,86,-6.1,9.46,8:05,17:32,A Male,3.46666666666664
01103FD9DF,2023-02-10,08:02:00,17:37:55,126,-1.9,9.53,8:03,17:34,A Male,-1.0
01103FD9DF,2023-02-11,09:25:49,17:41:23,104,-2.9,9.59,8:01,17:36,A Male,84.81666666666672
01103FD9DF,2023-02-12,08:23:48,17:43:43,136,-2.6,9.66,7:59,17:38,A Male,24.80000000000001
01103FD9DF,2023-02-13,07:57:50,17:33:38,117,0.0,9.73,7:57,17:40,A Male,0.8333333333333144
01103FD9DF,2023-02-14,09:00:05,17:28:51,78,-10.0,9.79,7:55,17:42,A Male,65.08333333333337
01103FD9FD,2023-01-09,08:34:35,16:26:53,152,-8.4,7.81,8:47,16:35,A Male,-12.416666666666629
01103FD9FD,2023-01-10,08:33:01,16:25:18,118,-8.2,7.84,8:46,16:37,A Male,-12.983333333333348
01103FD9FD,2023-01-11,08:37:01,16:12:22,121,-7.2,7.88,8:46,16:38,A Male,-8.983333333333348
01103FD9FD,2023-01-12,08:30:12,16:14:40,140,-12.6,7.92,8:45,16:40,A Male,-14.800000000000011
01103FD9FD,2023-01-13,08:30:30,16:20:21,110,-13.1,7.96,8:44,16:42,A Male,-13.5
01103FD9FD,2023-01-14,08:30:33,16:13:23,112,-10.7,8.0,8:43,16:43,A Male,-12.449999999999989
01103FD9FD,2023-01-15,08:29:21,16:23:29,111,-8.8,8.05,8:42,16:45,A Male,-12.649999999999977
01103FD9FD,2023-01-16,08:40:05,16:04:13,115,-5.4,8.09,8:41,16:47,A Male,-0.9166666666666288
01103FD9FD,2023-01-17,08:27:24,16:25:25,145,-8.8,8.14,8:40,16:48,A Male,-12.600000000000023
01103FD9FD,2023-01-18,08:25:50,16:23:27,124,-13.4,8.18,8:39,16:50,A Male,-13.166666666666686
01103FD9FD,2023-01-19,08:24:02,16:37:14,123,-10.6,8.23,8:38,16:52,A Male,-13.96666666666664
01103FD9FD,2023-01-20,08:28:28,16:42:34,107,-4.1,8.28,8:37,16:54,A Male,-8.53333333333336
01103FD9FD,2023-01-21,08:29:39,16:41:54,91,0.4,8.33,8:35,16:55,A Male,-5.350000000000023
01103FD9FD,2023-01-22,08:25:28,16:40:01,118,0.5,8.38,8:34,16:57,A Male,-8.53333333333336
01103FD9FD,2023-01-23,08:30:38,16:43:32,84,-2.8,8.44,8:33,16:59,A Male,-2.3666666666666742
01103FD9FD,2023-01-24,08:32:47,16:48:54,111,-0.1,8.49,8:31,17:01,A Male,1.783333333333303
01103FD9FD,2023-01-25,08:26:11,17:02:10,84,-0.7,8.55,8:30,17:03,A Male,-3.816666666666663
01103FD9FD,2023-01-26,08:14:35,16:56:15,69,4.7,8.6,8:29,17:05,A Male,-14.416666666666686
01103FD9FD,2023-01-27,08:17:32,16:16:06,113,-6.7,8.66,8:27,17:07,A Male,-9.46666666666664
01103FD9FD,2023-01-28,08:11:13,16:25:22,84,-16.8,8.72,8:26,17:09,A Male,-14.78333333333336
01103FD9FD,2023-01-29,08:15:38,16:19:18,116,-17.1,8.78,8:24,17:11,A Male,-8.366666666666674
01103FD9FD,2023-01-30,08:12:11,16:22:02,90,-11.7,8.83,8:22,17:13,A Male,-9.816666666666663
01103FD9FD,2023-01-31,08:11:26,16:20:52,137,-10.3,8.89,8:21,17:14,A Male,-9.566666666666663
01103FD9FD,2023-02-01,08:12:27,16:21:58,135,-15.5,8.96,8:19,17:16,A Male,-6.550000000000011
01103FD9FD,2023-02-02,08:16:41,16:24:16,120,-16.9,9.02,8:17,17:18,A Male,-0.3166666666666629
01103FD9FD,2023-02-03,08:12:03,16:55:45,112,-6.3,9.08,8:16,17:20,A Male,-3.9499999999999886
01103FD9FD,2023-02-04,08:15:12,17:08:19,106,-1.8,9.14,8:14,17:22,A Male,1.1999999999999886
01103FD9FD,2023-02-05,08:14:10,17:17:37,158,-2.0,9.2,8:12,17:24,A Male,2.1666666666666856
01103FD9FD,2023-02-06,08:20:47,17:23:12,135,-0.7,9.27,8:10,17:26,A Male,10.78333333333336
01103FD9FD,2023-02-07,08:42:45,17:19:50,143,0.5,9.33,8:08,17:28,A Male,34.75
01103FD9FD,2023-02-08,08:14:20,17:19:09,166,-3.2,9.4,8:06,17:30,A Male,8.333333333333314
01103FD9FD,2023-02-09,08:27:55,17:13:15,91,-6.1,9.46,8:05,17:32,A Male,22.916666666666686
01103FD9FD,2023-02-10,08:21:09,17:27:37,110,-1.9,9.53,8:03,17:34,A Male,18.149999999999977
01103FD9FD,2023-02-11,08:14:32,17:31:53,133,-2.9,9.59,8:01,17:36,A Male,13.53333333333336
01103FD9FD,2023-02-12,08:15:57,17:40:12,202,-2.6,9.66,7:59,17:38,A Male,16.94999999999999
01103FD9FD,2023-02-13,08:04:40,17:26:03,171,0.0,9.73,7:57,17:40,A Male,7.666666666666686
01103FD9FD,2023-02-14,08:09:33,17:25:00,185,-10.0,9.79,7:55,17:42,A Male,14.550000000000011
01103FDB14,2023-01-09,08:53:08,16:36:57,44,-8.4,7.81,8:47,16:35,A Male,6.133333333333326
01103FDB14,2023-01-10,09:01:05,15:53:45,49,-8.2,7.84,8:46,16:37,A Male,15.083333333333371
01103FDB14,2023-01-11,09:10:50,16:04:26,33,-7.2,7.88,8:46,16:38,A Male,24.83333333333337
01103FDB14,2023-01-12,08:44:35,16:28:53,58,-12.6,7.92,8:45,16:40,A Male,-0.41666666666662877
01103FDB14,2023-01-13,09:03:04,16:22:58,60,-13.1,7.96,8:44,16:42,A Male,19.06666666666672
01103FDB14,2023-01-14,09:44:07,16:29:55,44,-10.7,8.0,8:43,16:43,A Male,61.116666666666674
01103FDB14,2023-01-15,08:58:00,15:50:58,51,-8.8,8.05,8:42,16:45,A Male,16.0
01103FDB14,2023-01-16,09:05:37,16:31:28,40,-5.4,8.09,8:41,16:47,A Male,24.616666666666674
01103FDB14,2023-01-17,08:30:53,16:39:09,58,-8.8,8.14,8:40,16:48,A Male,-9.116666666666674
01103FDB14,2023-01-18,08:44:04,16:37:49,74,-13.4,8.18,8:39,16:50,A Male,5.06666666666672
01103FDB14,2023-01-19,09:14:42,16:45:28,53,-10.6,8.23,8:38,16:52,A Male,36.700000000000045
01103FDB14,2023-01-20,09:07:36,16:45:04,36,-4.1,8.28,8:37,16:54,A Male,30.600000000000023
01103FDB14,2023-01-21,09:06:47,16:42:35,37,0.4,8.33,8:35,16:55,A Male,31.783333333333303
01103FDB14,2023-01-22,09:26:33,16:37:02,10,0.5,8.38,8:34,16:57,A Male,52.549999999999955
01103FDB14,2023-01-23,09:17:35,15:31:28,21,-2.8,8.44,8:33,16:59,A Male,44.58333333333337
01103FDB14,2023-01-24,08:20:12,16:53:07,24,-0.1,8.49,8:31,17:01,A Male,-10.800000000000011
01103FDB14,2023-01-25,10:11:47,16:41:07,14,-0.7,8.55,8:30,17:03,A Male,101.7833333333333
01103FDB14,2023-01-26,08:41:03,16:43:24,13,4.7,8.6,8:29,17:05,A Male,12.049999999999955
01103FDB14,2023-01-27,08:21:13,16:19:52,44,-6.7,8.66,8:27,17:07,A Male,-5.78333333333336
01103FDB14,2023-01-28,10:20:20,16:28:08,29,-16.8,8.72,8:26,17:09,A Male,114.33333333333337
01103FDB14,2023-01-29,09:06:42,16:41:37,29,-17.1,8.78,8:24,17:11,A Male,42.700000000000045
01103FDB14,2023-01-30,08:31:12,16:53:57,40,-11.7,8.83,8:22,17:13,A Male,9.199999999999989
01103FDB14,2023-01-31,08:33:22,16:50:29,50,-10.3,8.89,8:21,17:14,A Male,12.366666666666674
01103FDB14,2023-02-01,08:27:30,16:12:40,41,-15.5,8.96,8:19,17:16,A Male,8.5
01103FDB14,2023-02-02,08:44:16,16:39:07,43,-16.9,9.02,8:17,17:18,A Male,27.26666666666665
01103FDB14,2023-02-03,08:53:47,17:00:56,70,-6.3,9.08,8:16,17:20,A Male,37.7833333333333
01103FDB14,2023-02-04,08:13:51,17:17:41,80,-1.8,9.14,8:14,17:22,A Male,-0.14999999999997726
01103FDB14,2023-02-05,08:22:08,17:09:12,55,-2.0,9.2,8:12,17:24,A Male,10.133333333333326
01103FDB14,2023-02-06,09:04:44,17:14:16,52,-0.7,9.27,8:10,17:26,A Male,54.73333333333335
01103FDB14,2023-02-07,09:35:09,17:20:28,63,0.5,9.33,8:08,17:28,A Male,87.14999999999998
01103FDB14,2023-02-08,08:13:57,17:12:56,77,-3.2,9.4,8:06,17:30,A Male,7.949999999999989
01103FDB14,2023-02-09,08:45:50,17:23:48,71,-6.1,9.46,8:05,17:32,A Male,40.83333333333337
01103FDB14,2023-02-10,08:38:03,17:33:47,24,-1.9,9.53,8:03,17:34,A Male,35.049999999999955
01103FDB14,2023-02-11,09:40:58,17:15:17,22,-2.9,9.59,8:01,17:36,A Male,99.9666666666667
01103FDB14,2023-02-12,10:15:54,17:30:48,26,-2.6,9.66,7:59,17:38,A Male,136.89999999999998
01103FDB14,2023-02-13,08:30:12,17:13:02,20,0.0,9.73,7:57,17:40,A Male,33.19999999999999
01103FDB14,2023-02-14,07:47:21,17:30:34,50,-10.0,9.79,7:55,17:42,A Male,-7.649999999999977
01103FDB64,2023-01-09,08:32:00,16:25:59,101,-8.4,7.81,8:47,16:35,A Male,-15.0
01103FDB64,2023-01-10,08:36:47,16:26:34,106,-8.2,7.84,8:46,16:37,A Male,-9.216666666666697
01103FDB64,2023-01-11,08:37:51,16:26:08,100,-7.2,7.88,8:46,16:38,A Male,-8.149999999999977
01103FDB64,2023-01-12,08:28:45,15:59:20,93,-12.6,7.92,8:45,16:40,A Male,-16.25
01103FDB64,2023-01-13,08:29:24,16:23:03,140,-13.1,7.96,8:44,16:42,A Male,-14.600000000000023
01103FDB64,2023-01-14,08:30:36,16:30:57,141,-10.7,8.0,8:43,16:43,A Male,-12.399999999999977
01103FDB64,2023-01-15,08:24:53,16:33:13,150,-8.8,8.05,8:42,16:45,A Male,-17.116666666666674
01103FDB64,2023-01-16,08:33:59,16:33:40,130,-5.4,8.09,8:41,16:47,A Male,-7.0166666666666515
01103FDB64,2023-01-17,08:30:43,16:29:50,126,-8.8,8.14,8:40,16:48,A Male,-9.28333333333336
01103FDB64,2023-01-18,08:22:43,16:33:19,155,-13.4,8.18,8:39,16:50,A Male,-16.28333333333336
01103FDB64,2023-01-19,08:22:41,16:43:29,188,-10.6,8.23,8:38,16:52,A Male,-15.316666666666663
01103FDB64,2023-01-20,08:55:21,16:49:09,174,-4.1,8.28,8:37,16:54,A Male,18.350000000000023
01103FDB64,2023-01-21,08:29:32,16:52:17,152,0.4,8.33,8:35,16:55,A Male,-5.46666666666664
01103FDB64,2023-01-22,08:18:48,16:49:32,192,0.5,8.38,8:34,16:57,A Male,-15.199999999999989
01103FDB64,2023-01-23,08:24:33,17:00:26,124,-2.8,8.44,8:33,16:59,A Male,-8.449999999999989
01103FDB64,2023-01-24,08:43:59,17:01:43,259,-0.1,8.49,8:31,17:01,A Male,12.983333333333348
01103FDB64,2023-01-25,08:34:08,16:54:39,209,-0.7,8.55,8:30,17:03,A Male,4.133333333333326
01103FDB64,2023-01-26,08:18:12,16:38:26,126,4.7,8.6,8:29,17:05,A Male,-10.800000000000011
01103FDB64,2023-01-27,08:28:08,16:22:47,80,-6.7,8.66,8:27,17:07,A Male,1.1333333333333258
01103FDB64,2023-01-28,08:16:07,16:32:33,86,-16.8,8.72,8:26,17:09,A Male,-9.883333333333326
01103FDB64,2023-01-29,08:18:25,16:27:08,112,-17.1,8.78,8:24,17:11,A Male,-5.583333333333314
01103FDB64,2023-01-30,08:13:38,16:41:02,117,-11.7,8.83,8:22,17:13,A Male,-8.366666666666674
01103FDB64,2023-01-31,08:11:01,16:36:26,153,-10.3,8.89,8:21,17:14,A Male,-9.983333333333348
01103FDB64,2023-02-01,08:04:59,16:25:54,90,-15.5,8.96,8:19,17:16,A Male,-14.016666666666652
01103FDB64,2023-02-02,08:49:53,16:32:41,78,-16.9,9.02,8:17,17:18,A Male,32.883333333333326
01103FDB64,2023-02-03,09:26:37,16:57:30,98,-6.3,9.08,8:16,17:20,A Male,70.61666666666667
01103FDB64,2023-02-04,08:46:05,17:10:38,210,-1.8,9.14,8:14,17:22,A Male,32.08333333333337
01103FDB64,2023-02-05,09:04:34,17:07:07,180,-2.0,9.2,8:12,17:24,A Male,52.56666666666672
01103FDB64,2023-02-06,08:31:46,17:19:05,153,-0.7,9.27,8:10,17:26,A Male,21.76666666666665
01103FDB64,2023-02-07,08:02:32,17:13:00,219,0.5,9.33,8:08,17:28,A Male,-5.46666666666664
01103FDB64,2023-02-08,08:09:51,17:17:38,163,-3.2,9.4,8:06,17:30,A Male,3.8500000000000227
01103FDB64,2023-02-09,09:11:39,17:20:17,142,-6.1,9.46,8:05,17:32,A Male,66.64999999999998
01103FDB64,2023-02-10,08:25:01,17:35:17,193,-1.9,9.53,8:03,17:34,A Male,22.01666666666665
01103FDB64,2023-02-11,08:09:53,17:29:09,154,-2.9,9.59,8:01,17:36,A Male,8.883333333333326
01103FDB64,2023-02-12,08:16:20,17:34:11,172,-2.6,9.66,7:59,17:38,A Male,17.333333333333314
01103FDB64,2023-02-13,07:49:54,17:16:03,169,0.0,9.73,7:57,17:40,A Male,-7.100000000000023
01103FDB64,2023-02-14,08:10:45,17:23:50,54,-10.0,9.79,7:55,17:42,A Male,15.75
01103FDBEF,2023-01-09,09:05:05,16:29:38,72,-8.4,7.81,8:47,16:35,A Female,18.08333333333337
01103FDBEF,2023-01-10,08:38:36,16:14:26,118,-8.2,7.84,8:46,16:37,A Female,-7.399999999999977
01103FDBEF,2023-01-11,09:09:05,15:39:36,110,-7.2,7.88,8:46,16:38,A Female,23.08333333333337
01103FDBEF,2023-01-12,08:41:21,14:54:47,79,-12.6,7.92,8:45,16:40,A Female,-3.6499999999999773
01103FDBEF,2023-01-13,08:33:10,15:52:29,130,-13.1,7.96,8:44,16:42,A Female,-10.833333333333371
01103FDBEF,2023-01-14,08:34:22,16:06:46,92,-10.7,8.0,8:43,16:43,A Female,-8.633333333333326
01103FDBEF,2023-01-15,08:56:20,16:21:08,80,-8.8,8.05,8:42,16:45,A Female,14.333333333333371
01103FDBEF,2023-01-16,08:55:41,16:04:57,77,-5.4,8.09,8:41,16:47,A Female,14.68333333333328
01103FDBEF,2023-01-17,08:32:18,15:54:55,107,-8.8,8.14,8:40,16:48,A Female,-7.7000000000000455
01103FDBEF,2023-01-18,08:53:18,16:13:37,101,-13.4,8.18,8:39,16:50,A Female,14.299999999999955
01103FDBEF,2023-01-19,08:34:58,16:17:32,111,-10.6,8.23,8:38,16:52,A Female,-3.033333333333303
01103FDBEF,2023-01-20,09:21:31,16:37:13,70,-4.1,8.28,8:37,16:54,A Female,44.51666666666665
01103FDBEF,2023-01-21,09:24:12,16:41:49,72,0.4,8.33,8:35,16:55,A Female,49.200000000000045
01103FDBEF,2023-01-22,08:58:14,16:39:34,49,0.5,8.38,8:34,16:57,A Female,24.23333333333335
01103FDBEF,2023-01-23,10:38:23,16:38:10,39,-2.8,8.44,8:33,16:59,A Female,125.38333333333333
01103FDBEF,2023-01-24,09:22:20,16:38:51,63,-0.1,8.49,8:31,17:01,A Female,51.33333333333337
01103FDBEF,2023-01-25,09:44:54,16:52:45,44,-0.7,8.55,8:30,17:03,A Female,74.89999999999998
01103FDBEF,2023-01-26,09:28:02,16:47:12,40,4.7,8.6,8:29,17:05,A Female,59.0333333333333
01103FDBEF,2023-01-27,09:25:50,16:10:16,81,-6.7,8.66,8:27,17:07,A Female,58.83333333333337
01103FDBEF,2023-01-28,08:54:09,15:43:35,85,-16.8,8.72,8:26,17:09,A Female,28.149999999999977
01103FDBEF,2023-01-29,09:07:59,16:12:50,70,-17.1,8.78,8:24,17:11,A Female,43.98333333333335
01103FDBEF,2023-01-30,09:03:47,16:28:21,81,-11.7,8.83,8:22,17:13,A Female,41.7833333333333
01103FDBEF,2023-01-31,09:13:55,16:24:27,110,-10.3,8.89,8:21,17:14,A Female,52.91666666666663
01103FDBEF,2023-02-01,08:45:38,15:54:56,89,-15.5,8.96,8:19,17:16,A Female,26.633333333333326
01103FDBEF,2023-02-02,09:32:46,16:10:21,36,-16.9,9.02,8:17,17:18,A Female,75.76666666666665
01103FDBEF,2023-02-03,09:13:27,16:33:27,75,-6.3,9.08,8:16,17:20,A Female,57.450000000000045
01103FDBEF,2023-02-04,09:44:04,16:39:26,63,-1.8,9.14,8:14,17:22,A Female,90.06666666666672
01103FDBEF,2023-02-05,09:08:37,17:05:40,65,-2.0,9.2,8:12,17:24,A Female,56.616666666666674
01103FDBEF,2023-02-06,10:59:09,17:12:03,42,-0.7,9.27,8:10,17:26,A Female,169.14999999999998
01103FDBEF,2023-02-07,10:54:11,17:09:00,49,0.5,9.33,8:08,17:28,A Female,166.18333333333328
01103FDBEF,2023-02-08,08:02:50,16:49:14,77,-3.2,9.4,8:06,17:30,A Female,-3.1666666666666856
01103FDBEF,2023-02-09,09:50:15,17:23:11,71,-6.1,9.46,8:05,17:32,A Female,105.25
01103FDBEF,2023-02-10,09:04:04,17:37:01,51,-1.9,9.53,8:03,17:34,A Female,61.06666666666672
01103FDBEF,2023-02-11,12:21:28,16:55:27,36,-2.9,9.59,8:01,17:36,A Female,260.4666666666667
01103FDBEF,2023-02-12,10:38:27,17:32:12,56,-2.6,9.66,7:59,17:38,A Female,159.45000000000005
01103FDBEF,2023-02-13,09:20:03,16:57:14,56,0.0,9.73,7:57,17:40,A Female,83.04999999999995
01103FDBEF,2023-02-14,07:57:17,17:11:59,50,-10.0,9.79,7:55,17:42,A Female,2.28333333333336
01103FDC06,2023-01-09,08:21:43,16:17:45,88,-8.4,7.81,8:47,16:35,J Male,-25.28333333333336
01103FDC06,2023-01-10,08:21:41,16:29:46,87,-8.2,7.84,8:46,16:37,J Male,-24.316666666666663
01103FDC06,2023-01-11,08:24:26,16:13:41,76,-7.2,7.88,8:46,16:38,J Male,-21.566666666666663
01103FDC06,2023-01-12,08:19:35,16:17:10,70,-12.6,7.92,8:45,16:40,J Male,-25.416666666666686
01103FDC06,2023-01-13,08:19:18,16:15:34,75,-13.1,7.96,8:44,16:42,J Male,-24.69999999999999
01103FDC06,2023-01-14,08:19:51,16:22:41,81,-10.7,8.0,8:43,16:43,J Male,-23.149999999999977
01103FDC06,2023-01-15,08:15:34,16:16:24,82,-8.8,8.05,8:42,16:45,J Male,-26.433333333333337
01103FDC06,2023-01-16,08:20:00,15:56:35,79,-5.4,8.09,8:41,16:47,J Male,-21.0
01103FDC06,2023-01-17,08:15:50,16:27:28,71,-8.8,8.14,8:40,16:48,J Male,-24.166666666666686
01103FDC06,2023-01-18,08:17:17,16:14:59,83,-13.4,8.18,8:39,16:50,J Male,-21.71666666666664
01103FDC06,2023-01-19,08:10:53,16:33:39,90,-10.6,8.23,8:38,16:52,J Male,-27.116666666666674
01103FDC06,2023-01-20,08:15:45,16:26:10,87,-4.1,8.28,8:37,16:54,J Male,-21.25
01103FDC06,2023-01-21,08:18:05,16:40:48,38,0.4,8.33,8:35,16:55,J Male,-16.916666666666686
01103FDC06,2023-01-23,08:09:35,16:19:27,29,-2.8,8.44,8:33,16:59,J Male,-23.416666666666686
01103FDC06,2023-01-24,08:09:05,16:05:06,10,-0.1,8.49,8:31,17:01,J Male,-21.916666666666686
01103FDC06,2023-01-25,08:04:59,16:34:42,14,-0.7,8.55,8:30,17:03,J Male,-25.01666666666665
01103FDC06,2023-01-26,08:02:33,15:58:18,19,4.7,8.6,8:29,17:05,J Male,-26.44999999999999
01103FDC06,2023-01-27,08:04:36,16:37:52,58,-6.7,8.66,8:27,17:07,J Male,-22.399999999999977
01103FDC06,2023-01-28,08:07:10,16:07:59,37,-16.8,8.72,8:26,17:09,J Male,-18.833333333333314
01103FDC06,2023-01-29,07:57:32,16:33:10,60,-17.1,8.78,8:24,17:11,J Male,-26.46666666666664
01103FDC06,2023-01-30,08:06:51,16:45:00,36,-11.7,8.83,8:22,17:13,J Male,-15.149999999999977
01103FDC06,2023-01-31,07:59:20,16:43:33,93,-10.3,8.89,8:21,17:14,J Male,-21.666666666666686
01103FDC06,2023-02-01,08:00:58,16:45:13,95,-15.5,8.96,8:19,17:16,J Male,-18.03333333333336
01103FDC06,2023-02-02,08:04:23,16:34:51,77,-16.9,9.02,8:17,17:18,J Male,-12.616666666666674
01103FDC06,2023-02-03,07:58:30,16:59:36,71,-6.3,9.08,8:16,17:20,J Male,-17.5
01103FDC06,2023-02-04,08:00:22,17:02:14,75,-1.8,9.14,8:14,17:22,J Male,-13.633333333333326
01103FDC06,2023-02-05,07:51:31,16:54:49,53,-2.0,9.2,8:12,17:24,J Male,-20.48333333333335
01103FDC06,2023-02-06,07:47:34,16:57:06,48,-0.7,9.27,8:10,17:26,J Male,-22.433333333333337
01103FDC06,2023-02-07,07:49:06,16:59:59,49,0.5,9.33,8:08,17:28,J Male,-18.899999999999977
01103FDC06,2023-02-08,07:45:08,17:03:13,66,-3.2,9.4,8:06,17:30,J Male,-20.866666666666674
01103FDC06,2023-02-09,07:42:07,17:02:21,64,-6.1,9.46,8:05,17:32,J Male,-22.883333333333326
01103FDC06,2023-02-10,07:42:23,17:06:41,42,-1.9,9.53,8:03,17:34,J Male,-20.616666666666674
01103FDC06,2023-02-11,07:38:30,17:23:53,40,-2.9,9.59,8:01,17:36,J Male,-22.5
01103FDC06,2023-02-12,07:39:30,17:16:12,57,-2.6,9.66,7:59,17:38,J Male,-19.5
01103FDC06,2023-02-13,07:37:57,17:10:43,22,0.0,9.73,7:57,17:40,J Male,-19.05000000000001
01103FDC06,2023-02-14,07:39:41,17:23:22,28,-10.0,9.79,7:55,17:42,J Male,-15.316666666666663
01103FDC1D,2023-01-09,08:38:05,16:31:31,83,-8.4,7.81,8:47,16:35,J Female,-8.916666666666629
01103FDC1D,2023-01-10,08:54:57,16:33:20,83,-8.2,7.84,8:46,16:37,J Female,8.950000000000045
01103FDC1D,2023-01-11,08:41:24,16:18:08,71,-7.2,7.88,8:46,16:38,J Female,-4.600000000000023
01103FDC1D,2023-01-12,08:30:32,16:19:38,93,-12.6,7.92,8:45,16:40,J Female,-14.46666666666664
01103FDC1D,2023-01-13,08:36:11,16:15:19,96,-13.1,7.96,8:44,16:42,J Female,-7.81666666666672
01103FDC1D,2023-01-14,08:41:45,16:30:43,72,-10.7,8.0,8:43,16:43,J Female,-1.25
01103FDC1D,2023-01-15,08:28:05,16:35:50,54,-8.8,8.05,8:42,16:45,J Female,-13.916666666666686
01103FDC1D,2023-01-16,08:36:20,16:22:40,74,-5.4,8.09,8:41,16:47,J Female,-4.666666666666629
01103FDC1D,2023-01-17,08:56:05,16:33:29,88,-8.8,8.14,8:40,16:48,J Female,16.08333333333337
01103FDC1D,2023-01-18,08:34:00,16:26:53,78,-13.4,8.18,8:39,16:50,J Female,-5.0
01103FDC1D,2023-01-19,09:02:10,16:39:23,62,-10.6,8.23,8:38,16:52,J Female,24.16666666666663
01103FDC1D,2023-01-20,08:25:16,16:47:38,61,-4.1,8.28,8:37,16:54,J Female,-11.733333333333348
01103FDC1D,2023-01-21,08:31:21,16:51:33,66,0.4,8.33,8:35,16:55,J Female,-3.6499999999999773
01103FDC1D,2023-01-22,08:28:47,16:36:51,62,0.5,8.38,8:34,16:57,J Female,-5.21666666666664
01103FDC1D,2023-01-23,08:26:02,16:50:01,68,-2.8,8.44,8:33,16:59,J Female,-6.96666666666664
01103FDC1D,2023-01-24,08:30:38,16:52:39,65,-0.1,8.49,8:31,17:01,J Female,-0.36666666666667425
01103FDC1D,2023-01-25,08:20:56,16:46:46,81,-0.7,8.55,8:30,17:03,J Female,-9.066666666666663
01103FDC1D,2023-01-26,08:16:30,16:41:01,55,4.7,8.6,8:29,17:05,J Female,-12.5
01103FDC1D,2023-01-27,08:21:24,16:18:45,82,-6.7,8.66,8:27,17:07,J Female,-5.600000000000023
01103FDC1D,2023-01-28,08:20:23,16:29:43,77,-16.8,8.72,8:26,17:09,J Female,-5.616666666666674
01103FDC1D,2023-01-29,08:19:26,16:25:43,106,-17.1,8.78,8:24,17:11,J Female,-4.566666666666663
01103FDC1D,2023-01-30,08:19:04,16:37:18,80,-11.7,8.83,8:22,17:13,J Female,-2.933333333333337
01103FDC1D,2023-01-31,08:20:36,16:24:22,103,-10.3,8.89,8:21,17:14,J Female,-0.39999999999997726
01103FDC1D,2023-02-01,08:18:45,16:25:34,121,-15.5,8.96,8:19,17:16,J Female,-0.25
01103FDC1D,2023-02-02,08:19:47,14:58:43,60,-16.9,9.02,8:17,17:18,J Female,2.78333333333336
01103FDC1D,2023-02-03,08:26:09,16:22:54,70,-6.3,9.08,8:16,17:20,J Female,10.149999999999977
01103FDC1D,2023-02-04,08:23:11,17:09:43,66,-1.8,9.14,8:14,17:22,J Female,9.183333333333337
01103FDC1D,2023-02-05,11:32:26,17:10:52,44,-2.0,9.2,8:12,17:24,J Female,200.43333333333328
01103FDC1D,2023-02-06,08:06:39,16:58:25,55,-0.7,9.27,8:10,17:26,J Female,-3.3500000000000227
01103FDC1D,2023-02-07,09:18:59,17:15:37,49,0.5,9.33,8:08,17:28,J Female,70.98333333333335
01103FDC1D,2023-02-08,08:08:54,17:14:48,76,-3.2,9.4,8:06,17:30,J Female,2.8999999999999773
01103FDC1D,2023-02-09,08:02:11,17:07:32,68,-6.1,9.46,8:05,17:32,J Female,-2.816666666666663
01103FDC1D,2023-02-10,08:04:51,17:14:33,61,-1.9,9.53,8:03,17:34,J Female,1.8500000000000227
01103FDC1D,2023-02-11,08:35:33,17:23:51,65,-2.9,9.59,8:01,17:36,J Female,34.549999999999955
01103FDC1D,2023-02-12,08:35:10,16:56:12,32,-2.6,9.66,7:59,17:38,J Female,36.16666666666663
01103FDC1D,2023-02-13,08:04:17,17:14:30,53,0.0,9.73,7:57,17:40,J Female,7.28333333333336
01103FDC1D,2023-02-14,08:43:40,17:09:42,64,-10.0,9.79,7:55,17:42,J Female,48.66666666666663
01103FDC66,2023-01-09,09:01:22,16:34:51,57,-8.4,7.81,8:47,16:35,A Female,14.366666666666674
01103FDC66,2023-01-10,08:36:33,16:36:42,84,-8.2,7.84,8:46,16:37,A Female,-9.450000000000045
01103FDC66,2023-01-11,08:38:45,16:26:31,71,-7.2,7.88,8:46,16:38,A Female,-7.25
01103FDC66,2023-01-12,08:55:19,16:27:31,79,-12.6,7.92,8:45,16:40,A Female,10.31666666666672
01103FDC66,2023-01-13,08:39:06,16:35:12,100,-13.1,7.96,8:44,16:42,A Female,-4.899999999999977
01103FDC66,2023-01-14,08:46:06,16:40:30,59,-10.7,8.0,8:43,16:43,A Female,3.1000000000000227
01103FDC66,2023-01-15,08:37:13,16:27:04,50,-8.8,8.05,8:42,16:45,A Female,-4.783333333333303
01103FDC66,2023-01-16,08:32:58,16:42:53,100,-5.4,8.09,8:41,16:47,A Female,-8.033333333333303
01103FDC66,2023-01-17,08:41:26,16:30:56,50,-8.8,8.14,8:40,16:48,A Female,1.4333333333332803
01103FDC66,2023-01-18,08:32:01,16:43:47,85,-13.4,8.18,8:39,16:50,A Female,-6.9833333333333485
01103FDC66,2023-01-19,08:27:11,16:54:29,63,-10.6,8.23,8:38,16:52,A Female,-10.816666666666663
01103FDC66,2023-01-20,08:30:54,17:00:39,46,-4.1,8.28,8:37,16:54,A Female,-6.100000000000023
01103FDC66,2023-01-21,08:33:31,17:02:23,39,0.4,8.33,8:35,16:55,A Female,-1.4833333333333485
01103FDC66,2023-01-22,08:36:34,17:08:13,36,0.5,8.38,8:34,16:57,A Female,2.5666666666667197
01103FDC66,2023-01-23,08:25:15,17:06:54,66,-2.8,8.44,8:33,16:59,A Female,-7.75
01103FDC66,2023-01-24,08:32:39,17:14:17,42,-0.1,8.49,8:31,17:01,A Female,1.6499999999999773
01103FDC66,2023-01-25,08:23:49,17:13:55,49,-0.7,8.55,8:30,17:03,A Female,-6.183333333333337
01103FDC66,2023-01-26,08:28:09,17:03:50,32,4.7,8.6,8:29,17:05,A Female,-0.8500000000000227
01103FDC66,2023-01-27,08:25:56,16:41:40,105,-6.7,8.66,8:27,17:07,A Female,-1.0666666666666629
01103FDC66,2023-01-28,08:27:33,16:41:04,62,-16.8,8.72,8:26,17:09,A Female,1.5500000000000114
01103FDC66,2023-01-29,08:30:23,16:44:22,51,-17.1,8.78,8:24,17:11,A Female,6.383333333333326
01103FDC66,2023-01-30,08:19:40,16:58:04,52,-11.7,8.83,8:22,17:13,A Female,-2.3333333333333144
01103FDC66,2023-01-31,08:23:56,16:39:56,74,-10.3,8.89,8:21,17:14,A Female,2.933333333333337
01103FDC66,2023-02-01,08:23:35,16:23:38,48,-15.5,8.96,8:19,17:16,A Female,4.583333333333314
01103FDC66,2023-02-02,08:28:19,16:38:28,45,-16.9,9.02,8:17,17:18,A Female,11.316666666666663
01103FDC66,2023-02-03,10:02:10,17:08:58,50,-6.3,9.08,8:16,17:20,A Female,106.16666666666663
01103FDC66,2023-02-04,08:16:29,15:22:04,21,-1.8,9.14,8:14,17:22,A Female,2.4833333333333485
01103FDC66,2023-02-05,08:17:22,17:01:43,15,-2.0,9.2,8:12,17:24,A Female,5.366666666666674
01103FDC66,2023-02-06,08:10:17,17:09:20,25,-0.7,9.27,8:10,17:26,A Female,0.28333333333335986
01103FDC66,2023-02-07,08:13:27,17:26:13,24,0.5,9.33,8:08,17:28,A Female,5.449999999999989
01103FDC66,2023-02-08,08:01:47,17:26:59,40,-3.2,9.4,8:06,17:30,A Female,-4.21666666666664
01103FDC66,2023-02-09,07:58:51,17:07:40,17,-6.1,9.46,8:05,17:32,A Female,-6.149999999999977
01103FDC66,2023-02-10,08:42:08,17:38:06,55,-1.9,9.53,8:03,17:34,A Female,39.133333333333326
01103FDC66,2023-02-11,08:10:35,17:32:40,36,-2.9,9.59,8:01,17:36,A Female,9.583333333333314
01103FDC66,2023-02-12,08:08:28,17:40:53,53,-2.6,9.66,7:59,17:38,A Female,9.46666666666664
01103FDC66,2023-02-13,08:13:03,17:47:17,38,0.0,9.73,7:57,17:40,A Female,16.05000000000001
01103FDC66,2023-02-14,07:53:20,17:28:31,57,-10.0,9.79,7:55,17:42,A Female,-1.6666666666666856
01103FDD4E,2023-01-09,09:45:20,15:03:37,19,-8.4,7.81,8:47,16:35,A Male,58.33333333333337
01103FDD4E,2023-01-10,09:30:24,16:40:26,49,-8.2,7.84,8:46,16:37,A Male,44.39999999999998
01103FDD4E,2023-01-11,08:39:55,16:27:25,76,-7.2,7.88,8:46,16:38,A Male,-6.083333333333371
01103FDD4E,2023-01-12,08:32:55,16:24:38,106,-12.6,7.92,8:45,16:40,A Male,-12.083333333333371
01103FDD4E,2023-01-13,09:30:15,16:44:55,78,-13.1,7.96,8:44,16:42,A Male,46.25
01103FDD4E,2023-01-14,09:40:27,16:30:27,67,-10.7,8.0,8:43,16:43,A Male,57.450000000000045
01103FDD4E,2023-01-15,08:33:43,16:33:36,90,-8.8,8.05,8:42,16:45,A Male,-8.283333333333303
01103FDD4E,2023-01-16,08:53:08,16:52:23,79,-5.4,8.09,8:41,16:47,A Male,12.133333333333326
01103FDD4E,2023-01-17,08:44:53,16:56:05,94,-8.8,8.14,8:40,16:48,A Male,4.883333333333326
01103FDD4E,2023-01-18,10:08:44,16:37:50,62,-13.4,8.18,8:39,16:50,A Male,89.73333333333335
01103FDD4E,2023-01-19,09:16:38,17:08:41,54,-10.6,8.23,8:38,16:52,A Male,38.633333333333326
01103FDD4E,2023-01-20,09:56:27,17:15:05,29,-4.1,8.28,8:37,16:54,A Male,79.45000000000005
01103FDD4E,2023-01-21,11:50:32,17:14:14,20,0.4,8.33,8:35,16:55,A Male,195.5333333333333
01103FDD4E,2023-01-22,15:46:43,17:11:35,10,0.5,8.38,8:34,16:57,A Male,432.7166666666667
01103FDD4E,2023-01-23,08:28:15,15:05:07,13,-2.8,8.44,8:33,16:59,A Male,-4.75
01103FDD7E,2023-01-09,08:21:49,16:33:33,90,-8.4,7.81,8:47,16:35,A Male,-25.183333333333337
01103FDD7E,2023-01-10,08:19:40,16:43:35,100,-8.2,7.84,8:46,16:37,A Male,-26.333333333333314
01103FDD7E,2023-01-11,08:20:24,16:27:48,112,-7.2,7.88,8:46,16:38,A Male,-25.600000000000023
01103FDD7E,2023-01-12,08:13:51,16:19:22,114,-12.6,7.92,8:45,16:40,A Male,-31.149999999999977
01103FDD7E,2023-01-13,08:14:05,16:27:46,106,-13.1,7.96,8:44,16:42,A Male,-29.916666666666686
01103FDD7E,2023-01-14,08:22:02,16:24:51,98,-10.7,8.0,8:43,16:43,A Male,-20.96666666666664
01103FDD7E,2023-01-15,08:15:12,16:15:59,65,-8.8,8.05,8:42,16:45,A Male,-26.80000000000001
01103FDD7E,2023-01-16,08:19:31,16:23:16,90,-5.4,8.09,8:41,16:47,A Male,-21.48333333333335
01103FDD7E,2023-01-17,08:21:15,16:30:49,99,-8.8,8.14,8:40,16:48,A Male,-18.75
01103FDD7E,2023-01-18,08:13:39,16:32:05,92,-13.4,8.18,8:39,16:50,A Male,-25.350000000000023
01103FDD7E,2023-01-19,08:14:20,16:32:51,98,-10.6,8.23,8:38,16:52,A Male,-23.666666666666686
01103FDD7E,2023-01-20,08:11:18,16:32:47,104,-4.1,8.28,8:37,16:54,A Male,-25.69999999999999
01103FDD7E,2023-01-21,08:16:04,16:43:37,81,0.4,8.33,8:35,16:55,A Male,-18.933333333333337
01103FDD7E,2023-01-22,08:11:08,16:41:28,72,0.5,8.38,8:34,16:57,A Male,-22.866666666666674
01103FDD7E,2023-01-23,08:10:02,16:43:29,76,-2.8,8.44,8:33,16:59,A Male,-22.96666666666664
01103FDD7E,2023-01-24,08:12:16,16:55:50,66,-0.1,8.49,8:31,17:01,A Male,-18.73333333333335
01103FDD7E,2023-01-25,08:07:11,16:55:28,77,-0.7,8.55,8:30,17:03,A Male,-22.816666666666663
01103FDD7E,2023-01-26,08:02:47,16:53:07,48,4.7,8.6,8:29,17:05,A Male,-26.21666666666664
01103FDD7E,2023-01-27,08:08:08,16:41:14,90,-6.7,8.66,8:27,17:07,A Male,-18.866666666666674
01103FDD7E,2023-01-28,08:05:11,16:34:49,84,-16.8,8.72,8:26,17:09,A Male,-20.816666666666663
01103FDD7E,2023-01-29,08:01:31,16:36:49,94,-17.1,8.78,8:24,17:11,A Male,-22.48333333333335
01103FDD7E,2023-01-30,08:03:25,16:49:07,96,-11.7,8.83,8:22,17:13,A Male,-18.583333333333314
01103FDD7E,2023-01-31,07:59:31,16:32:40,91,-10.3,8.89,8:21,17:14,A Male,-21.48333333333335
01103FDD7E,2023-02-01,07:48:49,16:26:36,129,-15.5,8.96,8:19,17:16,A Male,-30.183333333333337
01103FDD7E,2023-02-02,07:56:14,16:30:39,127,-16.9,9.02,8:17,17:18,A Male,-20.76666666666665
01103FDD7E,2023-02-03,07:56:36,16:54:51,100,-6.3,9.08,8:16,17:20,A Male,-19.399999999999977
01103FDD7E,2023-02-04,07:54:26,16:59:21,119,-1.8,9.14,8:14,17:22,A Male,-19.566666666666663
01103FDD7E,2023-02-05,07:55:57,17:11:52,98,-2.0,9.2,8:12,17:24,A Male,-16.05000000000001
01103FDD7E,2023-02-06,07:55:02,17:02:38,80,-0.7,9.27,8:10,17:26,A Male,-14.96666666666664
01103FDD7E,2023-02-07,08:03:15,17:08:48,65,0.5,9.33,8:08,17:28,A Male,-4.75
01103FDD7E,2023-02-08,07:45:44,17:07:25,124,-3.2,9.4,8:06,17:30,A Male,-20.26666666666665
01103FDD7E,2023-02-09,07:44:13,17:15:34,89,-6.1,9.46,8:05,17:32,A Male,-20.78333333333336
01103FDD7E,2023-02-10,07:48:41,17:15:50,51,-1.9,9.53,8:03,17:34,A Male,-14.316666666666663
01103FDD7E,2023-02-11,07:45:59,17:32:58,59,-2.9,9.59,8:01,17:36,A Male,-15.016666666666652
01103FDD7E,2023-02-12,07:41:02,17:18:25,82,-2.6,9.66,7:59,17:38,A Male,-17.96666666666664
01103FDD7E,2023-02-13,07:38:26,17:12:48,67,0.0,9.73,7:57,17:40,A Male,-18.566666666666663
01103FDD7E,2023-02-14,07:40:21,17:17:16,92,-10.0,9.79,7:55,17:42,A Male,-14.649999999999977
01103FDF11,2023-01-09,08:31:41,16:44:24,78,-8.4,7.81,8:47,16:35,J Male,-15.316666666666663
01103FDF11,2023-01-10,08:32:54,16:46:23,101,-8.2,7.84,8:46,16:37,J Male,-13.100000000000023
01103FDF11,2023-01-11,08:33:46,16:29:26,89,-7.2,7.88,8:46,16:38,J Male,-12.233333333333348
01103FDF11,2023-01-12,08:26:34,16:30:22,87,-12.6,7.92,8:45,16:40,J Male,-18.433333333333337
01103FDF11,2023-01-13,08:24:18,16:44:56,96,-13.1,7.96,8:44,16:42,J Male,-19.69999999999999
01103FDF11,2023-01-14,09:03:56,16:36:55,91,-10.7,8.0,8:43,16:43,J Male,20.93333333333328
01103FDF11,2023-01-15,08:27:47,16:38:10,91,-8.8,8.05,8:42,16:45,J Male,-14.21666666666664
01103FDF11,2023-01-16,08:26:57,16:36:23,89,-5.4,8.09,8:41,16:47,J Male,-14.050000000000011
01103FDF11,2023-01-17,08:28:28,16:38:46,77,-8.8,8.14,8:40,16:48,J Male,-11.53333333333336
01103FDF11,2023-01-18,08:47:26,16:39:56,86,-13.4,8.18,8:39,16:50,J Male,8.43333333333328
01103FDF11,2023-01-19,08:21:20,16:52:57,69,-10.6,8.23,8:38,16:52,J Male,-16.666666666666686
01103FDF11,2023-01-20,08:27:21,16:50:05,68,-4.1,8.28,8:37,16:54,J Male,-9.649999999999977
01103FDF11,2023-01-21,08:28:56,16:50:13,49,0.4,8.33,8:35,16:55,J Male,-6.066666666666663
01103FDF11,2023-01-22,08:25:40,17:10:24,37,0.5,8.38,8:34,16:57,J Male,-8.333333333333314
01103FDF11,2023-01-23,08:23:46,17:01:32,66,-2.8,8.44,8:33,16:59,J Male,-9.233333333333348
01103FDF11,2023-01-24,08:25:46,16:54:34,35,-0.1,8.49,8:31,17:01,J Male,-5.2333333333333485
01103FDF11,2023-01-25,08:26:34,16:58:15,55,-0.7,8.55,8:30,17:03,J Male,-3.433333333333337
01103FDF11,2023-01-26,08:15:26,16:58:46,23,4.7,8.6,8:29,17:05,J Male,-13.566666666666663
01103FDF11,2023-01-27,08:20:07,16:34:06,74,-6.7,8.66,8:27,17:07,J Male,-6.883333333333326
01103FDF11,2023-01-28,09:30:17,16:41:07,64,-16.8,8.72,8:26,17:09,J Male,64.2833333333333
01103FDF11,2023-01-29,09:06:05,16:51:31,70,-17.1,8.78,8:24,17:11,J Male,42.08333333333337
01103FDF11,2023-01-30,08:19:52,16:39:49,94,-11.7,8.83,8:22,17:13,J Male,-2.1333333333333258
01103FDF11,2023-01-31,08:22:14,16:45:22,75,-10.3,8.89,8:21,17:14,J Male,1.2333333333333485
01103FDF11,2023-02-01,08:42:25,16:41:08,63,-15.5,8.96,8:19,17:16,J Male,23.41666666666663
01103FDF11,2023-02-02,09:12:51,16:30:43,62,-16.9,9.02,8:17,17:18,J Male,55.85000000000002
01103FDF11,2023-02-03,08:13:32,16:41:53,69,-6.3,9.08,8:16,17:20,J Male,-2.46666666666664
01103FDF11,2023-02-04,08:03:52,17:00:31,67,-1.8,9.14,8:14,17:22,J Male,-10.133333333333326
01103FDF11,2023-02-05,08:02:03,17:16:36,67,-2.0,9.2,8:12,17:24,J Male,-9.949999999999989
01103FDF11,2023-02-06,08:05:33,17:19:56,72,-0.7,9.27,8:10,17:26,J Male,-4.449999999999989
01103FDF11,2023-02-07,08:02:32,17:11:04,52,0.5,9.33,8:08,17:28,J Male,-5.46666666666664
01103FDF11,2023-02-08,08:00:36,17:15:49,79,-3.2,9.4,8:06,17:30,J Male,-5.399999999999977
01103FDF11,2023-02-09,07:53:49,17:01:36,82,-6.1,9.46,8:05,17:32,J Male,-11.183333333333337
01103FDF11,2023-02-10,08:21:29,17:49:36,51,-1.9,9.53,8:03,17:34,J Male,18.48333333333335
01103FDF11,2023-02-11,07:55:02,17:38:12,38,-2.9,9.59,8:01,17:36,J Male,-5.96666666666664
01103FDF11,2023-02-12,08:35:50,17:43:22,47,-2.6,9.66,7:59,17:38,J Male,36.83333333333337
01103FDF11,2023-02-13,07:54:37,17:07:30,49,0.0,9.73,7:57,17:40,J Male,-2.3833333333333258
01103FDF11,2023-02-14,08:02:06,17:35:02,67,-10.0,9.79,7:55,17:42,J Male,7.100000000000023
01103FDF17,2023-01-09,08:40:16,16:37:34,75,-8.4,7.81,8:47,16:35,J Male,-6.7333333333333485
01103FDF17,2023-01-10,09:01:26,16:39:17,74,-8.2,7.84,8:46,16:37,J Male,15.43333333333328
01103FDF17,2023-01-11,08:49:22,16:26:08,85,-7.2,7.88,8:46,16:38,J Male,3.3666666666666742
01103FDF17,2023-01-12,09:20:18,16:25:18,29,-12.6,7.92,8:45,16:40,J Male,35.299999999999955
01103FDF17,2023-01-13,09:11:24,16:29:29,86,-13.1,7.96,8:44,16:42,J Male,27.399999999999977
01103FDF17,2023-01-14,08:42:47,16:26:29,85,-10.7,8.0,8:43,16:43,J Male,-0.21666666666669698
01103FDF17,2023-01-15,08:51:08,16:31:28,88,-8.8,8.05,8:42,16:45,J Male,9.133333333333326
01103FDF17,2023-01-16,08:25:11,16:23:23,90,-5.4,8.09,8:41,16:47,J Male,-15.816666666666663
01103FDF17,2023-01-17,08:30:39,16:29:07,78,-8.8,8.14,8:40,16:48,J Male,-9.350000000000023
01103FDF17,2023-01-18,08:45:18,16:31:07,59,-13.4,8.18,8:39,16:50,J Male,6.2999999999999545
01103FDF17,2023-01-19,08:27:41,16:40:02,91,-10.6,8.23,8:38,16:52,J Male,-10.316666666666663
01103FDF17,2023-01-20,08:38:16,16:45:50,80,-4.1,8.28,8:37,16:54,J Male,1.2666666666666515
01103FDF17,2023-01-21,08:20:27,16:50:31,88,0.4,8.33,8:35,16:55,J Male,-14.550000000000011
01103FDF17,2023-01-22,08:25:52,16:49:15,76,0.5,8.38,8:34,16:57,J Male,-8.133333333333326
01103FDF17,2023-01-23,08:26:07,16:57:04,75,-2.8,8.44,8:33,16:59,J Male,-6.883333333333326
01103FDF17,2023-01-24,08:15:19,16:53:58,62,-0.1,8.49,8:31,17:01,J Male,-15.683333333333337
01103FDF17,2023-01-25,08:16:35,16:57:31,62,-0.7,8.55,8:30,17:03,J Male,-13.416666666666686
01103FDF17,2023-01-26,08:23:00,16:55:37,42,4.7,8.6,8:29,17:05,J Male,-6.0
01103FDF17,2023-01-27,08:07:03,16:37:18,96,-6.7,8.66,8:27,17:07,J Male,-19.94999999999999
01103FDF17,2023-01-28,08:08:59,16:19:44,60,-16.8,8.72,8:26,17:09,J Male,-17.01666666666665
01103FDF17,2023-01-29,08:14:50,16:41:28,76,-17.1,8.78,8:24,17:11,J Male,-9.166666666666686
01103FDF17,2023-01-30,08:07:58,16:51:17,82,-11.7,8.83,8:22,17:13,J Male,-14.03333333333336
01103FDF17,2023-01-31,08:07:13,16:42:22,118,-10.3,8.89,8:21,17:14,J Male,-13.78333333333336
01103FDF17,2023-02-01,08:05:04,16:31:11,109,-15.5,8.96,8:19,17:16,J Male,-13.933333333333337
01103FDF17,2023-02-02,08:09:10,16:22:58,102,-16.9,9.02,8:17,17:18,J Male,-7.833333333333314
01103FDF17,2023-02-03,08:03:09,16:40:57,83,-6.3,9.08,8:16,17:20,J Male,-12.850000000000023
01103FDF17,2023-02-04,08:02:52,16:39:10,64,-1.8,9.14,8:14,17:22,J Male,-11.133333333333326
01103FDF17,2023-02-05,07:59:05,17:01:38,90,-2.0,9.2,8:12,17:24,J Male,-12.916666666666686
01103FDF17,2023-02-06,07:56:40,17:08:42,70,-0.7,9.27,8:10,17:26,J Male,-13.333333333333314
01103FDF17,2023-02-07,07:55:29,17:01:38,80,0.5,9.33,8:08,17:28,J Male,-12.516666666666652
01103FDF17,2023-02-08,07:52:58,16:54:45,90,-3.2,9.4,8:06,17:30,J Male,-13.03333333333336
01103FDF17,2023-02-09,07:50:46,17:01:19,83,-6.1,9.46,8:05,17:32,J Male,-14.233333333333348
01103FDF17,2023-02-10,07:50:13,17:02:41,75,-1.9,9.53,8:03,17:34,J Male,-12.78333333333336
01103FDF17,2023-02-11,07:50:45,17:14:47,74,-2.9,9.59,8:01,17:36,J Male,-10.25
01103FDF17,2023-02-12,07:49:39,17:02:16,55,-2.6,9.66,7:59,17:38,J Male,-9.350000000000023
01103FDF17,2023-02-13,07:46:11,17:20:42,78,0.0,9.73,7:57,17:40,J Male,-10.816666666666663
01103FDF17,2023-02-14,07:48:30,17:03:45,76,-10.0,9.79,7:55,17:42,J Male,-6.5
01103FDFE4,2023-01-09,08:38:14,16:32:31,69,-8.4,7.81,8:47,16:35,A Male,-8.766666666666652
01103FDFE4,2023-01-10,08:51:38,16:35:10,87,-8.2,7.84,8:46,16:37,A Male,5.633333333333326
01103FDFE4,2023-01-11,09:06:02,16:40:27,89,-7.2,7.88,8:46,16:38,A Male,20.033333333333303
01103FDFE4,2023-01-12,08:49:59,16:33:27,67,-12.6,7.92,8:45,16:40,A Male,4.9833333333333485
01103FDFE4,2023-01-13,09:21:11,16:27:15,52,-13.1,7.96,8:44,16:42,A Male,37.18333333333328
01103FDFE4,2023-01-14,08:43:34,16:30:36,74,-10.7,8.0,8:43,16:43,A Male,0.5666666666667197
01103FDFE4,2023-01-15,09:03:37,16:35:09,72,-8.8,8.05,8:42,16:45,A Male,21.616666666666674
01103FDFE4,2023-01-16,08:34:12,16:27:25,86,-5.4,8.09,8:41,16:47,A Male,-6.7999999999999545
01103FDFE4,2023-01-17,08:45:34,16:30:30,69,-8.8,8.14,8:40,16:48,A Male,5.56666666666672
01103FDFE4,2023-01-18,08:38:01,16:21:32,78,-13.4,8.18,8:39,16:50,A Male,-0.9833333333333485
01103FDFE4,2023-01-19,08:38:26,16:50:59,57,-10.6,8.23,8:38,16:52,A Male,0.4333333333332803
01103FDFE4,2023-01-20,09:02:51,16:58:47,60,-4.1,8.28,8:37,16:54,A Male,25.850000000000023
01103FDFE4,2023-01-21,08:54:53,16:54:48,56,0.4,8.33,8:35,16:55,A Male,19.883333333333326
01103FDFE4,2023-01-22,10:02:36,16:51:13,37,0.5,8.38,8:34,16:57,A Male,88.60000000000002
01103FDFE4,2023-01-23,09:12:03,16:49:39,44,-2.8,8.44,8:33,16:59,A Male,39.049999999999955
01103FDFE4,2023-01-24,09:05:02,16:55:34,48,-0.1,8.49,8:31,17:01,A Male,34.0333333333333
01103FDFE4,2023-01-25,08:44:01,16:21:49,54,-0.7,8.55,8:30,17:03,A Male,14.016666666666652
01103FDFE4,2023-01-26,12:01:24,17:10:56,20,4.7,8.6,8:29,17:05,A Male,212.39999999999998
01103FDFE4,2023-01-27,08:52:21,16:28:00,75,-6.7,8.66,8:27,17:07,A Male,25.350000000000023
01103FDFE4,2023-01-28,09:23:07,16:34:15,22,-16.8,8.72,8:26,17:09,A Male,57.116666666666674
01103FDFE4,2023-01-29,10:25:47,16:34:51,49,-17.1,8.78,8:24,17:11,A Male,121.7833333333333
01103FDFE4,2023-01-30,11:32:28,17:06:08,50,-11.7,8.83,8:22,17:13,A Male,190.4666666666667
01103FDFE4,2023-01-31,08:11:14,16:38:54,48,-10.3,8.89,8:21,17:14,A Male,-9.766666666666652
01103FDFE4,2023-02-01,08:22:27,16:24:22,40,-15.5,8.96,8:19,17:16,A Male,3.4499999999999886
01103FDFE4,2023-02-02,08:23:21,16:39:54,42,-16.9,9.02,8:17,17:18,A Male,6.350000000000023
01103FDFE4,2023-02-03,10:27:09,17:04:24,28,-6.3,9.08,8:16,17:20,A Male,131.14999999999998
01103FDFE4,2023-02-04,08:30:18,17:25:33,31,-1.8,9.14,8:14,17:22,A Male,16.30000000000001
01103FDFE4,2023-02-06,13:42:41,15:51:08,11,-0.7,9.27,8:10,17:26,A Male,332.6833333333333
01103FDFE4,2023-02-07,11:22:57,17:04:22,22,0.5,9.33,8:08,17:28,A Male,194.95000000000005
01103FDFE5,2023-01-09,08:25:38,16:31:51,83,-8.4,7.81,8:47,16:35,J Male,-21.366666666666674
01103FDFE5,2023-01-10,08:25:55,16:42:00,69,-8.2,7.84,8:46,16:37,J Male,-20.083333333333314
01103FDFE5,2023-01-11,08:30:28,16:33:54,93,-7.2,7.88,8:46,16:38,J Male,-15.53333333333336
01103FDFE5,2023-01-12,08:20:31,16:30:57,73,-12.6,7.92,8:45,16:40,J Male,-24.48333333333335
01103FDFE5,2023-01-13,08:22:12,16:27:24,65,-13.1,7.96,8:44,16:42,J Male,-21.80000000000001
01103FDFE5,2023-01-14,08:20:45,16:34:42,88,-10.7,8.0,8:43,16:43,J Male,-22.25
01103FDFE5,2023-01-15,08:21:14,16:29:12,77,-8.8,8.05,8:42,16:45,J Male,-20.76666666666665
01103FDFE5,2023-01-16,08:28:57,16:17:32,64,-5.4,8.09,8:41,16:47,J Male,-12.050000000000011
01103FDFE5,2023-01-17,08:21:01,16:40:30,78,-8.8,8.14,8:40,16:48,J Male,-18.98333333333335
01103FDFE5,2023-01-18,08:26:55,16:36:42,82,-13.4,8.18,8:39,16:50,J Male,-12.083333333333314
01103FDFE5,2023-01-19,08:12:57,16:47:44,84,-10.6,8.23,8:38,16:52,J Male,-25.05000000000001
01103FDFE5,2023-01-20,08:42:01,16:36:31,53,-4.1,8.28,8:37,16:54,J Male,5.0166666666666515
01103FDFE5,2023-01-21,08:12:22,16:35:09,59,0.4,8.33,8:35,16:55,J Male,-22.633333333333326
01103FDFE5,2023-01-22,08:26:08,16:41:01,30,0.5,8.38,8:34,16:57,J Male,-7.866666666666674
01103FDFE5,2023-01-23,08:14:29,16:53:20,53,-2.8,8.44,8:33,16:59,J Male,-18.51666666666665
01103FDFE5,2023-01-24,08:28:03,16:51:23,48,-0.1,8.49,8:31,17:01,J Male,-2.9499999999999886
01103FDFE5,2023-01-25,08:13:52,16:34:35,52,-0.7,8.55,8:30,17:03,J Male,-16.133333333333326
01103FDFE5,2023-01-26,08:08:15,16:48:36,33,4.7,8.6,8:29,17:05,J Male,-20.75
01103FDFE5,2023-01-27,08:14:28,16:38:40,60,-6.7,8.66,8:27,17:07,J Male,-12.53333333333336
01103FDFE5,2023-01-28,08:06:23,16:48:07,55,-16.8,8.72,8:26,17:09,J Male,-19.616666666666674
01103FDFE5,2023-01-29,08:13:51,16:51:17,48,-17.1,8.78,8:24,17:11,J Male,-10.149999999999977
01103FDFE5,2023-01-30,08:26:21,16:52:51,67,-11.7,8.83,8:22,17:13,J Male,4.350000000000023
01103FDFE5,2023-01-31,08:00:12,16:48:23,84,-10.3,8.89,8:21,17:14,J Male,-20.80000000000001
01103FDFE5,2023-02-01,08:08:09,16:51:54,92,-15.5,8.96,8:19,17:16,J Male,-10.850000000000023
01103FDFE5,2023-02-02,08:14:24,16:53:20,87,-16.9,9.02,8:17,17:18,J Male,-2.6000000000000227
01103FDFE5,2023-02-03,08:06:54,17:08:02,81,-6.3,9.08,8:16,17:20,J Male,-9.100000000000023
01103FDFE5,2023-02-04,08:00:57,17:10:33,65,-1.8,9.14,8:14,17:22,J Male,-13.050000000000011
01103FDFE5,2023-02-05,08:04:09,17:01:16,62,-2.0,9.2,8:12,17:24,J Male,-7.850000000000023
01103FDFE5,2023-02-06,08:16:50,17:18:26,82,-0.7,9.27,8:10,17:26,J Male,6.833333333333314
01103FDFE5,2023-02-07,07:54:05,17:23:06,79,0.5,9.33,8:08,17:28,J Male,-13.916666666666686
01103FDFE5,2023-02-08,07:56:55,17:21:54,97,-3.2,9.4,8:06,17:30,J Male,-9.083333333333314
01103FDFE5,2023-02-09,08:09:09,17:18:55,64,-6.1,9.46,8:05,17:32,J Male,4.149999999999977
01103FDFE5,2023-02-10,08:05:48,17:20:58,56,-1.9,9.53,8:03,17:34,J Male,2.8000000000000114
01103FDFE5,2023-02-11,07:54:35,17:31:53,49,-2.9,9.59,8:01,17:36,J Male,-6.416666666666686
01103FDFE5,2023-02-12,09:06:05,17:22:31,43,-2.6,9.66,7:59,17:38,J Male,67.08333333333337
01103FDFE5,2023-02-13,07:40:28,17:21:37,40,0.0,9.73,7:57,17:40,J Male,-16.53333333333336
01103FDFE5,2023-02-14,08:01:31,17:29:01,36,-10.0,9.79,7:55,17:42,J Male,6.5166666666666515
01103FE0A4,2023-01-09,08:39:48,16:06:01,55,-8.4,7.81,8:47,16:35,J Female,-7.2000000000000455
01103FE0A4,2023-01-10,08:43:25,16:29:05,74,-8.2,7.84,8:46,16:37,J Female,-2.5833333333333712
01103FE0A4,2023-01-11,08:45:39,16:21:46,88,-7.2,7.88,8:46,16:38,J Female,-0.35000000000002274
01103FE0A4,2023-01-12,08:37:06,16:26:13,70,-12.6,7.92,8:45,16:40,J Female,-7.899999999999977
01103FE0A4,2023-01-13,08:38:40,16:14:10,70,-13.1,7.96,8:44,16:42,J Female,-5.333333333333371
01103FE0A4,2023-01-14,08:33:56,14:14:08,51,-10.7,8.0,8:43,16:43,J Female,-9.06666666666672
01103FE0A4,2023-01-15,08:33:32,16:20:12,54,-8.8,8.05,8:42,16:45,J Female,-8.466666666666697
01103FE0A4,2023-01-16,08:37:31,16:33:22,66,-5.4,8.09,8:41,16:47,J Female,-3.4833333333333485
01103FE0A4,2023-01-17,08:32:38,16:23:13,60,-8.8,8.14,8:40,16:48,J Female,-7.366666666666674
01103FE0A4,2023-01-18,11:21:26,16:35:05,51,-13.4,8.18,8:39,16:50,J Female,162.43333333333328
01103FE0A4,2023-01-19,08:26:08,16:28:21,69,-10.6,8.23,8:38,16:52,J Female,-11.866666666666674
01103FE0A4,2023-01-20,08:24:14,16:29:11,48,-4.1,8.28,8:37,16:54,J Female,-12.766666666666652
01103FE0A4,2023-01-21,09:04:42,16:52:31,71,0.4,8.33,8:35,16:55,J Female,29.700000000000045
01103FE0A4,2023-01-22,08:30:43,14:27:55,22,0.5,8.38,8:34,16:57,J Female,-3.28333333333336
01103FE0A4,2023-01-23,08:24:45,16:49:38,49,-2.8,8.44,8:33,16:59,J Female,-8.25
01103FE0A4,2023-01-24,08:29:34,16:48:03,35,-0.1,8.49,8:31,17:01,J Female,-1.4333333333333371
01103FE0A4,2023-01-25,08:21:48,16:48:28,52,-0.7,8.55,8:30,17:03,J Female,-8.199999999999989
01103FE0A4,2023-01-26,08:26:30,17:02:20,64,4.7,8.6,8:29,17:05,J Female,-2.5
01103FE0A4,2023-01-27,08:22:00,16:31:19,58,-6.7,8.66,8:27,17:07,J Female,-5.0
01103FE0A4,2023-01-28,08:28:20,16:27:31,36,-16.8,8.72,8:26,17:09,J Female,2.3333333333333144
01103FE0A4,2023-01-29,08:17:46,16:28:58,63,-17.1,8.78,8:24,17:11,J Female,-6.2333333333333485
01103FE0A4,2023-01-30,08:20:25,16:39:03,38,-11.7,8.83,8:22,17:13,J Female,-1.5833333333333144
01103FE0A4,2023-01-31,08:18:04,16:35:41,52,-10.3,8.89,8:21,17:14,J Female,-2.933333333333337
01103FE0A4,2023-02-01,08:21:48,15:23:03,49,-15.5,8.96,8:19,17:16,J Female,2.8000000000000114
01103FE0A4,2023-02-02,08:30:56,16:34:55,61,-16.9,9.02,8:17,17:18,J Female,13.933333333333337
01103FE0A4,2023-02-03,13:24:48,16:53:34,30,-6.3,9.08,8:16,17:20,J Female,308.79999999999995
01103FE0A4,2023-02-04,08:12:30,17:04:52,59,-1.8,9.14,8:14,17:22,J Female,-1.5
01103FE0A4,2023-02-05,08:14:46,16:39:45,38,-2.0,9.2,8:12,17:24,J Female,2.7666666666666515
01103FE0A4,2023-02-06,08:01:59,16:53:41,44,-0.7,9.27,8:10,17:26,J Female,-8.016666666666652
01103FE0A4,2023-02-07,08:20:29,17:15:14,40,0.5,9.33,8:08,17:28,J Female,12.483333333333348
01103FE0A4,2023-02-08,11:03:57,17:11:18,25,-3.2,9.4,8:06,17:30,J Female,177.95000000000005
01103FE0A4,2023-02-09,10:35:31,17:08:14,39,-6.1,9.46,8:05,17:32,J Female,150.51666666666665
01103FE0A4,2023-02-10,13:01:30,17:12:52,36,-1.9,9.53,8:03,17:34,J Female,298.5
01103FE0A4,2023-02-11,12:31:06,14:44:15,14,-2.9,9.59,8:01,17:36,J Female,270.1
01103FE0A4,2023-02-12,10:39:22,17:11:40,34,-2.6,9.66,7:59,17:38,J Female,160.36666666666667
01103FE0A4,2023-02-14,08:42:06,17:21:16,28,-10.0,9.79,7:55,17:42,J Female,47.10000000000002
01103FE0CE,2023-01-09,08:47:59,16:32:22,118,-8.4,7.81,8:47,16:35,A Male,0.9833333333333485
01103FE0CE,2023-01-10,09:22:08,16:24:04,144,-8.2,7.84,8:46,16:37,A Male,36.133333333333326
01103FE0CE,2023-01-11,09:51:01,16:13:46,123,-7.2,7.88,8:46,16:38,A Male,65.01666666666665
01103FE0CE,2023-01-12,08:28:39,16:29:56,167,-12.6,7.92,8:45,16:40,A Male,-16.350000000000023
01103FE0CE,2023-01-13,09:13:57,16:34:15,112,-13.1,7.96,8:44,16:42,A Male,29.950000000000045
01103FE0CE,2023-01-14,08:36:28,16:40:09,115,-10.7,8.0,8:43,16:43,A Male,-6.533333333333303
01103FE0CE,2023-01-15,08:52:16,16:39:36,107,-8.8,8.05,8:42,16:45,A Male,10.266666666666652
01103FE0CE,2023-01-16,08:47:07,16:29:38,119,-5.4,8.09,8:41,16:47,A Male,6.116666666666674
01103FE0CE,2023-01-17,09:00:34,16:42:18,118,-8.8,8.14,8:40,16:48,A Male,20.56666666666672
01103FE0CE,2023-01-18,10:09:30,16:33:24,94,-13.4,8.18,8:39,16:50,A Male,90.5
01103FE0CE,2023-01-19,09:33:23,16:43:55,94,-10.6,8.23,8:38,16:52,A Male,55.383333333333326
01103FE0CE,2023-01-20,09:54:29,16:58:15,86,-4.1,8.28,8:37,16:54,A Male,77.48333333333335
01103FE0CE,2023-01-21,08:46:50,16:37:59,52,0.4,8.33,8:35,16:55,A Male,11.833333333333371
01103FE0CE,2023-01-22,11:07:07,16:50:54,73,0.5,8.38,8:34,16:57,A Male,153.11666666666667
01103FE0CE,2023-01-23,08:52:34,17:01:22,75,-2.8,8.44,8:33,16:59,A Male,19.56666666666672
01103FE0CE,2023-01-24,13:37:22,17:04:18,49,-0.1,8.49,8:31,17:01,A Male,306.3666666666667
01103FE0CE,2023-01-25,08:30:36,15:31:14,12,-0.7,8.55,8:30,17:03,A Male,0.6000000000000227
01103FE0CE,2023-01-26,13:43:58,16:45:37,53,4.7,8.6,8:29,17:05,A Male,314.9666666666667
01103FE0CE,2023-01-27,08:26:09,16:21:10,111,-6.7,8.66,8:27,17:07,A Male,-0.8500000000000227
01103FE0CE,2023-01-28,08:59:21,16:28:42,120,-16.8,8.72,8:26,17:09,A Male,33.35000000000002
01103FE0CE,2023-01-29,09:37:17,16:11:47,120,-17.1,8.78,8:24,17:11,A Male,73.2833333333333
01103FE0CE,2023-01-30,10:54:52,16:44:09,78,-11.7,8.83,8:22,17:13,A Male,152.86666666666667
01103FE0CE,2023-01-31,08:13:48,16:36:00,120,-10.3,8.89,8:21,17:14,A Male,-7.199999999999989
01103FE0CE,2023-02-01,08:15:00,16:26:38,161,-15.5,8.96,8:19,17:16,A Male,-4.0
01103FE0CE,2023-02-02,08:31:21,16:36:25,132,-16.9,9.02,8:17,17:18,A Male,14.350000000000023
01103FE0CE,2023-02-03,10:16:52,17:04:09,85,-6.3,9.08,8:16,17:20,A Male,120.86666666666667
01103FE0CE,2023-02-04,13:17:18,17:01:58,49,-1.8,9.14,8:14,17:22,A Male,303.29999999999995
01103FE0CE,2023-02-05,11:48:44,17:16:52,75,-2.0,9.2,8:12,17:24,A Male,216.73333333333335
01103FE0CE,2023-02-06,10:24:07,17:11:51,58,-0.7,9.27,8:10,17:26,A Male,134.11666666666667
01103FE0CE,2023-02-07,08:04:36,17:24:35,99,0.5,9.33,8:08,17:28,A Male,-3.3999999999999773
01103FE0CE,2023-02-08,08:48:51,17:15:39,87,-3.2,9.4,8:06,17:30,A Male,42.85000000000002
01103FE0CE,2023-02-09,09:45:03,17:24:18,77,-6.1,9.46,8:05,17:32,A Male,100.04999999999995
01103FE0CE,2023-02-10,08:46:43,17:13:11,62,-1.9,9.53,8:03,17:34,A Male,43.7166666666667
01103FE0CE,2023-02-11,08:06:19,17:26:31,106,-2.9,9.59,8:01,17:36,A Male,5.316666666666663
01103FE0CE,2023-02-12,08:38:12,17:34:53,106,-2.6,9.66,7:59,17:38,A Male,39.200000000000045
01103FE0CE,2023-02-13,09:07:09,17:21:59,56,0.0,9.73,7:57,17:40,A Male,70.14999999999998
01103FE0CE,2023-02-14,09:52:30,17:13:20,91,-10.0,9.79,7:55,17:42,A Male,117.5
01103FE0F7,2023-01-09,09:59:33,16:44:28,75,-8.4,7.81,8:47,16:35,A Male,72.54999999999995
01103FE0F7,2023-01-10,09:14:19,16:39:06,123,-8.2,7.84,8:46,16:37,A Male,28.31666666666672
01103FE0F7,2023-01-11,08:43:04,16:35:51,102,-7.2,7.88,8:46,16:38,A Male,-2.9333333333332803
01103FE0F7,2023-01-12,08:33:29,16:37:04,112,-12.6,7.92,8:45,16:40,A Male,-11.516666666666652
01103FE0F7,2023-01-13,08:59:41,16:36:22,116,-13.1,7.96,8:44,16:42,A Male,15.68333333333328
01103FE0F7,2023-01-14,08:57:38,16:28:32,92,-10.7,8.0,8:43,16:43,A Male,14.633333333333326
01103FE0F7,2023-01-15,09:17:02,16:42:45,90,-8.8,8.05,8:42,16:45,A Male,35.0333333333333
01103FE0F7,2023-01-16,09:15:49,16:36:25,89,-5.4,8.09,8:41,16:47,A Male,34.81666666666672
01103FE0F7,2023-01-17,08:34:18,16:41:42,127,-8.8,8.14,8:40,16:48,A Male,-5.7000000000000455
01103FE0F7,2023-01-18,08:33:14,16:44:38,96,-13.4,8.18,8:39,16:50,A Male,-5.7666666666666515
01103FE0F7,2023-01-19,09:35:40,16:47:43,48,-10.6,8.23,8:38,16:52,A Male,57.66666666666663
01103FE0F7,2023-01-20,08:52:26,16:58:31,29,-4.1,8.28,8:37,16:54,A Male,15.43333333333328
01103FE0F7,2023-01-21,10:09:28,16:54:10,43,0.4,8.33,8:35,16:55,A Male,94.4666666666667
01103FE0F7,2023-01-22,08:34:25,17:06:47,75,0.5,8.38,8:34,16:57,A Male,0.41666666666662877
01103FE0F7,2023-01-23,09:03:14,17:01:36,77,-2.8,8.44,8:33,16:59,A Male,30.23333333333335
01103FE0F7,2023-01-24,09:03:40,17:06:56,98,-0.1,8.49,8:31,17:01,A Male,32.66666666666663
01103FE0F7,2023-01-25,09:08:47,17:02:33,66,-0.7,8.55,8:30,17:03,A Male,38.7833333333333
01103FE0F7,2023-01-26,09:07:23,17:03:20,55,4.7,8.6,8:29,17:05,A Male,38.383333333333326
01103FE0F7,2023-01-27,09:03:15,16:31:21,125,-6.7,8.66,8:27,17:07,A Male,36.25
01103FE0F7,2023-01-28,09:33:43,16:35:38,83,-16.8,8.72,8:26,17:09,A Male,67.7166666666667
01103FE0F7,2023-01-29,10:25:24,16:40:42,85,-17.1,8.78,8:24,17:11,A Male,121.39999999999998
01103FE0F7,2023-01-30,09:08:59,16:51:31,58,-11.7,8.83,8:22,17:13,A Male,46.98333333333335
01103FE0F7,2023-01-31,08:47:12,16:53:30,56,-10.3,8.89,8:21,17:14,A Male,26.200000000000045
01103FE0F7,2023-02-01,09:06:07,16:33:32,76,-15.5,8.96,8:19,17:16,A Male,47.116666666666674
01103FE0F7,2023-02-02,09:50:56,16:09:13,37,-16.9,9.02,8:17,17:18,A Male,93.93333333333328
01103FE0F7,2023-02-03,09:08:06,17:10:08,19,-6.3,9.08,8:16,17:20,A Male,52.10000000000002
01103FE0F7,2023-02-04,10:12:35,17:19:12,50,-1.8,9.14,8:14,17:22,A Male,118.58333333333337
01103FE0F7,2023-02-05,10:02:36,17:22:22,63,-2.0,9.2,8:12,17:24,A Male,110.60000000000002
01103FE0F7,2023-02-06,08:55:01,17:19:13,48,-0.7,9.27,8:10,17:26,A Male,45.01666666666665
01103FE0F7,2023-02-07,08:34:37,17:28:15,47,0.5,9.33,8:08,17:28,A Male,26.616666666666674
01103FE0F7,2023-02-08,09:02:16,17:31:45,50,-3.2,9.4,8:06,17:30,A Male,56.26666666666665
01103FE0F7,2023-02-09,09:01:25,17:25:34,53,-6.1,9.46,8:05,17:32,A Male,56.41666666666663
01103FE0F7,2023-02-10,08:46:36,17:24:43,45,-1.9,9.53,8:03,17:34,A Male,43.60000000000002
01103FE0F7,2023-02-11,09:17:01,17:18:19,22,-2.9,9.59,8:01,17:36,A Male,76.01666666666665
01103FE0F7,2023-02-12,10:01:23,17:33:15,25,-2.6,9.66,7:59,17:38,A Male,122.38333333333333
01103FE0F7,2023-02-13,13:20:11,17:45:47,32,0.0,9.73,7:57,17:40,A Male,323.1833333333333
01103FE0F7,2023-02-14,11:07:00,17:25:58,27,-10.0,9.79,7:55,17:42,A Male,192.0
01103FE1DD,2023-01-09,08:36:55,16:29:56,152,-8.4,7.81,8:47,16:35,J Female,-10.083333333333371
01103FE1DD,2023-01-10,08:25:58,16:32:53,133,-8.2,7.84,8:46,16:37,J Female,-20.03333333333336
01103FE1DD,2023-01-11,08:30:22,16:20:11,144,-7.2,7.88,8:46,16:38,J Female,-15.633333333333326
01103FE1DD,2023-01-12,08:26:48,16:26:58,126,-12.6,7.92,8:45,16:40,J Female,-18.19999999999999
01103FE1DD,2023-01-13,08:23:35,16:29:55,147,-13.1,7.96,8:44,16:42,J Female,-20.416666666666686
01103FE1DD,2023-01-14,08:24:20,16:32:38,119,-10.7,8.0,8:43,16:43,J Female,-18.666666666666686
01103FE1DD,2023-01-15,08:25:53,16:32:07,151,-8.8,8.05,8:42,16:45,J Female,-16.116666666666674
01103FE1DD,2023-01-16,08:35:44,16:31:02,133,-5.4,8.09,8:41,16:47,J Female,-5.2666666666666515
01103FE1DD,2023-01-17,08:22:27,16:29:51,132,-8.8,8.14,8:40,16:48,J Female,-17.55000000000001
01103FE1DD,2023-01-18,08:18:59,16:36:03,138,-13.4,8.18,8:39,16:50,J Female,-20.01666666666665
01103FE1DD,2023-01-19,08:19:06,16:50:30,146,-10.6,8.23,8:38,16:52,J Female,-18.899999999999977
01103FE1DD,2023-01-20,08:17:12,16:51:12,112,-4.1,8.28,8:37,16:54,J Female,-19.80000000000001
01103FE1DD,2023-01-21,08:23:04,16:46:29,122,0.4,8.33,8:35,16:55,J Female,-11.933333333333337
01103FE1DD,2023-01-22,08:18:12,16:46:04,48,0.5,8.38,8:34,16:57,J Female,-15.800000000000011
01103FE1DD,2023-01-23,08:18:45,16:53:41,81,-2.8,8.44,8:33,16:59,J Female,-14.25
01103FE1DD,2023-01-24,08:16:57,16:34:02,118,-0.1,8.49,8:31,17:01,J Female,-14.050000000000011
01103FE1DD,2023-01-25,08:13:07,16:52:44,142,-0.7,8.55,8:30,17:03,J Female,-16.883333333333326
01103FE1DD,2023-01-26,08:09:28,16:47:33,72,4.7,8.6,8:29,17:05,J Female,-19.53333333333336
01103FE1DD,2023-01-27,08:11:34,16:38:12,60,-6.7,8.66,8:27,17:07,J Female,-15.433333333333337
01103FE1DD,2023-01-28,08:03:29,16:38:05,27,-16.8,8.72,8:26,17:09,J Female,-22.51666666666665
01103FE1DD,2023-01-29,09:17:46,16:43:08,43,-17.1,8.78,8:24,17:11,J Female,53.76666666666665
01103FE1DD,2023-01-30,08:05:17,16:49:37,100,-11.7,8.83,8:22,17:13,J Female,-16.71666666666664
01103FE1DD,2023-01-31,08:42:08,16:40:13,104,-10.3,8.89,8:21,17:14,J Female,21.133333333333326
01103FE1DD,2023-02-01,08:04:44,16:30:26,25,-15.5,8.96,8:19,17:16,J Female,-14.266666666666652
01103FE1DD,2023-02-02,08:19:12,16:33:22,45,-16.9,9.02,8:17,17:18,J Female,2.1999999999999886
01103FE1DD,2023-02-03,08:16:56,17:02:05,167,-6.3,9.08,8:16,17:20,J Female,0.9333333333333371
01103FE1DD,2023-02-04,08:02:32,17:20:41,224,-1.8,9.14,8:14,17:22,J Female,-11.46666666666664
01103FE1DD,2023-02-05,07:59:07,17:16:58,85,-2.0,9.2,8:12,17:24,J Female,-12.883333333333326
01103FE1DD,2023-02-06,08:05:51,17:06:42,34,-0.7,9.27,8:10,17:26,J Female,-4.149999999999977
01103FE1DD,2023-02-07,08:22:58,17:26:41,75,0.5,9.33,8:08,17:28,J Female,14.96666666666664
01103FE1DD,2023-02-08,07:54:52,17:14:54,151,-3.2,9.4,8:06,17:30,J Female,-11.133333333333326
01103FE1DD,2023-02-09,07:46:36,17:03:49,130,-6.1,9.46,8:05,17:32,J Female,-18.399999999999977
01103FE1DD,2023-02-10,07:46:29,16:36:13,90,-1.9,9.53,8:03,17:34,J Female,-16.51666666666665
01103FE1DD,2023-02-11,07:43:42,17:24:05,75,-2.9,9.59,8:01,17:36,J Female,-17.30000000000001
01103FE1DD,2023-02-12,07:43:12,16:39:48,39,-2.6,9.66,7:59,17:38,J Female,-15.800000000000011
01103FE221,2023-01-09,08:39:50,16:41:13,59,-8.4,7.81,8:47,16:35,A Female,-7.166666666666629
01103FE221,2023-01-10,08:37:45,16:42:27,62,-8.2,7.84,8:46,16:37,A Female,-8.25
01103FE221,2023-01-11,08:42:40,16:39:25,49,-7.2,7.88,8:46,16:38,A Female,-3.3333333333333712
01103FE221,2023-01-12,08:35:02,16:22:52,72,-12.6,7.92,8:45,16:40,A Female,-9.966666666666697
01103FE221,2023-01-13,08:57:30,16:39:11,69,-13.1,7.96,8:44,16:42,A Female,13.5
01103FE221,2023-01-14,09:04:04,16:42:12,50,-10.7,8.0,8:43,16:43,A Female,21.06666666666672
01103FE221,2023-01-15,08:34:34,16:44:39,46,-8.8,8.05,8:42,16:45,A Female,-7.43333333333328
01103FE221,2023-01-16,08:51:03,16:36:00,65,-5.4,8.09,8:41,16:47,A Female,10.049999999999955
01103FE221,2023-01-17,09:22:03,16:41:27,56,-8.8,8.14,8:40,16:48,A Female,42.049999999999955
01103FE221,2023-01-18,08:27:29,16:41:27,72,-13.4,8.18,8:39,16:50,A Female,-11.516666666666652
01103FE221,2023-01-19,08:28:56,16:50:54,62,-10.6,8.23,8:38,16:52,A Female,-9.066666666666663
01103FE221,2023-01-20,08:46:10,16:50:55,66,-4.1,8.28,8:37,16:54,A Female,9.166666666666629
01103FE221,2023-01-21,08:29:08,16:53:25,43,0.4,8.33,8:35,16:55,A Female,-5.866666666666674
01103FE221,2023-01-22,08:37:06,16:37:16,41,0.5,8.38,8:34,16:57,A Female,3.1000000000000227
01103FE221,2023-01-23,09:04:00,17:03:57,42,-2.8,8.44,8:33,16:59,A Female,31.0
01103FE221,2023-01-24,09:17:49,16:58:17,43,-0.1,8.49,8:31,17:01,A Female,46.81666666666672
01103FE221,2023-01-25,08:26:51,17:01:01,49,-0.7,8.55,8:30,17:03,A Female,-3.1499999999999773
01103FE221,2023-01-26,13:31:22,17:02:41,21,4.7,8.6,8:29,17:05,A Female,302.3666666666667
01103FE221,2023-01-27,08:29:06,16:18:45,61,-6.7,8.66,8:27,17:07,A Female,2.1000000000000227
01103FE221,2023-01-28,08:20:48,16:29:08,71,-16.8,8.72,8:26,17:09,A Female,-5.199999999999989
01103FE221,2023-01-29,08:33:48,16:42:28,45,-17.1,8.78,8:24,17:11,A Female,9.799999999999955
01103FE221,2023-01-30,09:14:09,16:55:35,58,-11.7,8.83,8:22,17:13,A Female,52.14999999999998
01103FE221,2023-01-31,08:24:56,16:47:36,47,-10.3,8.89,8:21,17:14,A Female,3.933333333333337
01103FE221,2023-02-01,08:39:47,16:27:33,62,-15.5,8.96,8:19,17:16,A Female,20.783333333333303
01103FE221,2023-02-02,09:14:04,16:42:01,26,-16.9,9.02,8:17,17:18,A Female,57.06666666666672
01103FE221,2023-02-03,09:27:36,16:47:21,45,-6.3,9.08,8:16,17:20,A Female,71.60000000000002
01103FE221,2023-02-04,08:18:18,17:12:30,60,-1.8,9.14,8:14,17:22,A Female,4.300000000000011
01103FE221,2023-02-05,08:09:22,17:19:43,65,-2.0,9.2,8:12,17:24,A Female,-2.6333333333333258
01103FE221,2023-02-06,08:06:47,17:18:22,47,-0.7,9.27,8:10,17:26,A Female,-3.21666666666664
01103FE221,2023-02-07,09:25:30,17:13:37,31,0.5,9.33,8:08,17:28,A Female,77.5
01103FE221,2023-02-08,08:32:37,17:02:32,57,-3.2,9.4,8:06,17:30,A Female,26.616666666666674
01103FE221,2023-02-09,08:01:07,17:01:55,70,-6.1,9.46,8:05,17:32,A Female,-3.8833333333333258
01103FE221,2023-02-10,08:20:39,17:15:38,58,-1.9,9.53,8:03,17:34,A Female,17.649999999999977
01103FE221,2023-02-11,08:36:27,17:39:50,34,-2.9,9.59,8:01,17:36,A Female,35.450000000000045
01103FE221,2023-02-12,11:49:55,17:45:56,39,-2.6,9.66,7:59,17:38,A Female,230.91666666666663
01103FE221,2023-02-13,09:36:42,17:18:37,49,0.0,9.73,7:57,17:40,A Female,99.70000000000005
01103FE221,2023-02-14,08:02:41,17:13:14,52,-10.0,9.79,7:55,17:42,A Female,7.683333333333337
01103FE230,2023-01-09,08:34:28,16:29:38,92,-8.4,7.81,8:47,16:35,J Male,-12.533333333333303
01103FE230,2023-01-10,08:44:33,16:37:50,65,-8.2,7.84,8:46,16:37,J Male,-1.4500000000000455
01103FE230,2023-01-11,08:36:53,16:11:14,44,-7.2,7.88,8:46,16:38,J Male,-9.116666666666674
01103FE230,2023-01-12,08:29:34,16:18:58,68,-12.6,7.92,8:45,16:40,J Male,-15.433333333333337
01103FE230,2023-01-13,08:32:23,16:27:28,71,-13.1,7.96,8:44,16:42,J Male,-11.616666666666674
01103FE230,2023-01-14,08:38:11,16:30:30,68,-10.7,8.0,8:43,16:43,J Male,-4.81666666666672
01103FE230,2023-01-15,08:36:32,16:28:31,69,-8.8,8.05,8:42,16:45,J Male,-5.466666666666697
01103FE230,2023-01-16,08:36:51,16:25:55,93,-5.4,8.09,8:41,16:47,J Male,-4.149999999999977
01103FE230,2023-01-17,08:34:02,16:22:35,67,-8.8,8.14,8:40,16:48,J Male,-5.966666666666697
01103FE230,2023-01-18,08:35:28,16:37:43,66,-13.4,8.18,8:39,16:50,J Male,-3.533333333333303
01103FE230,2023-01-19,08:25:22,16:42:35,85,-10.6,8.23,8:38,16:52,J Male,-12.633333333333326
01103FE230,2023-01-20,08:33:20,16:46:06,67,-4.1,8.28,8:37,16:54,J Male,-3.6666666666666288
01103FE230,2023-01-21,08:25:53,16:53:10,87,0.4,8.33,8:35,16:55,J Male,-9.116666666666674
01103FE230,2023-01-22,09:03:02,16:46:42,67,0.5,8.38,8:34,16:57,J Male,29.033333333333303
01103FE230,2023-01-23,08:32:10,16:38:35,79,-2.8,8.44,8:33,16:59,J Male,-0.8333333333333712
01103FE230,2023-01-24,09:01:34,16:55:34,78,-0.1,8.49,8:31,17:01,J Male,30.56666666666672
01103FE230,2023-01-25,09:01:36,16:37:28,52,-0.7,8.55,8:30,17:03,J Male,31.600000000000023
01103FE230,2023-01-26,09:06:15,17:02:22,99,4.7,8.6,8:29,17:05,J Male,37.25
01103FE230,2023-01-27,08:34:29,16:22:16,44,-6.7,8.66,8:27,17:07,J Male,7.4833333333333485
01103FE230,2023-01-28,08:57:13,16:23:06,63,-16.8,8.72,8:26,17:09,J Male,31.216666666666697
01103FE230,2023-01-29,09:45:34,16:19:53,74,-17.1,8.78,8:24,17:11,J Male,81.56666666666672
01103FE230,2023-01-30,09:11:54,16:24:02,66,-11.7,8.83,8:22,17:13,J Male,49.89999999999998
01103FE230,2023-01-31,08:17:42,16:33:31,50,-10.3,8.89,8:21,17:14,J Male,-3.3000000000000114
01103FE230,2023-02-01,08:08:49,15:58:07,58,-15.5,8.96,8:19,17:16,J Male,-10.183333333333337
01103FE230,2023-02-02,08:23:57,16:22:27,41,-16.9,9.02,8:17,17:18,J Male,6.949999999999989
01103FE230,2023-02-03,09:32:37,16:56:35,68,-6.3,9.08,8:16,17:20,J Male,76.61666666666667
01103FE230,2023-02-04,08:52:13,16:47:29,80,-1.8,9.14,8:14,17:22,J Male,38.2166666666667
01103FE230,2023-02-05,08:46:55,16:50:08,62,-2.0,9.2,8:12,17:24,J Male,34.91666666666663
01103FE230,2023-02-06,09:05:46,17:15:36,78,-0.7,9.27,8:10,17:26,J Male,55.76666666666665
01103FE230,2023-02-07,08:19:12,17:25:18,74,0.5,9.33,8:08,17:28,J Male,11.199999999999989
01103FE230,2023-02-08,08:26:35,17:04:26,60,-3.2,9.4,8:06,17:30,J Male,20.583333333333314
01103FE230,2023-02-09,08:18:10,17:15:15,46,-6.1,9.46,8:05,17:32,J Male,13.166666666666686
01103FE230,2023-02-10,08:15:49,17:08:08,63,-1.9,9.53,8:03,17:34,J Male,12.816666666666663
01103FE230,2023-02-11,10:02:07,17:17:39,45,-2.9,9.59,8:01,17:36,J Male,121.11666666666667
01103FE230,2023-02-12,08:42:30,17:18:55,58,-2.6,9.66,7:59,17:38,J Male,43.5
01103FE230,2023-02-13,08:27:28,17:21:25,70,0.0,9.73,7:57,17:40,J Male,30.46666666666664
01103FE230,2023-02-14,09:43:53,17:24:12,36,-10.0,9.79,7:55,17:42,J Male,108.88333333333333
01103FE254,2023-01-09,08:29:36,16:30:32,63,-8.4,7.81,8:47,16:35,A Female,-17.399999999999977
01103FE254,2023-01-10,08:28:20,15:36:52,60,-8.2,7.84,8:46,16:37,A Female,-17.666666666666686
01103FE254,2023-01-11,08:45:06,16:27:36,60,-7.2,7.88,8:46,16:38,A Female,-0.8999999999999773
01103FE254,2023-01-12,08:26:13,16:11:10,79,-12.6,7.92,8:45,16:40,A Female,-18.78333333333336
01103FE254,2023-01-13,08:22:16,15:59:26,61,-13.1,7.96,8:44,16:42,A Female,-21.73333333333335
01103FE254,2023-01-14,08:34:48,16:13:25,40,-10.7,8.0,8:43,16:43,A Female,-8.200000000000045
01103FE254,2023-01-15,08:25:09,16:13:03,37,-8.8,8.05,8:42,16:45,A Female,-16.850000000000023
01103FE254,2023-01-16,08:32:02,16:25:01,57,-5.4,8.09,8:41,16:47,A Female,-8.966666666666697
01103FE254,2023-01-17,08:28:43,16:24:35,51,-8.8,8.14,8:40,16:48,A Female,-11.28333333333336
01103FE254,2023-01-18,08:39:46,16:25:24,57,-13.4,8.18,8:39,16:50,A Female,0.7666666666666515
01103FE254,2023-01-19,08:26:08,16:40:13,59,-10.6,8.23,8:38,16:52,A Female,-11.866666666666674
01103FE254,2023-01-20,08:37:23,16:43:47,42,-4.1,8.28,8:37,16:54,A Female,0.38333333333332575
01103FE254,2023-01-21,08:22:58,16:50:22,50,0.4,8.33,8:35,16:55,A Female,-12.03333333333336
01103FE254,2023-01-22,08:46:09,16:39:39,12,0.5,8.38,8:34,16:57,A Female,12.149999999999977
01103FE254,2023-01-23,08:22:01,16:28:40,22,-2.8,8.44,8:33,16:59,A Female,-10.983333333333348
01103FE254,2023-01-24,08:19:26,16:53:27,32,-0.1,8.49,8:31,17:01,A Female,-11.566666666666663
01103FE254,2023-01-25,08:19:45,16:25:25,43,-0.7,8.55,8:30,17:03,A Female,-10.25
01103FE254,2023-01-26,08:14:30,16:43:55,24,4.7,8.6,8:29,17:05,A Female,-14.5
01103FE254,2023-01-27,08:17:51,16:00:31,52,-6.7,8.66,8:27,17:07,A Female,-9.149999999999977
01103FE254,2023-01-28,08:04:58,16:33:51,56,-16.8,8.72,8:26,17:09,A Female,-21.03333333333336
01103FE254,2023-01-29,08:10:21,16:41:03,46,-17.1,8.78,8:24,17:11,A Female,-13.649999999999977
01103FE254,2023-01-30,08:33:32,16:19:07,27,-11.7,8.83,8:22,17:13,A Female,11.533333333333303
01103FE254,2023-01-31,08:03:43,16:04:29,67,-10.3,8.89,8:21,17:14,A Female,-17.28333333333336
01103FE254,2023-02-01,08:15:25,15:52:06,48,-15.5,8.96,8:19,17:16,A Female,-3.5833333333333144
01103FE254,2023-02-02,09:18:01,16:37:39,50,-16.9,9.02,8:17,17:18,A Female,61.01666666666665
01103FE254,2023-02-03,08:11:50,16:40:25,40,-6.3,9.08,8:16,17:20,A Female,-4.166666666666686
01103FE254,2023-02-04,08:15:44,17:11:28,42,-1.8,9.14,8:14,17:22,A Female,1.7333333333333485
01103FE254,2023-02-05,07:59:34,17:06:38,44,-2.0,9.2,8:12,17:24,A Female,-12.433333333333337
01103FE254,2023-02-06,08:11:56,17:01:42,35,-0.7,9.27,8:10,17:26,A Female,1.9333333333333371
01103FE254,2023-02-07,08:43:19,17:20:00,64,0.5,9.33,8:08,17:28,A Female,35.31666666666672
01103FE254,2023-02-08,08:00:02,17:23:37,94,-3.2,9.4,8:06,17:30,A Female,-5.96666666666664
01103FE254,2023-02-09,07:54:34,17:24:53,65,-6.1,9.46,8:05,17:32,A Female,-10.433333333333337
01103FE254,2023-02-10,08:03:07,17:24:20,32,-1.9,9.53,8:03,17:34,A Female,0.11666666666667425
01103FE254,2023-02-11,07:57:54,17:17:15,32,-2.9,9.59,8:01,17:36,A Female,-3.1000000000000227
01103FE254,2023-02-12,08:38:36,17:31:23,42,-2.6,9.66,7:59,17:38,A Female,39.60000000000002
01103FE254,2023-02-13,08:12:45,17:10:04,25,0.0,9.73,7:57,17:40,A Female,15.75
01103FE254,2023-02-14,07:45:59,17:25:24,39,-10.0,9.79,7:55,17:42,A Female,-9.016666666666652
01103FE25A,2023-01-09,08:28:14,16:31:53,89,-8.4,7.81,8:47,16:35,J Male,-18.76666666666665
01103FE25A,2023-01-10,08:31:31,16:41:27,92,-8.2,7.84,8:46,16:37,J Male,-14.483333333333348
01103FE25A,2023-01-11,08:35:00,16:41:45,92,-7.2,7.88,8:46,16:38,J Male,-11.0
01103FE25A,2023-01-12,08:39:19,16:13:02,77,-12.6,7.92,8:45,16:40,J Male,-5.68333333333328
01103FE25A,2023-01-13,08:28:02,16:48:49,115,-13.1,7.96,8:44,16:42,J Male,-15.96666666666664
01103FE25A,2023-01-14,08:35:03,16:52:38,111,-10.7,8.0,8:43,16:43,J Male,-7.9500000000000455
01103FE25A,2023-01-15,08:31:42,16:40:08,84,-8.8,8.05,8:42,16:45,J Male,-10.300000000000011
01103FE25A,2023-01-16,08:25:35,16:47:13,99,-5.4,8.09,8:41,16:47,J Male,-15.416666666666686
01103FE25A,2023-01-17,08:30:26,16:52:16,87,-8.8,8.14,8:40,16:48,J Male,-9.566666666666663
01103FE25A,2023-01-18,08:32:49,16:30:05,90,-13.4,8.18,8:39,16:50,J Male,-6.18333333333328
01103FE25A,2023-01-19,08:21:42,16:57:55,101,-10.6,8.23,8:38,16:52,J Male,-16.30000000000001
01103FE25A,2023-01-20,08:27:24,16:23:57,84,-4.1,8.28,8:37,16:54,J Male,-9.600000000000023
01103FE25A,2023-01-21,08:46:08,16:55:27,50,0.4,8.33,8:35,16:55,J Male,11.133333333333326
01103FE25A,2023-01-22,08:36:09,17:09:15,54,0.5,8.38,8:34,16:57,J Male,2.1499999999999773
01103FE25A,2023-01-23,08:39:31,17:12:02,58,-2.8,8.44,8:33,16:59,J Male,6.5166666666666515
01103FE25A,2023-01-24,14:42:02,16:53:51,10,-0.1,8.49,8:31,17:01,J Male,371.0333333333333
01103FE25A,2023-01-25,08:19:34,16:45:20,41,-0.7,8.55,8:30,17:03,J Male,-10.433333333333337
01103FE25A,2023-01-26,09:48:27,17:05:21,35,4.7,8.6,8:29,17:05,J Male,79.45000000000005
01103FE25A,2023-01-27,08:29:58,16:12:23,85,-6.7,8.66,8:27,17:07,J Male,2.96666666666664
01103FE25A,2023-01-28,08:11:08,16:32:45,85,-16.8,8.72,8:26,17:09,J Male,-14.866666666666674
01103FE25A,2023-01-29,08:07:21,16:57:11,89,-17.1,8.78,8:24,17:11,J Male,-16.649999999999977
01103FE25A,2023-01-30,08:07:47,16:54:14,69,-11.7,8.83,8:22,17:13,J Male,-14.21666666666664
01103FE25A,2023-01-31,08:30:47,16:47:05,94,-10.3,8.89,8:21,17:14,J Male,9.78333333333336
01103FE25A,2023-02-01,08:11:44,16:29:22,98,-15.5,8.96,8:19,17:16,J Male,-7.2666666666666515
01103FE25A,2023-02-02,08:06:01,16:33:48,105,-16.9,9.02,8:17,17:18,J Male,-10.983333333333348
01103FE25A,2023-02-03,08:12:37,17:20:41,76,-6.3,9.08,8:16,17:20,J Male,-3.3833333333333258
01103FE25A,2023-02-04,11:24:01,17:31:06,41,-1.8,9.14,8:14,17:22,J Male,190.01666666666665
01103FE25A,2023-02-05,08:27:09,17:17:51,47,-2.0,9.2,8:12,17:24,J Male,15.149999999999977
01103FE25A,2023-02-06,10:07:27,17:10:00,42,-0.7,9.27,8:10,17:26,J Male,117.45000000000005
01103FE25A,2023-02-07,08:16:19,17:35:25,46,0.5,9.33,8:08,17:28,J Male,8.316666666666663
01103FE25A,2023-02-08,08:58:08,17:36:47,59,-3.2,9.4,8:06,17:30,J Male,52.133333333333326
01103FE25A,2023-02-09,10:12:36,17:26:24,51,-6.1,9.46,8:05,17:32,J Male,127.60000000000002
01103FE25A,2023-02-10,08:33:07,15:44:42,29,-1.9,9.53,8:03,17:34,J Male,30.116666666666674
01103FE25A,2023-02-11,09:16:24,17:25:54,49,-2.9,9.59,8:01,17:36,J Male,75.39999999999998
01103FE25A,2023-02-12,09:23:04,17:42:09,46,-2.6,9.66,7:59,17:38,J Male,84.06666666666672
01103FE25A,2023-02-13,08:26:59,17:52:50,58,0.0,9.73,7:57,17:40,J Male,29.98333333333335
01103FE25A,2023-02-14,08:19:25,17:32:34,88,-10.0,9.79,7:55,17:42,J Male,24.416666666666686
01103FE2A6,2023-01-09,08:35:23,16:46:32,87,-8.4,7.81,8:47,16:35,A Female,-11.616666666666674
01103FE2A6,2023-01-10,08:38:00,16:51:22,71,-8.2,7.84,8:46,16:37,A Female,-8.0
01103FE2A6,2023-01-11,08:37:11,16:33:34,62,-7.2,7.88,8:46,16:38,A Female,-8.81666666666672
01103FE2A6,2023-01-12,08:29:51,16:32:14,85,-12.6,7.92,8:45,16:40,A Female,-15.149999999999977
01103FE2A6,2023-01-13,08:37:48,16:38:44,68,-13.1,7.96,8:44,16:42,A Female,-6.2000000000000455
01103FE2A6,2023-01-14,08:37:47,16:41:02,71,-10.7,8.0,8:43,16:43,A Female,-5.216666666666697
01103FE2A6,2023-01-15,08:30:47,16:43:23,99,-8.8,8.05,8:42,16:45,A Female,-11.21666666666664
01103FE2A6,2023-01-16,08:34:21,16:26:52,76,-5.4,8.09,8:41,16:47,A Female,-6.649999999999977
01103FE2A6,2023-01-17,08:26:41,16:34:36,82,-8.8,8.14,8:40,16:48,A Female,-13.316666666666663
01103FE2A6,2023-01-18,08:33:19,16:44:24,72,-13.4,8.18,8:39,16:50,A Female,-5.68333333333328
01103FE2A6,2023-01-19,08:28:28,16:40:10,65,-10.6,8.23,8:38,16:52,A Female,-9.53333333333336
01103FE2A6,2023-01-20,08:28:26,16:53:27,78,-4.1,8.28,8:37,16:54,A Female,-8.566666666666663
01103FE2A6,2023-01-21,09:16:53,16:27:39,90,0.4,8.33,8:35,16:55,A Female,41.883333333333326
01103FE2A6,2023-01-22,08:34:06,16:57:47,30,0.5,8.38,8:34,16:57,A Female,0.10000000000002274
01103FE2A6,2023-01-23,08:26:28,14:46:57,46,-2.8,8.44,8:33,16:59,A Female,-6.53333333333336
01103FE2A6,2023-01-24,08:19:47,16:52:52,42,-0.1,8.49,8:31,17:01,A Female,-11.21666666666664
01103FE2A6,2023-01-25,08:19:37,16:47:16,111,-0.7,8.55,8:30,17:03,A Female,-10.383333333333326
01103FE2A6,2023-01-26,08:37:46,16:01:23,34,4.7,8.6,8:29,17:05,A Female,8.766666666666652
01103FE2A6,2023-01-27,08:17:06,16:45:09,70,-6.7,8.66,8:27,17:07,A Female,-9.899999999999977
01103FE2A6,2023-01-28,08:19:06,16:48:07,82,-16.8,8.72,8:26,17:09,A Female,-6.899999999999977
01103FE2A6,2023-01-29,08:22:50,16:49:10,51,-17.1,8.78,8:24,17:11,A Female,-1.1666666666666856
01103FE2A6,2023-01-30,09:00:25,16:57:24,50,-11.7,8.83,8:22,17:13,A Female,38.41666666666663
01103FE2A6,2023-01-31,08:23:50,16:54:30,68,-10.3,8.89,8:21,17:14,A Female,2.8333333333333144
01103FE2A6,2023-02-01,08:14:48,16:50:23,96,-15.5,8.96,8:19,17:16,A Female,-4.199999999999989
01103FE2A6,2023-02-02,08:31:48,16:49:43,68,-16.9,9.02,8:17,17:18,A Female,14.800000000000011
01103FE2A6,2023-02-03,08:40:37,17:05:47,85,-6.3,9.08,8:16,17:20,A Female,24.616666666666674
01103FE2A6,2023-02-04,08:35:22,16:50:18,91,-1.8,9.14,8:14,17:22,A Female,21.366666666666674
01103FE2A6,2023-02-05,08:19:41,16:42:10,42,-2.0,9.2,8:12,17:24,A Female,7.683333333333337
01103FE2A6,2023-02-06,08:09:42,17:14:45,50,-0.7,9.27,8:10,17:26,A Female,-0.30000000000001137
01103FE2A6,2023-02-07,09:02:46,17:14:21,58,0.5,9.33,8:08,17:28,A Female,54.76666666666665
01103FE2A6,2023-02-08,08:07:19,16:49:46,66,-3.2,9.4,8:06,17:30,A Female,1.3166666666666629
01103FE2A6,2023-02-09,08:24:01,17:24:43,63,-6.1,9.46,8:05,17:32,A Female,19.01666666666665
01103FE2A6,2023-02-10,09:34:17,17:31:38,52,-1.9,9.53,8:03,17:34,A Female,91.2833333333333
01103FE2A6,2023-02-11,08:57:01,17:34:51,70,-2.9,9.59,8:01,17:36,A Female,56.01666666666665
01103FE2A6,2023-02-12,08:46:27,17:03:01,49,-2.6,9.66,7:59,17:38,A Female,47.450000000000045
01103FE2A6,2023-02-13,08:24:34,17:27:40,29,0.0,9.73,7:57,17:40,A Female,27.566666666666663
01103FE2A6,2023-02-14,09:58:27,17:01:56,38,-10.0,9.79,7:55,17:42,A Female,123.45000000000005
01103FE316,2023-01-09,08:39:57,16:20:59,59,-8.4,7.81,8:47,16:35,A Female,-7.0499999999999545
01103FE316,2023-01-10,08:50:17,16:29:18,71,-8.2,7.84,8:46,16:37,A Female,4.283333333333303
01103FE316,2023-01-11,08:42:19,16:18:13,64,-7.2,7.88,8:46,16:38,A Female,-3.6833333333332803
01103FE316,2023-01-12,08:36:08,16:15:45,70,-12.6,7.92,8:45,16:40,A Female,-8.866666666666674
01103FE316,2023-01-13,08:39:39,16:17:17,72,-13.1,7.96,8:44,16:42,A Female,-4.350000000000023
01103FE316,2023-01-14,08:39:03,16:10:42,81,-10.7,8.0,8:43,16:43,A Female,-3.9500000000000455
01103FE316,2023-01-15,08:35:51,16:26:17,52,-8.8,8.05,8:42,16:45,A Female,-6.149999999999977
01103FE316,2023-01-16,08:39:56,16:24:01,51,-5.4,8.09,8:41,16:47,A Female,-1.0666666666667197
01103FE316,2023-01-17,08:37:01,16:24:26,61,-8.8,8.14,8:40,16:48,A Female,-2.9833333333333485
01103FE316,2023-01-18,08:49:20,16:28:11,70,-13.4,8.18,8:39,16:50,A Female,10.333333333333371
01103FE316,2023-01-19,08:34:59,16:35:29,78,-10.6,8.23,8:38,16:52,A Female,-3.0166666666666515
01103FE316,2023-01-20,08:32:02,16:38:36,65,-4.1,8.28,8:37,16:54,A Female,-4.966666666666697
01103FE316,2023-01-21,08:35:09,16:40:43,58,0.4,8.33,8:35,16:55,A Female,0.14999999999997726
01103FE316,2023-01-22,08:27:08,16:44:16,49,0.5,8.38,8:34,16:57,A Female,-6.866666666666674
01103FE316,2023-01-23,08:30:18,16:59:25,53,-2.8,8.44,8:33,16:59,A Female,-2.6999999999999886
01103FE316,2023-01-24,08:24:55,16:53:22,63,-0.1,8.49,8:31,17:01,A Female,-6.083333333333314
01103FE316,2023-01-25,08:29:48,16:56:08,58,-0.7,8.55,8:30,17:03,A Female,-0.19999999999998863
01103FE316,2023-01-26,08:24:50,16:55:04,37,4.7,8.6,8:29,17:05,A Female,-4.166666666666686
01103FE316,2023-01-27,08:24:18,16:06:39,44,-6.7,8.66,8:27,17:07,A Female,-2.6999999999999886
01103FE316,2023-01-28,08:28:49,16:22:55,35,-16.8,8.72,8:26,17:09,A Female,2.816666666666663
01103FE316,2023-01-29,08:32:37,16:17:57,36,-17.1,8.78,8:24,17:11,A Female,8.616666666666674
01103FE316,2023-01-30,08:29:35,16:36:12,51,-11.7,8.83,8:22,17:13,A Female,7.583333333333314
01103FE316,2023-01-31,08:17:38,16:09:03,56,-10.3,8.89,8:21,17:14,A Female,-3.3666666666666742
01103FE316,2023-02-01,08:18:38,16:08:36,53,-15.5,8.96,8:19,17:16,A Female,-0.36666666666667425
01103FE316,2023-02-02,08:50:38,16:32:15,25,-16.9,9.02,8:17,17:18,A Female,33.633333333333326
01103FE316,2023-02-03,08:23:00,17:01:24,68,-6.3,9.08,8:16,17:20,A Female,7.0
01103FE316,2023-02-04,08:21:06,17:00:44,66,-1.8,9.14,8:14,17:22,A Female,7.100000000000023
01103FE316,2023-02-05,08:13:45,17:03:57,67,-2.0,9.2,8:12,17:24,A Female,1.75
01103FE316,2023-02-06,08:11:50,17:06:48,57,-0.7,9.27,8:10,17:26,A Female,1.8333333333333144
01103FE316,2023-02-07,08:03:30,17:13:49,62,0.5,9.33,8:08,17:28,A Female,-4.5
01103FE316,2023-02-08,08:08:26,17:10:51,49,-3.2,9.4,8:06,17:30,A Female,2.433333333333337
01103FE316,2023-02-09,08:01:51,17:03:57,49,-6.1,9.46,8:05,17:32,A Female,-3.1499999999999773
01103FE316,2023-02-10,08:23:20,17:16:57,50,-1.9,9.53,8:03,17:34,A Female,20.333333333333314
01103FE316,2023-02-11,08:09:51,17:11:25,62,-2.9,9.59,8:01,17:36,A Female,8.850000000000023
01103FE316,2023-02-12,07:57:59,17:20:30,68,-2.6,9.66,7:59,17:38,A Female,-1.0166666666666515
01103FE316,2023-02-13,07:58:13,17:01:44,65,0.0,9.73,7:57,17:40,A Female,1.2166666666666401
01103FE316,2023-02-14,08:12:17,17:12:20,68,-10.0,9.79,7:55,17:42,A Female,17.28333333333336
01103FE38B,2023-01-09,08:24:46,16:34:20,134,-8.4,7.81,8:47,16:35,J Male,-22.23333333333335
01103FE38B,2023-01-10,08:28:13,16:42:38,115,-8.2,7.84,8:46,16:37,J Male,-17.78333333333336
01103FE38B,2023-01-11,08:31:11,16:29:34,116,-7.2,7.88,8:46,16:38,J Male,-14.816666666666663
01103FE38B,2023-01-12,08:33:38,16:31:24,123,-12.6,7.92,8:45,16:40,J Male,-11.366666666666674
01103FE38B,2023-01-13,08:26:12,16:13:50,123,-13.1,7.96,8:44,16:42,J Male,-17.80000000000001
01103FE38B,2023-01-14,08:23:43,16:25:47,122,-10.7,8.0,8:43,16:43,J Male,-19.28333333333336
01103FE38B,2023-01-15,08:22:18,16:26:04,111,-8.8,8.05,8:42,16:45,J Male,-19.69999999999999
01103FE38B,2023-01-16,08:27:58,16:26:59,134,-5.4,8.09,8:41,16:47,J Male,-13.03333333333336
01103FE38B,2023-01-17,08:29:55,16:32:50,97,-8.8,8.14,8:40,16:48,J Male,-10.083333333333314
01103FE38B,2023-01-18,08:23:09,16:34:31,94,-13.4,8.18,8:39,16:50,J Male,-15.850000000000023
01103FE38B,2023-01-19,08:23:03,16:34:17,125,-10.6,8.23,8:38,16:52,J Male,-14.949999999999989
01103FE38B,2023-01-20,08:13:57,16:41:43,115,-4.1,8.28,8:37,16:54,J Male,-23.05000000000001
01103FE38B,2023-01-21,08:47:22,16:56:10,113,0.4,8.33,8:35,16:55,J Male,12.366666666666674
01103FE38B,2023-01-22,08:26:29,16:51:55,107,0.5,8.38,8:34,16:57,J Male,-7.5166666666666515
01103FE38B,2023-01-23,08:16:54,16:50:32,121,-2.8,8.44,8:33,16:59,J Male,-16.100000000000023
01103FE38B,2023-01-24,08:22:41,16:52:27,98,-0.1,8.49,8:31,17:01,J Male,-8.316666666666663
01103FE38B,2023-01-25,08:21:16,16:46:05,96,-0.7,8.55,8:30,17:03,J Male,-8.733333333333348
01103FE38B,2023-01-26,08:17:13,16:59:32,70,4.7,8.6,8:29,17:05,J Male,-11.78333333333336
01103FE38B,2023-01-27,08:18:34,16:45:40,114,-6.7,8.66,8:27,17:07,J Male,-8.433333333333337
01103FE38B,2023-01-28,08:14:54,16:46:23,70,-16.8,8.72,8:26,17:09,J Male,-11.100000000000023
01103FE38B,2023-01-29,08:06:46,16:30:20,89,-17.1,8.78,8:24,17:11,J Male,-17.23333333333335
01103FE38B,2023-01-30,08:10:13,16:57:07,117,-11.7,8.83,8:22,17:13,J Male,-11.78333333333336
01103FE38B,2023-01-31,08:12:42,16:50:52,113,-10.3,8.89,8:21,17:14,J Male,-8.300000000000011
01103FE38B,2023-02-01,08:06:47,16:41:32,121,-15.5,8.96,8:19,17:16,J Male,-12.21666666666664
01103FE38B,2023-02-02,08:26:25,16:56:17,118,-16.9,9.02,8:17,17:18,J Male,9.416666666666686
01103FE38B,2023-02-03,08:10:02,16:40:46,99,-6.3,9.08,8:16,17:20,J Male,-5.96666666666664
01103FE38B,2023-02-04,08:08:08,17:07:09,87,-1.8,9.14,8:14,17:22,J Male,-5.866666666666674
01103FE38B,2023-02-05,08:08:47,17:13:43,92,-2.0,9.2,8:12,17:24,J Male,-3.21666666666664
01103FE38B,2023-02-06,07:58:16,17:18:47,79,-0.7,9.27,8:10,17:26,J Male,-11.733333333333348
01103FE38B,2023-02-07,07:59:40,17:18:22,84,0.5,9.33,8:08,17:28,J Male,-8.333333333333314
01103FE38B,2023-02-08,07:57:56,17:13:32,118,-3.2,9.4,8:06,17:30,J Male,-8.066666666666663
01103FE38B,2023-02-09,07:51:13,17:21:38,101,-6.1,9.46,8:05,17:32,J Male,-13.78333333333336
01103FE38B,2023-02-10,07:52:36,17:29:22,72,-1.9,9.53,8:03,17:34,J Male,-10.399999999999977
01103FE38B,2023-02-11,07:56:34,17:24:11,75,-2.9,9.59,8:01,17:36,J Male,-4.433333333333337
01103FE38B,2023-02-12,07:56:23,17:39:53,83,-2.6,9.66,7:59,17:38,J Male,-2.6166666666666742
01103FE38B,2023-02-13,07:39:51,17:31:01,128,0.0,9.73,7:57,17:40,J Male,-17.149999999999977
01103FE38B,2023-02-14,08:01:54,17:25:26,108,-10.0,9.79,7:55,17:42,J Male,6.899999999999977
01103FE395,2023-01-09,08:35:51,16:28:14,99,-8.4,7.81,8:47,16:35,J Female,-11.149999999999977
01103FE395,2023-01-10,08:30:06,16:36:46,77,-8.2,7.84,8:46,16:37,J Female,-15.899999999999977
01103FE395,2023-01-11,08:32:23,16:20:01,79,-7.2,7.88,8:46,16:38,J Female,-13.616666666666674
01103FE395,2023-01-12,08:34:27,16:17:40,97,-12.6,7.92,8:45,16:40,J Female,-10.549999999999955
01103FE395,2023-01-13,08:33:07,16:07:36,84,-13.1,7.96,8:44,16:42,J Female,-10.883333333333326
01103FE395,2023-01-14,08:32:40,16:05:56,71,-10.7,8.0,8:43,16:43,J Female,-10.333333333333371
01103FE395,2023-01-15,08:26:22,16:21:46,81,-8.8,8.05,8:42,16:45,J Female,-15.633333333333326
01103FE395,2023-01-16,08:29:13,16:19:20,91,-5.4,8.09,8:41,16:47,J Female,-11.78333333333336
01103FE395,2023-01-17,08:27:04,16:08:33,88,-8.8,8.14,8:40,16:48,J Female,-12.933333333333337
01103FE395,2023-01-18,08:46:35,16:18:37,93,-13.4,8.18,8:39,16:50,J Female,7.583333333333371
01103FE395,2023-01-19,08:31:16,16:32:14,122,-10.6,8.23,8:38,16:52,J Female,-6.7333333333333485
01103FE395,2023-01-20,08:24:53,16:48:05,67,-4.1,8.28,8:37,16:54,J Female,-12.116666666666674
01103FE395,2023-01-21,08:24:44,16:48:49,66,0.4,8.33,8:35,16:55,J Female,-10.266666666666652
01103FE395,2023-01-22,08:23:30,16:49:44,61,0.5,8.38,8:34,16:57,J Female,-10.5
01103FE395,2023-01-23,08:27:59,17:07:28,53,-2.8,8.44,8:33,16:59,J Female,-5.0166666666666515
01103FE395,2023-01-24,08:22:18,16:48:02,59,-0.1,8.49,8:31,17:01,J Female,-8.699999999999989
01103FE395,2023-01-25,08:18:32,16:42:49,57,-0.7,8.55,8:30,17:03,J Female,-11.46666666666664
01103FE395,2023-01-26,08:15:16,17:00:27,46,4.7,8.6,8:29,17:05,J Female,-13.733333333333348
01103FE395,2023-01-27,08:19:17,16:31:06,30,-6.7,8.66,8:27,17:07,J Female,-7.71666666666664
01103FE395,2023-01-28,08:11:27,16:40:54,41,-16.8,8.72,8:26,17:09,J Female,-14.550000000000011
01103FE395,2023-01-29,08:09:47,16:30:11,35,-17.1,8.78,8:24,17:11,J Female,-14.21666666666664
01103FE395,2023-01-30,08:15:03,16:53:10,56,-11.7,8.83,8:22,17:13,J Female,-6.949999999999989
01103FE395,2023-01-31,08:20:52,16:50:47,69,-10.3,8.89,8:21,17:14,J Female,-0.13333333333332575
01103FE395,2023-02-01,08:23:30,16:18:30,41,-15.5,8.96,8:19,17:16,J Female,4.5
01103FE395,2023-02-02,08:10:46,16:29:22,46,-16.9,9.02,8:17,17:18,J Female,-6.2333333333333485
01103FE395,2023-02-03,08:17:15,16:54:06,105,-6.3,9.08,8:16,17:20,J Female,1.25
01103FE395,2023-02-04,08:06:40,16:58:42,138,-1.8,9.14,8:14,17:22,J Female,-7.333333333333314
01103FE395,2023-02-05,08:04:47,17:08:04,100,-2.0,9.2,8:12,17:24,J Female,-7.21666666666664
01103FE395,2023-02-06,08:04:20,17:12:48,91,-0.7,9.27,8:10,17:26,J Female,-5.666666666666686
01103FE395,2023-02-07,08:43:03,17:14:30,98,0.5,9.33,8:08,17:28,J Female,35.049999999999955
01103FE395,2023-02-08,07:59:41,17:12:45,146,-3.2,9.4,8:06,17:30,J Female,-6.316666666666663
01103FE395,2023-02-09,07:55:18,17:12:04,103,-6.1,9.46,8:05,17:32,J Female,-9.699999999999989
01103FE395,2023-02-10,07:58:56,17:27:12,187,-1.9,9.53,8:03,17:34,J Female,-4.066666666666663
01103FE395,2023-02-11,07:55:05,17:25:55,124,-2.9,9.59,8:01,17:36,J Female,-5.916666666666686
01103FE395,2023-02-12,07:56:49,17:26:11,151,-2.6,9.66,7:59,17:38,J Female,-2.183333333333337
01103FE395,2023-02-13,08:37:33,17:22:02,111,0.0,9.73,7:57,17:40,J Female,40.549999999999955
01103FE395,2023-02-14,07:52:54,17:22:01,57,-10.0,9.79,7:55,17:42,J Female,-2.1000000000000227
01103FE3A3,2023-01-09,08:29:31,16:29:09,120,-8.4,7.81,8:47,16:35,A Male,-17.48333333333335
01103FE3A3,2023-01-10,08:24:25,16:19:42,76,-8.2,7.84,8:46,16:37,A Male,-21.583333333333314
01103FE3A3,2023-01-11,08:41:01,16:16:40,98,-7.2,7.88,8:46,16:38,A Male,-4.9833333333333485
01103FE3A3,2023-01-12,08:25:27,15:44:33,66,-12.6,7.92,8:45,16:40,A Male,-19.55000000000001
01103FE3A3,2023-01-13,08:18:39,16:20:27,121,-13.1,7.96,8:44,16:42,A Male,-25.350000000000023
01103FE3A3,2023-01-14,08:26:20,16:22:48,95,-10.7,8.0,8:43,16:43,A Male,-16.666666666666686
01103FE3A3,2023-01-15,08:31:28,16:22:30,88,-8.8,8.05,8:42,16:45,A Male,-10.53333333333336
01103FE3A3,2023-01-16,08:27:00,16:15:51,111,-5.4,8.09,8:41,16:47,A Male,-14.0
01103FE3A3,2023-01-17,08:24:17,16:18:35,106,-8.8,8.14,8:40,16:48,A Male,-15.71666666666664
01103FE3A3,2023-01-18,08:14:17,16:14:34,127,-13.4,8.18,8:39,16:50,A Male,-24.71666666666664
01103FE3A3,2023-01-19,08:18:36,16:37:23,159,-10.6,8.23,8:38,16:52,A Male,-19.399999999999977
01103FE3A3,2023-01-20,08:19:08,16:34:56,117,-4.1,8.28,8:37,16:54,A Male,-17.866666666666674
01103FE3A3,2023-01-21,08:16:17,16:55:35,182,0.4,8.33,8:35,16:55,A Male,-18.71666666666664
01103FE3A3,2023-01-22,08:17:11,16:40:37,99,0.5,8.38,8:34,16:57,A Male,-16.816666666666663
01103FE3A3,2023-01-23,08:31:51,16:59:29,55,-2.8,8.44,8:33,16:59,A Male,-1.1499999999999773
01103FE3A3,2023-01-24,08:16:52,16:58:01,150,-0.1,8.49,8:31,17:01,A Male,-14.133333333333326
01103FE3A3,2023-01-25,08:15:12,16:56:39,131,-0.7,8.55,8:30,17:03,A Male,-14.800000000000011
01103FE3A3,2023-01-26,08:08:05,16:57:34,122,4.7,8.6,8:29,17:05,A Male,-20.916666666666686
01103FE3A3,2023-01-27,08:14:22,16:30:50,98,-6.7,8.66,8:27,17:07,A Male,-12.633333333333326
01103FE3A3,2023-01-28,08:10:26,16:21:40,102,-16.8,8.72,8:26,17:09,A Male,-15.566666666666663
01103FE3A3,2023-01-29,08:50:59,16:40:53,71,-17.1,8.78,8:24,17:11,A Male,26.98333333333335
01103FE3A3,2023-01-30,09:09:29,16:52:28,105,-11.7,8.83,8:22,17:13,A Male,47.48333333333335
01103FE3A3,2023-01-31,08:03:51,16:30:56,148,-10.3,8.89,8:21,17:14,A Male,-17.149999999999977
01103FE3A3,2023-02-01,08:01:44,16:11:58,98,-15.5,8.96,8:19,17:16,A Male,-17.26666666666665
01103FE3A3,2023-02-02,08:01:39,14:43:13,46,-16.9,9.02,8:17,17:18,A Male,-15.350000000000023
01103FE3A3,2023-02-03,08:20:38,17:02:08,160,-6.3,9.08,8:16,17:20,A Male,4.633333333333326
01103FE3A3,2023-02-04,08:03:06,17:04:50,230,-1.8,9.14,8:14,17:22,A Male,-10.899999999999977
01103FE3A3,2023-02-05,08:00:31,17:08:04,132,-2.0,9.2,8:12,17:24,A Male,-11.483333333333348
01103FE3A3,2023-02-06,08:01:02,17:19:37,136,-0.7,9.27,8:10,17:26,A Male,-8.96666666666664
01103FE3A3,2023-02-07,07:55:53,17:18:49,185,0.5,9.33,8:08,17:28,A Male,-12.116666666666674
01103FE3A3,2023-02-08,07:56:57,17:20:53,267,-3.2,9.4,8:06,17:30,A Male,-9.050000000000011
01103FE3A3,2023-02-09,08:08:10,17:17:33,135,-6.1,9.46,8:05,17:32,A Male,3.1666666666666856
01103FE3A3,2023-02-10,08:07:23,17:26:46,196,-1.9,9.53,8:03,17:34,A Male,4.383333333333326
01103FE3A3,2023-02-11,07:46:43,17:26:11,160,-2.9,9.59,8:01,17:36,A Male,-14.28333333333336
01103FE3A3,2023-02-12,07:44:33,17:24:20,233,-2.6,9.66,7:59,17:38,A Male,-14.449999999999989
01103FE3A3,2023-02-13,07:48:21,17:10:54,140,0.0,9.73,7:57,17:40,A Male,-8.649999999999977
01103FE3A3,2023-02-14,07:49:03,17:09:18,93,-10.0,9.79,7:55,17:42,A Male,-5.949999999999989
01103FE46B,2023-01-09,08:24:16,16:11:13,70,-8.4,7.81,8:47,16:35,A Female,-22.73333333333335
01103FE46B,2023-01-10,08:23:33,16:05:04,71,-8.2,7.84,8:46,16:37,A Female,-22.44999999999999
01103FE46B,2023-01-11,08:32:42,16:17:58,71,-7.2,7.88,8:46,16:38,A Female,-13.299999999999955
01103FE46B,2023-01-12,08:35:18,15:54:50,80,-12.6,7.92,8:45,16:40,A Female,-9.700000000000045
01103FE46B,2023-01-13,08:38:53,16:22:23,77,-13.1,7.96,8:44,16:42,A Female,-5.116666666666674
01103FE46B,2023-01-14,08:26:01,16:24:56,73,-10.7,8.0,8:43,16:43,A Female,-16.98333333333335
01103FE46B,2023-01-15,08:21:26,16:16:45,94,-8.8,8.05,8:42,16:45,A Female,-20.566666666666663
01103FE46B,2023-01-16,08:24:47,16:14:04,79,-5.4,8.09,8:41,16:47,A Female,-16.21666666666664
01103FE46B,2023-01-17,08:22:43,16:18:17,82,-8.8,8.14,8:40,16:48,A Female,-17.28333333333336
01103FE46B,2023-01-18,08:24:49,16:03:40,83,-13.4,8.18,8:39,16:50,A Female,-14.183333333333337
01103FE46B,2023-01-19,08:27:59,16:31:22,80,-10.6,8.23,8:38,16:52,A Female,-10.016666666666652
01103FE46B,2023-01-20,08:16:41,16:29:37,75,-4.1,8.28,8:37,16:54,A Female,-20.316666666666663
01103FE46B,2023-01-21,08:25:29,16:38:51,56,0.4,8.33,8:35,16:55,A Female,-9.516666666666652
01103FE46B,2023-01-22,08:25:13,16:17:52,44,0.5,8.38,8:34,16:57,A Female,-8.78333333333336
01103FE46B,2023-01-23,08:15:40,16:52:01,65,-2.8,8.44,8:33,16:59,A Female,-17.333333333333314
01103FE46B,2023-01-24,08:28:34,16:25:57,60,-0.1,8.49,8:31,17:01,A Female,-2.433333333333337
01103FE46B,2023-01-25,08:11:19,16:41:17,71,-0.7,8.55,8:30,17:03,A Female,-18.683333333333337
01103FE46B,2023-01-26,08:17:39,16:48:05,28,4.7,8.6,8:29,17:05,A Female,-11.350000000000023
01103FE46B,2023-01-27,08:29:24,16:02:22,58,-6.7,8.66,8:27,17:07,A Female,2.3999999999999773
01103FE46B,2023-01-28,08:25:01,16:34:10,51,-16.8,8.72,8:26,17:09,A Female,-0.9833333333333485
01103FE46B,2023-01-29,08:19:26,16:07:19,52,-17.1,8.78,8:24,17:11,A Female,-4.566666666666663
01103FE46B,2023-01-30,08:44:41,16:52:43,64,-11.7,8.83,8:22,17:13,A Female,22.68333333333328
01103FE46B,2023-01-31,08:05:14,16:00:43,85,-10.3,8.89,8:21,17:14,A Female,-15.766666666666652
01103FE46B,2023-02-01,08:07:05,15:56:21,59,-15.5,8.96,8:19,17:16,A Female,-11.916666666666686
01103FE46B,2023-02-02,08:56:32,16:18:41,64,-16.9,9.02,8:17,17:18,A Female,39.5333333333333
01103FE46B,2023-02-03,08:12:16,17:00:09,75,-6.3,9.08,8:16,17:20,A Female,-3.7333333333333485
01103FE46B,2023-02-04,08:06:45,16:54:03,83,-1.8,9.14,8:14,17:22,A Female,-7.25
01103FE46B,2023-02-05,08:08:46,17:02:51,72,-2.0,9.2,8:12,17:24,A Female,-3.2333333333333485
01103FE46B,2023-02-06,08:09:08,17:00:56,66,-0.7,9.27,8:10,17:26,A Female,-0.8666666666666742
01103FE46B,2023-02-07,07:49:19,17:02:07,65,0.5,9.33,8:08,17:28,A Female,-18.683333333333337
01103FE46B,2023-02-08,07:45:57,16:44:17,90,-3.2,9.4,8:06,17:30,A Female,-20.05000000000001
01103FE46B,2023-02-09,07:46:42,16:57:41,83,-6.1,9.46,8:05,17:32,A Female,-18.30000000000001
01103FE46B,2023-02-10,07:52:15,17:02:25,57,-1.9,9.53,8:03,17:34,A Female,-10.75
01103FE46B,2023-02-11,07:59:27,17:22:30,48,-2.9,9.59,8:01,17:36,A Female,-1.5500000000000114
01103FE46B,2023-02-12,07:49:15,17:20:20,70,-2.6,9.66,7:59,17:38,A Female,-9.75
01103FE46B,2023-02-13,07:45:58,17:24:31,49,0.0,9.73,7:57,17:40,A Female,-11.03333333333336
01103FE46B,2023-02-14,08:05:40,17:23:35,63,-10.0,9.79,7:55,17:42,A Female,10.666666666666686
01103FE4F7,2023-01-09,08:44:34,16:23:15,52,-8.4,7.81,8:47,16:35,J Female,-2.4333333333332803
01103FE4F7,2023-01-10,08:42:30,16:24:03,51,-8.2,7.84,8:46,16:37,J Female,-3.5
01103FE4F7,2023-01-11,08:39:34,16:17:58,52,-7.2,7.88,8:46,16:38,J Female,-6.43333333333328
01103FE4F7,2023-01-12,08:45:36,16:20:23,51,-12.6,7.92,8:45,16:40,J Female,0.6000000000000227
01103FE4F7,2023-01-13,08:48:40,16:03:52,67,-13.1,7.96,8:44,16:42,J Female,4.666666666666629
01103FE4F7,2023-01-14,08:38:44,16:20:58,43,-10.7,8.0,8:43,16:43,J Female,-4.2666666666666515
01103FE4F7,2023-01-15,08:33:50,16:27:00,45,-8.8,8.05,8:42,16:45,J Female,-8.166666666666629
01103FE4F7,2023-01-16,08:40:24,16:17:17,56,-5.4,8.09,8:41,16:47,J Female,-0.6000000000000227
01103FE4F7,2023-01-17,08:36:33,16:32:12,55,-8.8,8.14,8:40,16:48,J Female,-3.4500000000000455
01103FE4F7,2023-01-18,08:33:34,16:28:11,66,-13.4,8.18,8:39,16:50,J Female,-5.43333333333328
01103FE4F7,2023-01-19,09:01:04,16:28:04,67,-10.6,8.23,8:38,16:52,J Female,23.06666666666672
01103FE4F7,2023-01-20,08:32:59,16:44:03,77,-4.1,8.28,8:37,16:54,J Female,-4.0166666666666515
01103FE4F7,2023-01-21,10:49:42,16:48:27,46,0.4,8.33,8:35,16:55,J Female,134.70000000000005
01103FE4F7,2023-01-22,08:21:31,16:19:04,55,0.5,8.38,8:34,16:57,J Female,-12.483333333333348
01103FE4F7,2023-01-23,09:03:15,16:41:05,54,-2.8,8.44,8:33,16:59,J Female,30.25
01103FE4F7,2023-01-24,08:35:34,16:43:11,45,-0.1,8.49,8:31,17:01,J Female,4.56666666666672
01103FE4F7,2023-01-25,08:32:35,16:42:07,52,-0.7,8.55,8:30,17:03,J Female,2.5833333333333712
01103FE4F7,2023-01-26,08:27:24,16:51:26,44,4.7,8.6,8:29,17:05,J Female,-1.6000000000000227
01103FE4F7,2023-01-27,08:29:20,16:23:35,51,-6.7,8.66,8:27,17:07,J Female,2.3333333333333144
01103FE4F7,2023-01-28,08:14:26,16:21:18,34,-16.8,8.72,8:26,17:09,J Female,-11.566666666666663
01103FE4F7,2023-01-29,09:16:39,16:29:49,49,-17.1,8.78,8:24,17:11,J Female,52.64999999999998
01103FE4F7,2023-01-30,08:12:36,16:30:59,45,-11.7,8.83,8:22,17:13,J Female,-9.399999999999977
01103FE4F7,2023-01-31,08:10:52,16:30:39,64,-10.3,8.89,8:21,17:14,J Female,-10.133333333333326
01103FE4F7,2023-02-01,08:09:17,16:18:15,76,-15.5,8.96,8:19,17:16,J Female,-9.71666666666664
01103FE4F7,2023-02-02,08:18:28,14:12:18,38,-16.9,9.02,8:17,17:18,J Female,1.4666666666666401
01103FE4F7,2023-02-03,08:16:46,16:51:25,62,-6.3,9.08,8:16,17:20,J Female,0.7666666666666515
01103FE4F7,2023-02-04,08:19:41,16:58:28,63,-1.8,9.14,8:14,17:22,J Female,5.683333333333337
01103FE4F7,2023-02-05,08:14:22,17:09:46,70,-2.0,9.2,8:12,17:24,J Female,2.3666666666666742
01103FE4F7,2023-02-06,08:10:39,17:12:02,76,-0.7,9.27,8:10,17:26,J Female,0.6499999999999773
01103FE4F7,2023-02-07,08:07:12,17:06:59,81,0.5,9.33,8:08,17:28,J Female,-0.8000000000000114
01103FE4F7,2023-02-08,08:04:58,16:46:18,55,-3.2,9.4,8:06,17:30,J Female,-1.0333333333333599
01103FE4F7,2023-02-09,08:09:16,17:07:54,50,-6.1,9.46,8:05,17:32,J Female,4.2666666666666515
01103FE4F7,2023-02-10,07:56:38,17:17:02,65,-1.9,9.53,8:03,17:34,J Female,-6.366666666666674
01103FE4F7,2023-02-11,08:02:10,16:55:39,52,-2.9,9.59,8:01,17:36,J Female,1.1666666666666856
01103FE4F7,2023-02-12,08:42:13,17:23:01,58,-2.6,9.66,7:59,17:38,J Female,43.2166666666667
01103FE4F7,2023-02-13,07:56:06,17:07:10,52,0.0,9.73,7:57,17:40,J Female,-0.8999999999999773
01103FE4F7,2023-02-14,08:11:05,16:49:43,51,-10.0,9.79,7:55,17:42,J Female,16.083333333333314
01103FE565,2023-01-09,08:45:27,16:41:52,60,-8.4,7.81,8:47,16:35,J Male,-1.5499999999999545
01103FE565,2023-01-10,08:47:47,16:51:40,86,-8.2,7.84,8:46,16:37,J Male,1.783333333333303
01103FE565,2023-01-11,08:46:21,16:47:18,87,-7.2,7.88,8:46,16:38,J Male,0.35000000000002274
01103FE565,2023-01-12,08:40:43,16:41:00,93,-12.6,7.92,8:45,16:40,J Male,-4.283333333333303
01103FE565,2023-01-13,08:45:09,16:36:05,60,-13.1,7.96,8:44,16:42,J Male,1.1499999999999773
01103FE565,2023-01-14,09:01:57,16:30:08,80,-10.7,8.0,8:43,16:43,J Male,18.950000000000045
01103FE565,2023-01-15,09:10:28,16:44:28,77,-8.8,8.05,8:42,16:45,J Male,28.466666666666697
01103FE565,2023-01-16,08:40:43,16:31:36,48,-5.4,8.09,8:41,16:47,J Male,-0.283333333333303
01103FE565,2023-01-17,09:01:27,16:42:29,116,-8.8,8.14,8:40,16:48,J Male,21.450000000000045
01103FE565,2023-01-18,08:44:24,16:49:57,86,-13.4,8.18,8:39,16:50,J Male,5.399999999999977
01103FE565,2023-01-19,08:36:05,16:54:40,65,-10.6,8.23,8:38,16:52,J Male,-1.9166666666666288
01103FE565,2023-01-20,10:51:49,16:42:15,54,-4.1,8.28,8:37,16:54,J Male,134.81666666666672
01103FE565,2023-01-21,09:31:09,16:57:44,69,0.4,8.33,8:35,16:55,J Male,56.14999999999998
01103FE565,2023-01-22,09:53:23,17:07:20,76,0.5,8.38,8:34,16:57,J Male,79.38333333333333
01103FE565,2023-01-23,08:52:24,16:47:49,70,-2.8,8.44,8:33,16:59,J Male,19.399999999999977
01103FE565,2023-01-24,08:50:43,17:02:24,80,-0.1,8.49,8:31,17:01,J Male,19.716666666666697
01103FE565,2023-01-25,09:22:57,17:03:02,51,-0.7,8.55,8:30,17:03,J Male,52.950000000000045
01103FE565,2023-01-26,08:25:52,17:09:36,55,4.7,8.6,8:29,17:05,J Male,-3.1333333333333258
01103FE565,2023-01-27,08:27:47,16:56:26,61,-6.7,8.66,8:27,17:07,J Male,0.7833333333333599
01103FE565,2023-01-28,08:26:04,16:32:28,70,-16.8,8.72,8:26,17:09,J Male,0.06666666666666288
01103FE565,2023-01-29,08:26:00,16:56:58,60,-17.1,8.78,8:24,17:11,J Male,2.0
01103FE565,2023-01-30,10:21:36,17:02:04,42,-11.7,8.83,8:22,17:13,J Male,119.60000000000002
01103FE565,2023-01-31,08:33:17,16:54:50,66,-10.3,8.89,8:21,17:14,J Male,12.283333333333303
01103FE565,2023-02-01,08:32:21,16:58:59,70,-15.5,8.96,8:19,17:16,J Male,13.350000000000023
01103FE565,2023-02-02,09:19:11,16:39:10,36,-16.9,9.02,8:17,17:18,J Male,62.18333333333328
01103FE565,2023-02-03,08:17:03,17:11:44,56,-6.3,9.08,8:16,17:20,J Male,1.0500000000000114
01103FE565,2023-02-04,08:10:04,17:20:09,54,-1.8,9.14,8:14,17:22,J Male,-3.933333333333337
01103FE565,2023-02-05,08:22:36,17:23:00,44,-2.0,9.2,8:12,17:24,J Male,10.600000000000023
01103FE565,2023-02-06,11:17:44,17:34:35,52,-0.7,9.27,8:10,17:26,J Male,187.73333333333335
01103FE565,2023-02-07,08:23:50,17:36:19,61,0.5,9.33,8:08,17:28,J Male,15.833333333333314
01103FE565,2023-02-08,08:34:54,17:48:18,73,-3.2,9.4,8:06,17:30,J Male,28.899999999999977
01103FE565,2023-02-09,08:38:36,17:38:11,54,-6.1,9.46,8:05,17:32,J Male,33.60000000000002
01103FE565,2023-02-10,09:27:59,17:33:37,67,-1.9,9.53,8:03,17:34,J Male,84.98333333333335
01103FE565,2023-02-11,09:41:06,17:37:47,55,-2.9,9.59,8:01,17:36,J Male,100.10000000000002
01103FE565,2023-02-12,08:27:23,17:44:08,62,-2.6,9.66,7:59,17:38,J Male,28.383333333333326
01103FE565,2023-02-13,08:09:32,17:44:41,65,0.0,9.73,7:57,17:40,J Male,12.53333333333336
01103FE565,2023-02-14,08:08:44,17:56:03,56,-10.0,9.79,7:55,17:42,J Male,13.733333333333348
01103FE56E,2023-01-09,08:46:23,16:50:26,95,-8.4,7.81,8:47,16:35,A Male,-0.6166666666666742
01103FE56E,2023-01-10,08:37:28,16:47:19,114,-8.2,7.84,8:46,16:37,A Male,-8.533333333333303
01103FE56E,2023-01-11,10:21:55,16:37:25,89,-7.2,7.88,8:46,16:38,A Male,95.91666666666663
01103FE56E,2023-01-12,10:08:10,16:40:39,94,-12.6,7.92,8:45,16:40,A Male,83.16666666666663
01103FE56E,2023-01-13,08:59:47,16:37:56,93,-13.1,7.96,8:44,16:42,A Male,15.783333333333303
01103FE56E,2023-01-14,09:32:55,16:44:01,104,-10.7,8.0,8:43,16:43,A Male,49.91666666666663
01103FE56E,2023-01-15,08:31:50,16:41:22,81,-8.8,8.05,8:42,16:45,A Male,-10.166666666666686
01103FE56E,2023-01-16,09:41:16,16:31:18,99,-5.4,8.09,8:41,16:47,A Male,60.26666666666665
01103FE56E,2023-01-17,08:47:49,16:46:43,89,-8.8,8.14,8:40,16:48,A Male,7.81666666666672
01103FE56E,2023-01-18,09:56:30,16:38:14,94,-13.4,8.18,8:39,16:50,A Male,77.5
01103FE56E,2023-01-19,10:01:42,16:43:56,87,-10.6,8.23,8:38,16:52,A Male,83.70000000000005
01103FE56E,2023-01-20,11:24:02,17:00:54,86,-4.1,8.28,8:37,16:54,A Male,167.0333333333333
01103FE56E,2023-01-21,08:59:44,16:56:32,66,0.4,8.33,8:35,16:55,A Male,24.73333333333335
01103FE56E,2023-01-22,10:03:08,17:05:25,66,0.5,8.38,8:34,16:57,A Male,89.13333333333333
01103FE56E,2023-01-23,10:25:49,17:05:37,55,-2.8,8.44,8:33,16:59,A Male,112.81666666666672
01103FE56E,2023-01-24,10:57:38,16:58:51,45,-0.1,8.49,8:31,17:01,A Male,146.63333333333333
01103FE56E,2023-01-25,12:21:54,16:59:40,54,-0.7,8.55,8:30,17:03,A Male,231.89999999999998
01103FE56E,2023-01-26,13:12:04,17:03:18,42,4.7,8.6,8:29,17:05,A Male,283.0666666666667
01103FE56E,2023-01-27,09:16:18,16:49:10,97,-6.7,8.66,8:27,17:07,A Male,49.299999999999955
01103FE56E,2023-01-28,09:34:14,16:38:57,100,-16.8,8.72,8:26,17:09,A Male,68.23333333333335
01103FE56E,2023-01-29,10:49:14,16:47:30,79,-17.1,8.78,8:24,17:11,A Male,145.23333333333335
01103FE56E,2023-01-30,08:48:10,16:52:59,75,-11.7,8.83,8:22,17:13,A Male,26.16666666666663
01103FE56E,2023-01-31,09:32:34,16:46:05,118,-10.3,8.89,8:21,17:14,A Male,71.56666666666672
01103FE56E,2023-02-01,08:29:41,16:30:06,115,-15.5,8.96,8:19,17:16,A Male,10.683333333333337
01103FE56E,2023-02-02,08:19:34,16:23:51,85,-16.9,9.02,8:17,17:18,A Male,2.566666666666663
01103FE56E,2023-02-03,09:01:02,17:17:02,81,-6.3,9.08,8:16,17:20,A Male,45.0333333333333
01103FE56E,2023-02-04,10:03:04,16:56:52,48,-1.8,9.14,8:14,17:22,A Male,109.06666666666672
01103FE56E,2023-02-05,08:41:07,16:48:40,19,-2.0,9.2,8:12,17:24,A Male,29.116666666666674
01103FE56E,2023-02-08,09:34:19,17:27:46,49,-3.2,9.4,8:06,17:30,A Male,88.31666666666672
01103FE56E,2023-02-09,11:15:03,16:46:50,32,-6.1,9.46,8:05,17:32,A Male,190.04999999999995
01103FE56E,2023-02-11,08:11:49,17:18:51,23,-2.9,9.59,8:01,17:36,A Male,10.816666666666663
01103FE56E,2023-02-12,11:14:39,17:39:02,38,-2.6,9.66,7:59,17:38,A Male,195.64999999999998
01103FE56E,2023-02-13,11:53:47,17:16:01,33,0.0,9.73,7:57,17:40,A Male,236.7833333333333
01103FE56E,2023-02-14,10:38:50,17:37:05,31,-10.0,9.79,7:55,17:42,A Male,163.83333333333337
01103FE690,2023-01-09,08:27:41,16:57:10,96,-8.4,7.81,8:47,16:35,A Male,-19.316666666666663
01103FE690,2023-01-10,08:31:13,16:54:29,108,-8.2,7.84,8:46,16:37,A Male,-14.78333333333336
01103FE6BB,2023-01-09,08:21:27,16:24:28,93,-8.4,7.81,8:47,16:35,A Male,-25.55000000000001
01103FE6BB,2023-01-10,08:19:17,16:36:07,108,-8.2,7.84,8:46,16:37,A Male,-26.71666666666664
01103FE6BB,2023-01-11,08:21:42,16:27:34,103,-7.2,7.88,8:46,16:38,A Male,-24.30000000000001
01103FE6BB,2023-01-12,08:22:20,16:25:32,112,-12.6,7.92,8:45,16:40,A Male,-22.666666666666686
01103FE6BB,2023-01-13,08:18:39,16:29:11,113,-13.1,7.96,8:44,16:42,A Male,-25.350000000000023
01103FE6BB,2023-01-14,08:22:12,16:34:13,101,-10.7,8.0,8:43,16:43,A Male,-20.80000000000001
01103FE6BB,2023-01-15,08:15:54,16:33:43,127,-8.8,8.05,8:42,16:45,A Male,-26.100000000000023
01103FE6BB,2023-01-16,08:19:01,16:26:02,116,-5.4,8.09,8:41,16:47,A Male,-21.98333333333335
01103FE6BB,2023-01-17,08:19:50,16:33:19,101,-8.8,8.14,8:40,16:48,A Male,-20.166666666666686
01103FE6BB,2023-01-18,08:22:32,16:35:12,94,-13.4,8.18,8:39,16:50,A Male,-16.46666666666664
01103FE6BB,2023-01-19,08:07:57,16:41:57,96,-10.6,8.23,8:38,16:52,A Male,-30.05000000000001
01103FE6BB,2023-01-20,08:10:51,16:42:04,91,-4.1,8.28,8:37,16:54,A Male,-26.149999999999977
01103FE6BB,2023-01-21,08:13:51,16:34:47,67,0.4,8.33,8:35,16:55,A Male,-21.149999999999977
01103FE6BB,2023-01-22,08:09:10,16:25:32,71,0.5,8.38,8:34,16:57,A Male,-24.833333333333314
01103FE6BB,2023-01-23,08:09:55,16:48:53,69,-2.8,8.44,8:33,16:59,A Male,-23.083333333333314
01103FE6BB,2023-01-24,08:09:24,16:44:56,79,-0.1,8.49,8:31,17:01,A Male,-21.600000000000023
01103FE6BB,2023-01-25,08:06:47,16:57:14,69,-0.7,8.55,8:30,17:03,A Male,-23.21666666666664
01103FE6BB,2023-01-26,08:06:40,16:41:15,44,4.7,8.6,8:29,17:05,A Male,-22.333333333333314
01103FE6BB,2023-01-27,08:07:10,16:32:58,107,-6.7,8.66,8:27,17:07,A Male,-19.833333333333314
01103FE6BB,2023-01-28,08:01:50,16:32:44,79,-16.8,8.72,8:26,17:09,A Male,-24.166666666666686
01103FE6BB,2023-01-29,08:02:47,16:40:20,138,-17.1,8.78,8:24,17:11,A Male,-21.21666666666664
01103FE6BB,2023-01-30,08:07:37,16:52:10,95,-11.7,8.83,8:22,17:13,A Male,-14.383333333333326
01103FE6BB,2023-01-31,07:59:09,16:47:56,150,-10.3,8.89,8:21,17:14,A Male,-21.850000000000023
01103FE6BB,2023-02-01,08:01:38,16:39:18,149,-15.5,8.96,8:19,17:16,A Male,-17.366666666666674
01103FE6BB,2023-02-02,08:02:19,16:40:01,99,-16.9,9.02,8:17,17:18,A Male,-14.683333333333337
01103FE6BB,2023-02-03,08:03:12,16:57:31,94,-6.3,9.08,8:16,17:20,A Male,-12.800000000000011
01103FE6BB,2023-02-04,07:56:19,17:01:16,87,-1.8,9.14,8:14,17:22,A Male,-17.683333333333337
01103FE6BB,2023-02-05,07:56:15,17:06:05,86,-2.0,9.2,8:12,17:24,A Male,-15.75
01103FE6BB,2023-02-06,07:50:51,17:04:23,65,-0.7,9.27,8:10,17:26,A Male,-19.149999999999977
01103FE6BB,2023-02-07,07:52:46,17:13:43,68,0.5,9.33,8:08,17:28,A Male,-15.233333333333348
01103FE6BB,2023-02-08,07:45:39,17:03:17,79,-3.2,9.4,8:06,17:30,A Male,-20.350000000000023
01103FE6BB,2023-02-09,07:44:34,17:08:07,79,-6.1,9.46,8:05,17:32,A Male,-20.433333333333337
01103FE6BB,2023-02-10,07:49:39,17:00:10,67,-1.9,9.53,8:03,17:34,A Male,-13.350000000000023
01103FE6BB,2023-02-11,07:50:23,17:06:20,80,-2.9,9.59,8:01,17:36,A Male,-10.616666666666674
01103FE6BB,2023-02-12,07:51:10,16:51:08,62,-2.6,9.66,7:59,17:38,A Male,-7.833333333333314
01103FE6BB,2023-02-13,07:40:00,16:56:21,71,0.0,9.73,7:57,17:40,A Male,-17.0
01103FE6BB,2023-02-14,07:40:27,16:30:41,50,-10.0,9.79,7:55,17:42,A Male,-14.550000000000011
01103FE6F0,2023-01-09,10:41:34,16:13:55,52,-8.4,7.81,8:47,16:35,A Female,114.56666666666672
01103FE6F0,2023-01-10,09:11:03,16:23:36,93,-8.2,7.84,8:46,16:37,A Female,25.049999999999955
01103FE6F0,2023-01-11,09:57:22,16:27:47,87,-7.2,7.88,8:46,16:38,A Female,71.36666666666667
01103FE6F0,2023-01-12,08:55:11,16:30:29,87,-12.6,7.92,8:45,16:40,A Female,10.18333333333328
01103FE6F0,2023-01-13,08:51:18,16:28:12,96,-13.1,7.96,8:44,16:42,A Female,7.2999999999999545
01103FE6F0,2023-01-14,09:01:36,16:35:06,90,-10.7,8.0,8:43,16:43,A Female,18.600000000000023
01103FE6F0,2023-01-15,08:47:43,16:34:02,101,-8.8,8.05,8:42,16:45,A Female,5.716666666666697
01103FE6F0,2023-01-16,08:57:06,16:29:17,77,-5.4,8.09,8:41,16:47,A Female,16.100000000000023
01103FE6F0,2023-01-17,08:41:21,16:30:10,73,-8.8,8.14,8:40,16:48,A Female,1.3500000000000227
01103FE6F0,2023-01-18,09:19:59,16:39:07,74,-13.4,8.18,8:39,16:50,A Female,40.98333333333335
01103FE6F0,2023-01-19,08:40:19,16:25:39,70,-10.6,8.23,8:38,16:52,A Female,2.3166666666667197
01103FE6F0,2023-01-20,08:41:43,16:51:00,93,-4.1,8.28,8:37,16:54,A Female,4.716666666666697
01103FE6F0,2023-01-21,12:00:55,16:53:59,54,0.4,8.33,8:35,16:55,A Female,205.91666666666663
01103FE6F0,2023-01-22,08:32:32,16:36:07,69,0.5,8.38,8:34,16:57,A Female,-1.466666666666697
01103FE6F0,2023-01-23,08:34:25,16:35:33,60,-2.8,8.44,8:33,16:59,A Female,1.4166666666666288
01103FE6F0,2023-01-24,08:43:28,16:54:17,40,-0.1,8.49,8:31,17:01,A Female,12.466666666666697
01103FE6F0,2023-01-25,10:50:32,16:58:01,58,-0.7,8.55,8:30,17:03,A Female,140.5333333333333
01103FE6F0,2023-01-26,08:52:03,16:48:01,32,4.7,8.6,8:29,17:05,A Female,23.049999999999955
01103FE6F0,2023-01-27,08:30:16,16:26:54,78,-6.7,8.66,8:27,17:07,A Female,3.2666666666666515
01103FE6F0,2023-01-28,08:49:50,16:25:24,31,-16.8,8.72,8:26,17:09,A Female,23.83333333333337
01103FE6F0,2023-01-29,08:58:56,16:33:09,74,-17.1,8.78,8:24,17:11,A Female,34.93333333333328
01103FE6F0,2023-01-30,12:58:36,16:39:31,35,-11.7,8.83,8:22,17:13,A Female,276.6
01103FE6F0,2023-01-31,08:27:29,16:44:10,84,-10.3,8.89,8:21,17:14,A Female,6.4833333333333485
01103FE6F0,2023-02-01,08:34:11,16:22:43,55,-15.5,8.96,8:19,17:16,A Female,15.18333333333328
01103FE6F0,2023-02-02,08:37:19,16:35:57,62,-16.9,9.02,8:17,17:18,A Female,20.31666666666672
01103FE6F0,2023-02-03,13:36:48,17:02:21,39,-6.3,9.08,8:16,17:20,A Female,320.79999999999995
01103FE6F0,2023-02-04,13:03:50,16:46:47,37,-1.8,9.14,8:14,17:22,A Female,289.83333333333337
01103FE6F0,2023-02-05,13:50:33,17:08:12,26,-2.0,9.2,8:12,17:24,A Female,338.54999999999995
01103FE6F0,2023-02-06,11:59:14,17:16:40,45,-0.7,9.27,8:10,17:26,A Female,229.23333333333335
01103FE6F0,2023-02-07,08:59:56,17:20:29,44,0.5,9.33,8:08,17:28,A Female,51.93333333333328
01103FE6F0,2023-02-08,08:18:32,16:58:32,55,-3.2,9.4,8:06,17:30,A Female,12.53333333333336
01103FE6F0,2023-02-09,09:26:00,17:24:39,50,-6.1,9.46,8:05,17:32,A Female,81.0
01103FE6F0,2023-02-10,08:46:52,17:26:07,64,-1.9,9.53,8:03,17:34,A Female,43.866666666666674
01103FE6F0,2023-02-11,09:34:35,17:32:29,54,-2.9,9.59,8:01,17:36,A Female,93.58333333333337
01103FE6F0,2023-02-12,09:14:01,17:35:47,52,-2.6,9.66,7:59,17:38,A Female,75.01666666666665
01103FE6F0,2023-02-13,08:15:18,17:09:26,46,0.0,9.73,7:57,17:40,A Female,18.30000000000001
01103FE6F0,2023-02-14,08:13:34,17:09:09,71,-10.0,9.79,7:55,17:42,A Female,18.566666666666663
01103FE76D,2023-01-09,08:23:12,16:33:43,63,-8.4,7.81,8:47,16:35,J Male,-23.80000000000001
01103FE76D,2023-01-10,08:22:57,16:39:05,95,-8.2,7.84,8:46,16:37,J Male,-23.05000000000001
01103FE76D,2023-01-11,08:21:24,16:13:25,62,-7.2,7.88,8:46,16:38,J Male,-24.600000000000023
01103FE76D,2023-01-12,08:23:33,16:26:31,65,-12.6,7.92,8:45,16:40,J Male,-21.44999999999999
01103FE76D,2023-01-13,08:24:23,16:25:03,80,-13.1,7.96,8:44,16:42,J Male,-19.616666666666674
01103FE76D,2023-01-14,08:19:47,16:32:44,76,-10.7,8.0,8:43,16:43,J Male,-23.21666666666664
01103FE76D,2023-01-15,08:24:38,16:29:41,73,-8.8,8.05,8:42,16:45,J Male,-17.366666666666674
01103FE76D,2023-01-16,08:20:02,16:38:23,78,-5.4,8.09,8:41,16:47,J Male,-20.96666666666664
01103FE76D,2023-01-17,08:32:26,16:34:34,67,-8.8,8.14,8:40,16:48,J Male,-7.56666666666672
01103FE76D,2023-01-18,08:17:34,16:33:16,68,-13.4,8.18,8:39,16:50,J Male,-21.433333333333337
01103FE76D,2023-01-19,08:13:06,16:46:43,69,-10.6,8.23,8:38,16:52,J Male,-24.899999999999977
01103FE76D,2023-01-20,08:14:26,16:35:40,56,-4.1,8.28,8:37,16:54,J Male,-22.566666666666663
01103FE76D,2023-01-21,08:15:32,16:48:48,48,0.4,8.33,8:35,16:55,J Male,-19.46666666666664
01103FE76D,2023-01-22,08:05:53,16:42:13,40,0.5,8.38,8:34,16:57,J Male,-28.116666666666674
01103FE76D,2023-01-23,08:10:32,16:50:03,42,-2.8,8.44,8:33,16:59,J Male,-22.46666666666664
01103FE76D,2023-01-24,08:13:10,16:31:52,28,-0.1,8.49,8:31,17:01,J Male,-17.833333333333314
01103FE76D,2023-01-25,08:05:14,16:45:06,32,-0.7,8.55,8:30,17:03,J Male,-24.76666666666665
01103FE76D,2023-01-26,08:02:36,16:54:18,41,4.7,8.6,8:29,17:05,J Male,-26.399999999999977
01103FE76D,2023-01-27,08:06:57,16:38:48,72,-6.7,8.66,8:27,17:07,J Male,-20.05000000000001
01103FE76D,2023-01-28,08:05:19,16:45:27,57,-16.8,8.72,8:26,17:09,J Male,-20.683333333333337
01103FE76D,2023-01-29,08:08:16,16:37:29,56,-17.1,8.78,8:24,17:11,J Male,-15.733333333333348
01103FE76D,2023-01-30,08:09:36,16:48:16,45,-11.7,8.83,8:22,17:13,J Male,-12.399999999999977
01103FE76D,2023-01-31,08:06:05,16:47:36,59,-10.3,8.89,8:21,17:14,J Male,-14.916666666666686
01103FE76D,2023-02-01,08:09:04,16:33:56,65,-15.5,8.96,8:19,17:16,J Male,-9.933333333333337
01103FE76D,2023-02-02,08:02:37,16:41:41,82,-16.9,9.02,8:17,17:18,J Male,-14.383333333333326
01103FE76D,2023-02-03,08:01:08,16:51:25,36,-6.3,9.08,8:16,17:20,J Male,-14.866666666666674
01103FE76D,2023-02-04,07:56:13,16:45:52,39,-1.8,9.14,8:14,17:22,J Male,-17.78333333333336
01103FE76D,2023-02-05,07:47:54,17:03:22,65,-2.0,9.2,8:12,17:24,J Male,-24.100000000000023
01103FE76D,2023-02-06,07:52:49,16:55:40,37,-0.7,9.27,8:10,17:26,J Male,-17.183333333333337
01103FE76D,2023-02-07,08:00:49,16:38:14,45,0.5,9.33,8:08,17:28,J Male,-7.183333333333337
01103FE76D,2023-02-08,07:46:54,17:21:20,66,-3.2,9.4,8:06,17:30,J Male,-19.100000000000023
01103FE76D,2023-02-09,07:44:09,17:10:24,59,-6.1,9.46,8:05,17:32,J Male,-20.850000000000023
01103FE76D,2023-02-10,07:45:56,17:10:22,48,-1.9,9.53,8:03,17:34,J Male,-17.066666666666663
01103FE76D,2023-02-11,07:45:15,17:02:33,27,-2.9,9.59,8:01,17:36,J Male,-15.75
01103FE76D,2023-02-12,07:39:54,17:25:25,35,-2.6,9.66,7:59,17:38,J Male,-19.100000000000023
01103FE76D,2023-02-13,07:42:02,16:39:41,19,0.0,9.73,7:57,17:40,J Male,-14.96666666666664
01103FE76D,2023-02-14,07:38:29,17:18:13,18,-10.0,9.79,7:55,17:42,J Male,-16.51666666666665
0700EDE465,2023-01-09,08:40:27,16:31:11,52,-8.4,7.81,8:47,16:35,A Male,-6.5499999999999545
0700EDE465,2023-01-10,08:44:53,16:32:07,52,-8.2,7.84,8:46,16:37,A Male,-1.1166666666666742
0700EDE465,2023-01-11,09:46:21,16:31:04,71,-7.2,7.88,8:46,16:38,A Male,60.35000000000002
0700EDE465,2023-01-12,08:43:40,16:27:02,73,-12.6,7.92,8:45,16:40,A Male,-1.3333333333333712
0700EDE465,2023-01-13,09:16:55,16:33:56,80,-13.1,7.96,8:44,16:42,A Male,32.91666666666663
0700EDE465,2023-01-14,09:30:01,16:36:18,72,-10.7,8.0,8:43,16:43,A Male,47.01666666666665
0700EDE465,2023-01-15,08:31:31,16:37:28,46,-8.8,8.05,8:42,16:45,A Male,-10.483333333333348
0700EDE465,2023-01-16,09:16:33,16:30:50,65,-5.4,8.09,8:41,16:47,A Male,35.549999999999955
0700EDE465,2023-01-17,10:02:42,16:35:16,63,-8.8,8.14,8:40,16:48,A Male,82.70000000000005
0700EDE465,2023-01-18,08:27:01,16:39:33,80,-13.4,8.18,8:39,16:50,A Male,-11.983333333333348
0700EDE465,2023-01-19,09:18:45,16:44:25,49,-10.6,8.23,8:38,16:52,A Male,40.75
0700EDE465,2023-01-20,10:21:12,16:48:50,33,-4.1,8.28,8:37,16:54,A Male,104.20000000000005
0700EDE465,2023-01-21,09:26:33,16:47:33,19,0.4,8.33,8:35,16:55,A Male,51.549999999999955
0700EDE465,2023-01-22,12:52:37,16:27:39,25,0.5,8.38,8:34,16:57,A Male,258.6166666666667
0700EDE465,2023-01-23,09:19:58,16:10:09,36,-2.8,8.44,8:33,16:59,A Male,46.9666666666667
0700EDE465,2023-01-24,11:11:22,16:52:06,40,-0.1,8.49,8:31,17:01,A Male,160.36666666666667
0700EDE465,2023-01-25,08:31:57,16:50:02,44,-0.7,8.55,8:30,17:03,A Male,1.9499999999999886
0700EDE465,2023-01-26,08:19:24,16:03:25,34,4.7,8.6,8:29,17:05,A Male,-9.600000000000023
0700EDE465,2023-01-27,08:24:41,16:28:11,81,-6.7,8.66,8:27,17:07,A Male,-2.316666666666663
0700EDE465,2023-01-28,09:28:45,16:41:49,84,-16.8,8.72,8:26,17:09,A Male,62.75
0700EDE465,2023-01-29,10:16:22,16:43:46,68,-17.1,8.78,8:24,17:11,A Male,112.36666666666667
0700EDE465,2023-01-30,10:11:04,16:40:57,30,-11.7,8.83,8:22,17:13,A Male,109.06666666666672
0700EDE465,2023-01-31,08:32:49,16:39:20,73,-10.3,8.89,8:21,17:14,A Male,11.81666666666672
0700EDE465,2023-02-01,08:56:45,16:21:27,86,-15.5,8.96,8:19,17:16,A Male,37.75
0700EDE465,2023-02-02,09:44:44,16:44:40,69,-16.9,9.02,8:17,17:18,A Male,87.73333333333335
0700EDE465,2023-02-03,10:19:17,17:01:53,44,-6.3,9.08,8:16,17:20,A Male,123.2833333333333
0700EDE465,2023-02-04,12:20:52,17:05:40,28,-1.8,9.14,8:14,17:22,A Male,246.86666666666667
0700EDE465,2023-02-05,09:14:19,16:37:50,32,-2.0,9.2,8:12,17:24,A Male,62.31666666666672
0700EDE465,2023-02-06,09:19:30,16:40:06,28,-0.7,9.27,8:10,17:26,A Male,69.5
0700EDE465,2023-02-07,09:57:42,17:10:03,36,0.5,9.33,8:08,17:28,A Male,109.70000000000005
0700EDE465,2023-02-08,07:57:49,17:02:06,48,-3.2,9.4,8:06,17:30,A Male,-8.183333333333337
0700EDE465,2023-02-09,09:41:41,16:52:29,46,-6.1,9.46,8:05,17:32,A Male,96.68333333333328
0700EDE465,2023-02-10,08:57:58,17:20:42,35,-1.9,9.53,8:03,17:34,A Male,54.9666666666667
0700EDE465,2023-02-11,09:02:03,16:31:44,20,-2.9,9.59,8:01,17:36,A Male,61.049999999999955
0700EDE465,2023-02-12,08:31:17,17:26:20,34,-2.6,9.66,7:59,17:38,A Male,32.28333333333336
0700EDE465,2023-02-13,08:42:58,17:09:33,38,0.0,9.73,7:57,17:40,A Male,45.9666666666667
0700EDE465,2023-02-14,09:03:07,16:33:19,33,-10.0,9.79,7:55,17:42,A Male,68.11666666666667
3B00181532,2023-01-09,08:44:23,16:21:29,157,-8.4,7.81,8:47,16:35,J Male,-2.6166666666666742
3B00181532,2023-01-10,08:42:54,16:28:07,128,-8.2,7.84,8:46,16:37,J Male,-3.1000000000000227
3B00181532,2023-01-11,08:45:13,16:17:11,149,-7.2,7.88,8:46,16:38,J Male,-0.783333333333303
3B00181532,2023-01-12,08:46:32,16:26:35,158,-12.6,7.92,8:45,16:40,J Male,1.533333333333303
3B00181532,2023-01-13,08:38:18,16:26:14,138,-13.1,7.96,8:44,16:42,J Male,-5.7000000000000455
3B00181532,2023-01-14,08:37:53,16:30:54,117,-10.7,8.0,8:43,16:43,J Male,-5.116666666666674
3B00181532,2023-01-15,08:40:28,16:27:16,106,-8.8,8.05,8:42,16:45,J Male,-1.533333333333303
3B00181532,2023-01-16,08:46:16,16:14:21,123,-5.4,8.09,8:41,16:47,J Male,5.2666666666666515
3B00181532,2023-01-17,08:32:47,16:25:12,134,-8.8,8.14,8:40,16:48,J Male,-7.216666666666697
3B00181532,2023-01-18,08:32:03,16:32:14,204,-13.4,8.18,8:39,16:50,J Male,-6.9500000000000455
3B00181532,2023-01-19,08:29:52,16:42:43,201,-10.6,8.23,8:38,16:52,J Male,-8.133333333333326
3B00181532,2023-01-20,08:35:34,16:49:41,159,-4.1,8.28,8:37,16:54,J Male,-1.4333333333332803
3B00181532,2023-01-21,08:31:37,16:50:38,244,0.4,8.33,8:35,16:55,J Male,-3.3833333333333258
3B00181532,2023-01-22,08:20:43,16:45:05,207,0.5,8.38,8:34,16:57,J Male,-13.28333333333336
3B00181532,2023-01-23,08:23:14,16:57:57,160,-2.8,8.44,8:33,16:59,J Male,-9.766666666666652
3B00181532,2023-01-24,08:30:21,16:58:25,247,-0.1,8.49,8:31,17:01,J Male,-0.6499999999999773
3B00181532,2023-01-25,08:22:18,16:53:26,181,-0.7,8.55,8:30,17:03,J Male,-7.699999999999989
3B00181532,2023-01-26,08:25:26,16:57:28,186,4.7,8.6,8:29,17:05,J Male,-3.566666666666663
3B00181532,2023-01-27,08:21:30,16:07:14,147,-6.7,8.66,8:27,17:07,J Male,-5.5
3B00181532,2023-01-28,08:17:35,16:37:37,117,-16.8,8.72,8:26,17:09,J Male,-8.416666666666686
3B00181532,2023-01-29,08:18:16,16:26:42,103,-17.1,8.78,8:24,17:11,J Male,-5.7333333333333485
3B00181532,2023-01-30,08:18:57,16:35:20,101,-11.7,8.83,8:22,17:13,J Male,-3.0500000000000114
3B00181532,2023-01-31,08:15:12,16:25:38,139,-10.3,8.89,8:21,17:14,J Male,-5.800000000000011
3B00181532,2023-02-01,08:18:01,16:21:14,144,-15.5,8.96,8:19,17:16,J Male,-0.9833333333333485
3B00181532,2023-02-02,08:19:19,16:33:19,107,-16.9,9.02,8:17,17:18,J Male,2.316666666666663
3B00181532,2023-02-03,08:21:14,16:55:54,131,-6.3,9.08,8:16,17:20,J Male,5.2333333333333485
3B00181532,2023-02-04,08:37:26,17:16:09,200,-1.8,9.14,8:14,17:22,J Male,23.43333333333328
3B00181532,2023-02-05,08:08:00,17:04:31,180,-2.0,9.2,8:12,17:24,J Male,-4.0
3B00181532,2023-02-06,08:09:52,17:14:23,207,-0.7,9.27,8:10,17:26,J Male,-0.13333333333332575
3B00181532,2023-02-07,08:00:54,17:24:05,249,0.5,9.33,8:08,17:28,J Male,-7.100000000000023
3B00181532,2023-02-08,08:05:57,17:23:27,236,-3.2,9.4,8:06,17:30,J Male,-0.05000000000001137
3B00181532,2023-02-09,08:04:15,17:05:00,110,-6.1,9.46,8:05,17:32,J Male,-0.75
3B00181532,2023-02-10,07:58:59,17:20:14,130,-1.9,9.53,8:03,17:34,J Male,-4.0166666666666515
3B00181532,2023-02-11,08:02:59,17:12:39,142,-2.9,9.59,8:01,17:36,J Male,1.9833333333333485
3B00181532,2023-02-12,07:56:59,17:24:43,169,-2.6,9.66,7:59,17:38,J Male,-2.0166666666666515
3B00181532,2023-02-13,07:52:08,16:56:41,80,0.0,9.73,7:57,17:40,J Male,-4.866666666666674
3B00181532,2023-02-14,08:12:46,17:27:14,88,-10.0,9.79,7:55,17:42,J Male,17.76666666666665
3B00181AAB,2023-01-09,08:35:17,16:46:05,115,-8.4,7.81,8:47,16:35,J Male,-11.716666666666697
3B00181AAB,2023-01-10,08:33:48,16:48:00,132,-8.2,7.84,8:46,16:37,J Male,-12.200000000000045
3B00181AAB,2023-01-11,08:35:46,16:35:35,114,-7.2,7.88,8:46,16:38,J Male,-10.233333333333348
3B00181AAB,2023-01-12,08:31:30,16:40:16,118,-12.6,7.92,8:45,16:40,J Male,-13.5
3B00181AAB,2023-01-13,08:36:07,16:40:40,134,-13.1,7.96,8:44,16:42,J Male,-7.883333333333326
3B00181AAB,2023-01-14,08:31:03,16:42:08,135,-10.7,8.0,8:43,16:43,J Male,-11.949999999999989
3B00181AAB,2023-01-15,08:38:13,16:44:15,119,-8.8,8.05,8:42,16:45,J Male,-3.783333333333303
3B00181AAB,2023-01-16,08:34:59,16:35:17,116,-5.4,8.09,8:41,16:47,J Male,-6.0166666666666515
3B00181AAB,2023-01-17,08:32:28,16:44:39,110,-8.8,8.14,8:40,16:48,J Male,-7.533333333333303
3B00181AAB,2023-01-18,08:33:52,16:43:37,109,-13.4,8.18,8:39,16:50,J Male,-5.133333333333326
3B00181AAB,2023-01-19,08:27:06,16:47:38,107,-10.6,8.23,8:38,16:52,J Male,-10.899999999999977
3B00181AAB,2023-01-20,08:27:02,16:53:25,104,-4.1,8.28,8:37,16:54,J Male,-9.96666666666664
3B00181AAB,2023-01-21,08:29:22,16:54:08,85,0.4,8.33,8:35,16:55,J Male,-5.633333333333326
3B00181AAB,2023-01-22,08:26:06,16:56:58,97,0.5,8.38,8:34,16:57,J Male,-7.899999999999977
3B00181AAB,2023-01-23,08:25:11,17:02:27,77,-2.8,8.44,8:33,16:59,J Male,-7.816666666666663
3B00181AAB,2023-01-24,08:29:24,17:05:15,72,-0.1,8.49,8:31,17:01,J Male,-1.6000000000000227
3B00181AAB,2023-01-25,08:29:38,17:03:10,84,-0.7,8.55,8:30,17:03,J Male,-0.36666666666667425
3B00181AAB,2023-01-26,08:28:36,17:04:50,82,4.7,8.6,8:29,17:05,J Male,-0.39999999999997726
3B00181AAB,2023-01-27,08:25:30,16:52:15,107,-6.7,8.66,8:27,17:07,J Male,-1.5
3B00181AAB,2023-01-28,08:14:37,16:38:28,99,-16.8,8.72,8:26,17:09,J Male,-11.383333333333326
3B00181AAB,2023-01-29,08:19:46,16:56:54,112,-17.1,8.78,8:24,17:11,J Male,-4.2333333333333485
3B00181AAB,2023-01-30,08:16:07,16:54:54,103,-11.7,8.83,8:22,17:13,J Male,-5.883333333333326
3B00181AAB,2023-01-31,08:25:14,16:37:52,102,-10.3,8.89,8:21,17:14,J Male,4.2333333333333485
3B00181AAB,2023-02-01,08:20:48,16:45:09,117,-15.5,8.96,8:19,17:16,J Male,1.8000000000000114
3B00181AAB,2023-02-02,08:20:05,16:59:26,117,-16.9,9.02,8:17,17:18,J Male,3.0833333333333144
3B00181AAB,2023-02-03,08:28:02,16:51:38,111,-6.3,9.08,8:16,17:20,J Male,12.03333333333336
3B00181AAB,2023-02-04,08:14:46,17:18:44,98,-1.8,9.14,8:14,17:22,J Male,0.7666666666666515
3B00181AAB,2023-02-05,08:13:35,17:22:30,91,-2.0,9.2,8:12,17:24,J Male,1.5833333333333144
3B00181AAB,2023-02-06,08:10:36,17:20:39,70,-0.7,9.27,8:10,17:26,J Male,0.6000000000000227
3B00181AAB,2023-02-07,08:30:05,17:21:51,77,0.5,9.33,8:08,17:28,J Male,22.083333333333314
3B00181AAB,2023-02-08,08:12:56,17:27:42,92,-3.2,9.4,8:06,17:30,J Male,6.933333333333337
3B00181AAB,2023-02-09,08:03:42,17:22:37,84,-6.1,9.46,8:05,17:32,J Male,-1.3000000000000114
3B00181AAB,2023-02-10,07:59:34,17:29:15,74,-1.9,9.53,8:03,17:34,J Male,-3.433333333333337
3B00181AAB,2023-02-11,09:20:12,17:40:44,48,-2.9,9.59,8:01,17:36,J Male,79.20000000000005
3B00181AAB,2023-02-12,08:00:18,17:38:31,76,-2.6,9.66,7:59,17:38,J Male,1.3000000000000114
3B00181AAB,2023-02-13,07:59:11,17:44:22,67,0.0,9.73,7:57,17:40,J Male,2.183333333333337
3B00181AAB,2023-02-14,07:55:28,17:25:17,66,-10.0,9.79,7:55,17:42,J Male,0.46666666666664014
3B00181BC1,2023-01-09,08:26:04,16:49:30,49,-8.4,7.81,8:47,16:35,J Female,-20.933333333333337
3B00181BC1,2023-01-10,08:27:09,16:51:35,56,-8.2,7.84,8:46,16:37,J Female,-18.850000000000023
3B00181BC1,2023-01-11,08:26:57,16:39:24,59,-7.2,7.88,8:46,16:38,J Female,-19.05000000000001
3B00181BC1,2023-01-12,08:20:38,16:35:43,81,-12.6,7.92,8:45,16:40,J Female,-24.366666666666674
3B00181BC1,2023-01-13,08:32:41,16:38:12,85,-13.1,7.96,8:44,16:42,J Female,-11.31666666666672
3B00181BC1,2023-01-14,08:24:52,16:40:00,60,-10.7,8.0,8:43,16:43,J Female,-18.133333333333326
3B00181BC1,2023-01-15,08:23:32,16:47:27,69,-8.8,8.05,8:42,16:45,J Female,-18.46666666666664
3B00181BC1,2023-01-16,08:31:02,16:43:26,55,-5.4,8.09,8:41,16:47,J Female,-9.96666666666664
3B00181BC1,2023-01-17,08:28:50,16:31:15,60,-8.8,8.14,8:40,16:48,J Female,-11.166666666666686
3B00181BC1,2023-01-18,08:35:54,16:44:38,55,-13.4,8.18,8:39,16:50,J Female,-3.1000000000000227
3B00181BC1,2023-01-19,08:33:00,16:49:14,45,-10.6,8.23,8:38,16:52,J Female,-5.0
3B00181BC1,2023-01-20,08:18:26,16:43:30,63,-4.1,8.28,8:37,16:54,J Female,-18.566666666666663
3B00181BC1,2023-01-21,09:31:37,16:52:03,44,0.4,8.33,8:35,16:55,J Female,56.616666666666674
3B00181BC1,2023-01-22,08:41:52,16:37:15,24,0.5,8.38,8:34,16:57,J Female,7.866666666666674
3B00181BC1,2023-01-23,09:43:58,16:35:06,21,-2.8,8.44,8:33,16:59,J Female,70.9666666666667
3B00181BC1,2023-01-24,11:19:48,16:36:28,16,-0.1,8.49,8:31,17:01,J Female,168.79999999999995
3B00181BC1,2023-01-25,10:34:11,16:36:04,18,-0.7,8.55,8:30,17:03,J Female,124.18333333333328
3B00181BC1,2023-01-27,08:17:57,16:45:45,34,-6.7,8.66,8:27,17:07,J Female,-9.050000000000011
3B00181BC1,2023-01-28,08:24:47,16:49:34,63,-16.8,8.72,8:26,17:09,J Female,-1.2166666666666401
3B00181BC1,2023-01-29,08:59:44,16:21:36,37,-17.1,8.78,8:24,17:11,J Female,35.73333333333335
3B00181BC1,2023-01-30,10:25:36,17:01:23,37,-11.7,8.83,8:22,17:13,J Female,123.60000000000002
3B00181BC1,2023-01-31,08:23:54,16:58:35,36,-10.3,8.89,8:21,17:14,J Female,2.8999999999999773
3B00181BC1,2023-02-01,08:20:32,16:30:22,68,-15.5,8.96,8:19,17:16,J Female,1.5333333333333599
3B00181BC1,2023-02-02,08:32:03,16:51:12,41,-16.9,9.02,8:17,17:18,J Female,15.049999999999955
3B00181BC1,2023-02-03,09:15:49,16:28:03,48,-6.3,9.08,8:16,17:20,J Female,59.81666666666672
3B00181BC1,2023-02-04,08:58:37,16:49:34,43,-1.8,9.14,8:14,17:22,J Female,44.616666666666674
3B00181BC1,2023-02-05,07:58:34,17:22:47,44,-2.0,9.2,8:12,17:24,J Female,-13.433333333333337
3B00181BC1,2023-02-06,10:55:38,17:24:32,29,-0.7,9.27,8:10,17:26,J Female,165.63333333333333
3B00181BC1,2023-02-07,14:34:57,17:00:02,15,0.5,9.33,8:08,17:28,J Female,386.95000000000005
3B00181BC1,2023-02-08,07:51:52,17:24:19,71,-3.2,9.4,8:06,17:30,J Female,-14.133333333333326
3B00181BC1,2023-02-09,08:24:09,17:21:54,67,-6.1,9.46,8:05,17:32,J Female,19.149999999999977
3B00181BC1,2023-02-10,08:50:08,17:28:47,28,-1.9,9.53,8:03,17:34,J Female,47.133333333333326
3B00181BC1,2023-02-11,11:05:07,17:21:16,28,-2.9,9.59,8:01,17:36,J Female,184.11666666666667
3B00181BC1,2023-02-12,09:13:58,16:55:14,27,-2.6,9.66,7:59,17:38,J Female,74.9666666666667
3B00181BC1,2023-02-13,11:05:00,17:08:09,26,0.0,9.73,7:57,17:40,J Female,188.0
3B00181BC1,2023-02-14,10:01:43,17:31:01,33,-10.0,9.79,7:55,17:42,J Female,126.7166666666667
3B0018220E,2023-01-09,08:31:06,16:28:51,87,-8.4,7.81,8:47,16:35,J Female,-15.899999999999977
3B0018220E,2023-01-10,08:33:55,16:21:00,118,-8.2,7.84,8:46,16:37,J Female,-12.083333333333371
3B0018220E,2023-01-11,08:33:02,16:14:58,127,-7.2,7.88,8:46,16:38,J Female,-12.966666666666697
3B0018220E,2023-01-12,08:33:10,16:17:05,167,-12.6,7.92,8:45,16:40,J Female,-11.833333333333371
3B0018220E,2023-01-13,08:29:06,16:15:00,118,-13.1,7.96,8:44,16:42,J Female,-14.899999999999977
3B0018220E,2023-01-14,08:32:04,16:23:37,90,-10.7,8.0,8:43,16:43,J Female,-10.93333333333328
3B0018220E,2023-01-15,08:29:09,16:23:01,117,-8.8,8.05,8:42,16:45,J Female,-12.850000000000023
3B0018220E,2023-01-16,08:31:15,16:24:15,104,-5.4,8.09,8:41,16:47,J Female,-9.75
3B0018220E,2023-01-17,08:31:53,16:21:45,105,-8.8,8.14,8:40,16:48,J Female,-8.116666666666674
3B0018220E,2023-01-18,08:33:26,16:31:52,97,-13.4,8.18,8:39,16:50,J Female,-5.56666666666672
3B0018220E,2023-01-19,08:25:23,16:31:10,105,-10.6,8.23,8:38,16:52,J Female,-12.616666666666674
3B0018220E,2023-01-20,08:28:14,16:45:35,83,-4.1,8.28,8:37,16:54,J Female,-8.766666666666652
3B0018220E,2023-01-21,08:20:03,16:45:25,53,0.4,8.33,8:35,16:55,J Female,-14.949999999999989
3B0018220E,2023-01-22,08:27:22,16:34:03,34,0.5,8.38,8:34,16:57,J Female,-6.633333333333326
3B0018220E,2023-01-23,08:14:02,16:55:07,46,-2.8,8.44,8:33,16:59,J Female,-18.96666666666664
3B0018220E,2023-01-24,08:43:03,16:52:59,41,-0.1,8.49,8:31,17:01,J Female,12.049999999999955
3B0018220E,2023-01-25,08:14:31,16:44:13,62,-0.7,8.55,8:30,17:03,J Female,-15.483333333333348
3B0018220E,2023-01-26,08:25:45,16:45:46,23,4.7,8.6,8:29,17:05,J Female,-3.25
3B0018220E,2023-01-27,08:13:08,16:30:15,79,-6.7,8.66,8:27,17:07,J Female,-13.866666666666674
3B0018220E,2023-01-28,08:13:59,16:18:18,52,-16.8,8.72,8:26,17:09,J Female,-12.016666666666652
3B0018220E,2023-01-29,08:16:04,16:31:39,48,-17.1,8.78,8:24,17:11,J Female,-7.933333333333337
3B0018220E,2023-01-30,08:42:24,16:24:36,37,-11.7,8.83,8:22,17:13,J Female,20.399999999999977
3B0018220E,2023-01-31,08:14:07,16:16:27,43,-10.3,8.89,8:21,17:14,J Female,-6.883333333333326
3B0018220E,2023-02-01,08:07:50,16:33:50,86,-15.5,8.96,8:19,17:16,J Female,-11.166666666666686
3B0018220E,2023-02-02,08:08:10,16:36:43,60,-16.9,9.02,8:17,17:18,J Female,-8.833333333333314
3B0018220E,2023-02-03,08:10:32,15:58:30,24,-6.3,9.08,8:16,17:20,J Female,-5.46666666666664
3B0018220E,2023-02-04,09:48:08,16:53:04,28,-1.8,9.14,8:14,17:22,J Female,94.13333333333333
3B0018220E,2023-02-05,08:03:34,16:55:08,43,-2.0,9.2,8:12,17:24,J Female,-8.433333333333337
3B0018220E,2023-02-06,08:01:46,17:05:28,40,-0.7,9.27,8:10,17:26,J Female,-8.233333333333348
3B0018220E,2023-02-07,07:58:12,17:10:13,51,0.5,9.33,8:08,17:28,J Female,-9.800000000000011
3B0018220E,2023-02-08,07:56:13,17:15:42,36,-3.2,9.4,8:06,17:30,J Female,-9.78333333333336
3B0018220E,2023-02-09,13:38:05,17:06:56,26,-6.1,9.46,8:05,17:32,J Female,333.08333333333337
3B0018220E,2023-02-10,07:50:46,17:33:52,49,-1.9,9.53,8:03,17:34,J Female,-12.233333333333348
3B0018220E,2023-02-11,07:56:43,17:04:19,28,-2.9,9.59,8:01,17:36,J Female,-4.28333333333336
3B0018220E,2023-02-12,07:55:11,16:05:16,26,-2.6,9.66,7:59,17:38,J Female,-3.816666666666663
3B0018220E,2023-02-13,08:28:22,17:22:49,24,0.0,9.73,7:57,17:40,J Female,31.366666666666674
3B0018220E,2023-02-14,07:54:14,17:16:46,49,-10.0,9.79,7:55,17:42,J Female,-0.7666666666666515
3B0018519C,2023-01-09,08:39:55,16:44:38,114,-8.4,7.81,8:47,16:35,A Male,-7.083333333333371
3B0018519C,2023-01-10,08:35:10,16:39:10,98,-8.2,7.84,8:46,16:37,A Male,-10.833333333333371
3B0018519C,2023-01-11,08:36:11,16:36:30,100,-7.2,7.88,8:46,16:38,A Male,-9.81666666666672
3B0018519C,2023-01-12,08:34:51,16:32:55,91,-12.6,7.92,8:45,16:40,A Male,-10.149999999999977
3B0018519C,2023-01-13,08:37:25,16:46:33,122,-13.1,7.96,8:44,16:42,A Male,-6.583333333333371
3B0018519C,2023-01-14,09:03:40,16:38:10,120,-10.7,8.0,8:43,16:43,A Male,20.66666666666663
3B0018519C,2023-01-15,08:27:56,16:47:58,113,-8.8,8.05,8:42,16:45,A Male,-14.066666666666663
3B0018519C,2023-01-16,08:51:48,16:39:56,106,-5.4,8.09,8:41,16:47,A Male,10.799999999999955
3B0018519C,2023-01-17,08:42:34,16:41:22,99,-8.8,8.14,8:40,16:48,A Male,2.5666666666667197
3B0018519C,2023-01-18,08:54:03,16:44:57,111,-13.4,8.18,8:39,16:50,A Male,15.049999999999955
3B0018519C,2023-01-19,08:47:35,16:44:37,98,-10.6,8.23,8:38,16:52,A Male,9.583333333333371
3B0018519C,2023-01-20,08:28:03,16:43:06,99,-4.1,8.28,8:37,16:54,A Male,-8.949999999999989
3B0018519C,2023-01-21,08:28:02,16:52:16,98,0.4,8.33,8:35,16:55,A Male,-6.96666666666664
3B0018519C,2023-01-22,08:27:10,16:25:14,64,0.5,8.38,8:34,16:57,A Male,-6.833333333333314
3B0018519C,2023-01-23,08:30:17,17:03:52,89,-2.8,8.44,8:33,16:59,A Male,-2.71666666666664
3B0018519C,2023-01-24,09:16:13,16:59:03,82,-0.1,8.49,8:31,17:01,A Male,45.2166666666667
3B0018519C,2023-01-25,08:41:01,17:02:47,95,-0.7,8.55,8:30,17:03,A Male,11.016666666666652
3B0018519C,2023-01-26,09:32:08,17:04:19,80,4.7,8.6,8:29,17:05,A Male,63.133333333333326
3B0018519C,2023-01-27,08:28:56,16:33:40,96,-6.7,8.66,8:27,17:07,A Male,1.9333333333333371
3B0018519C,2023-01-28,08:08:41,16:49:47,86,-16.8,8.72,8:26,17:09,A Male,-17.316666666666663
3B0018519C,2023-01-29,08:08:47,16:55:21,118,-17.1,8.78,8:24,17:11,A Male,-15.21666666666664
3B0018519C,2023-01-30,08:19:39,16:46:00,115,-11.7,8.83,8:22,17:13,A Male,-2.3500000000000227
3B0018519C,2023-01-31,08:15:38,16:30:56,117,-10.3,8.89,8:21,17:14,A Male,-5.366666666666674
3B0018519C,2023-02-01,08:19:27,16:29:40,114,-15.5,8.96,8:19,17:16,A Male,0.44999999999998863
3B0018519C,2023-02-02,08:07:39,16:31:07,89,-16.9,9.02,8:17,17:18,A Male,-9.350000000000023
3B0018519C,2023-02-03,08:10:38,16:43:27,109,-6.3,9.08,8:16,17:20,A Male,-5.366666666666674
3B0018519C,2023-02-04,08:03:57,17:19:27,143,-1.8,9.14,8:14,17:22,A Male,-10.050000000000011
3B0018519C,2023-02-05,08:34:03,17:12:33,110,-2.0,9.2,8:12,17:24,A Male,22.049999999999955
3B0018519C,2023-02-06,08:05:53,17:19:36,87,-0.7,9.27,8:10,17:26,A Male,-4.116666666666674
3B0018519C,2023-02-07,08:11:19,17:05:51,68,0.5,9.33,8:08,17:28,A Male,3.316666666666663
3B0018519C,2023-02-08,08:07:48,16:59:00,119,-3.2,9.4,8:06,17:30,A Male,1.8000000000000114
3B0018519C,2023-02-09,08:14:13,17:16:16,136,-6.1,9.46,8:05,17:32,A Male,9.21666666666664
3B0018519C,2023-02-10,08:20:21,17:07:19,119,-1.9,9.53,8:03,17:34,A Male,17.350000000000023
3B0018519C,2023-02-11,08:08:18,17:35:32,83,-2.9,9.59,8:01,17:36,A Male,7.300000000000011
3B0018519C,2023-02-12,08:27:14,17:46:27,108,-2.6,9.66,7:59,17:38,A Male,28.23333333333335
3B0018519C,2023-02-13,08:04:01,17:34:36,104,0.0,9.73,7:57,17:40,A Male,7.0166666666666515
3B0018519C,2023-02-14,08:34:41,17:35:22,130,-10.0,9.79,7:55,17:42,A Male,39.68333333333328
3B00185576,2023-01-09,08:36:58,16:15:09,46,-8.4,7.81,8:47,16:35,J Female,-10.033333333333303
3B00185576,2023-01-10,08:42:23,16:28:19,31,-8.2,7.84,8:46,16:37,J Female,-3.6166666666666742
3B00185576,2023-01-11,08:42:48,15:42:11,27,-7.2,7.88,8:46,16:38,J Female,-3.2000000000000455
3B00185576,2023-01-12,08:46:50,15:59:53,53,-12.6,7.92,8:45,16:40,J Female,1.8333333333333712
3B00185576,2023-01-13,08:38:37,15:43:48,54,-13.1,7.96,8:44,16:42,J Female,-5.383333333333326
3B00185576,2023-01-14,08:29:37,16:17:07,55,-10.7,8.0,8:43,16:43,J Female,-13.383333333333326
3B00185576,2023-01-15,08:48:32,16:20:56,46,-8.8,8.05,8:42,16:45,J Female,6.533333333333303
3B00185576,2023-01-16,08:37:28,16:19:16,51,-5.4,8.09,8:41,16:47,J Female,-3.533333333333303
3B00185576,2023-01-17,08:43:29,16:23:04,39,-8.8,8.14,8:40,16:48,J Female,3.4833333333333485
3B00185576,2023-01-18,08:39:07,16:12:47,44,-13.4,8.18,8:39,16:50,J Female,0.11666666666667425
3B00185576,2023-01-19,08:31:17,16:36:01,50,-10.6,8.23,8:38,16:52,J Female,-6.71666666666664
3B00185576,2023-01-20,08:33:05,16:15:09,52,-4.1,8.28,8:37,16:54,J Female,-3.9166666666666288
3B00185576,2023-01-21,08:31:11,16:42:12,44,0.4,8.33,8:35,16:55,J Female,-3.816666666666663
3B00185576,2023-01-22,08:32:50,16:36:34,30,0.5,8.38,8:34,16:57,J Female,-1.1666666666666288
3B00185576,2023-01-23,08:22:48,17:02:01,28,-2.8,8.44,8:33,16:59,J Female,-10.199999999999989
3B00185576,2023-01-24,08:30:44,16:30:54,18,-0.1,8.49,8:31,17:01,J Female,-0.2666666666666515
3B00185576,2023-01-25,08:32:14,16:50:17,31,-0.7,8.55,8:30,17:03,J Female,2.2333333333333485
3B00185576,2023-01-26,08:27:05,16:42:06,24,4.7,8.6,8:29,17:05,J Female,-1.9166666666666856
3B00185576,2023-01-27,08:23:44,16:30:43,43,-6.7,8.66,8:27,17:07,J Female,-3.2666666666666515
3B00185576,2023-01-28,08:21:07,16:29:02,53,-16.8,8.72,8:26,17:09,J Female,-4.883333333333326
3B00185576,2023-01-29,08:15:47,16:28:29,56,-17.1,8.78,8:24,17:11,J Female,-8.21666666666664
3B00185576,2023-01-30,08:21:57,16:47:41,55,-11.7,8.83,8:22,17:13,J Female,-0.05000000000001137
3B00185576,2023-01-31,08:17:56,16:48:48,71,-10.3,8.89,8:21,17:14,J Female,-3.066666666666663
3B00185576,2023-02-01,08:15:22,15:57:56,53,-15.5,8.96,8:19,17:16,J Female,-3.6333333333333258
3B00185576,2023-02-02,08:15:04,14:41:32,12,-16.9,9.02,8:17,17:18,J Female,-1.9333333333333371
3B00185576,2023-02-03,08:21:32,16:59:32,67,-6.3,9.08,8:16,17:20,J Female,5.53333333333336
3B00185576,2023-02-04,08:08:21,16:44:49,48,-1.8,9.14,8:14,17:22,J Female,-5.649999999999977
3B00185576,2023-02-05,08:18:46,17:07:36,61,-2.0,9.2,8:12,17:24,J Female,6.7666666666666515
3B00185576,2023-02-06,08:01:28,17:14:11,56,-0.7,9.27,8:10,17:26,J Female,-8.53333333333336
3B00185576,2023-02-07,08:01:19,17:21:25,34,0.5,9.33,8:08,17:28,J Female,-6.683333333333337
3B00185576,2023-02-08,07:59:53,17:20:13,56,-3.2,9.4,8:06,17:30,J Female,-6.116666666666674
3B00185576,2023-02-09,07:50:52,17:13:56,58,-6.1,9.46,8:05,17:32,J Female,-14.133333333333326
3B00185576,2023-02-10,07:49:18,17:26:55,38,-1.9,9.53,8:03,17:34,J Female,-13.699999999999989
3B00185576,2023-02-11,07:55:59,17:30:42,38,-2.9,9.59,8:01,17:36,J Female,-5.0166666666666515
3B00185576,2023-02-12,07:48:17,17:15:11,44,-2.6,9.66,7:59,17:38,J Female,-10.71666666666664
3B00185576,2023-02-13,07:48:46,17:23:13,42,0.0,9.73,7:57,17:40,J Female,-8.233333333333348
3B00185576,2023-02-14,07:52:14,17:11:10,50,-10.0,9.79,7:55,17:42,J Female,-2.7666666666666515
3B001856A5,2023-01-09,08:23:50,16:32:50,116,-8.4,7.81,8:47,16:35,J Female,-23.166666666666686
3B001856A5,2023-01-10,08:28:06,16:41:04,83,-8.2,7.84,8:46,16:37,J Female,-17.899999999999977
3B001856A5,2023-01-11,08:29:45,16:29:51,106,-7.2,7.88,8:46,16:38,J Female,-16.25
3B001856A5,2023-01-12,08:25:12,16:14:26,79,-12.6,7.92,8:45,16:40,J Female,-19.80000000000001
3B001856A5,2023-01-13,08:20:29,16:20:58,101,-13.1,7.96,8:44,16:42,J Female,-23.51666666666665
3B001856A5,2023-01-14,08:20:38,16:26:08,102,-10.7,8.0,8:43,16:43,J Female,-22.366666666666674
3B001856A5,2023-01-15,08:21:04,16:24:52,108,-8.8,8.05,8:42,16:45,J Female,-20.933333333333337
3B001856A5,2023-01-16,08:28:07,16:28:15,123,-5.4,8.09,8:41,16:47,J Female,-12.883333333333326
3B001856A5,2023-01-17,08:22:59,16:33:34,92,-8.8,8.14,8:40,16:48,J Female,-17.01666666666665
3B001856A5,2023-01-18,08:19:43,16:35:14,126,-13.4,8.18,8:39,16:50,J Female,-19.28333333333336
3B001856A5,2023-01-19,08:16:10,16:40:04,153,-10.6,8.23,8:38,16:52,J Female,-21.833333333333314
3B001856A5,2023-01-20,08:14:52,16:49:38,107,-4.1,8.28,8:37,16:54,J Female,-22.133333333333326
3B001856A5,2023-01-21,08:20:14,16:58:29,65,0.4,8.33,8:35,16:55,J Female,-14.766666666666652
3B001856A5,2023-01-22,08:37:01,16:43:11,67,0.5,8.38,8:34,16:57,J Female,3.0166666666666515
3B001856A5,2023-01-23,08:17:07,17:06:35,82,-2.8,8.44,8:33,16:59,J Female,-15.883333333333326
3B001856A5,2023-01-24,09:22:21,16:57:54,60,-0.1,8.49,8:31,17:01,J Female,51.35000000000002
3B001856A5,2023-01-25,08:21:54,16:59:17,62,-0.7,8.55,8:30,17:03,J Female,-8.100000000000023
3B001856A5,2023-01-26,08:36:51,16:55:58,81,4.7,8.6,8:29,17:05,J Female,7.850000000000023
3B001856A5,2023-01-27,08:20:26,16:46:45,57,-6.7,8.66,8:27,17:07,J Female,-6.566666666666663
3B001856A5,2023-01-28,08:13:55,16:45:59,43,-16.8,8.72,8:26,17:09,J Female,-12.083333333333314
3B001856A5,2023-01-29,08:06:55,16:51:27,83,-17.1,8.78,8:24,17:11,J Female,-17.083333333333314
3B001856A5,2023-01-30,08:03:39,16:55:41,93,-11.7,8.83,8:22,17:13,J Female,-18.350000000000023
3B001856A5,2023-01-31,08:00:49,16:51:11,101,-10.3,8.89,8:21,17:14,J Female,-20.183333333333337
3B001856A5,2023-02-01,08:03:46,16:40:24,98,-15.5,8.96,8:19,17:16,J Female,-15.233333333333348
3B001856A5,2023-02-02,08:05:15,16:34:01,87,-16.9,9.02,8:17,17:18,J Female,-11.75
3B001856A5,2023-02-03,08:02:48,16:50:04,105,-6.3,9.08,8:16,17:20,J Female,-13.199999999999989
3B001856A5,2023-02-04,08:08:32,17:08:52,111,-1.8,9.14,8:14,17:22,J Female,-5.46666666666664
3B001856A5,2023-02-05,08:28:19,17:21:10,96,-2.0,9.2,8:12,17:24,J Female,16.316666666666663
3B001856A5,2023-02-06,08:09:38,17:15:36,101,-0.7,9.27,8:10,17:26,J Female,-0.36666666666667425
3B001856A5,2023-02-07,08:02:36,17:22:42,111,0.5,9.33,8:08,17:28,J Female,-5.399999999999977
3B001856A5,2023-02-08,08:04:40,17:14:50,105,-3.2,9.4,8:06,17:30,J Female,-1.3333333333333144
3B001856A5,2023-02-09,08:02:01,17:23:40,99,-6.1,9.46,8:05,17:32,J Female,-2.9833333333333485
3B001856A5,2023-02-10,07:54:07,17:32:09,105,-1.9,9.53,8:03,17:34,J Female,-8.883333333333326
3B001856A5,2023-02-11,08:40:59,17:36:54,100,-2.9,9.59,8:01,17:36,J Female,39.98333333333335
3B001856A5,2023-02-12,08:15:13,17:33:06,153,-2.6,9.66,7:59,17:38,J Female,16.21666666666664
3B001856A5,2023-02-13,08:19:16,17:29:38,152,0.0,9.73,7:57,17:40,J Female,22.26666666666665
3B001856A5,2023-02-14,08:06:19,17:30:59,67,-10.0,9.79,7:55,17:42,J Female,11.316666666666663
3B001863B0,2023-01-09,08:37:05,16:17:50,44,-8.4,7.81,8:47,16:35,J Female,-9.916666666666629
3B001863B0,2023-01-10,08:30:09,16:15:42,51,-8.2,7.84,8:46,16:37,J Female,-15.850000000000023
3B001863B0,2023-01-11,08:38:57,16:16:09,49,-7.2,7.88,8:46,16:38,J Female,-7.0499999999999545
3B001863B0,2023-01-12,08:47:17,16:02:07,62,-12.6,7.92,8:45,16:40,J Female,2.283333333333303
3B001863B0,2023-01-13,08:27:21,16:09:51,82,-13.1,7.96,8:44,16:42,J Female,-16.649999999999977
3B001863B0,2023-01-14,08:28:21,16:08:40,60,-10.7,8.0,8:43,16:43,J Female,-14.649999999999977
3B001863B0,2023-01-15,08:24:51,15:59:07,57,-8.8,8.05,8:42,16:45,J Female,-17.149999999999977
3B001863B0,2023-01-16,08:28:41,15:05:26,46,-5.4,8.09,8:41,16:47,J Female,-12.316666666666663
3B001863B0,2023-01-17,08:26:26,16:16:05,49,-8.8,8.14,8:40,16:48,J Female,-13.566666666666663
3B001863B0,2023-01-18,08:49:20,16:14:17,63,-13.4,8.18,8:39,16:50,J Female,10.333333333333371
3B001863B0,2023-01-19,08:25:05,16:30:54,74,-10.6,8.23,8:38,16:52,J Female,-12.916666666666686
3B001863B0,2023-01-20,08:21:23,16:35:51,60,-4.1,8.28,8:37,16:54,J Female,-15.616666666666674
3B001863B0,2023-01-21,09:30:59,16:47:34,37,0.4,8.33,8:35,16:55,J Female,55.98333333333335
3B001863B0,2023-01-22,08:30:55,16:51:33,50,0.5,8.38,8:34,16:57,J Female,-3.0833333333333144
3B001863B0,2023-01-23,08:25:54,16:48:42,35,-2.8,8.44,8:33,16:59,J Female,-7.100000000000023
3B001863B0,2023-01-24,08:22:57,16:48:51,23,-0.1,8.49,8:31,17:01,J Female,-8.050000000000011
3B001863B0,2023-01-25,08:20:27,16:40:03,26,-0.7,8.55,8:30,17:03,J Female,-9.550000000000011
3B001863B0,2023-01-26,08:16:07,16:53:31,43,4.7,8.6,8:29,17:05,J Female,-12.883333333333326
3B001863B0,2023-01-27,08:21:52,16:27:53,31,-6.7,8.66,8:27,17:07,J Female,-5.133333333333326
3B001863B0,2023-01-28,08:19:24,15:54:22,27,-16.8,8.72,8:26,17:09,J Female,-6.600000000000023
3B001863B0,2023-01-29,08:13:03,16:30:04,25,-17.1,8.78,8:24,17:11,J Female,-10.949999999999989
3B001863B0,2023-01-30,09:14:42,16:38:04,22,-11.7,8.83,8:22,17:13,J Female,52.700000000000045
3B001863B0,2023-01-31,08:28:36,16:39:33,37,-10.3,8.89,8:21,17:14,J Female,7.600000000000023
3B001863B0,2023-02-01,08:08:24,16:05:21,59,-15.5,8.96,8:19,17:16,J Female,-10.600000000000023
3B001863B0,2023-02-02,08:32:08,16:25:20,20,-16.9,9.02,8:17,17:18,J Female,15.133333333333326
3B001863B0,2023-02-03,08:17:12,16:35:03,32,-6.3,9.08,8:16,17:20,J Female,1.1999999999999886
3B001863B0,2023-02-04,08:13:07,16:27:29,34,-1.8,9.14,8:14,17:22,J Female,-0.8833333333333258
3B001863B0,2023-02-05,08:59:04,17:08:11,22,-2.0,9.2,8:12,17:24,J Female,47.06666666666672
3B001863B0,2023-02-06,08:04:42,16:59:27,24,-0.7,9.27,8:10,17:26,J Female,-5.300000000000011
3B001863B0,2023-02-07,07:57:35,17:09:29,18,0.5,9.33,8:08,17:28,J Female,-10.416666666666686
3B001863B0,2023-02-08,08:04:44,16:59:38,29,-3.2,9.4,8:06,17:30,J Female,-1.2666666666666515
3B001863B0,2023-02-09,08:37:37,17:02:47,17,-6.1,9.46,8:05,17:32,J Female,32.616666666666674
3B001863B0,2023-02-10,07:56:27,17:13:45,27,-1.9,9.53,8:03,17:34,J Female,-6.550000000000011
3B001863B0,2023-02-11,11:04:31,17:26:25,15,-2.9,9.59,8:01,17:36,J Female,183.51666666666665
3B001863B0,2023-02-12,08:25:16,17:26:27,22,-2.6,9.66,7:59,17:38,J Female,26.26666666666665
3B001863B0,2023-02-13,07:55:53,17:08:25,39,0.0,9.73,7:57,17:40,J Female,-1.1166666666666742
3B001863B0,2023-02-14,07:53:30,17:04:11,22,-10.0,9.79,7:55,17:42,J Female,-1.5
3B001869F8,2023-01-09,08:42:09,16:15:51,64,-8.4,7.81,8:47,16:35,A Female,-4.850000000000023
3B001869F8,2023-01-10,08:43:17,16:11:13,63,-8.2,7.84,8:46,16:37,A Female,-2.716666666666697
3B001869F8,2023-01-11,08:37:32,16:11:36,61,-7.2,7.88,8:46,16:38,A Female,-8.466666666666697
3B001869F8,2023-01-12,08:37:50,16:22:37,79,-12.6,7.92,8:45,16:40,A Female,-7.166666666666629
3B001869F8,2023-01-13,08:38:39,16:29:04,72,-13.1,7.96,8:44,16:42,A Female,-5.350000000000023
3B001869F8,2023-01-14,08:43:20,16:23:24,47,-10.7,8.0,8:43,16:43,A Female,0.33333333333337123
3B001869F8,2023-01-15,09:13:00,16:41:30,61,-8.8,8.05,8:42,16:45,A Female,31.0
3B001869F8,2023-01-16,08:37:25,16:24:28,80,-5.4,8.09,8:41,16:47,A Female,-3.5833333333333712
3B001869F8,2023-01-17,08:41:27,16:40:47,76,-8.8,8.14,8:40,16:48,A Female,1.4500000000000455
3B001869F8,2023-01-18,09:23:32,16:11:31,56,-13.4,8.18,8:39,16:50,A Female,44.5333333333333
3B001869F8,2023-01-19,08:45:44,16:44:01,85,-10.6,8.23,8:38,16:52,A Female,7.7333333333333485
3B001869F8,2023-01-20,08:39:20,16:46:28,71,-4.1,8.28,8:37,16:54,A Female,2.3333333333333712
3B001869F8,2023-01-21,08:48:41,16:43:55,83,0.4,8.33,8:35,16:55,A Female,13.68333333333328
3B001869F8,2023-01-22,08:28:09,16:44:29,81,0.5,8.38,8:34,16:57,A Female,-5.850000000000023
3B001869F8,2023-01-23,08:35:31,16:46:11,50,-2.8,8.44,8:33,16:59,A Female,2.5166666666666515
3B001869F8,2023-01-24,08:35:26,16:09:12,51,-0.1,8.49,8:31,17:01,A Female,4.43333333333328
3B001869F8,2023-01-25,09:02:07,16:59:22,53,-0.7,8.55,8:30,17:03,A Female,32.116666666666674
3B001869F8,2023-01-26,08:36:25,16:27:43,35,4.7,8.6,8:29,17:05,A Female,7.416666666666629
3B001869F8,2023-01-27,08:34:09,16:28:58,67,-6.7,8.66,8:27,17:07,A Female,7.149999999999977
3B001869F8,2023-01-28,08:18:25,16:33:12,70,-16.8,8.72,8:26,17:09,A Female,-7.583333333333314
3B001869F8,2023-01-29,08:24:35,16:33:25,46,-17.1,8.78,8:24,17:11,A Female,0.5833333333333144
3B001869F8,2023-01-30,09:48:02,16:56:47,44,-11.7,8.83,8:22,17:13,A Female,86.0333333333333
3B001869F8,2023-01-31,08:29:26,16:45:58,59,-10.3,8.89,8:21,17:14,A Female,8.433333333333337
3B001869F8,2023-02-01,08:18:17,16:28:46,98,-15.5,8.96,8:19,17:16,A Female,-0.7166666666666401
3B001869F8,2023-02-02,08:19:43,16:33:04,56,-16.9,9.02,8:17,17:18,A Female,2.71666666666664
3B001869F8,2023-02-03,09:15:34,16:41:58,48,-6.3,9.08,8:16,17:20,A Female,59.56666666666672
3B001869F8,2023-02-04,10:25:43,16:46:13,39,-1.8,9.14,8:14,17:22,A Female,131.7166666666667
3B001869F8,2023-02-05,08:19:41,17:13:20,48,-2.0,9.2,8:12,17:24,A Female,7.683333333333337
3B001869F8,2023-02-06,09:08:24,17:09:17,30,-0.7,9.27,8:10,17:26,A Female,58.39999999999998
3B001869F8,2023-02-07,08:40:15,17:07:40,27,0.5,9.33,8:08,17:28,A Female,32.25
3B001869F8,2023-02-08,08:14:54,17:14:34,58,-3.2,9.4,8:06,17:30,A Female,8.899999999999977
3B001869F8,2023-02-09,10:23:30,17:19:25,19,-6.1,9.46,8:05,17:32,A Female,138.5
3B001869F8,2023-02-10,08:45:53,17:19:32,34,-1.9,9.53,8:03,17:34,A Female,42.883333333333326
3B001869F8,2023-02-11,14:31:36,17:23:48,12,-2.9,9.59,8:01,17:36,A Female,390.6
3B001869F8,2023-02-12,12:14:09,17:11:13,28,-2.6,9.66,7:59,17:38,A Female,255.14999999999998
3B001869F8,2023-02-13,08:02:32,17:20:42,33,0.0,9.73,7:57,17:40,A Female,5.53333333333336
3B001869F8,2023-02-14,08:35:28,16:28:39,34,-10.0,9.79,7:55,17:42,A Female,40.4666666666667
3B00187872,2023-01-09,09:01:57,16:39:23,66,-8.4,7.81,8:47,16:35,J Male,14.950000000000045
3B00187872,2023-01-10,08:34:49,16:46:03,51,-8.2,7.84,8:46,16:37,J Male,-11.18333333333328
3B00187872,2023-01-11,08:38:59,16:31:42,67,-7.2,7.88,8:46,16:38,J Male,-7.0166666666666515
3B00187872,2023-01-12,08:30:06,16:22:49,62,-12.6,7.92,8:45,16:40,J Male,-14.899999999999977
3B00187872,2023-01-13,08:30:41,16:29:16,59,-13.1,7.96,8:44,16:42,J Male,-13.316666666666663
3B00187872,2023-01-14,08:31:01,16:22:40,81,-10.7,8.0,8:43,16:43,J Male,-11.983333333333348
3B00187872,2023-01-15,09:11:32,16:42:02,65,-8.8,8.05,8:42,16:45,J Male,29.533333333333303
3B00187872,2023-01-16,08:44:20,16:24:44,62,-5.4,8.09,8:41,16:47,J Male,3.3333333333333712
3B00187872,2023-01-17,08:42:00,16:40:17,64,-8.8,8.14,8:40,16:48,J Male,2.0
3B00187872,2023-01-18,08:24:49,16:12:46,68,-13.4,8.18,8:39,16:50,J Male,-14.183333333333337
3B00187872,2023-01-19,09:21:07,16:45:34,83,-10.6,8.23,8:38,16:52,J Male,43.116666666666674
3B00187872,2023-01-20,08:39:14,16:48:01,74,-4.1,8.28,8:37,16:54,J Male,2.2333333333333485
3B00187872,2023-01-21,08:47:40,16:57:29,61,0.4,8.33,8:35,16:55,J Male,12.666666666666629
3B00187872,2023-01-22,09:10:27,16:46:12,65,0.5,8.38,8:34,16:57,J Male,36.450000000000045
3B00187872,2023-01-23,09:24:59,16:41:35,49,-2.8,8.44,8:33,16:59,J Male,51.98333333333335
3B00187872,2023-01-24,08:42:33,17:05:20,50,-0.1,8.49,8:31,17:01,J Male,11.549999999999955
3B00187872,2023-01-25,08:21:16,17:04:21,49,-0.7,8.55,8:30,17:03,J Male,-8.733333333333348
3B00187872,2023-01-26,08:27:34,16:52:24,37,4.7,8.6,8:29,17:05,J Male,-1.4333333333333371
3B00187872,2023-01-27,09:09:29,16:31:11,59,-6.7,8.66,8:27,17:07,J Male,42.48333333333335
3B00187872,2023-01-28,08:28:00,16:47:09,73,-16.8,8.72,8:26,17:09,J Male,2.0
3B00187872,2023-01-29,08:23:47,16:28:25,55,-17.1,8.78,8:24,17:11,J Male,-0.21666666666664014
3B00187872,2023-01-30,08:40:45,16:56:29,43,-11.7,8.83,8:22,17:13,J Male,18.75
3B00187872,2023-01-31,08:29:39,16:47:07,88,-10.3,8.89,8:21,17:14,J Male,8.649999999999977
3B00187872,2023-02-01,08:24:55,16:31:32,123,-15.5,8.96,8:19,17:16,J Male,5.916666666666686
3B00187872,2023-02-02,08:19:23,16:28:10,79,-16.9,9.02,8:17,17:18,J Male,2.3833333333333258
3B00187872,2023-02-03,09:15:29,17:12:37,60,-6.3,9.08,8:16,17:20,J Male,59.48333333333335
3B00187872,2023-02-04,08:48:40,17:22:05,43,-1.8,9.14,8:14,17:22,J Male,34.66666666666663
3B00187872,2023-02-05,08:57:59,17:15:59,54,-2.0,9.2,8:12,17:24,J Male,45.98333333333335
3B00187872,2023-02-06,09:09:16,17:22:32,49,-0.7,9.27,8:10,17:26,J Male,59.26666666666665
3B00187872,2023-02-07,08:39:58,17:34:48,58,0.5,9.33,8:08,17:28,J Male,31.966666666666697
3B00187872,2023-02-08,07:55:10,17:30:18,49,-3.2,9.4,8:06,17:30,J Male,-10.833333333333314
3B00187872,2023-02-09,08:33:23,17:20:15,55,-6.1,9.46,8:05,17:32,J Male,28.383333333333326
3B00187872,2023-02-10,08:20:58,17:38:05,37,-1.9,9.53,8:03,17:34,J Male,17.96666666666664
3B00187872,2023-02-11,09:26:19,17:33:00,30,-2.9,9.59,8:01,17:36,J Male,85.31666666666672
3B00187872,2023-02-12,09:09:07,17:11:11,40,-2.6,9.66,7:59,17:38,J Male,70.11666666666667
3B00187872,2023-02-13,07:54:00,17:23:52,41,0.0,9.73,7:57,17:40,J Male,-3.0
3B00187872,2023-02-14,08:34:27,17:35:05,47,-10.0,9.79,7:55,17:42,J Male,39.450000000000045
3B001878E9,2023-01-09,08:36:56,16:32:17,47,-8.4,7.81,8:47,16:35,J Female,-10.06666666666672
3B001878E9,2023-01-10,08:44:15,16:38:12,67,-8.2,7.84,8:46,16:37,J Female,-1.75
3B001878E9,2023-01-11,08:43:27,16:12:31,57,-7.2,7.88,8:46,16:38,J Female,-2.5499999999999545
3B001878E9,2023-01-12,08:35:00,16:27:45,78,-12.6,7.92,8:45,16:40,J Female,-10.0
3B001878E9,2023-01-13,08:33:02,16:29:13,75,-13.1,7.96,8:44,16:42,J Female,-10.966666666666697
3B001878E9,2023-01-14,09:00:59,16:30:47,54,-10.7,8.0,8:43,16:43,J Female,17.98333333333335
3B001878E9,2023-01-15,08:45:41,16:10:51,45,-8.8,8.05,8:42,16:45,J Female,3.6833333333332803
3B001878E9,2023-01-16,08:42:13,16:14:26,84,-5.4,8.09,8:41,16:47,J Female,1.216666666666697
3B001878E9,2023-01-17,08:34:26,16:31:45,80,-8.8,8.14,8:40,16:48,J Female,-5.56666666666672
3B001878E9,2023-01-18,08:32:47,16:43:52,93,-13.4,8.18,8:39,16:50,J Female,-6.216666666666697
3B001878E9,2023-01-19,08:43:11,16:48:06,86,-10.6,8.23,8:38,16:52,J Female,5.18333333333328
3B001878E9,2023-01-20,08:33:28,16:45:49,69,-4.1,8.28,8:37,16:54,J Female,-3.533333333333303
3B001878E9,2023-01-21,09:01:39,16:54:00,62,0.4,8.33,8:35,16:55,J Female,26.649999999999977
3B001878E9,2023-01-22,08:37:38,16:47:49,66,0.5,8.38,8:34,16:57,J Female,3.6333333333333258
3B001878E9,2023-01-23,08:32:23,16:39:17,64,-2.8,8.44,8:33,16:59,J Female,-0.6166666666666742
3B001878E9,2023-01-24,09:03:00,16:59:27,76,-0.1,8.49,8:31,17:01,J Female,32.0
3B001878E9,2023-01-25,09:01:39,16:37:14,50,-0.7,8.55,8:30,17:03,J Female,31.649999999999977
3B001878E9,2023-01-26,08:33:30,17:02:59,65,4.7,8.6,8:29,17:05,J Female,4.5
3B001878E9,2023-01-27,08:34:36,16:19:55,57,-6.7,8.66,8:27,17:07,J Female,7.600000000000023
3B001878E9,2023-01-28,08:57:32,16:41:03,49,-16.8,8.72,8:26,17:09,J Female,31.533333333333303
3B001878E9,2023-01-29,11:49:26,16:26:44,52,-17.1,8.78,8:24,17:11,J Female,205.43333333333328
3B001878E9,2023-01-30,08:15:22,16:36:29,50,-11.7,8.83,8:22,17:13,J Female,-6.633333333333326
3B001878E9,2023-01-31,08:17:47,16:30:23,59,-10.3,8.89,8:21,17:14,J Female,-3.21666666666664
3B001878E9,2023-02-01,08:23:30,15:56:06,65,-15.5,8.96,8:19,17:16,J Female,4.5
3B001878E9,2023-02-02,08:35:51,16:24:57,54,-16.9,9.02,8:17,17:18,J Female,18.850000000000023
3B001878E9,2023-02-03,08:43:35,16:56:02,69,-6.3,9.08,8:16,17:20,J Female,27.58333333333337
3B001878E9,2023-02-04,08:54:13,16:58:17,68,-1.8,9.14,8:14,17:22,J Female,40.2166666666667
3B001878E9,2023-02-05,08:47:53,16:50:31,53,-2.0,9.2,8:12,17:24,J Female,35.883333333333326
3B001878E9,2023-02-06,09:05:29,16:48:59,61,-0.7,9.27,8:10,17:26,J Female,55.48333333333335
3B001878E9,2023-02-07,08:19:30,17:17:02,77,0.5,9.33,8:08,17:28,J Female,11.5
3B001878E9,2023-02-08,08:27:07,17:13:29,70,-3.2,9.4,8:06,17:30,J Female,21.116666666666674
3B001878E9,2023-02-09,08:18:16,17:20:10,71,-6.1,9.46,8:05,17:32,J Female,13.266666666666652
3B001878E9,2023-02-10,08:15:20,17:06:04,57,-1.9,9.53,8:03,17:34,J Female,12.333333333333314
3B001878E9,2023-02-11,10:02:00,17:21:38,54,-2.9,9.59,8:01,17:36,J Female,121.0
3B001878E9,2023-02-12,08:43:21,17:16:24,59,-2.6,9.66,7:59,17:38,J Female,44.35000000000002
3B001878E9,2023-02-13,08:27:53,17:22:07,36,0.0,9.73,7:57,17:40,J Female,30.883333333333326
3B001878E9,2023-02-14,08:55:50,17:23:56,50,-10.0,9.79,7:55,17:42,J Female,60.83333333333337
3B00187E18,2023-01-09,08:42:28,16:54:00,54,-8.4,7.81,8:47,16:35,J Female,-4.533333333333303
3B00187E18,2023-01-10,08:32:17,16:45:41,67,-8.2,7.84,8:46,16:37,J Female,-13.716666666666697
3B00187E18,2023-01-11,08:30:32,16:52:57,54,-7.2,7.88,8:46,16:38,J Female,-15.46666666666664
3B00187E18,2023-01-12,08:31:14,16:57:34,65,-12.6,7.92,8:45,16:40,J Female,-13.766666666666652
3B00187E18,2023-01-13,08:43:51,16:54:20,73,-13.1,7.96,8:44,16:42,J Female,-0.14999999999997726
3B00187E18,2023-01-14,09:14:40,16:53:03,71,-10.7,8.0,8:43,16:43,J Female,31.66666666666663
3B00187E18,2023-01-15,08:25:39,16:50:34,73,-8.8,8.05,8:42,16:45,J Female,-16.350000000000023
3B00187E18,2023-01-16,08:28:43,16:58:07,55,-5.4,8.09,8:41,16:47,J Female,-12.28333333333336
3B00187E18,2023-01-17,08:29:52,16:50:24,69,-8.8,8.14,8:40,16:48,J Female,-10.133333333333326
3B00187E18,2023-01-18,08:25:07,16:53:39,83,-13.4,8.18,8:39,16:50,J Female,-13.883333333333326
3B00187E18,2023-01-19,08:23:24,16:56:13,75,-10.6,8.23,8:38,16:52,J Female,-14.600000000000023
3B00187E18,2023-01-20,08:26:51,16:52:06,66,-4.1,8.28,8:37,16:54,J Female,-10.149999999999977
3B00187E18,2023-01-21,08:48:23,17:03:52,69,0.4,8.33,8:35,16:55,J Female,13.383333333333326
3B00187E18,2023-01-22,08:33:40,16:46:28,60,0.5,8.38,8:34,16:57,J Female,-0.33333333333337123
3B00187E18,2023-01-23,08:19:26,17:04:37,63,-2.8,8.44,8:33,16:59,J Female,-13.566666666666663
3B00187E18,2023-01-24,08:31:55,17:07:11,49,-0.1,8.49,8:31,17:01,J Female,0.9166666666666856
3B00187E18,2023-01-25,08:44:52,17:05:10,63,-0.7,8.55,8:30,17:03,J Female,14.866666666666674
3B00187E18,2023-01-26,08:37:31,17:04:51,56,4.7,8.6,8:29,17:05,J Female,8.516666666666652
3B00187E18,2023-01-27,08:15:52,16:52:01,62,-6.7,8.66,8:27,17:07,J Female,-11.133333333333326
3B00187E18,2023-01-28,08:11:41,16:49:40,68,-16.8,8.72,8:26,17:09,J Female,-14.316666666666663
3B00187E18,2023-01-29,08:27:37,16:44:22,75,-17.1,8.78,8:24,17:11,J Female,3.6166666666666742
3B00187E18,2023-01-30,08:12:55,17:01:15,65,-11.7,8.83,8:22,17:13,J Female,-9.083333333333314
3B00187E18,2023-01-31,08:11:34,16:52:25,81,-10.3,8.89,8:21,17:14,J Female,-9.433333333333337
3B00187E18,2023-02-01,08:11:01,16:45:47,113,-15.5,8.96,8:19,17:16,J Female,-7.9833333333333485
3B00187E18,2023-02-02,08:32:03,16:58:04,76,-16.9,9.02,8:17,17:18,J Female,15.049999999999955
3B00187E18,2023-02-03,08:08:32,16:59:24,72,-6.3,9.08,8:16,17:20,J Female,-7.46666666666664
3B00187E18,2023-02-04,08:14:13,17:19:00,73,-1.8,9.14,8:14,17:22,J Female,0.21666666666664014
3B00187E18,2023-02-05,08:00:11,17:18:14,65,-2.0,9.2,8:12,17:24,J Female,-11.816666666666663
3B00187E18,2023-02-06,07:59:40,17:22:16,58,-0.7,9.27,8:10,17:26,J Female,-10.333333333333314
3B00187E18,2023-02-07,07:57:22,17:27:05,64,0.5,9.33,8:08,17:28,J Female,-10.633333333333326
3B00187E18,2023-02-08,08:01:09,17:11:15,65,-3.2,9.4,8:06,17:30,J Female,-4.850000000000023
3B00187E18,2023-02-09,08:09:31,17:31:02,73,-6.1,9.46,8:05,17:32,J Female,4.5166666666666515
3B00187E18,2023-02-10,08:11:00,17:35:00,60,-1.9,9.53,8:03,17:34,J Female,8.0
3B00187E18,2023-02-11,08:08:02,17:44:15,62,-2.9,9.59,8:01,17:36,J Female,7.03333333333336
3B00187E18,2023-02-12,07:50:54,17:42:01,56,-2.6,9.66,7:59,17:38,J Female,-8.100000000000023
3B00187E18,2023-02-13,07:50:22,17:40:26,64,0.0,9.73,7:57,17:40,J Female,-6.633333333333326
3B00187E18,2023-02-14,07:46:29,17:32:07,77,-10.0,9.79,7:55,17:42,J Female,-8.516666666666652
3B00187F8D,2023-01-09,08:35:19,16:33:24,127,-8.4,7.81,8:47,16:35,J Male,-11.68333333333328
3B00187F8D,2023-01-10,08:23:13,16:30:27,87,-8.2,7.84,8:46,16:37,J Male,-22.78333333333336
3B00187F8D,2023-01-11,08:31:18,16:26:18,123,-7.2,7.88,8:46,16:38,J Male,-14.699999999999989
3B00187F8D,2023-01-12,08:33:56,16:21:51,120,-12.6,7.92,8:45,16:40,J Male,-11.06666666666672
3B00187F8D,2023-01-13,08:46:31,16:15:59,114,-13.1,7.96,8:44,16:42,J Male,2.5166666666666515
3B00187F8D,2023-01-14,08:36:45,16:24:41,98,-10.7,8.0,8:43,16:43,J Male,-6.25
3B00187F8D,2023-01-15,08:31:43,16:25:32,92,-8.8,8.05,8:42,16:45,J Male,-10.28333333333336
3B00187F8D,2023-01-16,08:34:26,16:22:36,94,-5.4,8.09,8:41,16:47,J Male,-6.56666666666672
3B00187F8D,2023-01-17,08:20:53,16:29:30,106,-8.8,8.14,8:40,16:48,J Male,-19.116666666666674
3B00187F8D,2023-01-18,08:36:15,16:24:36,125,-13.4,8.18,8:39,16:50,J Male,-2.75
3B00187F8D,2023-01-19,08:33:11,16:38:45,81,-10.6,8.23,8:38,16:52,J Male,-4.81666666666672
3B00187F8D,2023-01-20,08:19:20,16:33:58,137,-4.1,8.28,8:37,16:54,J Male,-17.666666666666686
3B00187F8D,2023-01-21,08:20:51,16:44:50,54,0.4,8.33,8:35,16:55,J Male,-14.149999999999977
3B00187F8D,2023-01-22,08:20:24,16:38:56,77,0.5,8.38,8:34,16:57,J Male,-13.600000000000023
3B00187F8D,2023-01-23,08:13:26,16:53:00,87,-2.8,8.44,8:33,16:59,J Male,-19.566666666666663
3B00187F8D,2023-01-24,08:21:18,16:47:11,62,-0.1,8.49,8:31,17:01,J Male,-9.699999999999989
3B00187F8D,2023-01-25,08:13:04,16:56:50,61,-0.7,8.55,8:30,17:03,J Male,-16.933333333333337
3B00187F8D,2023-01-26,08:19:44,16:49:10,43,4.7,8.6,8:29,17:05,J Male,-9.266666666666652
3B00187F8D,2023-01-27,08:19:49,16:41:56,108,-6.7,8.66,8:27,17:07,J Male,-7.183333333333337
3B00187F8D,2023-01-28,08:09:24,16:27:09,105,-16.8,8.72,8:26,17:09,J Male,-16.600000000000023
3B00187F8D,2023-01-29,08:30:44,16:31:05,67,-17.1,8.78,8:24,17:11,J Male,6.7333333333333485
3B00187F8D,2023-01-30,08:20:10,16:57:00,119,-11.7,8.83,8:22,17:13,J Male,-1.8333333333333144
3B00187F8D,2023-01-31,08:09:31,16:43:07,152,-10.3,8.89,8:21,17:14,J Male,-11.483333333333348
3B00187F8D,2023-02-01,08:13:53,16:22:43,130,-15.5,8.96,8:19,17:16,J Male,-5.116666666666674
3B00187F8D,2023-02-02,08:15:39,16:38:51,98,-16.9,9.02,8:17,17:18,J Male,-1.3500000000000227
3B00187F8D,2023-02-03,08:44:16,17:04:17,88,-6.3,9.08,8:16,17:20,J Male,28.26666666666665
3B00187F8D,2023-02-04,08:19:33,17:03:52,106,-1.8,9.14,8:14,17:22,J Male,5.550000000000011
3B00187F8D,2023-02-05,07:59:41,16:58:11,81,-2.0,9.2,8:12,17:24,J Male,-12.316666666666663
3B00187F8D,2023-02-06,08:16:59,17:13:19,70,-0.7,9.27,8:10,17:26,J Male,6.9833333333333485
3B00187F8D,2023-02-07,07:52:37,17:12:16,83,0.5,9.33,8:08,17:28,J Male,-15.383333333333326
3B00187F8D,2023-02-08,07:53:01,17:22:09,88,-3.2,9.4,8:06,17:30,J Male,-12.983333333333348
3B00187F8D,2023-02-09,07:57:01,17:15:55,97,-6.1,9.46,8:05,17:32,J Male,-7.9833333333333485
3B00187F8D,2023-02-10,07:46:33,17:20:16,73,-1.9,9.53,8:03,17:34,J Male,-16.44999999999999
3B00187F8D,2023-02-11,07:46:18,17:24:54,67,-2.9,9.59,8:01,17:36,J Male,-14.699999999999989
3B00187F8D,2023-02-12,07:45:16,17:35:55,60,-2.6,9.66,7:59,17:38,J Male,-13.733333333333348
3B00187F8D,2023-02-13,07:38:07,17:37:03,62,0.0,9.73,7:57,17:40,J Male,-18.883333333333326
3B00187F8D,2023-02-14,07:48:19,17:27:02,71,-10.0,9.79,7:55,17:42,J Male,-6.683333333333337
3B00188697,2023-01-09,08:39:54,16:51:21,78,-8.4,7.81,8:47,16:35,J Female,-7.100000000000023
3B00188697,2023-01-10,08:42:48,16:54:04,71,-8.2,7.84,8:46,16:37,J Female,-3.2000000000000455
3B00188697,2023-01-11,08:32:54,16:45:54,74,-7.2,7.88,8:46,16:38,J Female,-13.100000000000023
3B00188697,2023-01-12,08:37:09,16:51:24,115,-12.6,7.92,8:45,16:40,J Female,-7.850000000000023
3B00188697,2023-01-13,08:37:23,16:54:18,96,-13.1,7.96,8:44,16:42,J Female,-6.616666666666674
3B00188697,2023-01-14,08:32:09,16:52:30,61,-10.7,8.0,8:43,16:43,J Female,-10.850000000000023
3B00188697,2023-01-15,08:36:23,16:54:57,84,-8.8,8.05,8:42,16:45,J Female,-5.616666666666674
3B00188763,2023-01-09,08:39:37,16:28:35,146,-8.4,7.81,8:47,16:35,A Female,-7.383333333333326
3B00188763,2023-01-10,08:34:29,16:28:20,171,-8.2,7.84,8:46,16:37,A Female,-11.516666666666652
3B00188763,2023-01-11,08:33:44,16:16:53,120,-7.2,7.88,8:46,16:38,A Female,-12.266666666666652
3B00188763,2023-01-12,08:40:51,16:17:11,160,-12.6,7.92,8:45,16:40,A Female,-4.149999999999977
3B00188763,2023-01-13,08:41:51,15:43:49,99,-13.1,7.96,8:44,16:42,A Female,-2.1499999999999773
3B00188763,2023-01-14,08:34:40,16:26:04,50,-10.7,8.0,8:43,16:43,A Female,-8.333333333333371
3B00188763,2023-01-15,08:35:48,16:33:30,50,-8.8,8.05,8:42,16:45,A Female,-6.2000000000000455
3B00188763,2023-01-16,08:44:33,16:19:12,107,-5.4,8.09,8:41,16:47,A Female,3.5499999999999545
3B00188763,2023-01-17,08:29:45,16:19:52,122,-8.8,8.14,8:40,16:48,A Female,-10.25
3B00188763,2023-01-18,08:30:06,16:26:36,124,-13.4,8.18,8:39,16:50,A Female,-8.899999999999977
3B00188763,2023-01-19,08:25:34,16:29:18,136,-10.6,8.23,8:38,16:52,A Female,-12.433333333333337
3B00188763,2023-01-20,08:44:02,16:42:45,125,-4.1,8.28,8:37,16:54,A Female,7.033333333333303
3B00188763,2023-01-21,08:31:35,16:47:34,113,0.4,8.33,8:35,16:55,A Female,-3.4166666666666856
3B00188763,2023-01-22,08:21:18,16:52:25,106,0.5,8.38,8:34,16:57,A Female,-12.699999999999989
3B00188763,2023-01-23,08:20:35,16:43:18,85,-2.8,8.44,8:33,16:59,A Female,-12.416666666666686
3B00188763,2023-01-24,08:31:32,16:52:26,146,-0.1,8.49,8:31,17:01,A Female,0.5333333333333599
3B00188763,2023-01-25,08:23:01,17:05:11,110,-0.7,8.55,8:30,17:03,A Female,-6.9833333333333485
3B00188763,2023-01-26,08:25:17,16:54:13,55,4.7,8.6,8:29,17:05,A Female,-3.71666666666664
3B00188763,2023-01-27,08:22:39,16:25:06,141,-6.7,8.66,8:27,17:07,A Female,-4.350000000000023
3B00188763,2023-01-28,08:20:37,16:07:13,73,-16.8,8.72,8:26,17:09,A Female,-5.383333333333326
3B00188763,2023-01-29,09:12:10,16:24:48,56,-17.1,8.78,8:24,17:11,A Female,48.16666666666663
3B00188763,2023-01-30,08:14:50,16:40:16,51,-11.7,8.83,8:22,17:13,A Female,-7.166666666666686
3B00188763,2023-01-31,08:12:44,16:30:31,98,-10.3,8.89,8:21,17:14,A Female,-8.266666666666652
3B00188763,2023-02-01,08:13:45,16:08:54,55,-15.5,8.96,8:19,17:16,A Female,-5.25
3B00188763,2023-02-02,08:32:11,16:24:43,22,-16.9,9.02,8:17,17:18,A Female,15.18333333333328
3B00188763,2023-02-03,08:20:50,17:00:22,102,-6.3,9.08,8:16,17:20,A Female,4.833333333333314
3B00188763,2023-02-04,08:15:03,17:09:37,141,-1.8,9.14,8:14,17:22,A Female,1.0500000000000114
3B00188763,2023-02-05,08:17:29,17:12:32,174,-2.0,9.2,8:12,17:24,A Female,5.4833333333333485
3B00188763,2023-02-06,08:01:14,17:13:47,215,-0.7,9.27,8:10,17:26,A Female,-8.766666666666652
3B00188763,2023-02-07,08:10:56,17:17:38,210,0.5,9.33,8:08,17:28,A Female,2.933333333333337
3B00188763,2023-02-08,08:05:53,17:09:33,164,-3.2,9.4,8:06,17:30,A Female,-0.11666666666667425
3B00188763,2023-02-09,08:09:05,16:58:45,105,-6.1,9.46,8:05,17:32,A Female,4.083333333333314
3B00188763,2023-02-10,08:16:40,17:25:12,171,-1.9,9.53,8:03,17:34,A Female,13.666666666666686
3B00188763,2023-02-11,07:58:23,17:17:13,195,-2.9,9.59,8:01,17:36,A Female,-2.6166666666666742
3B00188763,2023-02-12,08:39:49,17:07:51,117,-2.6,9.66,7:59,17:38,A Female,40.81666666666672
3B00188763,2023-02-13,07:53:12,16:53:18,140,0.0,9.73,7:57,17:40,A Female,-3.8000000000000114
3B00188763,2023-02-14,08:00:47,16:53:50,115,-10.0,9.79,7:55,17:42,A Female,5.78333333333336
3B00188B0E,2023-01-09,08:35:28,16:22:01,58,-8.4,7.81,8:47,16:35,A Male,-11.533333333333303
3B00188B0E,2023-01-10,09:03:59,15:48:52,42,-8.2,7.84,8:46,16:37,A Male,17.98333333333335
3B00188B0E,2023-01-11,08:39:31,16:14:44,69,-7.2,7.88,8:46,16:38,A Male,-6.4833333333333485
3B00188B0E,2023-01-12,08:36:24,16:18:29,77,-12.6,7.92,8:45,16:40,A Male,-8.600000000000023
3B00188B0E,2023-01-13,08:29:13,16:21:48,66,-13.1,7.96,8:44,16:42,A Male,-14.78333333333336
3B00188B0E,2023-01-14,08:33:41,16:05:10,66,-10.7,8.0,8:43,16:43,A Male,-9.31666666666672
3B00188B0E,2023-01-15,08:41:06,16:25:12,69,-8.8,8.05,8:42,16:45,A Male,-0.8999999999999773
3B00188B0E,2023-01-16,08:28:18,16:10:56,120,-5.4,8.09,8:41,16:47,A Male,-12.699999999999989
3B00188B0E,2023-01-17,08:36:39,16:31:28,86,-8.8,8.14,8:40,16:48,A Male,-3.3500000000000227
3B00188B0E,2023-01-18,08:33:29,16:19:41,107,-13.4,8.18,8:39,16:50,A Male,-5.5166666666666515
3B00188B0E,2023-01-19,08:31:00,16:46:01,113,-10.6,8.23,8:38,16:52,A Male,-7.0
3B00188B0E,2023-01-20,08:30:21,16:36:50,78,-4.1,8.28,8:37,16:54,A Male,-6.649999999999977
3B00188B0E,2023-01-21,09:31:04,16:52:41,77,0.4,8.33,8:35,16:55,A Male,56.06666666666672
3B00188B0E,2023-01-22,08:28:37,16:49:31,82,0.5,8.38,8:34,16:57,A Male,-5.383333333333326
3B00188B0E,2023-01-23,08:22:42,16:26:35,66,-2.8,8.44,8:33,16:59,A Male,-10.300000000000011
3B00188B0E,2023-01-24,08:26:48,16:48:34,73,-0.1,8.49,8:31,17:01,A Male,-4.199999999999989
3B00188B0E,2023-01-25,08:22:58,16:59:32,89,-0.7,8.55,8:30,17:03,A Male,-7.03333333333336
3B00188B0E,2023-01-26,08:30:33,16:55:01,48,4.7,8.6,8:29,17:05,A Male,1.5500000000000114
3B00188B0E,2023-01-27,08:44:51,15:51:41,42,-6.7,8.66,8:27,17:07,A Male,17.850000000000023
3B00188B0E,2023-01-28,09:21:47,15:56:16,39,-16.8,8.72,8:26,17:09,A Male,55.7833333333333
3B00188B0E,2023-01-29,08:16:20,16:29:48,47,-17.1,8.78,8:24,17:11,A Male,-7.666666666666686
3B00188B0E,2023-01-30,08:25:35,16:43:13,62,-11.7,8.83,8:22,17:13,A Male,3.5833333333333144
3B00188B0E,2023-01-31,08:31:49,14:22:57,63,-10.3,8.89,8:21,17:14,A Male,10.816666666666663
3B00188B0E,2023-02-01,08:10:03,16:08:02,53,-15.5,8.96,8:19,17:16,A Male,-8.949999999999989
3B00188B0E,2023-02-02,08:28:39,16:31:25,72,-16.9,9.02,8:17,17:18,A Male,11.649999999999977
3B00188B0E,2023-02-03,08:21:15,16:59:05,83,-6.3,9.08,8:16,17:20,A Male,5.25
3B00188B0E,2023-02-04,08:08:41,17:05:08,56,-1.8,9.14,8:14,17:22,A Male,-5.316666666666663
3B00188B0E,2023-02-05,08:59:34,17:10:16,53,-2.0,9.2,8:12,17:24,A Male,47.56666666666672
3B00188B0E,2023-02-06,08:39:26,17:09:01,60,-0.7,9.27,8:10,17:26,A Male,29.43333333333328
3B00188B0E,2023-02-07,08:04:28,17:14:56,52,0.5,9.33,8:08,17:28,A Male,-3.53333333333336
3B00188B0E,2023-02-08,08:05:44,17:12:43,93,-3.2,9.4,8:06,17:30,A Male,-0.2666666666666515
3B00188B0E,2023-02-09,08:35:39,17:07:58,65,-6.1,9.46,8:05,17:32,A Male,30.649999999999977
3B00188B0E,2023-02-10,09:11:07,17:21:38,55,-1.9,9.53,8:03,17:34,A Male,68.11666666666667
3B00188B0E,2023-02-11,08:50:28,17:25:01,79,-2.9,9.59,8:01,17:36,A Male,49.4666666666667
3B00188B0E,2023-02-12,08:22:53,17:37:35,105,-2.6,9.66,7:59,17:38,A Male,23.883333333333326
3B00188B0E,2023-02-13,07:54:51,17:11:00,107,0.0,9.73,7:57,17:40,A Male,-2.1499999999999773
3B00188B0E,2023-02-14,07:49:11,17:34:24,81,-10.0,9.79,7:55,17:42,A Male,-5.816666666666663
3B00188F26,2023-01-09,08:32:38,16:30:33,98,-8.4,7.81,8:47,16:35,J Male,-14.366666666666674
3B00188F26,2023-01-10,08:31:34,16:33:38,94,-8.2,7.84,8:46,16:37,J Male,-14.433333333333337
3B00188F26,2023-01-11,08:28:35,16:28:32,104,-7.2,7.88,8:46,16:38,J Male,-17.416666666666686
3B00188F26,2023-01-12,08:27:50,16:23:41,68,-12.6,7.92,8:45,16:40,J Male,-17.166666666666686
3B00188F26,2023-01-13,08:26:55,16:19:35,94,-13.1,7.96,8:44,16:42,J Male,-17.083333333333314
3B00188F26,2023-01-14,08:22:37,16:27:21,123,-10.7,8.0,8:43,16:43,J Male,-20.383333333333326
3B00188F26,2023-01-15,08:22:35,16:22:34,115,-8.8,8.05,8:42,16:45,J Male,-19.416666666666686
3B00188F26,2023-01-16,08:30:04,16:22:36,126,-5.4,8.09,8:41,16:47,J Male,-10.933333333333337
3B00188F26,2023-01-17,08:25:39,16:24:46,96,-8.8,8.14,8:40,16:48,J Male,-14.350000000000023
3B00188F26,2023-01-18,08:17:29,16:34:35,127,-13.4,8.18,8:39,16:50,J Male,-21.51666666666665
3B00188F26,2023-01-19,08:12:19,16:38:00,158,-10.6,8.23,8:38,16:52,J Male,-25.683333333333337
3B00188F26,2023-01-20,08:19:01,16:47:08,105,-4.1,8.28,8:37,16:54,J Male,-17.98333333333335
3B00188F26,2023-01-21,08:19:54,16:54:02,92,0.4,8.33,8:35,16:55,J Male,-15.100000000000023
3B00188F26,2023-01-22,08:21:37,16:48:56,88,0.5,8.38,8:34,16:57,J Male,-12.383333333333326
3B00188F26,2023-01-23,08:25:04,16:49:56,82,-2.8,8.44,8:33,16:59,J Male,-7.933333333333337
3B00188F26,2023-01-24,08:22:32,16:48:08,80,-0.1,8.49,8:31,17:01,J Male,-8.46666666666664
3B00188F26,2023-01-25,08:15:37,17:03:02,69,-0.7,8.55,8:30,17:03,J Male,-14.383333333333326
3B00188F26,2023-01-26,08:12:58,16:54:52,33,4.7,8.6,8:29,17:05,J Male,-16.03333333333336
3B00188F26,2023-01-27,08:18:38,16:45:57,50,-6.7,8.66,8:27,17:07,J Male,-8.366666666666674
3B00188F26,2023-01-28,08:10:41,16:46:07,64,-16.8,8.72,8:26,17:09,J Male,-15.316666666666663
3B00188F26,2023-01-29,09:44:51,16:30:46,80,-17.1,8.78,8:24,17:11,J Male,80.85000000000002
3B00188F26,2023-01-30,08:24:29,16:54:20,107,-11.7,8.83,8:22,17:13,J Male,2.4833333333333485
3B00188F26,2023-01-31,08:15:05,16:44:25,112,-10.3,8.89,8:21,17:14,J Male,-5.916666666666686
3B00188F26,2023-02-01,08:09:30,16:45:55,101,-15.5,8.96,8:19,17:16,J Male,-9.5
3B00188F26,2023-02-02,08:28:28,16:32:02,123,-16.9,9.02,8:17,17:18,J Male,11.46666666666664
3B00188F26,2023-02-03,08:16:53,16:58:49,113,-6.3,9.08,8:16,17:20,J Male,0.8833333333333258
3B00188F26,2023-02-04,08:06:01,17:06:01,124,-1.8,9.14,8:14,17:22,J Male,-7.9833333333333485
3B00188F26,2023-02-05,07:56:29,17:10:31,127,-2.0,9.2,8:12,17:24,J Male,-15.516666666666652
3B00188F26,2023-02-06,08:03:35,17:15:52,114,-0.7,9.27,8:10,17:26,J Male,-6.416666666666686
3B00188F26,2023-02-07,07:54:36,17:17:49,131,0.5,9.33,8:08,17:28,J Male,-13.399999999999977
3B00188F26,2023-02-08,07:58:43,17:08:18,140,-3.2,9.4,8:06,17:30,J Male,-7.28333333333336
3B00188F26,2023-02-09,10:18:09,17:15:26,91,-6.1,9.46,8:05,17:32,J Male,133.14999999999998
3B00188F26,2023-02-10,07:55:04,17:20:53,92,-1.9,9.53,8:03,17:34,J Male,-7.933333333333337
3B00188F26,2023-02-11,07:55:20,17:24:42,61,-2.9,9.59,8:01,17:36,J Male,-5.666666666666686
3B00188F26,2023-02-12,08:24:33,17:32:46,101,-2.6,9.66,7:59,17:38,J Male,25.55000000000001
3B00188F26,2023-02-13,07:55:57,17:28:53,76,0.0,9.73,7:57,17:40,J Male,-1.0500000000000114
3B00188F26,2023-02-14,08:48:18,17:28:19,70,-10.0,9.79,7:55,17:42,J Male,53.299999999999955
3B0018941D,2023-01-09,08:34:00,16:22:31,20,-8.4,7.81,8:47,16:35,A Male,-13.0
3B0018941D,2023-01-10,08:34:17,16:29:47,25,-8.2,7.84,8:46,16:37,A Male,-11.716666666666697
3B0018941D,2023-01-11,08:37:41,16:34:36,64,-7.2,7.88,8:46,16:38,A Male,-8.31666666666672
3B0018941D,2023-01-12,08:31:27,16:32:20,76,-12.6,7.92,8:45,16:40,A Male,-13.550000000000011
3B0018941D,2023-01-13,08:39:00,16:20:04,65,-13.1,7.96,8:44,16:42,A Male,-5.0
3B0018941D,2023-01-14,08:29:31,16:29:02,106,-10.7,8.0,8:43,16:43,A Male,-13.483333333333348
3B0018941D,2023-01-15,08:40:55,16:27:08,94,-8.8,8.05,8:42,16:45,A Male,-1.0833333333333712
3B0018941D,2023-01-16,08:28:28,16:29:17,94,-5.4,8.09,8:41,16:47,A Male,-12.53333333333336
3B0018941D,2023-01-17,08:46:22,16:28:59,60,-8.8,8.14,8:40,16:48,A Male,6.366666666666674
3B0018941D,2023-01-18,08:20:42,16:36:39,66,-13.4,8.18,8:39,16:50,A Male,-18.30000000000001
3B0018941D,2023-01-19,08:23:39,16:38:44,65,-10.6,8.23,8:38,16:52,A Male,-14.350000000000023
3B0018941D,2023-01-20,08:25:29,16:35:23,76,-4.1,8.28,8:37,16:54,A Male,-11.516666666666652
3B0018941D,2023-01-21,08:30:18,16:49:56,43,0.4,8.33,8:35,16:55,A Male,-4.699999999999989
3B0018941D,2023-01-22,08:36:49,16:49:12,24,0.5,8.38,8:34,16:57,A Male,2.8166666666667197
3B0018941D,2023-01-23,08:19:08,17:02:51,52,-2.8,8.44,8:33,16:59,A Male,-13.866666666666674
3B0018941D,2023-01-24,08:18:51,17:01:37,20,-0.1,8.49,8:31,17:01,A Male,-12.149999999999977
3B0018941D,2023-01-25,08:44:21,16:32:10,27,-0.7,8.55,8:30,17:03,A Male,14.350000000000023
3B0018941D,2023-01-26,16:24:58,16:57:40,11,4.7,8.6,8:29,17:05,A Male,475.9666666666667
3B0018941D,2023-01-27,10:35:01,16:38:52,66,-6.7,8.66,8:27,17:07,A Male,128.01666666666665
3B0018941D,2023-01-28,08:08:40,16:46:22,20,-16.8,8.72,8:26,17:09,A Male,-17.333333333333314
3B0018941D,2023-01-29,11:04:30,16:38:54,30,-17.1,8.78,8:24,17:11,A Male,160.5
3B0018941D,2023-01-30,09:58:28,16:47:40,29,-11.7,8.83,8:22,17:13,A Male,96.4666666666667
3B0018941D,2023-01-31,10:19:11,16:45:44,76,-10.3,8.89,8:21,17:14,A Male,118.18333333333328
3B0018941D,2023-02-01,12:20:39,16:36:24,40,-15.5,8.96,8:19,17:16,A Male,241.64999999999998
3B0018941D,2023-02-02,09:15:22,16:40:29,53,-16.9,9.02,8:17,17:18,A Male,58.366666666666674
3B0018941D,2023-02-03,08:41:57,15:20:56,13,-6.3,9.08,8:16,17:20,A Male,25.950000000000045
3B0018941D,2023-02-05,09:56:35,16:37:26,39,-2.0,9.2,8:12,17:24,A Male,104.58333333333337
3B0018941D,2023-02-06,08:21:11,17:18:04,18,-0.7,9.27,8:10,17:26,A Male,11.183333333333337
3B0018941D,2023-02-09,08:59:05,17:04:10,49,-6.1,9.46,8:05,17:32,A Male,54.08333333333337
3B0018941D,2023-02-10,08:26:02,17:31:53,31,-1.9,9.53,8:03,17:34,A Male,23.03333333333336
3B0018941D,2023-02-11,08:51:23,16:00:38,29,-2.9,9.59,8:01,17:36,A Male,50.383333333333326
3B0018941D,2023-02-12,09:27:32,16:18:10,21,-2.6,9.66,7:59,17:38,A Male,88.5333333333333
3B0018941D,2023-02-13,08:21:14,17:21:21,20,0.0,9.73,7:57,17:40,A Male,24.23333333333335
3B0018941D,2023-02-14,08:04:42,17:23:39,31,-10.0,9.79,7:55,17:42,A Male,9.699999999999989
3B00189685,2023-01-09,15:07:58,16:31:13,15,-8.4,7.81,8:47,16:35,J Male,380.9666666666667
3B00189685,2023-01-10,12:50:43,16:29:31,28,-8.2,7.84,8:46,16:37,J Male,244.7166666666667
3B00189685,2023-01-11,08:45:05,15:57:45,31,-7.2,7.88,8:46,16:38,J Male,-0.9166666666666288
3B00189685,2023-01-12,09:19:43,16:27:43,75,-12.6,7.92,8:45,16:40,J Male,34.7166666666667
3B00189685,2023-01-13,08:35:47,16:32:12,60,-13.1,7.96,8:44,16:42,J Male,-8.216666666666697
3B00189685,2023-01-14,11:00:11,16:38:39,40,-10.7,8.0,8:43,16:43,J Male,137.18333333333328
3B00189685,2023-01-15,08:44:52,16:38:08,43,-8.8,8.05,8:42,16:45,J Male,2.8666666666666742
3B00189685,2023-01-16,08:41:18,16:14:11,46,-5.4,8.09,8:41,16:47,J Male,0.2999999999999545
3B00189685,2023-01-17,08:55:21,16:30:33,52,-8.8,8.14,8:40,16:48,J Male,15.350000000000023
3B00189685,2023-01-18,09:52:05,16:29:55,52,-13.4,8.18,8:39,16:50,J Male,73.08333333333337
3B00189685,2023-01-19,09:02:02,16:47:32,40,-10.6,8.23,8:38,16:52,J Male,24.033333333333303
3B00189685,2023-01-20,10:01:41,16:25:05,25,-4.1,8.28,8:37,16:54,J Male,84.68333333333328
3B00189685,2023-01-21,08:34:57,16:59:47,20,0.4,8.33,8:35,16:55,J Male,-0.049999999999954525
3B00189685,2023-01-22,09:01:09,16:52:14,36,0.5,8.38,8:34,16:57,J Male,27.149999999999977
3B00189685,2023-01-23,08:26:08,17:01:44,35,-2.8,8.44,8:33,16:59,J Male,-6.866666666666674
3B00189685,2023-01-26,15:07:38,16:41:05,18,4.7,8.6,8:29,17:05,J Male,398.6333333333333
3B00189685,2023-01-27,08:26:27,16:25:00,62,-6.7,8.66,8:27,17:07,J Male,-0.5500000000000114
3B00189685,2023-01-28,08:24:08,16:36:37,55,-16.8,8.72,8:26,17:09,J Male,-1.8666666666666742
3B00189685,2023-01-29,11:52:08,16:07:01,45,-17.1,8.78,8:24,17:11,J Male,208.13333333333333
3B00189685,2023-01-30,11:07:58,16:52:38,49,-11.7,8.83,8:22,17:13,J Male,165.9666666666667
3B00189685,2023-01-31,08:15:27,15:51:01,32,-10.3,8.89,8:21,17:14,J Male,-5.550000000000011
3B00189685,2023-02-01,08:31:02,16:38:34,92,-15.5,8.96,8:19,17:16,J Male,12.03333333333336
3B00189685,2023-02-02,08:59:56,16:40:00,33,-16.9,9.02,8:17,17:18,J Male,42.93333333333328
3B00189685,2023-02-03,15:23:44,17:03:37,16,-6.3,9.08,8:16,17:20,J Male,427.73333333333335
3B00189685,2023-02-05,09:10:34,16:57:21,12,-2.0,9.2,8:12,17:24,J Male,58.56666666666672
3B00189685,2023-02-07,16:27:55,17:28:23,11,0.5,9.33,8:08,17:28,J Male,499.91666666666663
3B00189685,2023-02-08,08:14:25,17:11:01,33,-3.2,9.4,8:06,17:30,J Male,8.416666666666686
3B00189685,2023-02-09,08:02:27,17:09:39,15,-6.1,9.46,8:05,17:32,J Male,-2.5500000000000114
3B00189685,2023-02-10,08:02:58,17:28:21,27,-1.9,9.53,8:03,17:34,J Male,-0.03333333333335986
3B00189685,2023-02-12,10:29:39,16:56:49,20,-2.6,9.66,7:59,17:38,J Male,150.64999999999998
3B00189685,2023-02-13,08:00:26,17:23:01,40,0.0,9.73,7:57,17:40,J Male,3.433333333333337
3B00189685,2023-02-14,08:53:02,17:29:23,45,-10.0,9.79,7:55,17:42,J Male,58.0333333333333
3B00189A9F,2023-01-09,08:29:50,16:30:50,68,-8.4,7.81,8:47,16:35,J Female,-17.166666666666686
3B00189A9F,2023-01-10,08:32:30,16:19:24,57,-8.2,7.84,8:46,16:37,J Female,-13.5
3B00189A9F,2023-01-11,08:28:56,16:17:56,63,-7.2,7.88,8:46,16:38,J Female,-17.066666666666663
3B00189A9F,2023-01-12,08:25:58,16:13:43,73,-12.6,7.92,8:45,16:40,J Female,-19.03333333333336
3B00189A9F,2023-01-13,08:25:55,16:20:42,66,-13.1,7.96,8:44,16:42,J Female,-18.083333333333314
3B00189A9F,2023-01-14,08:26:30,16:28:13,63,-10.7,8.0,8:43,16:43,J Female,-16.5
3B00189A9F,2023-01-15,08:24:47,16:21:24,39,-8.8,8.05,8:42,16:45,J Female,-17.21666666666664
3B00189A9F,2023-01-16,08:27:42,16:14:59,67,-5.4,8.09,8:41,16:47,J Female,-13.300000000000011
3B00189A9F,2023-01-17,08:24:12,16:24:13,66,-8.8,8.14,8:40,16:48,J Female,-15.800000000000011
3B00189A9F,2023-01-18,08:18:02,16:26:47,64,-13.4,8.18,8:39,16:50,J Female,-20.96666666666664
3B00189A9F,2023-01-19,08:19:34,16:38:33,74,-10.6,8.23,8:38,16:52,J Female,-18.433333333333337
3B00189A9F,2023-01-20,08:23:16,16:38:38,66,-4.1,8.28,8:37,16:54,J Female,-13.733333333333348
3B00189A9F,2023-01-21,09:19:20,16:51:27,56,0.4,8.33,8:35,16:55,J Female,44.33333333333337
3B00189A9F,2023-01-22,08:17:33,16:41:00,38,0.5,8.38,8:34,16:57,J Female,-16.44999999999999
3B00189A9F,2023-01-23,08:21:15,16:56:01,33,-2.8,8.44,8:33,16:59,J Female,-11.75
3B00189A9F,2023-01-24,08:17:32,16:50:48,44,-0.1,8.49,8:31,17:01,J Female,-13.46666666666664
3B00189A9F,2023-01-25,08:15:16,16:57:03,42,-0.7,8.55,8:30,17:03,J Female,-14.733333333333348
3B00189A9F,2023-01-26,08:10:16,16:57:48,29,4.7,8.6,8:29,17:05,J Female,-18.73333333333335
3B00189A9F,2023-01-27,08:14:26,16:28:26,55,-6.7,8.66,8:27,17:07,J Female,-12.566666666666663
3B00189A9F,2023-01-28,08:10:45,16:29:14,81,-16.8,8.72,8:26,17:09,J Female,-15.25
3B00189A9F,2023-01-29,08:12:40,16:39:31,68,-17.1,8.78,8:24,17:11,J Female,-11.333333333333314
3B00189A9F,2023-01-30,08:07:27,16:47:47,59,-11.7,8.83,8:22,17:13,J Female,-14.550000000000011
3B00189A9F,2023-01-31,08:02:59,16:36:13,88,-10.3,8.89,8:21,17:14,J Female,-18.01666666666665
3B00189A9F,2023-02-01,08:08:04,16:09:33,112,-15.5,8.96,8:19,17:16,J Female,-10.933333333333337
3B00189A9F,2023-02-02,08:06:51,16:10:29,38,-16.9,9.02,8:17,17:18,J Female,-10.149999999999977
3B00189A9F,2023-02-03,08:05:20,17:00:07,70,-6.3,9.08,8:16,17:20,J Female,-10.666666666666686
3B00189A9F,2023-02-04,08:02:44,17:06:57,64,-1.8,9.14,8:14,17:22,J Female,-11.266666666666652
3B00189A9F,2023-02-05,08:02:42,17:15:03,56,-2.0,9.2,8:12,17:24,J Female,-9.300000000000011
3B00189A9F,2023-02-06,07:57:47,17:21:07,40,-0.7,9.27,8:10,17:26,J Female,-12.21666666666664
3B00189A9F,2023-02-07,07:55:57,17:17:23,26,0.5,9.33,8:08,17:28,J Female,-12.050000000000011
3B00189A9F,2023-02-08,07:57:46,17:20:00,62,-3.2,9.4,8:06,17:30,J Female,-8.233333333333348
3B00189A9F,2023-02-09,07:50:46,17:15:39,45,-6.1,9.46,8:05,17:32,J Female,-14.233333333333348
3B00189A9F,2023-02-10,07:49:48,17:27:16,32,-1.9,9.53,8:03,17:34,J Female,-13.199999999999989
3B00189A9F,2023-02-11,07:47:09,17:25:44,27,-2.9,9.59,8:01,17:36,J Female,-13.850000000000023
3B00189A9F,2023-02-12,07:48:32,17:24:32,37,-2.6,9.66,7:59,17:38,J Female,-10.46666666666664
3B00189A9F,2023-02-13,07:52:58,17:10:23,31,0.0,9.73,7:57,17:40,J Female,-4.03333333333336
3B00189A9F,2023-02-14,07:44:12,17:04:50,35,-10.0,9.79,7:55,17:42,J Female,-10.800000000000011
3B0018A4C3,2023-01-09,08:34:19,16:26:00,75,-8.4,7.81,8:47,16:35,J Female,-12.68333333333328
3B0018A4C3,2023-01-10,08:41:05,16:37:11,70,-8.2,7.84,8:46,16:37,J Female,-4.916666666666629
3B0018A4C3,2023-01-11,08:39:04,16:10:19,71,-7.2,7.88,8:46,16:38,J Female,-6.93333333333328
3B0018A4C3,2023-01-12,08:33:49,16:05:27,87,-12.6,7.92,8:45,16:40,J Female,-11.18333333333328
3B0018A4C3,2023-01-13,08:30:07,16:09:16,80,-13.1,7.96,8:44,16:42,J Female,-13.883333333333326
3B0018A4C3,2023-01-14,08:28:21,16:10:07,67,-10.7,8.0,8:43,16:43,J Female,-14.649999999999977
3B0018A4C3,2023-01-15,08:36:36,16:23:21,92,-8.8,8.05,8:42,16:45,J Female,-5.399999999999977
3B0018A4C3,2023-01-16,08:37:01,16:12:13,86,-5.4,8.09,8:41,16:47,J Female,-3.9833333333333485
3B0018A4C3,2023-01-17,08:53:42,16:11:45,64,-8.8,8.14,8:40,16:48,J Female,13.700000000000045
3B0018A4C3,2023-01-18,08:28:15,16:32:26,78,-13.4,8.18,8:39,16:50,J Female,-10.75
3B0018A4C3,2023-01-19,08:25:18,16:36:00,88,-10.6,8.23,8:38,16:52,J Female,-12.699999999999989
3B0018A4C3,2023-01-20,08:33:56,16:19:14,69,-4.1,8.28,8:37,16:54,J Female,-3.0666666666667197
3B0018A4C3,2023-01-21,08:29:49,16:16:55,65,0.4,8.33,8:35,16:55,J Female,-5.183333333333337
3B0018A4C3,2023-01-22,08:53:51,16:40:55,65,0.5,8.38,8:34,16:57,J Female,19.850000000000023
3B0018A4C3,2023-01-23,08:32:30,16:39:24,80,-2.8,8.44,8:33,16:59,J Female,-0.5
3B0018A4C3,2023-01-24,09:02:39,16:24:48,56,-0.1,8.49,8:31,17:01,J Female,31.649999999999977
3B0018A4C3,2023-01-25,08:28:48,16:38:28,60,-0.7,8.55,8:30,17:03,J Female,-1.1999999999999886
3B0018A4C3,2023-01-26,08:32:42,16:59:54,42,4.7,8.6,8:29,17:05,J Female,3.7000000000000455
3B0018A4C3,2023-01-27,08:34:12,16:21:50,57,-6.7,8.66,8:27,17:07,J Female,7.2000000000000455
3B0018A4C3,2023-01-28,08:17:18,16:35:54,71,-16.8,8.72,8:26,17:09,J Female,-8.699999999999989
3B0018A4C3,2023-01-29,08:25:55,16:17:04,73,-17.1,8.78,8:24,17:11,J Female,1.9166666666666856
3B0018A4C3,2023-01-30,08:19:15,16:25:23,74,-11.7,8.83,8:22,17:13,J Female,-2.75
3B0018A4C3,2023-01-31,08:15:04,16:31:28,80,-10.3,8.89,8:21,17:14,J Female,-5.933333333333337
3B0018A4C3,2023-02-01,08:23:40,16:01:33,82,-15.5,8.96,8:19,17:16,J Female,4.666666666666686
3B0018A4C3,2023-02-02,08:11:50,16:15:00,90,-16.9,9.02,8:17,17:18,J Female,-5.166666666666686
3B0018A4C3,2023-02-03,08:28:58,16:08:48,49,-6.3,9.08,8:16,17:20,J Female,12.96666666666664
3B0018A4C3,2023-02-04,08:28:35,16:55:05,66,-1.8,9.14,8:14,17:22,J Female,14.583333333333314
3B0018A4C3,2023-02-05,08:27:28,16:50:16,56,-2.0,9.2,8:12,17:24,J Female,15.46666666666664
3B0018A4C3,2023-02-06,08:33:00,16:49:44,63,-0.7,9.27,8:10,17:26,J Female,23.0
3B0018A4C3,2023-02-07,08:19:41,17:09:51,59,0.5,9.33,8:08,17:28,J Female,11.683333333333337
3B0018A4C3,2023-02-08,09:19:06,16:59:03,52,-3.2,9.4,8:06,17:30,J Female,73.10000000000002
3B0018A4C3,2023-02-09,08:20:21,16:53:24,56,-6.1,9.46,8:05,17:32,J Female,15.350000000000023
3B0018A4C3,2023-02-10,08:15:16,16:52:43,53,-1.9,9.53,8:03,17:34,J Female,12.266666666666652
3B0018A4C3,2023-02-11,08:14:01,17:20:11,45,-2.9,9.59,8:01,17:36,J Female,13.016666666666652
3B0018A4C3,2023-02-12,08:42:32,17:17:09,61,-2.6,9.66,7:59,17:38,J Female,43.5333333333333
3B0018A4C3,2023-02-13,08:29:03,17:21:18,46,0.0,9.73,7:57,17:40,J Female,32.05000000000001
3B0018A4C3,2023-02-14,08:08:15,16:50:49,35,-10.0,9.79,7:55,17:42,J Female,13.25
3B0018AB69,2023-01-09,08:29:41,16:27:15,59,-8.4,7.81,8:47,16:35,J Female,-17.316666666666663
3B0018AB69,2023-01-10,08:31:18,16:16:45,56,-8.2,7.84,8:46,16:37,J Female,-14.699999999999989
3B0018AB69,2023-01-11,08:25:24,16:12:07,50,-7.2,7.88,8:46,16:38,J Female,-20.600000000000023
3B0018AB69,2023-01-12,08:25:22,16:14:19,56,-12.6,7.92,8:45,16:40,J Female,-19.633333333333326
3B0018AB69,2023-01-13,08:21:42,16:26:45,84,-13.1,7.96,8:44,16:42,J Female,-22.30000000000001
3B0018AB69,2023-01-14,08:25:04,16:27:29,59,-10.7,8.0,8:43,16:43,J Female,-17.933333333333337
3B0018AB69,2023-01-15,08:24:25,16:30:50,61,-8.8,8.05,8:42,16:45,J Female,-17.583333333333314
3B0018AB69,2023-01-16,08:27:18,16:01:41,55,-5.4,8.09,8:41,16:47,J Female,-13.699999999999989
3B0018AB69,2023-01-17,08:25:31,16:31:17,58,-8.8,8.14,8:40,16:48,J Female,-14.483333333333348
3B0018AB69,2023-01-18,08:15:10,16:33:47,70,-13.4,8.18,8:39,16:50,J Female,-23.833333333333314
3B0018AB69,2023-01-19,08:18:22,16:39:59,70,-10.6,8.23,8:38,16:52,J Female,-19.633333333333326
3B0018AB69,2023-01-20,08:19:24,16:56:26,65,-4.1,8.28,8:37,16:54,J Female,-17.600000000000023
3B0018AB69,2023-01-21,08:16:40,16:48:18,62,0.4,8.33,8:35,16:55,J Female,-18.333333333333314
3B0018AB69,2023-01-22,08:17:30,16:53:49,46,0.5,8.38,8:34,16:57,J Female,-16.5
3B0018AB69,2023-01-23,08:19:59,16:58:01,52,-2.8,8.44,8:33,16:59,J Female,-13.016666666666652
3B0018AB69,2023-01-24,08:23:25,16:56:12,49,-0.1,8.49,8:31,17:01,J Female,-7.583333333333314
3B0018AB69,2023-01-25,08:16:20,17:03:36,48,-0.7,8.55,8:30,17:03,J Female,-13.666666666666686
3B0018AB69,2023-01-26,08:21:41,16:59:05,29,4.7,8.6,8:29,17:05,J Female,-7.316666666666663
3B0018AB69,2023-01-27,08:19:13,16:27:50,49,-6.7,8.66,8:27,17:07,J Female,-7.78333333333336
3B0018AB69,2023-01-28,08:10:10,16:32:34,59,-16.8,8.72,8:26,17:09,J Female,-15.833333333333314
3B0018AB69,2023-01-29,08:12:19,16:39:34,67,-17.1,8.78,8:24,17:11,J Female,-11.683333333333337
3B0018AB69,2023-01-30,08:07:35,16:52:25,71,-11.7,8.83,8:22,17:13,J Female,-14.416666666666686
3B0018AB69,2023-01-31,08:07:57,16:48:33,87,-10.3,8.89,8:21,17:14,J Female,-13.050000000000011
3B0018AB69,2023-02-01,08:01:38,16:36:54,62,-15.5,8.96,8:19,17:16,J Female,-17.366666666666674
3B0018AB69,2023-02-02,08:00:45,16:09:45,43,-16.9,9.02,8:17,17:18,J Female,-16.25
3B0018AB69,2023-02-03,08:08:06,17:00:25,79,-6.3,9.08,8:16,17:20,J Female,-7.899999999999977
3B0018AB69,2023-02-04,08:03:44,17:13:32,75,-1.8,9.14,8:14,17:22,J Female,-10.266666666666652
3B0018AB69,2023-02-05,07:58:19,17:16:00,59,-2.0,9.2,8:12,17:24,J Female,-13.683333333333337
3B0018AB69,2023-02-06,07:58:18,17:18:47,44,-0.7,9.27,8:10,17:26,J Female,-11.699999999999989
3B0018AB69,2023-02-07,07:55:46,16:58:10,24,0.5,9.33,8:08,17:28,J Female,-12.233333333333348
3B0018AB69,2023-02-08,07:50:08,17:20:24,51,-3.2,9.4,8:06,17:30,J Female,-15.866666666666674
3B0018AB69,2023-02-09,07:50:22,17:20:54,44,-6.1,9.46,8:05,17:32,J Female,-14.633333333333326
3B0018AB69,2023-02-10,07:49:27,17:26:37,23,-1.9,9.53,8:03,17:34,J Female,-13.550000000000011
3B0018AB69,2023-02-11,07:49:26,17:26:43,30,-2.9,9.59,8:01,17:36,J Female,-11.566666666666663
3B0018AB69,2023-02-12,07:45:29,17:38:04,40,-2.6,9.66,7:59,17:38,J Female,-13.516666666666652
3B0018AB69,2023-02-13,07:50:06,17:09:03,27,0.0,9.73,7:57,17:40,J Female,-6.899999999999977
3B0018AB69,2023-02-14,07:41:13,17:02:59,43,-10.0,9.79,7:55,17:42,J Female,-13.78333333333336
3B0018AFA2,2023-01-09,08:40:35,16:31:22,24,-8.4,7.81,8:47,16:35,J Female,-6.416666666666629
3B0018AFA2,2023-01-10,08:51:28,16:31:39,32,-8.2,7.84,8:46,16:37,J Female,5.466666666666697
3B0018AFA2,2023-01-11,08:44:42,16:17:43,25,-7.2,7.88,8:46,16:38,J Female,-1.2999999999999545
3B0018AFA2,2023-01-12,08:39:22,16:20:02,32,-12.6,7.92,8:45,16:40,J Female,-5.633333333333326
3B0018AFA2,2023-01-13,09:03:32,16:32:23,28,-13.1,7.96,8:44,16:42,J Female,19.533333333333303
3B0018AFA2,2023-01-14,08:35:37,16:15:43,20,-10.7,8.0,8:43,16:43,J Female,-7.383333333333326
3B0018AFA2,2023-01-15,10:41:35,16:41:53,12,-8.8,8.05,8:42,16:45,J Female,119.58333333333337
3B0018AFA2,2023-01-16,11:55:19,16:22:49,19,-5.4,8.09,8:41,16:47,J Female,194.31666666666672
3B0018AFA2,2023-01-17,12:04:08,16:27:04,21,-8.8,8.14,8:40,16:48,J Female,204.13333333333333
3B0018AFA2,2023-01-18,10:27:01,16:13:53,32,-13.4,8.18,8:39,16:50,J Female,108.01666666666665
3B0018AFA2,2023-01-19,13:05:24,16:41:30,20,-10.6,8.23,8:38,16:52,J Female,267.4
3B0018AFA2,2023-01-20,12:19:58,16:49:00,12,-4.1,8.28,8:37,16:54,J Female,222.9666666666667
3B0018AFA2,2023-01-22,09:34:55,16:35:34,11,0.5,8.38,8:34,16:57,J Female,60.91666666666663
3B0018AFA2,2023-01-26,09:04:36,17:00:18,21,4.7,8.6,8:29,17:05,J Female,35.60000000000002
3B0018AFA2,2023-01-27,10:57:58,16:22:52,36,-6.7,8.66,8:27,17:07,J Female,150.9666666666667
3B0018AFA2,2023-01-28,13:14:44,16:35:03,25,-16.8,8.72,8:26,17:09,J Female,288.73333333333335
3B0018AFA2,2023-01-29,12:38:07,16:27:49,21,-17.1,8.78,8:24,17:11,J Female,254.11666666666667
3B0018AFA2,2023-01-30,12:38:37,16:46:32,18,-11.7,8.83,8:22,17:13,J Female,256.6166666666667
3B0018AFA2,2023-01-31,08:30:10,16:44:07,19,-10.3,8.89,8:21,17:14,J Female,9.166666666666686
3B0018AFA2,2023-02-01,09:04:19,16:30:32,42,-15.5,8.96,8:19,17:16,J Female,45.31666666666672
3B0018AFA2,2023-02-02,12:09:26,16:34:52,18,-16.9,9.02,8:17,17:18,J Female,232.43333333333328
3B0018AFA2,2023-02-03,10:17:10,16:58:47,24,-6.3,9.08,8:16,17:20,J Female,121.16666666666663
3B0018AFA2,2023-02-04,13:23:44,17:08:59,27,-1.8,9.14,8:14,17:22,J Female,309.73333333333335
3B0018AFA2,2023-02-05,14:37:29,17:15:35,13,-2.0,9.2,8:12,17:24,J Female,385.48333333333335
3B0018AFA2,2023-02-06,10:43:26,17:19:56,22,-0.7,9.27,8:10,17:26,J Female,153.43333333333328
3B0018AFA2,2023-02-07,12:40:11,17:23:26,34,0.5,9.33,8:08,17:28,J Female,272.1833333333333
3B0018AFA2,2023-02-08,09:01:55,17:13:51,40,-3.2,9.4,8:06,17:30,J Female,55.91666666666663
3B0018AFA2,2023-02-09,12:39:54,17:16:02,11,-6.1,9.46,8:05,17:32,J Female,274.9
3B0018AFA2,2023-02-10,10:31:15,17:01:13,24,-1.9,9.53,8:03,17:34,J Female,148.25
3B0018AFA2,2023-02-11,11:51:27,17:45:12,24,-2.9,9.59,8:01,17:36,J Female,230.45000000000005
3B0018AFA2,2023-02-12,08:56:55,17:36:51,45,-2.6,9.66,7:59,17:38,J Female,57.91666666666663
3B0018AFA2,2023-02-13,08:01:05,17:28:33,36,0.0,9.73,7:57,17:40,J Female,4.083333333333314
3B0018AFA2,2023-02-14,08:50:38,16:16:43,27,-10.0,9.79,7:55,17:42,J Female,55.633333333333326
3B0018B868,2023-01-09,08:39:36,16:58:45,32,-8.4,7.81,8:47,16:35,A Female,-7.399999999999977
3B0018B868,2023-01-10,08:48:59,17:00:24,44,-8.2,7.84,8:46,16:37,A Female,2.9833333333333485
3B0018B868,2023-01-11,08:45:44,16:52:44,33,-7.2,7.88,8:46,16:38,A Female,-0.2666666666666515
3B0018B868,2023-01-12,08:44:01,16:54:23,44,-12.6,7.92,8:45,16:40,A Female,-0.9833333333333485
3B0018B868,2023-01-13,08:40:39,16:54:35,41,-13.1,7.96,8:44,16:42,A Female,-3.3500000000000227
3B0018B868,2023-01-14,08:44:04,16:59:23,20,-10.7,8.0,8:43,16:43,A Female,1.0666666666667197
3B0018B868,2023-01-15,09:42:43,16:05:24,21,-8.8,8.05,8:42,16:45,A Female,60.7166666666667
3B0018B868,2023-01-16,09:49:36,17:04:52,23,-5.4,8.09,8:41,16:47,A Female,68.60000000000002
3B0018B868,2023-01-17,10:25:11,17:01:32,38,-8.8,8.14,8:40,16:48,A Female,105.18333333333328
3B0018B868,2023-01-18,09:06:44,17:05:08,42,-13.4,8.18,8:39,16:50,A Female,27.73333333333335
3B0018B868,2023-01-19,09:10:15,17:11:31,30,-10.6,8.23,8:38,16:52,A Female,32.25
3B0018B868,2023-01-20,09:33:47,17:11:31,46,-4.1,8.28,8:37,16:54,A Female,56.7833333333333
3B0018B868,2023-01-21,08:26:51,17:10:50,24,0.4,8.33,8:35,16:55,A Female,-8.149999999999977
3B0018B868,2023-01-22,09:08:06,17:16:34,47,0.5,8.38,8:34,16:57,A Female,34.10000000000002
3B0018B868,2023-01-23,09:21:05,17:15:23,38,-2.8,8.44,8:33,16:59,A Female,48.08333333333337
3B0018B868,2023-01-24,08:20:17,17:16:35,48,-0.1,8.49,8:31,17:01,A Female,-10.71666666666664
3B0018B868,2023-01-25,08:53:10,17:19:48,35,-0.7,8.55,8:30,17:03,A Female,23.16666666666663
3B0018B868,2023-01-26,08:26:03,17:19:52,37,4.7,8.6,8:29,17:05,A Female,-2.9499999999999886
3B0018B868,2023-01-27,08:16:39,16:49:56,56,-6.7,8.66,8:27,17:07,A Female,-10.350000000000023
3B0018B868,2023-01-28,08:36:49,16:55:02,44,-16.8,8.72,8:26,17:09,A Female,10.81666666666672
3B0018B868,2023-01-29,08:44:30,17:05:01,43,-17.1,8.78,8:24,17:11,A Female,20.5
3B0018B868,2023-01-30,08:22:08,17:13:24,37,-11.7,8.83,8:22,17:13,A Female,0.13333333333332575
3B0018B868,2023-01-31,08:25:31,17:06:03,36,-10.3,8.89,8:21,17:14,A Female,4.5166666666666515
3B0018B868,2023-02-01,08:16:49,16:55:32,41,-15.5,8.96,8:19,17:16,A Female,-2.183333333333337
3B0018B868,2023-02-02,08:31:18,16:21:02,26,-16.9,9.02,8:17,17:18,A Female,14.300000000000011
3B0018B868,2023-02-03,09:18:30,17:20:17,34,-6.3,9.08,8:16,17:20,A Female,62.5
3B0018B868,2023-02-04,08:21:22,16:12:13,20,-1.8,9.14,8:14,17:22,A Female,7.366666666666674
3B0018B868,2023-02-05,08:56:06,17:38:29,39,-2.0,9.2,8:12,17:24,A Female,44.10000000000002
3B0018B868,2023-02-06,10:40:03,17:43:40,37,-0.7,9.27,8:10,17:26,A Female,150.04999999999995
3B0018B868,2023-02-07,08:10:03,17:35:41,47,0.5,9.33,8:08,17:28,A Female,2.0500000000000114
3B0018B868,2023-02-08,08:04:34,17:22:52,53,-3.2,9.4,8:06,17:30,A Female,-1.4333333333333371
3B0018B868,2023-02-09,08:16:29,17:37:57,41,-6.1,9.46,8:05,17:32,A Female,11.483333333333348
3B0018B868,2023-02-10,08:29:31,17:41:32,25,-1.9,9.53,8:03,17:34,A Female,26.51666666666665
3B0018B868,2023-02-11,08:11:46,17:54:11,23,-2.9,9.59,8:01,17:36,A Female,10.766666666666652
3B0018B868,2023-02-12,07:54:29,17:53:33,51,-2.6,9.66,7:59,17:38,A Female,-4.5166666666666515
3B0018B868,2023-02-13,08:46:30,17:54:31,45,0.0,9.73,7:57,17:40,A Female,49.5
3B0018B868,2023-02-14,08:00:58,17:53:25,54,-10.0,9.79,7:55,17:42,A Female,5.96666666666664
3B0018C2B9,2023-01-09,09:34:37,16:56:21,90,-8.4,7.81,8:47,16:35,J Male,47.616666666666674
3B0018C2B9,2023-01-10,08:26:47,16:46:31,84,-8.2,7.84,8:46,16:37,J Male,-19.21666666666664
3B0018C2B9,2023-01-11,09:12:06,16:44:12,88,-7.2,7.88,8:46,16:38,J Male,26.100000000000023
3B0018C2B9,2023-01-12,09:49:25,16:42:07,77,-12.6,7.92,8:45,16:40,J Male,64.41666666666663
3B0018C2B9,2023-01-13,08:35:17,16:56:21,65,-13.1,7.96,8:44,16:42,J Male,-8.716666666666697
3B0018C2B9,2023-01-14,09:54:34,16:50:56,68,-10.7,8.0,8:43,16:43,J Male,71.56666666666672
3B0018C2B9,2023-01-15,08:56:41,16:52:47,83,-8.8,8.05,8:42,16:45,J Male,14.68333333333328
3B0018C2B9,2023-01-16,09:10:57,16:47:50,100,-5.4,8.09,8:41,16:47,J Male,29.950000000000045
3B0018C2B9,2023-01-17,08:33:21,16:45:43,86,-8.8,8.14,8:40,16:48,J Male,-6.649999999999977
3B0018C2B9,2023-01-18,08:51:16,16:54:27,72,-13.4,8.18,8:39,16:50,J Male,12.266666666666652
3B0018C2B9,2023-01-19,08:25:03,16:59:31,65,-10.6,8.23,8:38,16:52,J Male,-12.949999999999989
3B0018C2B9,2023-01-20,08:33:23,17:01:25,81,-4.1,8.28,8:37,16:54,J Male,-3.6166666666666742
3B0018C2B9,2023-01-21,08:38:50,17:09:07,66,0.4,8.33,8:35,16:55,J Male,3.8333333333333712
3B0018C2B9,2023-01-22,08:30:29,17:07:24,79,0.5,8.38,8:34,16:57,J Male,-3.5166666666666515
3B0018C2B9,2023-01-23,08:49:14,17:06:25,61,-2.8,8.44,8:33,16:59,J Male,16.23333333333335
3B0018C2B9,2023-01-24,08:20:51,17:11:35,66,-0.1,8.49,8:31,17:01,J Male,-10.149999999999977
3B0018C2B9,2023-01-25,08:22:46,17:02:43,84,-0.7,8.55,8:30,17:03,J Male,-7.2333333333333485
3B0018C2B9,2023-01-26,08:15:02,17:15:16,52,4.7,8.6,8:29,17:05,J Male,-13.96666666666664
3B0018C2B9,2023-01-27,08:20:55,16:40:44,77,-6.7,8.66,8:27,17:07,J Male,-6.083333333333314
3B0018C2B9,2023-01-28,08:15:13,16:50:40,49,-16.8,8.72,8:26,17:09,J Male,-10.78333333333336
3B0018C2B9,2023-01-29,09:57:37,16:56:43,80,-17.1,8.78,8:24,17:11,J Male,93.61666666666667
3B0018C2B9,2023-01-30,08:15:11,16:59:16,100,-11.7,8.83,8:22,17:13,J Male,-6.816666666666663
3B0018C2B9,2023-01-31,08:32:54,16:32:55,108,-10.3,8.89,8:21,17:14,J Male,11.899999999999977
3B0018C2B9,2023-02-01,08:15:40,16:41:41,77,-15.5,8.96,8:19,17:16,J Male,-3.3333333333333144
3B0018C2B9,2023-02-02,08:15:25,16:46:10,82,-16.9,9.02,8:17,17:18,J Male,-1.5833333333333144
3B0018C2B9,2023-02-03,08:09:43,17:14:57,92,-6.3,9.08,8:16,17:20,J Male,-6.28333333333336
3B0018C2B9,2023-02-04,08:13:39,17:24:20,74,-1.8,9.14,8:14,17:22,J Male,-0.35000000000002274
3B0018C2B9,2023-02-05,08:36:33,17:27:29,80,-2.0,9.2,8:12,17:24,J Male,24.549999999999955
3B0018C2B9,2023-02-06,08:24:32,17:37:25,68,-0.7,9.27,8:10,17:26,J Male,14.53333333333336
3B0018C2B9,2023-02-07,09:30:44,17:31:32,72,0.5,9.33,8:08,17:28,J Male,82.73333333333335
3B0018C2B9,2023-02-08,08:03:42,17:37:20,96,-3.2,9.4,8:06,17:30,J Male,-2.3000000000000114
3B0018C2B9,2023-02-09,09:33:39,17:38:20,88,-6.1,9.46,8:05,17:32,J Male,88.64999999999998
3B0018C2B9,2023-02-10,08:15:52,17:54:29,46,-1.9,9.53,8:03,17:34,J Male,12.866666666666674
3B0018C2B9,2023-02-11,10:57:26,17:55:19,48,-2.9,9.59,8:01,17:36,J Male,176.43333333333328
3B0018C2B9,2023-02-12,11:53:45,17:48:45,45,-2.6,9.66,7:59,17:38,J Male,234.75
3B0018C2B9,2023-02-13,08:42:08,17:50:44,54,0.0,9.73,7:57,17:40,J Male,45.133333333333326
3B0018C2B9,2023-02-14,08:02:38,17:44:17,64,-10.0,9.79,7:55,17:42,J Male,7.633333333333326
3B0018CDB0,2023-01-09,08:34:16,16:33:26,72,-8.4,7.81,8:47,16:35,J Female,-12.733333333333348
3B0018CDB0,2023-01-10,08:36:31,16:30:16,57,-8.2,7.84,8:46,16:37,J Female,-9.483333333333348
3B0018CDB0,2023-01-11,08:37:25,16:34:18,93,-7.2,7.88,8:46,16:38,J Female,-8.583333333333371
3B0018CDB0,2023-01-12,08:35:12,16:23:51,83,-12.6,7.92,8:45,16:40,J Female,-9.799999999999955
3B0018CDB0,2023-01-13,08:32:59,16:21:06,83,-13.1,7.96,8:44,16:42,J Female,-11.016666666666652
3B0018CDB0,2023-01-14,08:30:53,16:34:14,76,-10.7,8.0,8:43,16:43,J Female,-12.116666666666674
3B0018CDB0,2023-01-15,08:33:16,16:31:18,72,-8.8,8.05,8:42,16:45,J Female,-8.733333333333348
3B0018CDB0,2023-01-16,08:36:34,16:29:08,63,-5.4,8.09,8:41,16:47,J Female,-4.43333333333328
3B0018CDB0,2023-01-17,08:37:30,16:32:21,64,-8.8,8.14,8:40,16:48,J Female,-2.5
3B0018CDB0,2023-01-18,08:25:09,16:42:36,65,-13.4,8.18,8:39,16:50,J Female,-13.850000000000023
3B0018CDB0,2023-01-19,08:26:25,16:39:40,56,-10.6,8.23,8:38,16:52,J Female,-11.583333333333314
3B0018CDB0,2023-01-20,08:26:00,16:56:17,61,-4.1,8.28,8:37,16:54,J Female,-11.0
3B0018CDB0,2023-01-21,10:33:58,16:43:27,52,0.4,8.33,8:35,16:55,J Female,118.9666666666667
3B0018CDB0,2023-01-22,08:31:00,16:49:52,48,0.5,8.38,8:34,16:57,J Female,-3.0
3B0018CDB0,2023-01-23,08:24:30,16:53:07,47,-2.8,8.44,8:33,16:59,J Female,-8.5
3B0018CDB0,2023-01-27,11:06:33,16:00:07,44,-6.7,8.66,8:27,17:07,J Female,159.54999999999995
3B0018CDB0,2023-01-28,13:17:03,16:36:52,33,-16.8,8.72,8:26,17:09,J Female,291.04999999999995
3B0018CDB0,2023-01-29,08:32:29,16:36:34,55,-17.1,8.78,8:24,17:11,J Female,8.483333333333348
3B0018CDB0,2023-01-30,08:15:46,16:47:31,49,-11.7,8.83,8:22,17:13,J Female,-6.2333333333333485
3B0018CDB0,2023-01-31,08:17:48,16:53:49,69,-10.3,8.89,8:21,17:14,J Female,-3.1999999999999886
3B0018CDB0,2023-02-01,08:14:37,16:32:39,31,-15.5,8.96,8:19,17:16,J Female,-4.383333333333326
3B0018CDB0,2023-02-02,08:21:36,16:38:17,73,-16.9,9.02,8:17,17:18,J Female,4.600000000000023
3B0018CDB0,2023-02-03,16:37:12,17:05:09,15,-6.3,9.08,8:16,17:20,J Female,501.20000000000005
3B0018D242,2023-01-09,08:33:01,15:48:35,123,-8.4,7.81,8:47,16:35,J Female,-13.983333333333348
3B0018D242,2023-01-10,08:34:34,16:17:31,152,-8.2,7.84,8:46,16:37,J Female,-11.43333333333328
3B0018D242,2023-01-11,08:32:11,15:43:02,122,-7.2,7.88,8:46,16:38,J Female,-13.81666666666672
3B0018D242,2023-01-12,08:32:08,15:59:05,133,-12.6,7.92,8:45,16:40,J Female,-12.866666666666674
3B0018D242,2023-01-13,08:31:48,16:20:55,116,-13.1,7.96,8:44,16:42,J Female,-12.199999999999989
3B0018D242,2023-01-14,08:29:30,16:18:39,74,-10.7,8.0,8:43,16:43,J Female,-13.5
3B0018D242,2023-01-15,08:27:16,16:23:49,79,-8.8,8.05,8:42,16:45,J Female,-14.733333333333348
3B0018D242,2023-01-16,08:33:52,16:15:22,100,-5.4,8.09,8:41,16:47,J Female,-7.133333333333326
3B0018D242,2023-01-17,08:31:52,16:25:58,106,-8.8,8.14,8:40,16:48,J Female,-8.133333333333326
3B0018D242,2023-01-18,08:24:20,16:32:11,114,-13.4,8.18,8:39,16:50,J Female,-14.666666666666686
3B0018D242,2023-01-19,08:35:07,16:20:53,74,-10.6,8.23,8:38,16:52,J Female,-2.8833333333333258
3B0018D242,2023-01-20,08:25:09,16:40:23,78,-4.1,8.28,8:37,16:54,J Female,-11.850000000000023
3B0018D242,2023-01-21,08:44:00,16:40:32,50,0.4,8.33,8:35,16:55,J Female,9.0
3B0018D242,2023-01-22,09:03:48,16:07:29,38,0.5,8.38,8:34,16:57,J Female,29.799999999999955
3B0018D242,2023-01-23,10:36:02,16:34:53,29,-2.8,8.44,8:33,16:59,J Female,123.0333333333333
3B0018D242,2023-01-24,11:55:53,15:33:28,24,-0.1,8.49,8:31,17:01,J Female,204.88333333333333
3B0018D242,2023-01-25,10:19:19,16:33:17,16,-0.7,8.55,8:30,17:03,J Female,109.31666666666672
3B0018D242,2023-01-26,15:08:55,16:48:42,11,4.7,8.6,8:29,17:05,J Female,399.91666666666663
3B0018D242,2023-01-27,09:28:09,16:07:51,57,-6.7,8.66,8:27,17:07,J Female,61.14999999999998
3B0018D242,2023-01-28,08:09:51,15:51:38,56,-16.8,8.72,8:26,17:09,J Female,-16.149999999999977
3B0018D242,2023-01-29,08:15:13,16:06:38,44,-17.1,8.78,8:24,17:11,J Female,-8.78333333333336
3B0018D242,2023-01-30,10:18:34,15:48:10,52,-11.7,8.83,8:22,17:13,J Female,116.56666666666672
3B0018D242,2023-01-31,09:15:10,16:40:52,67,-10.3,8.89,8:21,17:14,J Female,54.16666666666663
3B0018D242,2023-02-01,08:12:09,15:57:50,47,-15.5,8.96,8:19,17:16,J Female,-6.850000000000023
3B0018D242,2023-02-02,13:56:35,15:33:07,12,-16.9,9.02,8:17,17:18,J Female,339.58333333333337
3B0018D242,2023-02-03,10:21:35,16:34:07,81,-6.3,9.08,8:16,17:20,J Female,125.58333333333337
3B0018D242,2023-02-04,09:38:39,16:38:51,61,-1.8,9.14,8:14,17:22,J Female,84.64999999999998
3B0018D242,2023-02-05,10:19:28,17:06:37,33,-2.0,9.2,8:12,17:24,J Female,127.4666666666667
3B0018D242,2023-02-06,12:53:19,17:10:18,32,-0.7,9.27,8:10,17:26,J Female,283.3166666666667
3B0018D242,2023-02-07,11:51:39,16:33:44,26,0.5,9.33,8:08,17:28,J Female,223.64999999999998
3B0018D242,2023-02-08,09:19:51,17:08:46,45,-3.2,9.4,8:06,17:30,J Female,73.85000000000002
3B0018D242,2023-02-09,09:49:36,17:22:42,54,-6.1,9.46,8:05,17:32,J Female,104.60000000000002
3B0018D242,2023-02-10,09:52:20,17:36:44,45,-1.9,9.53,8:03,17:34,J Female,109.33333333333337
3B0018D242,2023-02-11,14:04:04,17:10:00,22,-2.9,9.59,8:01,17:36,J Female,363.0666666666667
3B0018D242,2023-02-12,13:09:32,17:34:15,33,-2.6,9.66,7:59,17:38,J Female,310.5333333333333
3B0018D242,2023-02-13,11:08:25,17:25:42,39,0.0,9.73,7:57,17:40,J Female,191.41666666666663
3B0018D242,2023-02-14,09:50:46,17:10:12,35,-10.0,9.79,7:55,17:42,J Female,115.76666666666665
3B0018E829,2023-01-09,08:37:37,16:28:52,83,-8.4,7.81,8:47,16:35,J Male,-9.383333333333326
3B0018E829,2023-01-10,08:24:38,16:27:19,86,-8.2,7.84,8:46,16:37,J Male,-21.366666666666674
3B0018E829,2023-01-11,08:42:43,15:18:31,89,-7.2,7.88,8:46,16:38,J Male,-3.283333333333303
3B0018E829,2023-01-12,08:29:56,16:11:24,110,-12.6,7.92,8:45,16:40,J Male,-15.066666666666663
3B0018E829,2023-01-13,08:25:09,16:04:43,84,-13.1,7.96,8:44,16:42,J Male,-18.850000000000023
3B0018E829,2023-01-14,08:23:24,16:14:11,93,-10.7,8.0,8:43,16:43,J Male,-19.600000000000023
3B0018E829,2023-01-15,08:36:34,16:22:40,80,-8.8,8.05,8:42,16:45,J Male,-5.43333333333328
3B0018E829,2023-01-16,08:43:40,16:15:50,67,-5.4,8.09,8:41,16:47,J Male,2.6666666666666288
3B0018E829,2023-01-17,08:29:42,16:15:33,75,-8.8,8.14,8:40,16:48,J Male,-10.300000000000011
3B0018E829,2023-01-18,08:29:48,15:56:29,75,-13.4,8.18,8:39,16:50,J Male,-9.199999999999989
3B0018E829,2023-01-19,08:25:14,16:18:10,98,-10.6,8.23,8:38,16:52,J Male,-12.766666666666652
3B0018E829,2023-01-20,08:23:28,16:35:22,70,-4.1,8.28,8:37,16:54,J Male,-13.53333333333336
3B0018E829,2023-01-21,09:14:21,16:55:03,71,0.4,8.33,8:35,16:55,J Male,39.35000000000002
3B0018E829,2023-01-22,08:22:46,16:53:54,58,0.5,8.38,8:34,16:57,J Male,-11.233333333333348
3B0018E829,2023-01-23,08:19:50,17:05:30,68,-2.8,8.44,8:33,16:59,J Male,-13.166666666666686
3B0018E829,2023-01-24,08:17:10,16:40:23,52,-0.1,8.49,8:31,17:01,J Male,-13.833333333333314
3B0018E829,2023-01-25,08:19:57,16:39:24,29,-0.7,8.55,8:30,17:03,J Male,-10.050000000000011
3B0018E829,2023-01-26,11:25:08,16:49:32,33,4.7,8.6,8:29,17:05,J Male,176.13333333333333
3B0018E829,2023-01-27,08:21:12,16:20:54,61,-6.7,8.66,8:27,17:07,J Male,-5.800000000000011
3B0018E829,2023-01-28,10:12:17,16:21:24,33,-16.8,8.72,8:26,17:09,J Male,106.2833333333333
3B0018E829,2023-01-29,08:24:13,16:28:23,34,-17.1,8.78,8:24,17:11,J Male,0.21666666666664014
3B0018E829,2023-01-30,08:11:29,16:08:58,29,-11.7,8.83,8:22,17:13,J Male,-10.516666666666652
3B0018E829,2023-01-31,08:15:42,16:15:33,64,-10.3,8.89,8:21,17:14,J Male,-5.300000000000011
3B0018E829,2023-02-01,08:12:47,16:18:01,44,-15.5,8.96,8:19,17:16,J Male,-6.21666666666664
3B0018E829,2023-02-02,09:03:50,14:06:49,50,-16.9,9.02,8:17,17:18,J Male,46.83333333333337
3B0018E829,2023-02-03,08:19:15,16:46:06,62,-6.3,9.08,8:16,17:20,J Male,3.25
3B0018E829,2023-02-04,08:12:19,16:58:42,28,-1.8,9.14,8:14,17:22,J Male,-1.6833333333333371
3B0018E829,2023-02-05,08:19:35,17:18:53,37,-2.0,9.2,8:12,17:24,J Male,7.583333333333314
3B0018E829,2023-02-06,08:49:21,17:13:38,59,-0.7,9.27,8:10,17:26,J Male,39.35000000000002
3B0018E829,2023-02-07,07:56:06,17:04:44,64,0.5,9.33,8:08,17:28,J Male,-11.899999999999977
3B0018E829,2023-02-08,08:10:05,16:45:04,85,-3.2,9.4,8:06,17:30,J Male,4.083333333333314
3B0018E829,2023-02-09,07:55:43,16:52:41,77,-6.1,9.46,8:05,17:32,J Male,-9.28333333333336
3B0018E829,2023-02-10,08:41:40,17:26:27,62,-1.9,9.53,8:03,17:34,J Male,38.66666666666663
3B0018E829,2023-02-11,09:21:02,17:11:37,59,-2.9,9.59,8:01,17:36,J Male,80.0333333333333
3B0018E829,2023-02-12,07:58:57,16:55:23,43,-2.6,9.66,7:59,17:38,J Male,-0.05000000000001137
3B0018E829,2023-02-13,08:05:01,16:55:43,52,0.0,9.73,7:57,17:40,J Male,8.016666666666652
3B0018E829,2023-02-14,08:16:59,16:48:33,87,-10.0,9.79,7:55,17:42,J Male,21.98333333333335
3B0018EE3F,2023-01-09,08:56:13,16:31:51,23,-8.4,7.81,8:47,16:35,J Female,9.216666666666697
3B0018EE3F,2023-01-10,08:36:48,11:25:35,21,-8.2,7.84,8:46,16:37,J Female,-9.200000000000045
3B0018EE3F,2023-01-11,09:08:38,16:18:09,69,-7.2,7.88,8:46,16:38,J Female,22.633333333333326
3B0018EE3F,2023-01-12,09:07:14,16:09:58,88,-12.6,7.92,8:45,16:40,J Female,22.23333333333335
3B0018EE3F,2023-01-13,10:09:31,16:04:41,91,-13.1,7.96,8:44,16:42,J Female,85.51666666666665
3B0018EE3F,2023-01-14,08:54:19,16:25:01,83,-10.7,8.0,8:43,16:43,J Female,11.31666666666672
3B0018EE3F,2023-01-15,10:46:54,15:53:35,76,-8.8,8.05,8:42,16:45,J Female,124.89999999999998
3B0018EE3F,2023-01-16,09:01:26,16:12:30,75,-5.4,8.09,8:41,16:47,J Female,20.43333333333328
3B0018EE3F,2023-01-17,09:53:10,16:22:53,56,-8.8,8.14,8:40,16:48,J Female,73.16666666666663
3B0018EE3F,2023-01-18,10:35:17,16:22:06,109,-13.4,8.18,8:39,16:50,J Female,116.2833333333333
3B0018EE3F,2023-01-19,11:04:03,16:33:15,53,-10.6,8.23,8:38,16:52,J Female,146.04999999999995
3B0018EE3F,2023-01-20,10:35:59,16:39:30,66,-4.1,8.28,8:37,16:54,J Female,118.98333333333335
3B0018EE3F,2023-01-21,14:17:38,16:26:58,45,0.4,8.33,8:35,16:55,J Female,342.6333333333333
3B0018EE3F,2023-01-22,08:39:28,16:51:24,53,0.5,8.38,8:34,16:57,J Female,5.466666666666697
3B0018EE3F,2023-01-23,13:42:30,16:42:12,25,-2.8,8.44,8:33,16:59,J Female,309.5
3B0018EE3F,2023-01-24,12:25:07,16:09:23,33,-0.1,8.49,8:31,17:01,J Female,234.11666666666667
3B0018EE3F,2023-01-25,12:46:58,13:28:04,10,-0.7,8.55,8:30,17:03,J Female,256.9666666666667
3B0018EE3F,2023-01-26,09:13:44,16:04:25,18,4.7,8.6,8:29,17:05,J Female,44.73333333333335
3B0018EE3F,2023-01-27,09:20:02,16:15:39,61,-6.7,8.66,8:27,17:07,J Female,53.0333333333333
3B0018EE3F,2023-01-28,10:52:17,16:31:34,46,-16.8,8.72,8:26,17:09,J Female,146.2833333333333
3B0018EE3F,2023-01-29,11:27:19,16:42:25,56,-17.1,8.78,8:24,17:11,J Female,183.31666666666672
3B0018EE3F,2023-01-30,12:13:06,16:44:26,61,-11.7,8.83,8:22,17:13,J Female,231.10000000000002
3B0018EE3F,2023-01-31,08:50:08,16:48:43,96,-10.3,8.89,8:21,17:14,J Female,29.133333333333326
3B0018EE3F,2023-02-01,09:00:52,16:37:45,95,-15.5,8.96,8:19,17:16,J Female,41.866666666666674
3B0018EE3F,2023-02-02,09:48:22,16:30:38,82,-16.9,9.02,8:17,17:18,J Female,91.36666666666667
3B0018EE3F,2023-02-03,12:00:44,15:13:51,33,-6.3,9.08,8:16,17:20,J Female,224.73333333333335
3B0018EE3F,2023-02-04,11:01:24,14:21:35,18,-1.8,9.14,8:14,17:22,J Female,167.39999999999998
3B0018EE3F,2023-02-05,12:27:38,15:50:21,35,-2.0,9.2,8:12,17:24,J Female,255.63333333333333
3B0018EE3F,2023-02-06,13:25:31,14:25:06,24,-0.7,9.27,8:10,17:26,J Female,315.51666666666665
3B0018EE3F,2023-02-07,09:29:24,16:17:12,34,0.5,9.33,8:08,17:28,J Female,81.39999999999998
3B0018EE3F,2023-02-08,09:09:25,17:06:10,58,-3.2,9.4,8:06,17:30,J Female,63.41666666666663
3B0018EE3F,2023-02-09,10:30:47,16:59:50,55,-6.1,9.46,8:05,17:32,J Female,145.7833333333333
3B0018EE3F,2023-02-10,10:43:50,16:18:39,41,-1.9,9.53,8:03,17:34,J Female,160.83333333333337
3B0018EE3F,2023-02-11,13:40:03,17:36:28,36,-2.9,9.59,8:01,17:36,J Female,339.04999999999995
3B0018EE3F,2023-02-12,12:17:13,16:52:13,39,-2.6,9.66,7:59,17:38,J Female,258.2166666666667
3B0018EE3F,2023-02-13,10:29:33,16:40:45,54,0.0,9.73,7:57,17:40,J Female,152.54999999999995
3B0018EE3F,2023-02-14,10:13:18,16:33:29,37,-10.0,9.79,7:55,17:42,J Female,138.29999999999995
3B0018FE65,2023-01-09,08:33:17,16:33:57,55,-8.4,7.81,8:47,16:35,J Female,-13.716666666666697
3B0018FE65,2023-01-10,08:29:59,16:39:16,55,-8.2,7.84,8:46,16:37,J Female,-16.01666666666665
3B0018FE65,2023-01-11,09:58:14,16:33:58,50,-7.2,7.88,8:46,16:38,J Female,72.23333333333335
3B0018FE65,2023-01-12,08:31:08,16:27:39,61,-12.6,7.92,8:45,16:40,J Female,-13.866666666666674
3B0018FE65,2023-01-13,08:26:25,16:29:18,75,-13.1,7.96,8:44,16:42,J Female,-17.583333333333314
3B0018FE65,2023-01-14,08:30:52,16:40:24,60,-10.7,8.0,8:43,16:43,J Female,-12.133333333333326
3B0018FE65,2023-01-15,08:33:57,16:37:25,74,-8.8,8.05,8:42,16:45,J Female,-8.049999999999955
3B0018FE65,2023-01-16,08:31:37,16:31:54,79,-5.4,8.09,8:41,16:47,J Female,-9.383333333333326
3B0018FE65,2023-01-17,08:30:01,16:39:44,83,-8.8,8.14,8:40,16:48,J Female,-9.983333333333348
3B0018FE65,2023-01-18,08:24:37,16:40:09,88,-13.4,8.18,8:39,16:50,J Female,-14.383333333333326
3B0018FE65,2023-01-19,08:21:14,16:42:39,67,-10.6,8.23,8:38,16:52,J Female,-16.76666666666665
3B0018FE65,2023-01-20,08:23:10,16:40:02,48,-4.1,8.28,8:37,16:54,J Female,-13.833333333333314
3B0018FE65,2023-01-21,08:22:22,16:50:07,24,0.4,8.33,8:35,16:55,J Female,-12.633333333333326
3B0018FE65,2023-01-22,08:20:08,16:47:51,31,0.5,8.38,8:34,16:57,J Female,-13.866666666666674
3B0018FE65,2023-01-23,09:10:05,16:56:25,38,-2.8,8.44,8:33,16:59,J Female,37.08333333333337
3B0018FE65,2023-01-24,08:23:51,17:04:33,49,-0.1,8.49,8:31,17:01,J Female,-7.149999999999977
3B0018FE65,2023-01-25,08:17:23,16:57:33,66,-0.7,8.55,8:30,17:03,J Female,-12.616666666666674
3B0018FE65,2023-01-26,08:09:10,16:40:34,43,4.7,8.6,8:29,17:05,J Female,-19.833333333333314
3B0018FE65,2023-01-27,08:19:20,16:40:07,56,-6.7,8.66,8:27,17:07,J Female,-7.666666666666686
3B0018FE65,2023-01-28,08:14:49,16:32:47,55,-16.8,8.72,8:26,17:09,J Female,-11.183333333333337
3B0018FE65,2023-01-29,08:14:07,16:32:42,63,-17.1,8.78,8:24,17:11,J Female,-9.883333333333326
3B0018FE65,2023-01-30,08:22:07,16:43:45,59,-11.7,8.83,8:22,17:13,J Female,0.11666666666667425
3B0018FE65,2023-01-31,08:06:51,16:49:10,50,-10.3,8.89,8:21,17:14,J Female,-14.149999999999977
3B0018FE65,2023-02-01,08:06:15,16:25:21,44,-15.5,8.96,8:19,17:16,J Female,-12.75
3B0018FE65,2023-02-02,08:48:34,16:16:26,52,-16.9,9.02,8:17,17:18,J Female,31.56666666666672
3B0018FE65,2023-02-03,08:14:39,16:56:24,54,-6.3,9.08,8:16,17:20,J Female,-1.3500000000000227
3B0018FE65,2023-02-04,08:22:31,16:46:26,25,-1.8,9.14,8:14,17:22,J Female,8.516666666666652
3B0018FE65,2023-02-05,08:04:04,17:16:05,36,-2.0,9.2,8:12,17:24,J Female,-7.933333333333337
3B0018FE65,2023-02-06,08:30:09,16:50:03,20,-0.7,9.27,8:10,17:26,J Female,20.149999999999977
3B0018FE65,2023-02-07,10:34:09,17:12:25,20,0.5,9.33,8:08,17:28,J Female,146.14999999999998
3B0018FE65,2023-02-08,08:10:15,17:19:02,26,-3.2,9.4,8:06,17:30,J Female,4.25
3B0018FE65,2023-02-09,08:35:22,17:25:40,34,-6.1,9.46,8:05,17:32,J Female,30.366666666666674
3B0018FE65,2023-02-10,08:12:29,17:36:50,20,-1.9,9.53,8:03,17:34,J Female,9.483333333333348
3B0018FE65,2023-02-11,08:26:18,17:38:35,24,-2.9,9.59,8:01,17:36,J Female,25.30000000000001
3B0018FE65,2023-02-12,09:23:53,17:06:57,37,-2.6,9.66,7:59,17:38,J Female,84.88333333333333
3B0018FE65,2023-02-13,08:40:52,17:22:53,61,0.0,9.73,7:57,17:40,J Female,43.866666666666674
3B0018FE65,2023-02-14,08:13:41,17:10:44,55,-10.0,9.79,7:55,17:42,J Female,18.683333333333337
3B001903B2,2023-01-09,09:03:26,16:40:57,118,-8.4,7.81,8:47,16:35,J Male,16.43333333333328
3B001903B2,2023-01-10,09:01:15,16:53:12,103,-8.2,7.84,8:46,16:37,J Male,15.25
3B001903B2,2023-01-11,09:50:32,16:46:23,73,-7.2,7.88,8:46,16:38,J Male,64.5333333333333
3B001903B2,2023-01-12,09:52:05,16:37:54,61,-12.6,7.92,8:45,16:40,J Male,67.08333333333337
3B001903B2,2023-01-13,10:08:23,16:34:57,65,-13.1,7.96,8:44,16:42,J Male,84.38333333333333
3B001903B2,2023-01-14,10:28:37,16:47:18,36,-10.7,8.0,8:43,16:43,J Male,105.61666666666667
3B001903B2,2023-01-15,09:20:12,16:48:25,51,-8.8,8.05,8:42,16:45,J Male,38.200000000000045
3B001903B2,2023-01-16,10:26:20,16:47:54,59,-5.4,8.09,8:41,16:47,J Male,105.33333333333337
3B001903B2,2023-01-17,08:52:33,16:42:06,69,-8.8,8.14,8:40,16:48,J Male,12.549999999999955
3B001903B2,2023-01-18,08:53:38,16:51:20,61,-13.4,8.18,8:39,16:50,J Male,14.633333333333326
3B001903B2,2023-01-19,09:08:58,16:43:17,37,-10.6,8.23,8:38,16:52,J Male,30.966666666666697
3B001903B2,2023-01-20,10:30:30,16:54:55,43,-4.1,8.28,8:37,16:54,J Male,113.5
3B001903B2,2023-01-21,09:01:04,16:59:21,32,0.4,8.33,8:35,16:55,J Male,26.06666666666672
3B001903B2,2023-01-22,10:39:09,17:02:58,25,0.5,8.38,8:34,16:57,J Male,125.14999999999998
3B001903B2,2023-01-23,09:17:40,17:12:45,40,-2.8,8.44,8:33,16:59,J Male,44.66666666666663
3B001903B2,2023-01-24,08:58:56,17:12:57,49,-0.1,8.49,8:31,17:01,J Male,27.93333333333328
3B001903B2,2023-01-25,08:52:27,17:04:07,31,-0.7,8.55,8:30,17:03,J Male,22.450000000000045
3B001903B2,2023-01-26,10:04:08,17:13:47,50,4.7,8.6,8:29,17:05,J Male,95.13333333333333
3B001903B2,2023-01-27,09:11:41,16:48:07,52,-6.7,8.66,8:27,17:07,J Male,44.68333333333328
3B001903B2,2023-01-28,10:04:34,16:49:39,23,-16.8,8.72,8:26,17:09,J Male,98.56666666666672
3B001903B2,2023-01-29,09:07:25,16:44:35,10,-17.1,8.78,8:24,17:11,J Male,43.41666666666663
3B001903B2,2023-01-30,09:50:43,16:56:22,47,-11.7,8.83,8:22,17:13,J Male,88.7166666666667
3B001903B2,2023-01-31,09:03:46,16:57:41,57,-10.3,8.89,8:21,17:14,J Male,42.76666666666665
3B001903B2,2023-02-01,08:48:50,16:19:27,19,-15.5,8.96,8:19,17:16,J Male,29.83333333333337
3B001903B2,2023-02-02,09:55:33,16:51:31,34,-16.9,9.02,8:17,17:18,J Male,98.54999999999995
3B001903B2,2023-02-03,09:20:09,17:09:33,41,-6.3,9.08,8:16,17:20,J Male,64.14999999999998
3B001903B2,2023-02-04,08:02:13,17:30:23,62,-1.8,9.14,8:14,17:22,J Male,-11.78333333333336
3B001903B2,2023-02-05,08:53:06,17:17:21,52,-2.0,9.2,8:12,17:24,J Male,41.10000000000002
3B001903B2,2023-02-06,09:21:37,17:28:09,52,-0.7,9.27,8:10,17:26,J Male,71.61666666666667
3B001903B2,2023-02-07,09:30:51,17:25:37,72,0.5,9.33,8:08,17:28,J Male,82.85000000000002
3B001903B2,2023-02-08,08:29:21,17:31:16,68,-3.2,9.4,8:06,17:30,J Male,23.350000000000023
3B001903B2,2023-02-09,08:22:10,17:23:01,64,-6.1,9.46,8:05,17:32,J Male,17.166666666666686
3B001903B2,2023-02-10,10:22:36,17:41:49,26,-1.9,9.53,8:03,17:34,J Male,139.60000000000002
3B001903B2,2023-02-11,09:38:07,17:39:22,26,-2.9,9.59,8:01,17:36,J Male,97.11666666666667
3B001903B2,2023-02-12,09:14:24,17:45:42,47,-2.6,9.66,7:59,17:38,J Male,75.39999999999998
3B001903B2,2023-02-13,09:22:15,17:30:02,52,0.0,9.73,7:57,17:40,J Male,85.25
3B001903B2,2023-02-14,09:47:24,17:39:15,30,-10.0,9.79,7:55,17:42,J Male,112.39999999999998
3B00191A7D,2023-01-09,08:42:33,16:36:48,45,-8.4,7.81,8:47,16:35,J Female,-4.4500000000000455
3B00191A7D,2023-01-10,08:36:33,16:40:09,76,-8.2,7.84,8:46,16:37,J Female,-9.450000000000045
3B00191A7D,2023-01-11,08:42:05,16:35:01,63,-7.2,7.88,8:46,16:38,J Female,-3.9166666666666288
3B00191A7D,2023-01-12,09:18:16,16:32:42,56,-12.6,7.92,8:45,16:40,J Female,33.26666666666665
3B00191A7D,2023-01-13,08:41:02,16:24:36,67,-13.1,7.96,8:44,16:42,J Female,-2.966666666666697
3B00191A7D,2023-01-14,09:14:19,16:42:41,46,-10.7,8.0,8:43,16:43,J Female,31.31666666666672
3B00191A7D,2023-01-15,08:32:02,16:40:41,56,-8.8,8.05,8:42,16:45,J Female,-9.966666666666697
3B00191A7D,2023-01-16,08:38:16,16:34:24,75,-5.4,8.09,8:41,16:47,J Female,-2.7333333333333485
3B00191A7D,2023-01-17,08:43:19,16:41:01,65,-8.8,8.14,8:40,16:48,J Female,3.3166666666667197
3B00191A7D,2023-01-18,08:37:22,16:44:24,74,-13.4,8.18,8:39,16:50,J Female,-1.6333333333333258
3B00191A7D,2023-01-19,08:33:47,16:43:24,61,-10.6,8.23,8:38,16:52,J Female,-4.216666666666697
3B00191A7D,2023-01-20,08:32:13,17:02:08,66,-4.1,8.28,8:37,16:54,J Female,-4.783333333333303
3B00191A7D,2023-01-21,10:09:27,16:55:06,55,0.4,8.33,8:35,16:55,J Female,94.45000000000005
3B00191A7D,2023-01-22,08:38:56,16:33:42,56,0.5,8.38,8:34,16:57,J Female,4.93333333333328
3B00191A7D,2023-01-23,08:39:02,17:01:15,53,-2.8,8.44,8:33,16:59,J Female,6.033333333333303
3B00191A7D,2023-01-24,10:27:02,17:01:15,40,-0.1,8.49,8:31,17:01,J Female,116.0333333333333
3B00191A7D,2023-01-25,08:50:43,17:01:39,53,-0.7,8.55,8:30,17:03,J Female,20.716666666666697
3B00191A7D,2023-01-26,08:30:38,17:05:39,45,4.7,8.6,8:29,17:05,J Female,1.6333333333333258
3B00191A7D,2023-01-27,08:26:01,16:27:21,65,-6.7,8.66,8:27,17:07,J Female,-0.9833333333333485
3B00191A7D,2023-01-28,08:24:59,16:27:22,44,-16.8,8.72,8:26,17:09,J Female,-1.0166666666666515
3B00191A7D,2023-01-29,10:11:06,16:56:39,41,-17.1,8.78,8:24,17:11,J Female,107.10000000000002
3B00191A7D,2023-01-30,08:19:59,16:34:29,46,-11.7,8.83,8:22,17:13,J Female,-2.0166666666666515
3B00191A7D,2023-01-31,08:18:53,16:42:25,73,-10.3,8.89,8:21,17:14,J Female,-2.1166666666666742
3B00191A7D,2023-02-01,08:21:19,16:24:34,67,-15.5,8.96,8:19,17:16,J Female,2.316666666666663
3B00191A7D,2023-02-02,08:42:35,16:36:21,47,-16.9,9.02,8:17,17:18,J Female,25.58333333333337
3B00191A7D,2023-02-03,08:23:29,17:04:18,65,-6.3,9.08,8:16,17:20,J Female,7.4833333333333485
3B00191A7D,2023-02-04,10:56:13,17:00:47,57,-1.8,9.14,8:14,17:22,J Female,162.2166666666667
3B00191A7D,2023-02-05,08:18:00,17:20:32,63,-2.0,9.2,8:12,17:24,J Female,6.0
3B00191A7D,2023-02-06,08:10:05,17:21:35,51,-0.7,9.27,8:10,17:26,J Female,0.08333333333331439
3B00191A7D,2023-02-07,08:58:56,17:12:13,42,0.5,9.33,8:08,17:28,J Female,50.93333333333328
3B00191A7D,2023-02-08,08:15:57,17:13:58,67,-3.2,9.4,8:06,17:30,J Female,9.949999999999989
3B00191A7D,2023-02-09,08:16:44,17:22:55,58,-6.1,9.46,8:05,17:32,J Female,11.733333333333348
3B00191A7D,2023-02-10,08:11:00,17:25:53,52,-1.9,9.53,8:03,17:34,J Female,8.0
3B00191A7D,2023-02-11,08:05:09,17:41:31,45,-2.9,9.59,8:01,17:36,J Female,4.149999999999977
3B00191A7D,2023-02-12,08:15:37,17:18:13,53,-2.6,9.66,7:59,17:38,J Female,16.616666666666674
3B00191A7D,2023-02-13,08:36:56,17:19:14,51,0.0,9.73,7:57,17:40,J Female,39.93333333333328
3B00191A7D,2023-02-14,08:01:16,16:52:17,42,-10.0,9.79,7:55,17:42,J Female,6.2666666666666515
3B00191B19,2023-01-09,08:34:45,16:46:03,91,-8.4,7.81,8:47,16:35,J Female,-12.25
3B00191B19,2023-01-10,08:38:15,16:50:48,95,-8.2,7.84,8:46,16:37,J Female,-7.75
3B00191B19,2023-01-11,08:45:56,16:47:13,90,-7.2,7.88,8:46,16:38,J Female,-0.06666666666671972
3B00191B19,2023-01-12,08:34:58,16:41:15,118,-12.6,7.92,8:45,16:40,J Female,-10.033333333333303
3B00191B19,2023-01-13,08:44:38,16:43:42,83,-13.1,7.96,8:44,16:42,J Female,0.6333333333333258
3B00191B19,2023-01-14,08:40:35,16:59:56,102,-10.7,8.0,8:43,16:43,J Female,-2.4166666666666288
3B00191B19,2023-01-15,08:55:57,16:43:54,103,-8.8,8.05,8:42,16:45,J Female,13.950000000000045
3B00191B19,2023-01-16,08:39:51,16:31:06,79,-5.4,8.09,8:41,16:47,J Female,-1.1499999999999773
3B00191B19,2023-01-17,08:32:35,16:37:00,150,-8.8,8.14,8:40,16:48,J Female,-7.416666666666629
3B00191B19,2023-01-18,08:41:12,16:49:08,130,-13.4,8.18,8:39,16:50,J Female,2.2000000000000455
3B00191B19,2023-01-19,08:36:09,16:47:23,143,-10.6,8.23,8:38,16:52,J Female,-1.8500000000000227
3B00191B19,2023-01-20,08:24:11,16:48:22,117,-4.1,8.28,8:37,16:54,J Female,-12.816666666666663
3B00191B19,2023-01-21,08:29:09,16:49:32,124,0.4,8.33,8:35,16:55,J Female,-5.850000000000023
3B00191B19,2023-01-22,08:32:09,17:13:52,106,0.5,8.38,8:34,16:57,J Female,-1.8500000000000227
3B00191B19,2023-01-23,08:33:42,17:06:21,87,-2.8,8.44,8:33,16:59,J Female,0.7000000000000455
3B00191B19,2023-01-24,08:29:16,17:05:50,127,-0.1,8.49,8:31,17:01,J Female,-1.7333333333333485
3B00191B19,2023-01-25,08:24:08,17:01:33,110,-0.7,8.55,8:30,17:03,J Female,-5.866666666666674
3B00191B19,2023-01-26,08:25:45,17:09:23,65,4.7,8.6,8:29,17:05,J Female,-3.25
3B00191B19,2023-01-27,08:24:02,16:56:43,89,-6.7,8.66,8:27,17:07,J Female,-2.96666666666664
3B00191B19,2023-01-28,08:24:12,16:29:36,88,-16.8,8.72,8:26,17:09,J Female,-1.8000000000000114
3B00191B19,2023-01-29,08:25:12,16:57:15,99,-17.1,8.78,8:24,17:11,J Female,1.1999999999999886
3B00191B19,2023-01-30,08:28:24,17:01:57,80,-11.7,8.83,8:22,17:13,J Female,6.399999999999977
3B00191B19,2023-01-31,08:32:39,16:59:47,104,-10.3,8.89,8:21,17:14,J Female,11.649999999999977
3B00191B19,2023-02-01,08:09:36,16:59:19,110,-15.5,8.96,8:19,17:16,J Female,-9.399999999999977
3B00191B19,2023-02-02,08:29:42,16:38:36,62,-16.9,9.02,8:17,17:18,J Female,12.699999999999989
3B00191B19,2023-02-03,08:16:46,17:09:03,82,-6.3,9.08,8:16,17:20,J Female,0.7666666666666515
3B00191B19,2023-02-04,08:09:49,17:15:29,94,-1.8,9.14,8:14,17:22,J Female,-4.183333333333337
3B00191B19,2023-02-05,08:21:38,17:22:35,75,-2.0,9.2,8:12,17:24,J Female,9.633333333333326
3B00191B19,2023-02-06,10:38:02,17:33:57,75,-0.7,9.27,8:10,17:26,J Female,148.0333333333333
3B00191B19,2023-02-07,08:32:58,17:26:10,89,0.5,9.33,8:08,17:28,J Female,24.966666666666697
3B00191B19,2023-02-08,08:15:03,17:33:49,94,-3.2,9.4,8:06,17:30,J Female,9.050000000000011
3B00191B19,2023-02-09,08:37:52,17:23:10,79,-6.1,9.46,8:05,17:32,J Female,32.866666666666674
3B00191B19,2023-02-10,09:27:55,17:32:43,67,-1.9,9.53,8:03,17:34,J Female,84.91666666666663
3B00191B19,2023-02-11,08:45:53,17:37:39,63,-2.9,9.59,8:01,17:36,J Female,44.883333333333326
3B00191B19,2023-02-12,08:27:28,17:44:34,81,-2.6,9.66,7:59,17:38,J Female,28.46666666666664
3B00191B19,2023-02-13,08:10:22,17:41:49,68,0.0,9.73,7:57,17:40,J Female,13.366666666666674
3B00191B19,2023-02-14,08:08:21,17:18:51,85,-10.0,9.79,7:55,17:42,J Female,13.350000000000023
3B00193F5A,2023-01-09,08:42:19,16:52:54,72,-8.4,7.81,8:47,16:35,J Male,-4.68333333333328
3B00193F5A,2023-01-10,08:31:45,16:41:09,81,-8.2,7.84,8:46,16:37,J Male,-14.25
3B00193F5A,2023-01-11,08:33:45,16:45:22,62,-7.2,7.88,8:46,16:38,J Male,-12.25
3B00193F5A,2023-01-12,09:16:27,16:44:53,78,-12.6,7.92,8:45,16:40,J Male,31.450000000000045
3B00193F5A,2023-01-13,09:31:02,16:54:22,84,-13.1,7.96,8:44,16:42,J Male,47.0333333333333
3B00193F5A,2023-01-14,09:36:24,16:15:16,60,-10.7,8.0,8:43,16:43,J Male,53.39999999999998
3B00193F5A,2023-01-15,08:27:54,16:48:13,82,-8.8,8.05,8:42,16:45,J Male,-14.100000000000023
3B00193F5A,2023-01-16,09:01:33,17:03:15,78,-5.4,8.09,8:41,16:47,J Male,20.549999999999955
3B00193F5A,2023-01-17,08:38:52,16:36:52,71,-8.8,8.14,8:40,16:48,J Male,-1.1333333333333258
3B00193F5A,2023-01-18,10:34:48,16:53:41,69,-13.4,8.18,8:39,16:50,J Male,115.79999999999995
3B00193F5A,2023-01-19,09:16:48,16:55:45,80,-10.6,8.23,8:38,16:52,J Male,38.799999999999955
3B00193F5A,2023-01-20,09:15:55,17:10:42,67,-4.1,8.28,8:37,16:54,J Male,38.91666666666663
3B00193F5A,2023-01-21,08:48:09,17:06:39,58,0.4,8.33,8:35,16:55,J Male,13.149999999999977
3B00193F5A,2023-01-22,08:34:34,16:47:00,67,0.5,8.38,8:34,16:57,J Male,0.5666666666667197
3B00193F5A,2023-01-23,09:13:50,17:15:02,78,-2.8,8.44,8:33,16:59,J Male,40.83333333333337
3B00193F5A,2023-01-24,08:31:58,17:09:46,67,-0.1,8.49,8:31,17:01,J Male,0.9666666666666401
3B00193F5A,2023-01-25,09:13:02,17:03:04,66,-0.7,8.55,8:30,17:03,J Male,43.0333333333333
3B00193F5A,2023-01-26,08:37:26,17:05:11,59,4.7,8.6,8:29,17:05,J Male,8.43333333333328
3B00193F5A,2023-01-27,08:45:52,16:49:06,81,-6.7,8.66,8:27,17:07,J Male,18.866666666666674
3B00193F5A,2023-01-28,09:03:22,16:52:06,98,-16.8,8.72,8:26,17:09,J Male,37.366666666666674
3B00193F5A,2023-01-29,09:08:54,17:13:10,91,-17.1,8.78,8:24,17:11,J Male,44.89999999999998
3B00193F5A,2023-01-30,09:02:02,17:07:21,85,-11.7,8.83,8:22,17:13,J Male,40.0333333333333
3B00193F5A,2023-01-31,08:16:55,16:46:44,90,-10.3,8.89,8:21,17:14,J Male,-4.083333333333314
3B00193F5A,2023-02-01,08:37:52,16:40:27,110,-15.5,8.96,8:19,17:16,J Male,18.866666666666674
3B00193F5A,2023-02-02,09:43:52,16:55:50,63,-16.9,9.02,8:17,17:18,J Male,86.86666666666667
3B00193F5A,2023-02-03,08:08:37,16:58:31,71,-6.3,9.08,8:16,17:20,J Male,-7.383333333333326
3B00193F5A,2023-02-04,08:50:26,17:12:55,64,-1.8,9.14,8:14,17:22,J Male,36.43333333333328
3B00193F5A,2023-02-05,08:07:47,17:16:26,86,-2.0,9.2,8:12,17:24,J Male,-4.21666666666664
3B00193F5A,2023-02-06,07:59:46,17:14:59,59,-0.7,9.27,8:10,17:26,J Male,-10.233333333333348
3B00193F5A,2023-02-07,08:18:42,17:28:19,40,0.5,9.33,8:08,17:28,J Male,10.699999999999989
3B00193F5A,2023-02-08,07:54:30,17:14:19,65,-3.2,9.4,8:06,17:30,J Male,-11.5
3B00193F5A,2023-02-09,08:50:29,17:12:26,44,-6.1,9.46,8:05,17:32,J Male,45.48333333333335
3B00193F5A,2023-02-10,08:11:16,17:34:39,77,-1.9,9.53,8:03,17:34,J Male,8.266666666666652
3B00193F5A,2023-02-11,08:52:54,17:44:02,68,-2.9,9.59,8:01,17:36,J Male,51.89999999999998
3B00193F5A,2023-02-12,08:43:50,17:41:45,65,-2.6,9.66,7:59,17:38,J Male,44.83333333333337
3B00193F5A,2023-02-13,07:55:52,17:40:51,64,0.0,9.73,7:57,17:40,J Male,-1.1333333333333258
3B00193F5A,2023-02-14,09:42:56,17:32:37,68,-10.0,9.79,7:55,17:42,J Male,107.93333333333328
3B004B62CA,2023-01-09,08:40:51,16:24:08,73,-8.4,7.81,8:47,16:35,J Male,-6.149999999999977
3B004B62CA,2023-01-10,08:37:29,16:38:34,122,-8.2,7.84,8:46,16:37,J Male,-8.516666666666652
3B004B62CA,2023-01-11,08:37:19,16:38:29,114,-7.2,7.88,8:46,16:38,J Male,-8.68333333333328
3B004B62CA,2023-01-12,08:31:31,16:30:53,144,-12.6,7.92,8:45,16:40,J Male,-13.483333333333348
3B004B62CA,2023-01-13,08:33:37,16:29:55,115,-13.1,7.96,8:44,16:42,J Male,-10.383333333333326
3B004B62CA,2023-01-14,08:29:33,16:32:54,110,-10.7,8.0,8:43,16:43,J Male,-13.449999999999989
3B004B62CA,2023-01-15,08:26:53,16:32:52,115,-8.8,8.05,8:42,16:45,J Male,-15.116666666666674
3B004B62CA,2023-01-16,08:34:14,16:13:22,128,-5.4,8.09,8:41,16:47,J Male,-6.7666666666666515
3B004B62CA,2023-01-17,08:28:43,16:38:05,186,-8.8,8.14,8:40,16:48,J Male,-11.28333333333336
3B004B62CA,2023-01-18,08:23:15,16:38:19,180,-13.4,8.18,8:39,16:50,J Male,-15.75
3B004B62CA,2023-01-19,08:25:55,16:38:15,98,-10.6,8.23,8:38,16:52,J Male,-12.083333333333314
3B004B62CA,2023-01-20,08:23:58,16:48:06,82,-4.1,8.28,8:37,16:54,J Male,-13.03333333333336
3B004B62CA,2023-01-21,12:19:52,16:56:43,68,0.4,8.33,8:35,16:55,J Male,224.86666666666667
3B004B62CA,2023-01-22,12:27:09,16:56:23,36,0.5,8.38,8:34,16:57,J Male,233.14999999999998
3B004B62CA,2023-01-24,13:22:27,16:46:26,34,-0.1,8.49,8:31,17:01,J Male,291.45000000000005
